date,defi_tvl_growth,stablecoin_supply_growth,btc_ret,eth_ret,total3_ret,fitted_valuation_component,price_adjusted_tvl_residual,price_adjusted_tvl_residual_z365
2020-01-02,-0.000769566501436,0.000277378176587,-0.0332583847549,-0.0268761822181,-0.0345566228736,0.00190500540268,-0.00267457190411,
2020-01-03,-0.00932627052817,0.232324408117,0.0526232180268,0.0541818344922,0.0514719578865,0.00272204621732,-0.0120483167455,
2020-01-04,0.0136005670551,0.00565616367804,0.00151165029713,-0.00114380791216,0.00952398509871,0.00270390997979,0.0108966570753,
2020-01-05,0.00302729109579,0.000790102665107,0.00111111337712,0.00980294809772,0.00738570109058,0.00291270921321,0.00011458188258,
2020-01-06,0.00591662366578,-0.00112487033122,0.0535335862222,0.0631857648201,0.0838461374192,0.00529209929752,0.000624524368261,
2020-01-07,0.0216374584787,0.00169840126868,0.0495455130758,-0.00896579671695,-0.00735407345584,-0.00322282299408,0.0248602814728,
2020-01-08,-0.0204624950263,-0.00391783023055,-0.012556036528,-0.0155302970766,-0.0211685987989,0.00131444822878,-0.0217769432551,
2020-01-09,0.0363839154571,-0.00549470325378,-0.0294523001146,-0.0213332291522,-0.00881397092465,0.00361453161156,0.0327693838455,
2020-01-10,-0.0701362598215,-0.000292162223101,0.0470710116234,0.0501079047407,0.0706335616371,0.00452462479479,-0.0746608846163,
2020-01-11,-0.00260048896921,-0.00266976510608,-0.0218232731628,-0.0174028680026,-0.0137699981173,0.00266121162563,-0.00526170059485,
2020-01-12,0.0380609381579,-0.00477230402486,0.01986059987,0.0286422113568,0.0269215261963,0.00318098025953,0.0348799578984,
2020-01-13,-0.0287622037955,0.00208524870583,-0.0089792077934,-0.0204353176875,-0.00983472985786,0.00167017536594,-0.0304323791615,
2020-01-14,0.0317673668803,-0.00276018127542,0.0807583814518,0.140438861191,0.192494694057,0.0130929358183,0.0186744310621,
2020-01-15,0.0574871105249,-0.00282169072538,0.00228854534177,0.00611772140852,-0.0122760948798,0.00124519280116,0.0562419177238,
2020-01-16,0.0889970104521,0.00350948587243,-0.0106515624039,-0.0127613748943,-0.0105756769372,0.0020012475502,0.0869957629019,
2020-01-17,-0.0293386397607,-0.000493932915848,0.020885739388,0.0335985456802,0.0313387940409,0.00356029114527,-0.032898930906,
2020-01-18,0.0551788737831,-0.00150844103565,0.00162625615213,0.0260074768994,0.00086213371733,0.00287190647929,0.0523069673038,
2020-01-19,-0.0172917650384,-0.000516583086345,-0.0242196078855,-0.0434719715295,-0.0277921310971,0.00106690817637,-0.0183586732148,
2020-01-20,-0.00867636975366,0.0010130261915,-0.00797092780176,-0.000538520193212,0.00824201492419,0.00350598744708,-0.0121823572007,
2020-01-21,-0.0376934826045,-0.00112472699488,0.0119961794038,0.0163797850504,0.0173520432047,0.00283609491967,-0.0405295775242,
2020-01-22,0.0477567146235,-0.000264559697275,-0.00844430888684,-0.0100717583036,-0.00392482994874,0.00236737209656,0.045389342527,
2020-01-23,-0.00412276300316,0.00148698862913,-0.0330020660225,-0.0322139882852,-0.058318555662,-2.87719563246e-05,-0.00409399104683,
2020-01-24,-0.0180819012441,-0.00233117336507,0.00612016876715,0.000134001951847,0.00475823442391,0.00196460110499,-0.0200465023491,
2020-01-25,-0.0121613305938,0.00211342408291,-0.0119253810145,-0.0135899022805,-0.0139695509817,0.00184443157811,-0.0140057621719,
2020-01-26,-0.00519080147559,-0.00108675275802,0.0322179522392,0.0465869217167,0.0459428950135,0.00397650925694,-0.00916731073253,
2020-01-27,0.0103039058973,0.00044830028239,0.0329813638769,0.0109428364115,0.0321790238947,0.00182067458809,0.00848323130919,
2020-01-28,0.0364652633341,-0.00181566785815,0.0537719116209,0.0352048892633,0.0309368635047,0.000533111460538,0.0359321518735,
2020-01-29,0.041978981433,0.00528354989511,-0.0109610046885,-0.0137505538335,-0.00280156559527,0.00257255821246,0.0394064232205,
2020-01-30,0.0194158787276,-0.00289155356525,0.0235556379608,0.0623952105514,0.0375732355932,0.00463787556483,0.0147780031628,
2020-01-31,0.00197843387451,0.000464970704989,-0.0170884141918,-0.0258969342986,-0.0293826109138,0.000817754283165,0.00116067959134,
2020-02-01,0.014780360604,-0.000768906736514,0.00447607976922,0.0210800920273,0.019827574766,0.00385619317129,0.0109241674328,
2020-02-02,0.0138972922394,0.000318447145229,-0.0042121210263,0.0274172644937,0.0139045546471,0.00441532726476,0.00948196497467,
2020-02-03,0.0274105011053,0.000853476153363,-0.00682710319093,0.00388092472281,0.00445721444914,0.00325426102147,0.0241562400838,
2020-02-04,-0.0140989021088,0.00113517180711,-0.0122029352928,-0.00609079177158,0.0058506888365,0.00355494133998,-0.0176538434487,
2020-02-05,-0.0090711407734,-0.00267516623775,0.0473398909534,0.0791180573066,0.0630425811186,0.00481306988411,-0.0138842106575,
2020-02-06,0.0408219668458,-0.00126265705877,0.0149645976716,0.0435565890889,0.015068676587,0.00321017658964,0.0376117902561,
2020-02-07,0.0421627977311,0.00123663836153,0.0043558489403,0.0463319191866,0.00707462208623,0.00368760877008,0.038475188961,
2020-02-08,0.0330513193372,-0.00196935782906,0.00971837454047,0.000828644566727,0.0269142011993,0.00328352469358,0.0297677946437,
2020-02-09,0.00694412019443,0.000852593327817,0.0262763657285,0.0243918731263,0.0231192148834,0.00217900550319,0.00476511469123,
2020-02-10,0.00124235074963,0.00525954764876,-0.0311318537453,-0.0259241763301,0.000353881317213,0.00430706352489,-0.00306471277527,
2020-02-11,-0.0533630388287,-0.00359465558491,0.0413469632318,0.0647070254172,0.0463566935272,0.00370627921405,-0.0570693180427,
2020-02-12,0.0441156205631,-0.000365636354751,0.0066364864514,0.111934187912,0.0195921878601,0.0063705056079,0.0377451149552,
2020-02-13,0.0851707958872,-0.000975268972823,-0.0107477440641,0.00818668489353,0.00655711616083,0.00390146111971,0.0812693347675,
2020-02-14,0.0252224946266,0.00163864067676,0.0121583470589,0.0622048191646,0.0320373442573,0.00528016014554,0.019942334481,
2020-02-15,0.0313483160826,-0.000203013826098,-0.0440841269569,-0.0746703619358,-0.0887368387629,-0.00251854911373,0.0338668651964,
2020-02-16,0.0173351345488,-8.23105746335e-05,0.00257706707422,-0.022267768851,-0.0413891928667,-0.0017785446887,0.0191136792375,
2020-02-17,-0.0454877994932,0.00174753317899,-0.0217177708061,0.0350843422767,-0.00547480468811,0.00484034792042,-0.0503281474136,
2020-02-18,-0.053954536397,0.0017147617057,0.0474787691495,0.0545323446228,0.0397072579784,0.00234284740305,-0.0562973838001,
2020-02-19,0.0508858591074,-0.00274841148905,-0.0598064813885,-0.0915572777576,-0.0756824103645,-0.000608932686319,0.0514947917938,
2020-02-20,-0.0281699343362,-5.61748655841e-05,0.0013878863266,-0.00440528668984,-0.00353435410209,0.00165584941167,-0.0298257837479,
2020-02-21,-0.0982850965925,-0.000381714363936,0.00852849036874,0.0316173326936,0.0114779691981,0.00318292451567,-0.101468021108,
2020-02-22,0.0313473186322,0.00116448206397,-0.00302970610741,-0.0140018311703,-0.0039340795798,0.00174702918888,0.0296002894433,
2020-02-23,0.00359302483271,-0.000115386182202,0.031764087325,0.0506369068015,0.0424214881365,0.00388104374019,-0.000288018907472,
2020-02-24,0.0294374335559,0.00184993197329,-0.031883175826,-0.0362481815718,-0.0514144086875,0.000254638825859,0.02918279473,
2020-02-25,0.00570729835386,-0.00411293829139,-0.0372277860369,-0.0750369338328,-0.0630244088995,-0.00127144333599,0.00697874168985,
2020-02-26,-0.0328576564511,-0.000476645626655,-0.0578916054998,-0.0960338900991,-0.0918572818541,-0.00211180994121,-0.0307458465099,
2020-02-27,-0.0927807577011,-0.000977341316329,0.00526125467177,0.0177800710807,0.0211785915357,0.00378372097674,-0.0965644786779,
2020-02-28,-0.0099096024989,0.00452187565805,-0.0140642880841,-0.00172870876416,-0.0183553537284,0.00207625127275,-0.0119858537716,
2020-02-29,-0.0295642025727,-0.00142199090215,-0.0188525093397,-0.0436719567947,-0.0206472546986,0.00108986284939,-0.0306540654221,
2020-03-01,0.0266273895143,-0.000846059684587,-0.00262746302494,-0.00129330888468,-0.0014581236308,0.00227418462506,0.0243532048892,
2020-03-02,-0.00843516456992,0.00109602863442,0.0466076691658,0.0659083721709,0.0610708142585,0.00433853057176,-0.0127736951417,
2020-03-03,-0.00952884339084,0.000308103780185,-0.0189608082723,-0.0370768740448,-0.0142980095364,0.00176567209221,-0.0112945154831,
2020-03-04,0.0286425074671,0.00258576911559,0.00146623857027,0.0044529184709,-0.000781071813758,0.00211765360718,0.0265248538599,
2020-03-05,-0.0209651726107,-0.000110647577756,0.0335148854436,0.0172492663846,0.0269569011939,0.00157638321137,-0.0225415558221,
2020-03-06,0.0210517681866,-0.00306858725551,0.00912165450514,0.070498527656,0.023378346782,0.00517324032899,0.0158785278576,
2020-03-07,0.015935678538,0.00287092582139,-0.0295757262137,-0.0339370315649,-0.0429827618488,0.000731220591966,0.015204457946,
2020-03-08,0.0175043355115,-0.000328780844342,-0.0977504196473,-0.170260535481,-0.141158891967,-0.00428190111028,0.0217862366218,
2020-03-09,-0.0592471831903,-0.0056554155368,-0.0145344423094,0.0149634414984,0.00617348610667,0.00442769428933,-0.0636748774797,
2020-03-10,-0.0885706508882,0.00677702455257,-0.00608152136343,-0.0121061872786,0.016510286653,0.00359196028223,-0.0921626111705,
2020-03-11,0.00191880840456,0.000192596140689,0.00490043921977,-0.0309072598926,-0.0196286908218,-0.000651316839397,0.00257012524396,
2020-03-12,0.00857433808575,0.00512434004597,-0.49318212018,-0.57957248155,-0.414051359531,-5.6847122922e-05,0.00863118520867,
2020-03-13,-0.359146838092,0.00466518637853,0.148703373959,0.214747637013,0.118926696038,0.00361753720827,-0.3627643753,
2020-03-14,-0.0493747440521,0.016594979937,-0.0816224160987,-0.0957338439129,-0.0431591150045,0.00368068513891,-0.053055429191,
2020-03-15,2.6885140759e-05,-0.0116445611212,0.0370730824356,0.0110106101529,-0.00885034666851,-0.00157716960775,0.00160405474851,
2020-03-16,-0.0416340376879,0.0121883639754,-0.0642842909892,-0.108568675808,-0.0707167136653,-0.000340074977937,-0.04129396271,
2020-03-17,-0.164679995405,0.00333459684205,0.0571130863097,0.0429782586796,0.0591092715041,0.00253165789956,-0.167211653304,
2020-03-18,0.096702194339,0.00293187627968,0.0138531067376,0.0195713800178,0.0162877968096,0.00268171247198,0.094020481867,
2020-03-19,-0.0130546471378,-0.0124258563964,0.132807380232,0.142523307967,0.115229950137,0.00264603311026,-0.0157006802481,
2020-03-20,0.0709578371627,0.0154063427769,0.00352986164267,-0.0244353707009,-0.0218917197635,-0.000496405327204,0.0714542424899,
2020-03-21,0.113892936088,0.00736925596583,-0.000742423712774,-0.00412286592147,0.010041033934,0.00286117710543,0.111031758982,
2020-03-22,-0.0774403794198,-0.00846117575446,-0.0628041282235,-0.0818087014074,-0.0655368550172,0.000708816948925,-0.0781491963687,
2020-03-23,-0.0157371715356,0.00468429003752,0.108799715941,0.108855452125,0.0755340477297,0.000934566969384,-0.016671738505,
2020-03-24,-0.0218634027627,0.00350832619089,0.0416743610783,0.0172925467158,0.0263780958152,0.00077934567584,-0.0226427484386,
2020-03-25,0.083410188573,0.00353169933858,-0.0118685892979,-0.0189502079885,-0.0149084811571,0.00160887005021,0.0818013185228,
2020-03-26,0.000759756489753,0.00447744461022,0.0104267919993,0.0187719861426,0.0362999692216,0.00444847522965,-0.00368871873989,
2020-03-27,0.0124402714827,-0.0025918554025,-0.0592902599878,-0.0549703777632,-0.0409274129575,0.00300226646192,0.00943800502073,
2020-03-28,0.00581744145169,-0.00421093999222,-0.0185943192071,-0.00123989354215,0.00118208166244,0.00394901818925,0.00186842326244,
2020-03-29,-0.025645476811,0.00206331195819,-0.06116950973,-0.0534510650782,-0.0499866204681,0.00255499090963,-0.0282004677206,
2020-03-30,-0.00373777369503,0.00128813504881,0.0859145387137,0.0616231748767,0.0607669729058,0.000546751575409,-0.00428452527044,
2020-03-31,0.0245835128013,-0.00116751908015,0.00277932880033,0.00543121160573,0.0412905008966,0.00512309744534,0.019460415356,
2020-04-01,0.0184832452699,-0.00254015570272,0.0366081941512,0.0227285759056,0.0130462006466,0.000430414867773,0.0180528304021,
2020-04-02,0.00950953575932,0.0041476351776,0.0195144585774,0.0372829378213,0.0186248997673,0.00286197880156,0.00664755695776,
2020-04-03,0.0276905373465,0.312887439696,-0.00727921503461,0.00219902297607,0.0110162572067,0.00372849420021,0.0239620431463,
2020-04-04,0.0490911694602,0.00560412906116,0.0166000491664,0.0175953772947,0.0113020853557,0.00200079226422,0.047090377196,
2020-04-05,-0.0176652078731,-0.000666242970528,-0.0117636335698,-0.00922047336802,-0.0133581065471,0.00200584710093,-0.019671054974,
2020-04-06,0.005414691333,0.00198378843862,0.0794795325262,0.183400473001,0.0980758126321,0.00755124697257,-0.00213655563957,
2020-04-07,0.0387723048565,-0.00283390099749,-0.0193296881552,-0.040840496935,-0.020982835974,0.00119448487753,0.037577819979,
2020-04-08,0.0785987509124,-0.00038366121564,0.0223556324514,0.0516934931811,0.0494752694401,0.00530357014484,0.0732951807675,
2020-04-09,-0.0198829045815,0.00264317885721,-0.00999974924031,-0.0217633455051,-0.00753604520557,0.00189401426652,-0.0217769188481,
2020-04-10,0.00439997831769,0.00148864826634,-0.0594081026293,-0.0711583234488,-0.0693437518979,0.000434214373343,0.00396576394434,
2020-04-11,-0.0770382420451,0.000837271763682,0.00191306388564,0.00182062946446,0.00376725056186,0.00233200717966,-0.0793702492248,
2020-04-12,0.00824250705702,-6.38679166052e-05,0.00435179361387,0.00286082344861,0.00292733295208,0.00207556881238,0.00616693824465,
2020-04-13,-0.00622867072264,0.00162500215466,-0.0104169034821,-0.0154002193909,-0.00965577300001,0.00196790141739,-0.00819657214003,
2020-04-14,-0.00897247118954,-0.00113614344105,0.00509490797882,0.01451241334,0.00120863699816,0.0022305300876,-0.0112030012771,
2020-04-15,0.0122214790167,0.00322027209456,-0.0371164710215,-0.0373624665759,-0.015949673474,0.00331703589775,0.00890444311893,
2020-04-16,0.136810402996,-0.00244473091458,0.0707340160324,0.121529797519,0.0639165924943,0.00398588779082,0.132824515206,
2020-04-17,-0.0843260348389,0.0291520059867,-0.00960343980746,-0.00897817049696,-0.0074972462345,0.00224458098624,-0.0865706158252,
2020-04-18,0.0124690011611,-0.00225521201233,0.0291294218868,0.0916859188832,0.0387253875924,0.00508716066811,0.00738184049303,
2020-04-19,0.026159708791,-0.000155600795392,-0.016791312211,-0.0389479703884,-0.0247357044386,0.000739969939078,0.0254197388519,
2020-04-20,0.0471202097212,0.00296853386921,-0.0429898278449,-0.0573982876368,-0.0397732802414,0.00150451232889,0.0456156973923,
2020-04-21,-0.0234915905188,0.000927845781188,0.00185256662708,0.0031261373035,0.00655472549937,0.00258209972622,-0.026073690245,
2020-04-22,-0.0283818474123,-0.00255748761315,0.0421370246882,0.0694626033583,0.0347691942545,0.00292292738712,-0.0313047747994,
2020-04-23,0.0365165860382,0.095106424997,0.0479138745895,0.0142603023038,0.0214537981856,-0.000252289581642,0.0367688756198,
2020-04-24,0.0174004332766,-0.00403027747974,0.00235572471916,0.0105262111204,0.0139224652722,0.00330047007423,0.0140999632024,
2020-04-25,0.0180850564532,0.00228354677815,0.00511616495693,0.0350072325114,0.0083682990834,0.00337193705774,0.0147131193955,
2020-04-26,0.0160313738469,0.00370814407322,0.0207018503889,0.0170282663649,0.0130712138032,0.00173409340206,0.0142972804448,
2020-04-27,0.00697873344304,0.00244160139655,0.0108804455375,-0.00534096347268,0.00390582585526,0.00129633034509,0.00568240309795,
2020-04-28,0.0107434713594,0.000892559438178,-0.00482847103452,-0.000619580465512,0.0221106511629,0.0042336190763,0.00650985228311,
2020-04-29,0.0147713337571,-0.00376149406083,0.125424283753,0.0925169922412,0.0545019134094,-0.00264499186852,0.0174163256256,
2020-04-30,0.0616663260644,0.0618256536107,-0.0183077385883,-0.0441844714629,-0.0409378218088,-0.000469957361328,0.0621362834257,
2020-05-01,-0.0151389637394,-0.000764667740818,0.0236623456005,0.0283100935943,0.0182314199393,0.00217904518095,-0.0173180089204,
2020-05-02,0.0182325656011,0.00729936446263,0.0170265555271,0.00930922867159,0.0192833712727,0.00229979369537,0.0159327719058,
2020-05-03,0.00652434865414,0.00224709152454,-0.00905050307984,-0.0192214163723,-0.021733796144,0.000837172801005,0.00568717585314,
2020-05-04,0.0191551892911,0.00289167020457,-0.00175741625491,-0.0154102359518,-0.00537092152057,0.0014810522,0.0176741370911,
2020-05-05,-0.0478689854822,-0.00261379809317,0.0158343089713,-0.00657605114977,0.00473765023039,0.00086161822266,-0.0487306037049,
2020-05-06,0.00280286879934,0.00907359168244,0.0138655156798,-0.0311508470839,-0.0217222749895,-0.00164312381459,0.00444599261393,
2020-05-07,0.0550428525241,0.00760394398243,0.0884339759032,0.0639640958667,0.0393284037505,-0.00119469026526,0.0562375427894,
2020-05-08,-0.02214311713,0.0173843754889,-0.0193208582896,-0.00379828823079,0.00673935529797,0.00434855649265,-0.0264916736227,
2020-05-09,0.0216331773115,0.00786355642864,-0.0281834946514,-0.0067619729386,-0.00402389570316,0.004287818299,0.0173453590125,
2020-05-10,0.00621958258696,0.0167609673821,-0.0890338974076,-0.113205555551,-0.0821631192864,0.000970014501769,0.00524956808519,
2020-05-11,-0.0630893254007,0.0165605277477,-0.0182436495169,-0.00944652083355,-7.93923198295e-05,0.00357690848166,-0.0666662338823,
2020-05-12,-0.0313144770489,0.00135654188891,0.0289243896813,0.0218465624252,0.0234173274041,0.00187916692947,-0.0331936439784,
2020-05-13,-0.00850200622564,0.0153199815128,0.0558468822039,0.0514689852993,0.024445337867,0.00035198921256,-0.0088539954382,
2020-05-14,0.0166687027441,0.00197672218659,0.0491118914866,0.0166060506742,0.0516958875344,0.00193394657676,0.0147347561673,
2020-05-15,0.0246572005689,0.0126002468724,-0.0507313198522,-0.0434937571806,-0.0257446900864,0.00367249071286,0.0209847098561,
2020-05-16,-0.0160166604515,0.00540885000315,0.00700206496067,0.0286738184959,0.0120922215106,0.0032810231527,-0.0192976836042,
2020-05-17,0.00707349017472,0.00205319587472,0.0318556198698,0.0326304875896,0.00847553432971,0.000831788365208,0.00624170180951,
2020-05-18,0.0214894206288,0.0089328509594,0.00547590959036,0.0373950370913,0.0186911482947,0.00417046360411,0.0173189570246,
2020-05-19,0.0223846477666,-0.0026437580185,0.00477881356665,-0.00100914100443,-0.00268409341123,0.00150650105181,0.0208781467148,
2020-05-20,0.0760545622184,-0.0029215181916,-0.0281649482409,-0.0225040890562,-0.0138689408423,0.00308790635378,0.0729666558647,
2020-05-21,0.015717414074,0.0029786521075,-0.0483874393267,-0.0556841304363,-0.0344519439773,0.00244777328201,0.013269640792,
2020-05-22,0.0763642221211,-0.00205275711701,0.0122706160722,0.0435699761771,0.0309209200772,0.00462726221082,0.0717369599103,
2020-05-23,0.00903091128118,-0.00217975450165,0.000829212866964,-0.00347873536884,-0.00413581557502,0.00169116768751,0.00733974359367,
2020-05-24,0.0248934142927,0.000634298868246,-0.0517281022122,-0.033971513941,-0.0308598402082,0.00367450160519,0.0212189126875,
2020-05-25,0.0658914860998,0.0069983667868,0.0207879432405,0.021727736398,0.0236853041295,0.00264891437178,0.063242571728,
2020-05-26,-0.0184649863641,0.00405734616204,-0.00706845404701,-0.0163120140804,-0.00636389520253,0.0018727305492,-0.0203377169133,
2020-05-27,0.00164407722814,-0.000901223366217,0.0409819710698,0.0366701503924,0.016807727239,0.000721459340301,0.000922617887838,
2020-05-28,0.0088152346569,0.00273808571951,0.0400143155432,0.0561020086988,0.0231103852637,0.00185939852932,0.00695583612758,
2020-05-29,-0.0120462006156,0.00166382006373,-0.016418777227,0.00114063708468,-0.00203655248755,0.00358211615496,-0.0156283167706,
2020-05-30,0.0289206917201,-0.00026302663737,0.0286949565831,0.0995579326418,0.0437903093346,0.00573701081611,0.023183680904,
2020-05-31,0.0597548012025,0.00630130895565,-0.0265174149864,-0.0513823649943,-0.0293104680113,0.00093009241827,0.0588247087843,
2020-06-01,0.0133849613986,-0.00297078688932,0.0781128558024,0.0707535178932,0.158146126453,0.00871369419851,0.00467126720004,
2020-06-02,-0.00761380407377,0.00313733170402,-0.0701103477657,-0.0441181558553,-0.021499296353,0.00576116304209,-0.0133749671159,
2020-06-03,0.0297510154973,0.00794393625119,0.0154524053055,0.0284820163265,0.0169359252952,0.00284922629361,0.0269017892037,
2020-06-04,-0.00770693721406,0.00225627764565,0.0122046355576,-0.00577293480419,0.00687378832547,0.00137922213865,-0.00908615935271,
2020-06-05,0.0111531411412,0.00399678791072,-0.017597412946,-0.0130905540092,-0.00730946667409,0.00287515240448,0.00827798873674,
2020-06-06,0.0109684624677,6.29982754319e-06,0.005354541952,0.00800975119681,0.00593325650263,0.00235882983677,0.0086096326309,
2020-06-07,0.00499326278266,0.00221032117971,0.00851770576071,0.0113796868889,0.000809273179318,0.00178991691912,0.00320334586353,
2020-06-08,-0.00991548657415,0.0023988623146,0.00351398610856,0.00745405985149,0.000637613827678,0.00212268450676,-0.0120381710809,
2020-06-09,0.014908197014,0.00328563628909,-0.000716151434894,-0.010531182553,-0.000305205720199,0.00190428988141,0.0130039071326,
2020-06-10,-0.0042420042596,0.000598959284584,0.0112063354913,0.0165502563628,0.00881972690598,0.00228615759805,-0.00652816185765,
2020-06-11,-0.036642592105,0.00563842826853,-0.0646038994993,-0.074539777113,-0.0724366919955,0.000586045694792,-0.0372286377998,
2020-06-12,0.05330965999,0.00133023524748,0.0206014651487,0.0310239282007,0.0266444125571,0.00316357054093,0.0501460894491,
2020-06-13,-0.0178878805198,0.00576753072693,0.00137231344565,0.00276745164651,0.00326203413197,0.0023733612647,-0.0202612417845,
2020-06-14,-0.00936918084991,0.000584838983457,-0.0149535571118,-0.0277652702143,-0.0192826355774,0.00130749121422,-0.0106766720641,
2020-06-15,-0.0280370136601,0.000663149521763,0.00996603362128,-0.00311876057387,0.0120962860419,0.00205088524725,-0.0300878989074,
2020-06-16,-0.00320980553227,0.00102729121615,0.0105481998593,0.0192871641285,0.00877896330528,0.00242640358027,-0.00563620911254,
2020-06-17,0.0970132228225,0.00481426648521,-0.00736588982138,-0.00740131305545,0.00241148712896,0.00281431353095,0.0941989092916,
2020-06-18,0.0661954593406,0.00273385620273,-0.00880338866535,-0.0112186296059,-0.0111950894152,0.00183085161546,0.0643646077252,
2020-06-19,0.072524029872,0.00474027441991,-0.00603618570153,-0.00806637372367,-0.00858866247355,0.0018612419034,0.0706627879686,
2020-06-20,0.0574623924875,0.00833714705475,0.00370493716196,-0.00181313472452,0.00451317752016,0.00211170925463,0.0553506832329,
2020-06-21,0.075974794129,0.00422067038972,-0.00593283663908,-0.00285023244809,-0.00634312161415,0.0021738398628,0.0738009542662,
2020-06-22,0.0450354933745,0.00194069198078,0.0419118559852,0.0649838424647,0.03476694024,0.00280895204036,0.0422265413341,
2020-06-23,0.00425012411719,0.00423904157276,-0.00613394236248,5.31203446279e-05,0.00124685667473,0.00283859710606,0.00141152701113,
2020-06-24,0.0379185805141,-0.00382835079015,-0.0370248738068,-0.0382257128954,-0.0261826876233,0.00252916025801,0.0353894202561,
2020-06-25,0.036662338541,0.00136235976962,-0.00509027757925,-0.0093958315781,-0.00600612799716,0.00192380648975,0.0347385320512,
2020-06-26,0.0073242684515,-0.00136745423141,-0.00932982240078,-0.0116185875162,-0.00643807985732,0.00221783289232,0.00510643555918,
2020-06-27,0.01438569471,0.00317822636854,-0.0162246342079,-0.0377749541258,-0.0359135264764,-0.000100246603808,0.0144859413138,
2020-06-28,0.0101260621236,0.00375548450277,0.0116979109716,0.0175176198238,0.0181344341571,0.00295553776901,0.00717052435459,
2020-06-29,-0.0107948052206,0.000531223764902,0.00790106969125,0.0129641477337,0.0130396827476,0.0027951703756,-0.0135899755962,-0.357506756995
2020-06-30,0.0077818724889,-0.0019380100101,-0.00458293364257,-0.00922919455577,-0.00615654285419,0.00187075237566,0.00591112011325,0.0409004364996
2020-07-01,-0.0164362816626,0.00214834604651,0.0101673139659,0.0237095139095,0.0163378265221,0.00315119309712,-0.0195874747597,-0.480009281977
2020-07-02,0.036865796835,0.0037155142243,-0.0161930313552,-0.0201718647897,-0.0117618327178,0.00220434513905,0.0346614516959,0.631644882402
2020-07-03,0.0298686738649,0.000486628285259,-0.00274911720379,-0.00673807177927,0.0076433623349,0.00279186707234,0.0270768067925,0.474046197801
2020-07-04,0.0279336077395,0.00452818095503,0.00823247077947,0.0188588643097,0.0159758945483,0.00315790204474,0.0247757056947,0.425252697793
2020-07-05,0.0106130164516,0.00570692442416,-0.00660244697497,-0.00662562702624,-0.00550974259753,0.00218370259357,0.00842931385807,0.0872992053774
2020-07-06,0.0106496168022,0.00141918068893,0.0299811761845,0.0602385210567,0.0537872457055,0.0051717080666,0.00547790873557,0.0260891036657
2020-07-07,0.053425750654,0.00155613697891,-0.0102257503539,-0.0101624971125,0.00583510930111,0.00324824410944,0.0501775065445,0.949730020735
2020-07-08,0.000854268380802,0.00263622349997,0.0200252386791,0.0323046071861,0.0397631930007,0.00422135637958,-0.00336708799877,-0.162313298369
2020-07-09,0.0610816240017,0.00358068451063,-0.0228365763318,-0.021876397029,-0.00705104927631,0.00311525863549,0.0579663653662,1.10874421676
2020-07-10,-0.00125546588797,0.00383214531504,0.00613524009444,-0.00289502405029,-0.00780131582872,0.000947395817709,-0.00220286170567,-0.143458447377
2020-07-11,0.00405736892228,0.0021579757456,-0.005900676793,-0.00852937491338,0.0121468441184,0.00336148415705,0.00069588476523,-0.082740372169
2020-07-12,0.0161310569673,0.00394563303642,0.00785901347679,0.0155702924878,0.0118513693923,0.00278993219054,0.0133411247768,0.181389605121
2020-07-13,0.00653199245155,-0.000654033538687,-0.00635543324984,-0.0137294009969,-0.0392979146147,-0.000540522923936,0.00707251537548,0.0497523711215
2020-07-14,0.00897145707499,0.00146040626025,0.00128277408777,0.00382363697976,0.011069472113,0.0029882571105,0.0059831999645,0.026771784028
2020-07-15,-0.0198633217904,-0.00063686513559,-0.00786827167988,-0.00926185309905,0.000162348602036,0.00263930260708,-0.0225026243974,-0.571989057467
2020-07-16,0.0169295689816,0.00341182076768,-0.00630526855605,-0.0205569963862,0.012535361508,0.00306592459,0.0138636443916,0.195704125668
2020-07-17,0.00042323053809,0.00139919311013,0.00295197832556,-0.00250321363912,0.00351592286613,0.00208727286248,-0.00166404232439,-0.132772757464
2020-07-18,0.0460563077796,0.00161957076511,0.00261218865932,0.0130592316915,0.0099610911182,0.0030612096427,0.0429950981369,0.811903397297
2020-07-19,0.00407873263035,0.00376760516265,0.00456126705823,0.0145552786725,0.00652195495735,0.00267245327277,0.00140627935758,-0.0715710003685
2020-07-20,0.0812953683354,0.0062865064051,-0.00681404156405,-0.0141842538107,-0.0218180613632,0.000775283591972,0.0805200847434,1.59923352864
2020-07-21,0.0702796570205,-0.00258098688757,0.0251346146013,0.0402807790852,0.0245042914317,0.00286447045486,0.0674151865656,1.31224964516
2020-07-22,0.0334866820464,0.00313384029135,0.0155839599254,0.0731110284006,0.0275119172966,0.00495760544201,0.0285290766044,0.48724358413
2020-07-23,0.0498223043782,0.0101408415672,0.00714709054273,0.0411844553978,0.0102496148142,0.00350808475057,0.0463142196276,0.860909934339
2020-07-24,0.0650625873597,0.0087978597234,-0.00572419724534,0.0150479789501,-0.0143436952263,0.00210360061327,0.0629589867464,1.20699291031
2020-07-25,0.0154097598663,0.0116810701694,0.0161387362638,0.088718312008,0.0400866399436,0.00630134348188,0.00910841638445,0.0648311003868
2020-07-26,0.00907250973963,0.0019803414837,0.0234377794134,0.0181738405554,-0.00189791897372,0.00041299118686,0.00865951855277,0.0551546931207
2020-07-27,-0.0248105019043,0.00747590405562,0.105439758294,0.0351101359395,0.0236957495826,-0.00478831123998,-0.0200221906644,-0.554313462392
2020-07-28,-0.00862009808204,-0.00659419386647,-0.0106998731726,-0.0155768063607,0.0192538421108,0.004117357821,-0.012737455903,-0.39771116539
2020-07-29,0.00306189607811,0.0243494741161,0.016493851519,0.00221965598978,0.00263072563676,0.000909866622374,0.00215202945574,-0.0790466880355
2020-07-30,0.0339119142784,0.0132806816228,0.000198424662672,0.0525431837362,0.0108740676087,0.00453916693779,0.0293727473406,0.503077657672
2020-07-31,0.0304904700794,0.00685041700605,0.0211016426237,0.0337192838894,0.0167024321525,0.00246627842642,0.0280241916529,0.472746719641
2020-08-01,0.0347805030224,0.00395895932515,0.0396227267916,0.110387094685,0.060277332698,0.00626440208461,0.0285161009378,0.481935679658
2020-08-02,0.0591379027341,0.013387200335,-0.0647327496115,-0.0391487428121,-0.0503538273357,0.00328801030645,0.0558498924277,1.06581484412
2020-08-03,-0.0262931400709,0.0103666597354,0.0142649032938,0.0363083059786,0.0353122047048,0.00454753597562,-0.0308406760466,-0.799307367114
2020-08-04,0.0362193261761,0.00409003831502,-0.00301451891282,0.00936504757821,0.000303819507579,0.00276022983631,0.0334590963398,0.585692866621
2020-08-05,0.0108538700914,0.00512942144907,0.0486790319312,0.0284439712166,0.0132027784925,-0.000504199120133,0.0113580692115,0.10803426248
2020-08-06,0.0491248444448,0.0063340039558,0.00148886344239,-0.0150732813039,0.0122190455129,0.00248563062934,0.0466392138154,0.868383614187
2020-08-07,-0.0146169247112,0.0065748621797,-0.0142109629954,-0.0395538080318,-0.0175288670077,0.00101338975923,-0.0156303144705,-0.479205365617
2020-08-08,0.0148273171949,0.0129173568605,0.0143127547564,0.045521701347,0.0294782217264,0.00439058145609,0.0104367357388,0.086284235024
2020-08-09,0.0226674438779,0.0107318698227,-0.00763568313423,-0.0184272596955,0.000554384069563,0.00237104615983,0.020296397718,0.29999778033
2020-08-10,0.0224272392216,0.00601313420539,0.0186277055343,0.0143557534607,0.0217955556333,0.0024881993315,0.0199390398901,0.291496724968
2020-08-11,0.0118301247351,0.00212972565692,-0.04399644656,-0.0433289355847,-0.0470694180257,0.00148357179501,0.0103465529401,0.0818032134785
2020-08-12,-0.015048746818,0.0110774031835,0.0157192873965,0.0217468740788,0.0316649448542,0.00370646877817,-0.0187552155962,-0.553616218929
2020-08-13,0.00930087200323,0.0051209824582,0.0196013551442,0.0933223570208,0.0244125177264,0.00496501591191,0.00433585609132,-0.0472606269521
2020-08-14,0.0473225730566,0.00968150949381,-0.00198249326376,0.0310250114474,0.0134765518991,0.00428578359809,0.0430367894585,0.800200669553
2020-08-15,0.164832323359,0.0217771089895,0.00704633327209,-0.014104820669,0.0183708685738,0.0024529687826,0.162379354576,3.33173670286
2020-08-16,0.0600035528012,-0.000897010513082,0.00521405927707,0.00336071571797,0.0228332426903,0.0034763696214,0.0565271831798,1.05219785663
2020-08-17,0.0127687144382,0.00488259057426,0.0316412938277,-0.00542177830205,0.00560275600627,-0.000504007192524,0.0132727216308,0.12266786414
2020-08-18,0.0396582848225,0.0106370753125,-0.0286489455143,-0.0213764705554,-0.0264930039048,0.00223715347458,0.0374211313479,0.640615462054
2020-08-19,-0.00446944616908,0.0176172342719,-0.0157620637093,-0.0348794974013,-0.0347323246805,3.09387094014e-05,-0.00450038487848,-0.262513780219
2020-08-20,0.00711869382476,0.00147716243203,0.00894523987349,0.0210264891614,0.0307862252924,0.00424751595237,0.0028711778724,-0.103052108004
2020-08-21,0.0391468303633,0.0076826137798,-0.0294157408582,-0.0711605695572,-0.0502010964304,-0.000934280372982,0.0400811107363,0.700221455945
2020-08-22,-0.0165707608612,0.00871290494444,0.0121279208549,0.0192315927444,0.0315582868463,0.0039556168375,-0.0205263776987,-0.611450385248
2020-08-23,-0.00888475939606,0.00683139190253,-0.00149503502138,-0.0118108759014,-0.00158381124188,0.00184381118878,-0.0107285705848,-0.397847967003
2020-08-24,0.0104150643341,0.00396587000102,0.00870146821073,0.0425108084418,0.0182936802728,0.00399626825355,0.00641879608053,-0.0250104762641
2020-08-25,0.0136052356759,0.00198439661322,-0.0374445890405,-0.0626460947646,-0.0488007030935,0.000168459139778,0.0134367765361,0.127612827775
2020-08-26,0.042221187775,0.00190014775481,0.0125748753297,0.00759089894765,0.0113462214051,0.00207604178733,0.0401451459876,0.7084661795
2020-08-27,0.0267403547664,0.00168135153667,-0.011156247565,-0.00604098855737,-0.0295736585833,0.000851271283118,0.0258890834833,0.395942685455
2020-08-28,0.0187299505647,0.0111973931089,0.0178082152192,0.0307846367768,0.0203697264709,0.00295309106867,0.0157768594961,0.174174982616
2020-08-29,0.0607577468582,0.00692687947509,-0.0054211412774,0.00868364111337,0.011689686751,0.00380095954658,0.0569567873116,1.07277012502
2020-08-30,0.0411788181105,0.0131689866922,0.0208362847353,0.072844625075,0.0239370618921,0.00419992077693,0.0369788973336,0.632797037838
2020-08-31,0.0452356773354,0.00244758721887,-0.00473910950528,0.0118594502439,0.024200958622,0.00475445856626,0.0404812187691,0.707510812892
2020-09-01,0.0272081918739,-0.0470860748682,0.0218666981684,0.0906180322311,0.0313864019275,0.00518736354772,0.0220208283262,0.301059029928
2020-09-02,0.109578403464,0.0114166151897,-0.0449632569551,-0.0776748377818,-0.0539540254217,3.35279750775e-05,0.109544875489,2.20171199517
2020-09-03,-0.0155549201719,0.0175875313378,-0.115540722107,-0.141387983054,-0.127485090095,-0.000759286038605,-0.0147956341333,-0.513355012081
2020-09-04,-0.0406294517854,0.00530949775161,0.0311031286989,0.0112299073353,0.0498800994812,0.0033065613528,-0.0439360131382,-1.14552207504
2020-09-05,-0.00746978827584,0.0109222351915,-0.0299707348488,-0.142339326755,-0.0644401681338,-0.00407142567545,-0.00339836260038,-0.25860739428
2020-09-06,-0.153699830547,0.0039775148147,0.00866288206147,0.0513825984647,0.0392119913529,0.00580676660903,-0.159506597156,-3.57480197498
2020-09-07,0.0285454804191,0.00335323003148,0.0109619303615,0.00181625420175,0.00319806025185,0.00145187020638,0.0270936102127,0.412887888432
2020-09-08,-0.00629759003547,0.0196234601197,-0.0227426759071,-0.0454456118291,-0.0154320223018,0.00178082439687,-0.00807841443234,-0.339429870517
2020-09-09,-0.0145623954132,-0.000574938477897,0.00874389014738,0.0386546451502,0.0222505141867,0.00416772853978,-0.018730123953,-0.566412188737
2020-09-10,0.021031407639,0.0205091130929,0.0108700908879,0.0470015311767,0.0163038988176,0.00378393286045,0.0172474747786,0.205896285066
2020-09-11,0.0805514994508,0.00578412242849,0.00629481942887,0.0167834506173,0.00989726045793,0.00282740553982,0.077724093911,1.49762967361
2020-09-12,-0.00546634232225,0.00555035799218,0.00472415860977,0.0368775159001,0.0208794348754,0.00438564876043,-0.00985199108269,-0.381383646858
2020-09-13,0.0233915175087,0.00425756119292,-0.0116372323044,-0.0578056648902,-0.0209350888405,-2.45642126551e-05,0.0234160817214,0.333215425585
2020-09-14,-0.0240596875983,0.0189383116291,0.0329787931905,0.0292285828908,0.0129547451126,0.00095527043129,-0.0250149580296,-0.707883417615
2020-09-15,0.0157067611039,-0.0501581942698,0.0102293805304,-0.0353936927279,-0.0186109202626,-0.00120483665776,0.0169115977617,0.195672894792
2020-09-16,-0.0145567189926,0.0663698665172,0.0168982525137,0.00423175285282,0.0034432586231,0.000992734931003,-0.0155494539236,-0.504288085127
2020-09-17,-0.0246450224659,0.0140541098372,-0.00260568282917,0.0630283615425,0.0154812984421,0.00545336294353,-0.0300983854094,-0.81638425561
2020-09-18,0.0629925227271,0.0125760899081,0.00107989056007,-0.0118248451881,-0.0048171745729,0.00136683798927,0.0616256847378,1.16377907494
2020-09-19,0.0520712101536,0.00677809496806,0.0114579294653,0.000898073295216,0.00647310502571,0.0016194590701,0.0504517510835,0.918827047985
2020-09-20,0.0709736507328,0.0158729908603,-0.0145585681478,-0.0376242334164,-0.0219870861178,0.000775351906521,0.0701982988263,1.33891384155
2020-09-21,0.0179576779915,0.00433130097809,-0.0465314272177,-0.0855405606766,-0.0586347980186,-0.000402366758431,0.01836004475,0.218563659712
2020-09-22,-0.0681420959516,0.00330657504751,0.0111722642615,0.0117007831747,0.0174692139049,0.00278034717318,-0.0709224431248,-1.70114047667
2020-09-23,0.00381702808083,0.0013719868216,-0.0275414707458,-0.0705853793068,-0.0439686670914,-0.000631697604666,0.00444872568549,-0.0756368836151
2020-09-24,0.0040806631269,0.00436907658845,0.0463849194359,0.0835461758016,0.0573272758907,0.00461385344305,-0.000533190316152,-0.182919007024
2020-09-25,0.0333007505413,0.00379022546518,-0.00373292620295,0.00935232871052,0.0218515115666,0.00441289934467,0.0288878511967,0.452871022169
2020-09-26,0.0247371152108,0.00125072336146,0.00313476347985,0.00495064265733,0.00707270853556,0.00255633995042,0.0221807752603,0.306857894797
2020-09-27,0.0267432116596,0.00451443665444,0.00371005736634,0.0095804497952,0.0105997772275,0.00290195370486,0.0238412579547,0.342205074253
2020-09-28,-0.00870667095928,0.00249894337896,-0.00658198003551,-0.00910506835159,-0.0053835243199,0.00211655003667,-0.010823220996,-0.410840585907
2020-09-29,0.0113537050899,-0.00456643486233,0.0144189474841,0.0172179292324,0.012999148985,0.00231640632193,0.009037298768,0.0217405111785
2020-09-30,-0.000601367877991,0.000398596743395,-0.00603764333781,-9.7075966691e-05,0.000939710110469,0.00280254739525,-0.00340391527324,-0.249282434414
2020-10-01,-0.017645306889,0.000915810823109,-0.0155924188055,-0.020725495366,-0.0155202671254,0.00185534475782,-0.0195006516468,-0.599681876479
2020-10-02,0.0053661830956,0.0076609782395,-0.0038761161115,-0.0198701550335,-0.0232865855353,0.000224091570126,0.00514209152548,-0.0602253331922
2020-10-03,-0.0453308492376,0.00419987475914,-0.00374669273452,-2.77290420341e-05,0.00394795464509,0.00281393795877,-0.0481447871963,-1.22305028031
2020-10-04,0.0168593666063,0.00236129699644,0.0130529178999,0.0196870328735,0.0140287028178,0.00259296993899,0.0142663966673,0.143893653247
2020-10-05,-0.00214032679935,0.00116468839649,0.0111018104365,0.00287630424628,0.0019433223793,0.00137840364832,-0.00351873044767,-0.2459398498
2020-10-06,-0.0147915643801,0.000919031147813,-0.0185492401347,-0.037518253291,-0.038464013107,-6.50128605253e-05,-0.0147265515196,-0.491224587293
2020-10-07,-0.045048441865,0.00181293899456,0.00646005723801,0.0028030912309,0.0116149018213,0.00251821610301,-0.047566657968,-1.20877594006
2020-10-08,-0.0279827109733,0.000955495615365,0.0240010629596,0.026868771886,0.0180645616523,0.00209205140358,-0.0300747623769,-0.821595401739
2020-10-09,0.0266359606997,0.0139165990479,0.0114559691242,0.0394431827745,0.0248365510081,0.00413065242395,0.0225053082758,0.334875888538
2020-10-10,0.0437898710873,0.00418317045189,0.0218854017384,0.0152913617549,0.00942303778374,0.00130364204459,0.0424862290427,0.773103475907
2020-10-11,0.0152507086494,0.00246325672422,0.00601868826026,0.0088915836676,0.00873390092252,0.00253003747671,0.0127206711727,0.116339932376
2020-10-12,0.00996217212696,0.00110186505469,0.0152427849863,0.0337850314462,0.00907027956513,0.00244895664996,0.007513215477,0.0012731240998
2020-10-13,0.00201265206809,0.0013077444077,-0.0104104750612,-0.0152122396576,-0.00196700311009,0.00253906691992,-0.000526414851829,-0.176367377677
2020-10-14,0.00605170422237,-0.0015721994141,0.000456075304012,-0.00559341820942,0.00567865530979,0.00238476448867,0.00366693973369,-0.0832428557859
2020-10-15,-8.85595716618e-05,-0.00066516779513,0.00723184546688,-0.00292122902696,-0.00897786625713,0.000758414328255,-0.000846973899917,-0.183174902767
2020-10-16,-0.0120329308487,-0.000529263693064,-0.0163285889942,-0.0328661684842,-0.0213995146579,0.001125613419,-0.0131585442677,-0.456140060711
2020-10-17,-0.0189362924245,-0.00122058120311,0.0035957188205,0.00755095962532,0.00257487379332,0.00226066462178,-0.0211969570462,-0.633697914989
2020-10-18,-0.00401630651497,-0.00036035766108,0.0126838946995,0.0266152558715,0.0121361561524,0.00269611707859,-0.00671242359356,-0.310070246283
2020-10-19,0.0113538143365,0.00196018790151,0.0208978089012,0.00256057364062,-0.00359097346296,5.41355750354e-05,0.0112996787614,0.0921161621036
2020-10-20,0.00281069462631,0.00663734751814,0.0136979286505,-0.0284310625206,-0.0259314085286,-0.00185573560496,0.00466643023127,-0.0562109627364
2020-10-21,-0.0258696588409,0.016222001909,0.0716793536033,0.0587310623536,0.0322349580257,-0.000322513263353,-0.0255471455776,-0.731501121772
2020-10-22,0.0138628681596,0.00449415852342,0.0128389172175,0.057405969455,0.0265958780534,0.0046721935637,0.00919067459587,0.0476467429437
2020-10-23,0.0199404641574,0.00508873096669,-0.0032211785737,-0.0120624444548,0.0027973837626,0.00231869959292,0.0176217645644,0.236670222295
2020-10-24,0.00868461992261,-0.000967708781651,0.0146391967347,0.00766784522075,0.0175355729995,0.00234286960804,0.00634175031457,-0.017167854534
2020-10-25,0.0116194509479,0.00175847223103,-0.00668483612427,-0.0156688639236,-0.00295381141428,0.0021076157258,0.00951183522212,0.0542074281145
2020-10-26,0.000210340105259,0.00172864156864,0.00167037493944,-0.0328921976528,-0.0135660510713,3.45469034582e-05,0.0001757932018,-0.156350899649
2020-10-27,-0.0282973122088,0.00392400626377,0.043412018436,0.0265531569301,0.00959739755842,-0.000338682270142,-0.0279586299386,-0.790575205506
2020-10-28,0.014930287991,0.00153693431845,-0.0278071504212,-0.0376010878032,-0.0223074652521,0.00197952954909,0.0129507584419,0.135104689651
2020-10-29,-0.00853794479264,0.00708516021333,0.0127467472329,-0.00332031098738,-0.0145008525526,-0.000171016251719,-0.00836692854092,-0.347528112414
2020-10-30,-0.00483377419499,0.0017446336281,0.00930215263756,-0.0121154583022,-0.00444706463079,0.000623812707682,-0.00545758690267,-0.280975828862
2020-10-31,-0.016517976855,0.00715041175319,0.0159014323334,0.00963357939971,0.0179088381138,0.00231254970161,-0.0188305265566,-0.583762280778
2020-11-01,0.018385725164,0.00209000717379,-0.00235847804152,0.0256455019891,0.0070659350261,0.00368685857533,0.0146988665887,0.17916147063
2020-11-02,-0.00052827271757,0.000781672364571,-0.0160504590691,-0.033792729344,-0.0302506391337,0.00042030339734,-0.000948576114911,-0.177289682647
2020-11-03,-0.0250123700175,-0.000677275506597,0.0362268428422,0.0126214094258,-0.0141857391309,-0.00184319367957,-0.0231691763379,-0.683073279578
2020-11-04,-0.00569214495475,0.00624389299816,0.00967678549771,0.0373142206467,0.00119660995365,0.00249086459508,-0.00818300954983,-0.339942307032
2020-11-05,0.00936095430558,-0.00207344594718,0.0967741241023,0.0343404463194,0.0180104570722,-0.00442744805491,0.0137884023605,0.162678570539
2020-11-06,0.0214171434334,0.0133605472206,0.000135909661658,0.0904923751846,0.0493594693935,0.00851959078171,0.0128975526517,0.142022588759
2020-11-07,0.0637803775072,0.00517827896289,-0.0498287102758,-0.0456030029227,-0.0345226720404,0.00287916718907,0.0609012103181,1.2391541335
2020-11-08,-0.00136877313151,0.00157586036073,0.0424014817559,0.041709283998,0.024791204377,0.00132930641516,-0.00269807954667,-0.219510135867
2020-11-09,0.0204253264941,-0.000637448726181,-0.0096391158863,-0.0226634820955,0.00219414375665,0.00254996255833,0.0178753639358,0.252760179808
2020-11-10,0.0435333839239,-0.00273847332934,-0.0033865264834,0.0142081701481,0.0087725605937,0.00356384105729,0.0399695428667,0.759252427721
2020-11-11,0.0158827169275,0.00779736262784,0.0266247877842,0.0278960191327,0.00455389219989,0.000885167414654,0.0149975495128,0.183938101348
2020-11-12,0.0380644386634,0.00906045689873,0.0372910114437,-0.00246931154294,-0.00414019722507,-0.00165586001161,0.039720298675,0.752220409419
2020-11-13,-0.0110064945193,0.00777895384322,0.00144293239618,0.029268886673,0.0333483567167,0.00537884362093,-0.0163853381403,-0.541461670043
2020-11-14,0.0243122241326,0.00137941597045,-0.0162648445212,-0.0333374404232,-0.0106071164848,0.00190016242572,0.0224120617069,0.354267930162
2020-11-15,-0.0155378898899,0.00190235835946,-0.00797800390389,-0.0273907147122,-0.0139860276075,0.00106266296896,-0.0166005528588,-0.547190701948
2020-11-16,0.00371177130365,0.000132716595267,0.0484714095982,0.02722283893,0.0295285720321,0.000680350236239,0.00303142106741,-0.0923496745329
2020-11-17,0.006465099714,0.00610209518003,0.0552862770334,0.0463210535042,0.0210942682695,2.39485289962e-06,0.0064627048611,-0.0127341923572
2020-11-18,-0.0198281563071,-0.00247706934606,0.00572995342787,-0.0086096646592,-0.0229056022235,-0.00029898940028,-0.0195291669069,-0.615293548903
2020-11-19,-0.00582266913203,0.000492288441485,0.00266060946193,-0.0145491613639,0.00902784461351,0.00215790176546,-0.0079805708975,-0.346120726887
2020-11-20,-0.001767235545,0.0080115255512,0.0463137518781,0.0792559813495,0.0378065818063,0.00305418038313,-0.00482141592812,-0.272100272663
2020-11-21,0.0608175434282,0.0176192085869,0.00101141586403,0.0784551777333,0.109771871525,0.0125246212661,0.0482929221621,0.963716626155
2020-11-22,0.00792079040401,0.00233826135742,-0.015059383473,0.0136027918417,-0.0271334200238,0.00198308141912,0.00593770898489,-0.0241244713226
2020-11-23,-0.00129687498595,0.00279592541736,-0.00162021616248,0.0844593205836,0.108582018894,0.0128612823605,-0.0141581573465,-0.492618775902
2020-11-24,0.0134566834207,0.00691688221702,0.0425096007942,-0.00556046960855,0.0598681221854,0.00248066198627,0.0109760214344,0.0950423166731
2020-11-25,0.00264087521127,0.00959400008769,-0.0235974676408,-0.0610834394462,-0.0469293583742,-0.000929279322641,0.00357015453391,-0.078300362372
2020-11-26,-0.0169149516059,-0.000240948589113,-0.0851448940236,-0.0887465264221,-0.0947873832542,0.000415736580735,-0.0173306881866,-0.567450944719
2020-11-27,-0.0942451450311,-0.00095701353251,-0.00138690197745,-0.00297402364854,0.0150261399405,0.00332245409303,-0.0975675991241,-2.42589138082
2020-11-28,-0.00830624531801,-0.000582096329477,0.0327655597553,0.0352867219256,0.0473574089425,0.00369017163365,-0.0119964169517,-0.430763414522
2020-11-29,0.0292592747885,0.00622046896714,0.0256525416764,0.0690456954378,0.00596562555324,0.0023164190718,0.0269428557167,0.477010320648
2020-11-30,0.0506901554792,0.000755891618685,0.0793223570742,0.067251195484,0.0527177466564,0.000733883824519,0.0499562716547,1.01157943554
2020-12-01,0.054933775089,0.0182554347093,-0.0473668025122,-0.0507439615544,-0.0532972437345,0.00111423851574,0.0538195365732,1.09819584616
2020-12-02,-0.0056599656729,0.00798021665433,0.0224163962442,0.0186468607483,0.0310063980552,0.0029444926227,-0.0086044582956,-0.359054215434
2020-12-03,0.0137652427623,0.00213944721157,0.0115857079002,0.0315429656563,0.00709147564663,0.00257456322737,0.0111906795349,0.103689303357
2020-12-04,0.0222051893231,0.000981404321866,-0.0412386659535,-0.0826122921157,-0.0671795846415,-0.00143366758076,0.0236388569039,0.394538114747
2020-12-05,-0.0486164628716,0.00839625403757,0.026786425314,0.0510018192239,0.0393757468055,0.00412878992738,-0.052745252799,-1.39048326413
2020-12-06,0.0286597417678,0.00106425091823,0.0114729550175,0.00844313720995,0.0106285451759,0.00215088399434,0.0265088577734,0.464473769028
2020-12-07,0.00531136843363,0.00178311592051,-0.0104011277327,-0.0176969501702,-0.00879585233798,0.00196069801737,0.00335067041626,-0.0783034986713
2020-12-08,0.00578443141913,-0.00309726607454,-0.0460078456817,-0.064336915266,-0.0528811883867,0.000610303056985,0.00517412836215,-0.0354420848137
2020-12-09,-0.0305278040267,-0.000567029830609,0.0123174869722,0.0327997470994,0.0274996432724,0.00404718744712,-0.0345749914738,-0.967266638458
2020-12-10,-0.00157529938771,-5.06519893761e-05,-0.015532533099,-0.0248744873068,-0.0260493758214,0.000949811822218,-0.00252511120993,-0.213330716615
2020-12-11,-0.0170969325689,0.00605053636911,-0.0120375742421,-0.0266251328501,-0.0257513271676,0.000595419715787,-0.0176923522847,-0.569371996183
2020-12-12,-0.0232278169305,0.00135571867639,0.042048286294,0.042707122112,0.0145063583289,0.000634768555813,-0.0238625854863,-0.71324361034
2020-12-13,0.0379223283193,0.00497497818149,0.0189821113337,0.0388546990188,0.0228267377779,0.0032679158927,0.0346544124266,0.665576824403
2020-12-14,0.0270701068967,0.00215480114066,0.00508794242355,-0.00754370759476,-0.00130662938109,0.00138281294512,0.0256872939516,0.453118983383
2020-12-15,-0.000488688244619,0.00266704386154,0.00861354532238,0.00473369443886,-0.0078176704239,0.000946028522099,-0.00143471676672,-0.187563674581
2020-12-16,0.0221741385857,0.00920454129405,0.0933669961588,0.0786355498113,0.0765218187493,0.00152802667785,0.0206461119078,0.334454921841
2020-12-17,0.0183989165195,0.00515495266202,0.0655046438474,0.00761992819435,0.00453578821852,-0.00332682689139,0.0217257434109,0.359458986346
2020-12-18,0.0328950922358,0.000972797072059,0.0146670206173,0.0186609926168,0.0153144406966,0.00250728939614,0.0303878028397,0.563909376523
2020-12-19,-0.00122113844408,0.0100793634471,0.0301423853215,0.00627906150057,0.0081333982988,0.000172959170253,-0.00139409761433,-0.190570517186
2020-12-20,0.0299259493782,0.00561767254665,-0.0159986755546,-0.031429879816,-0.0141283513155,0.00167360380973,0.0282523455685,0.513524145449
2020-12-21,-0.0169870743181,-0.000254286168708,-0.0321214823003,-0.0489980733664,-0.0470141227219,0.00021733990431,-0.0172044142224,-0.567538517652
2020-12-22,-0.033808559141,0.00482543637284,0.046710893949,0.0460649982883,-0.00249233302678,-0.000947695126895,-0.0328608640141,-0.938118802174
2020-12-23,0.0220756122196,-0.000789168452986,-0.024829840917,-0.0835582302979,-0.139912318226,-0.0083370452288,0.0304126574484,0.56877706858
2020-12-24,-0.00768800754218,0.00947635882292,0.0217139250716,0.0451309778314,0.0854935272373,0.00781764003055,-0.0155056475727,-0.525663089999
2020-12-25,-0.00600815782015,0.01141737964,0.0408554479454,0.0238207208032,0.01000968748,-0.000153696153624,-0.00585446166653,-0.294754883298
2020-12-26,0.0436131702183,0.0011735979873,0.068028414134,0.0149749156105,0.000530519092852,-0.00363433132482,0.0472475015431,0.972257385678
2020-12-27,0.0142128226329,0.0010807722355,-0.0077578137486,0.0722100315531,-0.00314447917473,0.00483523733078,0.00937758530216,0.0666422604933
2020-12-28,0.00179891197655,0.00122585821489,0.0295989188523,0.0642106499401,0.0320343554731,0.00372492150101,-0.00192600952446,-0.203724001494
2020-12-29,0.0569700199092,0.00921794511564,0.0117022722402,0.00252243105445,-0.00374438641787,0.000893374755776,0.0560766451534,1.18303795718
2020-12-30,0.00275712129198,0.00180945193564,0.0540757960075,0.0282058795239,-0.00573473942808,-0.00240553267262,0.00516265396461,-0.036961921513
2020-12-31,-0.0298110422009,0.00659539898141,0.00240627500376,-0.0206630146254,0.0305913807821,0.00358531117979,-0.0333963533807,-0.959688876129
2021-01-01,0.0161973761157,0.0128693640709,0.015349035854,-0.00854681657193,-4.05513913009e-05,0.000495498632337,0.0157018774834,0.217389006738
2021-01-02,0.00554504560716,0.0309195053375,0.0885745466658,0.0557920827181,0.0139674076833,-0.00332069999611,0.00886574560327,0.0519704998995
2021-01-03,0.028561746817,0.0327332638077,0.0287785808382,0.237436301124,0.0656531657132,0.0114846159063,0.0170771309107,0.248662018965
2021-01-04,0.0955490830189,0.00942025287037,-0.0323585096155,0.0617309842729,0.0159704366783,0.0082060459855,0.0873430370334,1.91979648382
2021-01-05,0.0462935154665,-0.00051398251896,0.0612667744736,0.0564293432881,0.0338377248527,0.000690691561221,0.0456028239053,0.918966868554
2021-01-06,0.0931406511887,0.0206247318706,0.0794906914712,0.093854296728,0.0836227089566,0.00379364751817,0.0893470036705,1.94848829084
2021-01-07,0.0668848019902,0.0299381944071,0.06880838412,0.0119993530567,0.015470842524,-0.00269601220265,0.0695808141929,1.46994959324
2021-01-08,0.0212049233491,0.00755686744393,0.0275921349249,-0.00765287035315,-0.00217221694099,-0.000768516844273,0.0219734401933,0.343391015786
2021-01-09,0.0201912361646,0.026377948559,-0.00855612807826,0.0512600121624,0.0683473104687,0.00954306413192,0.0106481720327,0.0699414844231
2021-01-10,-0.00185927441987,0.00743380991147,-0.0524782642158,-0.0199388955472,-0.0159853656837,0.00526108195967,-0.00712035637954,-0.353041521561
2021-01-11,0.00713869307538,-0.000735520743007,-0.0743429082328,-0.142814124963,-0.100305426425,-0.00261668245264,0.00975537552803,0.0504688053892
2021-01-12,-0.114791528068,-0.00495822868596,-0.0393884806173,-0.0350757365411,-0.00325831188368,0.00453066274091,-0.119322190809,-2.98516464063
2021-01-13,0.0125318578785,0.0134001017393,0.0924590434891,0.0725497578758,0.0796010614487,0.00165585548821,0.0108760023903,0.0825494896869
2021-01-14,0.0467792089824,0.00186773204289,0.0455870294302,0.0859438375376,0.0374292745286,0.00329479415594,0.0434844148265,0.852333242701
2021-01-15,0.0460772400665,0.00367908901659,-0.0625270972273,-0.0521306599798,-0.0176870396425,0.00509858431721,0.0409786557492,0.799414468481
2021-01-16,-0.0255343742294,0.00307655478855,-0.0201345958409,0.049792010202,0.0449673702393,0.00884989295248,-0.0343842671818,-0.984546402372
2021-01-17,0.0362931211608,0.00612241699796,-0.004543824948,0.00431572753522,0.0150223372657,0.00383374840138,0.0324593727594,0.599701224336
2021-01-18,0.00518651171309,0.00309390589603,0.0220777585078,0.0206429928245,0.0132338300659,0.00172731636431,0.00345919534878,-0.0889876095302
2021-01-19,0.021051746186,0.0144299049989,-0.0203439701289,0.0820092403687,-0.0108863791226,0.00572556982869,0.0153261763573,0.190626597334
2021-01-20,0.061486295919,0.00435590419805,-0.0115394982602,0.00814970423313,0.0194308439228,0.00492154770061,0.0565647482184,1.16217823734
2021-01-21,-0.038014079219,0.00349176883502,-0.139649713614,-0.214553381754,-0.114033324882,0.000264204971694,-0.0382782841907,-1.08082511433
2021-01-22,-0.0924248430963,-0.000467893643801,0.0667940644934,0.104688146643,0.0628555580644,0.00376629721835,-0.0961911403147,-2.42771947839
2021-01-23,0.0566022488125,0.00725674313458,-0.0274592084527,0.00023925530086,0.0240502555751,0.0064982877084,0.0501039611041,1.00631065942
2021-01-24,0.0315918541325,0.00293740448544,0.006228643193,0.121543426711,0.0183131889663,0.00660303345877,0.0249888206737,0.413883787163
2021-01-25,0.0794042717432,0.0036825114067,-0.00147113142988,-0.0562567297386,-0.0222110175937,-0.00101351021388,0.0804177819571,1.70380276197
2021-01-26,0.0132857877581,-0.00297582136992,0.00764087332308,0.0370041228672,0.00975141992572,0.00329997862479,0.00998580913333,0.0553465610572
2021-01-27,-0.0124025379586,0.0128671440417,-0.0663861253158,-0.0971191433393,-0.0563941292863,0.00125339491164,-0.0136559328702,-0.494905462484
2021-01-28,-0.0388031428398,0.0200856021041,0.0944839349977,0.0709952803599,0.0869424247609,0.00196210307672,-0.0407652459165,-1.12329419848
2021-01-29,0.0594622941201,0.0217924610043,0.0246698124376,0.0349813977322,0.0195046719134,0.00238006977915,0.0570822243409,1.16024823605
2021-01-30,0.0394303867919,0.0158093378665,0.00124304810924,7.53643141813e-05,0.0530106170292,0.00596727919169,0.0334631076002,0.606513255548
2021-01-31,-0.00245918391162,0.00142431732371,-0.0351985826678,-0.0491434145365,-0.00229351844991,0.00379065712681,-0.00624984103843,-0.318987345109
2021-02-01,-0.00210757405188,0.0108447597109,0.0128345572797,0.0457098663921,0.0117014026815,0.00322427639309,-0.00533185044498,-0.296588380829
2021-02-02,0.0209822256083,0.000387649238,0.0572667960773,0.0967419325008,0.0229740356302,0.0014733848569,0.0195088407514,0.283211833678
2021-02-03,0.0525767182207,-0.0423273777592,0.0581848531794,0.0952268740773,-0.0935291514924,-0.00723509662545,0.0598118148461,1.21661263226
2021-02-04,0.11602289955,0.0711050826471,-0.0183087542372,-0.0423844745434,0.176267613483,0.0155766624489,0.100446237101,2.14288570137
2021-02-05,0.0280778687768,0.0140896326753,0.0354744717243,0.0742163773493,0.0767486761539,0.00677380550358,0.0213040632733,0.311664552875
2021-02-06,0.0662897409242,0.0288775326294,0.0239245975603,-0.0244857154191,0.0067445498101,-0.000278427703361,0.0665681686276,1.35594291357
2021-02-07,-0.00651325121065,0.00480215971405,-0.00991717460903,-0.0392230972911,0.0106101176349,0.00269746444039,-0.00921071565105,-0.393861572945
2021-02-08,-0.0206812467277,0.0361158326838,0.178294801302,0.0823790442434,0.074767008206,-0.00635454910028,-0.0143266976274,-0.51078388407
2021-02-09,0.0735422587685,0.00354850995242,0.00124720687305,0.0108393731187,0.0646861343489,0.00715018394185,0.0663920748267,1.34759262922
2021-02-10,0.0394098574338,0.0345537378649,-0.0360501501044,-0.0166516981665,0.070467263388,0.0102036987722,0.0292061586616,0.4859128394
2021-02-11,0.0314838001878,0.0065131343341,0.0680344493313,0.0254609526202,0.0418472633332,-0.000277533582399,0.0317613337702,0.545510807476
2021-02-12,0.0305552323908,0.0052395547048,-0.0131181193907,0.0308253796811,0.064186601137,0.00904483207286,0.0215104003179,0.313371824656
2021-02-13,0.0193007718298,0.0255180759685,-0.00342515698054,-0.0142083943428,0.0333629162789,0.00452354836588,0.014777223464,0.157366985835
2021-02-14,-0.0168284588031,0.0087051314397,0.0296503855633,-0.00822569545319,-0.0380442303451,-0.0036175583735,-0.0132109004296,-0.489651634966
2021-02-15,0.00976798299266,0.00277084538209,-0.014732127061,-0.0127354377085,-0.016849542756,0.00191803300105,0.00784994999161,0.00021566457803
2021-02-16,-0.00980296902368,0.00647196408283,0.025358792615,0.00155081084553,0.00448483296175,0.000205208404756,-0.0100081774284,-0.418106803118
2021-02-17,0.0131140327839,0.0178288030547,0.0590714633633,0.0375568552836,0.0507847388647,0.00157434913775,0.0115396836462,0.0794620395271
2021-02-18,0.0216970952085,0.00365313932535,-0.0111049546378,0.0469329770417,0.0299497967711,0.00682189897463,0.0148751962339,0.159918399673
2021-02-19,0.0395213012425,0.0134440130012,0.0810301975587,0.00832564986039,0.0907311234213,0.00160282210715,0.0379184791354,0.694731345015
2021-02-20,0.0339892270507,0.0283487106182,-0.0011920113493,-0.0219521839223,-0.0203969757668,0.000125647659035,0.0338635793917,0.596338661287
2021-02-21,0.0352750892575,0.0095102317339,0.0283880742251,0.0114322910025,0.0374925873674,0.00265204424045,0.032623045017,0.566809882564
2021-02-22,0.00898517998871,0.0016122390185,-0.060235799924,-0.0851734338206,-0.0393965333048,0.00229443242332,0.00669074756539,-0.0455349034324
2021-02-23,-0.0647890994603,0.00659576258838,-0.101181428837,-0.119139315163,-0.114849832567,-0.000489963091582,-0.0642991363687,-1.70829282596
2021-02-24,-0.140190999849,0.000756607013049,0.0165075221057,0.0292731686125,0.0382298694851,0.00434312104511,-0.144534120894,-3.52301735231
2021-02-25,0.0873234398993,0.00705489063382,-0.0539527202594,-0.0902597236446,-0.0517975130497,0.000646509242057,0.0866769306572,1.80535206081
2021-02-26,-0.0203158364346,0.00341793294764,-0.0172181391354,-0.0269715206655,0.00272141272745,0.00316121483755,-0.0234770512722,-0.741044478365
2021-02-27,-0.0486164080019,0.0070127618493,-0.00252735439073,0.0107101206635,0.0330498904977,0.00516658001895,-0.0537829880208,-1.43767661014
2021-02-28,0.0108369497249,0.00215588097906,-0.0205047870762,-0.0266262222736,-0.0313400635582,0.000968124286292,0.00986882543862,0.0324538845585
2021-03-01,-0.0282640619156,0.0179571751644,0.0922791629504,0.0996944729425,0.0780982896166,0.0023780382961,-0.0306421002117,-0.901535567339
2021-03-02,0.0819319397711,0.00804994742417,-0.0230355241713,-0.0540907372287,-0.0108874440579,0.00188262031823,0.0800493194529,1.64838059359
2021-03-03,0.011156065809,0.0272644426588,0.0384610738741,0.0527901241453,0.0276500280559,0.00223792365878,0.00891814215021,0.00672339767488
2021-03-04,0.047538518983,-0.00211728111792,-0.0409534905211,-0.0192559140654,-0.0189298943612,0.00399740443015,0.0435411145528,0.803804494158
2021-03-05,-0.013923573498,0.00188926169598,0.00838811783203,-0.00644350213863,0.0086568059107,0.00184382212494,-0.0157673956229,-0.564012337277
2021-03-06,-0.0190041358111,0.00693471724781,0.00233816393476,0.0764317845263,0.00473724261354,0.00460741012722,-0.0236115459383,-0.741862861639
2021-03-07,0.0306391068745,0.00440594917953,0.0421327386796,0.0452446137595,0.0333621079902,0.00209155359326,0.0285475532812,0.459059692177
2021-03-08,-0.0271822315041,-0.00165434810966,0.0273055526643,0.0601474409576,0.0224865426698,0.00311217455975,-0.0302944060638,-0.892310345284
2021-03-09,0.0258110058297,-0.00357839987664,0.0471088999825,0.0205571144565,0.0676119576914,0.00341012815361,0.0224008776761,0.316168694224
2021-03-10,0.0488706947888,0.0232729941835,0.0171617272777,-0.0415749360734,-0.0281927326329,-0.0027382469282,0.051608941717,0.9878440085
2021-03-11,-0.000329938941022,0.00924136070097,0.0342462984088,0.0175835550436,0.0193940353827,0.00096185284163,-0.00129179178265,-0.241441956479
2021-03-12,0.0116432090889,0.000811944893201,-0.0102533863861,-0.0341562768396,-0.0209095480579,0.000560219337963,0.011082989751,0.046008309848
2021-03-13,0.0274144867306,0.00562067784232,0.0665137702396,0.0842452357658,0.0482786385643,0.00210432483986,0.0253101618907,0.394840670148
2021-03-14,0.0573208391582,-0.00011626249475,-0.0365882437363,-0.0389048819215,-0.02942750496,0.002229389773,0.0550914493852,1.16579972622
2021-03-15,-0.00890731208479,0.0190658339367,-0.058340222146,-0.0296789931739,-0.0187141296171,0.00531023871026,-0.0142175507951,-0.643258246846
2021-03-16,-0.0351253044443,0.0109370433156,0.0226053499035,0.00631600230613,0.03771370501,0.00305008186753,-0.0381753863119,-1.269376102
2021-03-17,0.0110088679077,5.18967790519e-05,0.0343961186034,0.00977022451797,0.0375431912651,0.00204933710515,0.00895953080258,-0.0525416286558
2021-03-18,0.0173410609646,0.00409933815115,-0.0215975556691,-0.0264071701655,-0.0190753170385,0.00197895066064,0.015362110304,0.126539301469
2021-03-19,0.0115942975712,0.00411216799445,0.00690898351666,0.0187752183634,0.0290548849786,0.00424094719958,0.00735335037162,-0.0923909837622
2021-03-20,0.0181726747138,0.0037538055523,0.000775256366332,-0.00229942742134,-0.0047551947857,0.0016860200418,0.016486654672,0.1601058311
2021-03-21,0.0303771613625,0.0190592955326,-0.0125295439926,-0.0121885879853,0.00468667848845,0.00331614341831,0.0270610179442,0.458978432018
2021-03-22,-0.0354171126232,0.00220814615509,-0.0586369107021,-0.0589677603409,-0.0349768937418,0.0032596882648,-0.038676800888,-1.36023980936
2021-03-23,-0.00767051985554,0.0051070554935,0.0046101625393,-0.00799571828802,0.00235844851437,0.00168332610427,-0.00935384595982,-0.549682449715
2021-03-24,-0.0336700775747,-0.000297292915505,-0.0381225319067,-0.0513690490053,-0.0548015201002,0.00012849173097,-0.0337985693057,-1.22430857702
2021-03-25,-0.00691491308002,0.000933286130859,-0.0191361782094,0.00141400688795,-0.000352991583949,0.00396597588724,-0.0108808889673,-0.586418212852
2021-03-26,-0.0326624022542,0.00331230341978,0.0697800685227,0.068633400829,0.079055869843,0.00359846403894,-0.0362608662931,-1.28655025462
2021-03-27,0.0523851324072,0.0201753718417,0.0145816354533,0.00810861062204,0.00265533292793,0.00126585099306,0.0511192814141,1.13146548115
2021-03-28,0.0110654930102,0.00362303001058,-0.00112332239187,-0.0154109182345,0.0089440201764,0.00247628325628,0.00858920975397,-0.0463891732133
2021-03-29,0.0192349840342,0.00203189465101,0.032819761698,0.0739735459266,0.0312012827685,0.0036588167491,0.0155761672851,0.143942052547
2021-03-30,0.0495575219182,-0.00270543739613,0.0200077363078,0.0138350979576,0.0216903788432,0.0023369835769,0.0472205383413,1.01621915023
2021-03-31,0.0476371330215,0.00423432041528,-0.000392188365081,0.041525468601,0.0143662612054,0.00451971915607,0.0431174138654,0.899863169758
2021-04-01,0.00371071081873,0.0173949927595,-0.00104474405689,0.0246567036429,0.0188646480957,0.00440416712878,-0.000693456310051,-0.310736389836
2021-04-02,0.0452212584275,0.00171425661828,0.00434052805027,0.0810997359769,0.0350984624929,0.00679774218475,0.0384235162427,0.768346790852
2021-04-03,0.0443685408644,0.0392895361389,-0.0328713359023,-0.0605750782577,-0.0326084834267,0.000999359813843,0.0433691810506,0.902735560562
2021-04-04,0.0766109032994,0.0054353248576,0.020041361686,0.0331642095188,0.0696771237433,0.00644821230253,0.0701626909969,1.6371151406
2021-04-05,0.0249032648625,0.00469311643242,0.0155918312521,0.0147810136446,0.0465611230014,0.00460560495992,0.0202976599026,0.260463104795
2021-04-06,0.0417742480607,0.0190496134316,-0.019253382703,0.00238890102095,0.0285981034343,0.00613775530425,0.0356364927565,0.680275209646
2021-04-07,0.011374385691,-9.4903175146e-05,-0.0362019904142,-0.0732653573058,-0.0688984448246,-0.00174567856775,0.0131200642588,0.0615466324422
2021-04-08,-0.0629170527162,0.00991207489601,0.0375518332985,0.0579210149539,0.0664419999189,0.00533258452518,-0.0682496372414,-2.16697223222
2021-04-09,0.036261439218,0.00662950074065,0.000520630907719,-0.00683032959168,0.00702140229641,0.00244045860784,0.0338209806101,0.637838830876
2021-04-10,0.0320638399364,0.00556513519495,0.0286409616026,0.0326418739725,0.0456214680067,0.00386485049302,0.0281989894434,0.481098676314
2021-04-11,0.022328411831,0.00171758426068,0.00321140991359,0.00760476717066,0.0236294598673,0.00384808412434,0.0184803277067,0.207981035192
2021-04-12,0.00049861131426,0.0143839374912,-0.00215680742155,-0.00604115418288,0.0272813458775,0.00420386807627,-0.00370525676201,-0.407020723539
2021-04-13,0.0167210767384,-0.000190909954778,0.0600835331933,0.0727310750586,0.0477130091335,0.00231204103235,0.014409035706,0.0940166061738
2021-04-14,0.0430827237799,0.0356443608982,-0.00990187301828,0.0560585379642,0.0230348567493,0.00647571851474,0.0366070052652,0.706550847572
2021-04-15,0.0555991024642,0.00570600381051,0.00434505510082,0.034292112073,0.0347975810904,0.00536779026969,0.0502313121945,1.07986735047
2021-04-16,0.0226339702553,0.00911225118975,-0.0290957646511,-0.0369765260501,0.0229019203301,0.00544633585967,0.0171876343956,0.175629321702
2021-04-17,-0.000439586551838,0.0287544984163,-0.022417902107,-0.0449912262614,-0.0273795478889,0.000884733747359,-0.0013243202992,-0.355834729364
2021-04-18,0.00409893259769,0.0071146786954,-0.0655370803291,-0.0346384806727,-0.048110511346,0.00366328897061,0.000435643627086,-0.305190338338
2021-04-19,-0.0889969200189,0.039134226097,-0.0100993905382,-0.0349706423416,-0.0256822196834,0.000170068285099,-0.089166988304,-2.81448033973
2021-04-20,0.0191532188049,0.003713904566,0.0143491934657,0.0755405642631,0.0332599323887,0.00556823282989,0.013584985975,0.0795176778122
2021-04-21,0.0131738600651,0.00899832298499,-0.048607731311,0.0106768901367,-0.0443006563394,0.00373833274068,0.00943552732445,-0.0402014461998
2021-04-22,0.00845313755908,0.00604964320222,-0.0397167745074,0.017438674608,-0.0603175083946,0.00193888078104,0.00651425677804,-0.12580228542
2021-04-23,0.0266719052469,0.000532662555198,-0.0105157366679,-0.0125435620214,0.00225689931827,0.00294005364701,0.0237318515999,0.362203945925
2021-04-24,-0.0213679726207,0.00189364990274,-0.0213247450514,-0.0671429213649,-0.0505328511677,-0.0015872869773,-0.0197806856434,-0.86520453568
2021-04-25,-0.0148144685895,0.00380632551672,-0.0194630014513,0.0473291579933,0.00519582169922,0.00578533909922,-0.0205998076888,-0.884678191636
2021-04-26,0.0408534151102,0.00274716682637,0.0956185471345,0.0874504081814,0.108322265848,0.00392593307018,0.0369274820401,0.737021276393
2021-04-27,0.0876953764767,0.0058181878785,0.0184859721488,0.0512154394121,0.045205958094,0.00533325955407,0.0823621169226,2.00168792479
2021-04-28,0.0346232244641,0.00351162950733,-0.00309332146745,0.0303733243494,0.0028654901889,0.00358780153794,0.0310354229261,0.559660384779
2021-04-29,0.021629103901,0.00570965654102,-0.0241129529054,0.00289687207153,0.00311576781289,0.00472690347028,0.0169022004307,0.163371575764
2021-04-30,-0.0116615903637,-0.00587326747328,0.0747476321287,0.00580268858331,0.058961314151,-0.000230299489693,-0.011431290874,-0.626954866361
2021-05-01,0.0217993319992,0.0162495013212,0.00169007250028,0.0603878252592,0.0256524463487,0.00572498192186,0.0160743500774,0.143691819434
2021-05-02,0.0373185089402,0.00666463508692,-0.0213162249134,0.00138821834106,-0.0141518481926,0.00315113186819,0.034167377072,0.650888353057
2021-05-03,0.0101377431112,0.0153853854805,0.0101118358495,0.150817968994,0.0406886095942,0.0087710404896,0.00136670262155,-0.270942901039
2021-05-04,0.0483735514235,0.000130682956659,-0.0716035571969,-0.0570852697064,-0.0436792955786,0.00387650711785,0.0444970443056,0.93841038506
2021-05-05,0.00842795242159,0.0283382950327,0.0770691565217,0.0847798100655,0.120441246474,0.00645595806066,0.00197199436093,-0.26058475809
2021-05-06,0.0180085314365,0.00668790895991,-0.0187392593494,-0.0102360204383,0.00869574095587,0.00424516887483,0.0137633625617,0.0710634495892
2021-05-07,0.0227128653842,0.00553034832327,0.0163157864177,-0.00269256711544,-0.0111468105893,-0.000235751117746,0.0229486165019,0.333239653594
2021-05-08,-0.00315698674697,-0.000476270804889,0.0271560521917,0.117024190128,0.0017996237313,0.00331301523515,-0.00647000198212,-0.499895313638
2021-05-09,0.0298906090201,0.00612372085342,-0.0109434677816,0.0032814190881,0.00336727918776,0.00353723935179,0.0263533696683,0.427595586505
2021-05-10,0.0103410670874,0.0149312159131,-0.0427978861362,0.00538827707238,-0.0835997653672,0.000147700934199,0.0101933661532,-0.0297139649736
2021-05-11,0.00197203094838,0.0140232937933,0.0155771539964,0.0562680071235,0.0800849542103,0.00832265972415,-0.00635062877577,-0.505400426663
2021-05-12,-0.00350270804113,0.0118085744045,-0.135835714017,-0.0886683804008,-0.0823318628855,0.00603009508619,-0.00953280312733,-0.598835523376
2021-05-13,-0.0087250123208,0.00163375862765,0.00342871098089,-0.0273590669689,0.0612963737122,0.00555002951819,-0.014275041839,-0.733391680293
2021-05-14,-0.0491882976514,-0.0015287823476,0.00391333700225,0.092240366258,0.0575953308372,0.0088286766998,-0.0580169743512,-1.96379521047
2021-05-15,0.0337006443648,0.00465624726475,-0.0638232843026,-0.111051732738,-0.0557393660584,0.000645320545356,0.0330553238195,0.61663194344
2021-05-16,-0.0293882774818,0.00235006653942,-0.00716307539576,-0.0180689580593,0.00832737187104,0.00291035651364,-0.0322986339954,-1.23285844536
2021-05-17,-0.0183455671965,0.000350176734226,-0.0649783799105,-0.0881899383746,-0.0637193521712,0.000852146486709,-0.0191977136832,-0.859212906824
2021-05-18,-0.0355382257385,0.0144562049343,-0.0155518317037,0.0283106770899,0.0224822655056,0.00612402238199,-0.0416622481205,-1.48539974054
2021-05-19,-0.0778156275278,0.000761764378918,-0.154575011445,-0.323385569181,-0.345689821672,-0.0186821274049,-0.0591335001229,-1.96150202423
2021-05-20,-0.153870669235,-0.00719389953675,0.0998917914321,0.126627551317,0.157703660359,0.0083439546742,-0.162214623909,-4.7044151685
2021-05-21,-0.0130793266256,0.011118400154,-0.0839077225081,-0.12999706301,-0.129114334921,-0.00346656693466,-0.00961275969092,-0.537780471364
2021-05-22,-0.0413350636201,0.0246756564703,0.0051432638003,-0.0576290235871,-0.0620467898572,-0.00460041891639,-0.0367346447037,-1.27171018406
2021-05-23,-0.0953142325188,0.00505299792698,-0.0774522637872,-0.0907112647366,-0.111266695585,-0.00156916065119,-0.0937450718676,-2.79160228994
2021-05-24,-0.0410497028017,0.0127493641766,0.111965597674,0.232768001602,0.198525191034,0.0134226566672,-0.0544723594689,-1.71759889519
2021-05-25,0.101634322536,0.00489065974639,-0.0121822304266,0.0215975859546,-0.00644736595039,0.00348005736257,0.0981542651733,2.37760286545
2021-05-26,0.03002859901,0.00358072582559,0.0232368849395,0.0648147427156,0.0804377594634,0.00789617671082,0.0221324222992,0.337883376769
2021-05-27,0.0632669814249,0.0105517232662,-0.0181346692698,-0.0514093916095,-0.0368917120637,-0.000405313760058,0.0636722951849,1.44299695976
2021-05-28,-0.0251859956839,0.0119269047059,-0.0778530543636,-0.128800566237,-0.084248653004,-0.000687997850284,-0.0244979978336,-0.911080560166
2021-05-29,-0.0674629678933,0.00413286318949,-0.030532355561,-0.0575071028342,-0.0500662418679,-0.000410408536905,-0.0670525593564,-2.03341066937
2021-05-30,-0.0158164575964,-0.000606356802393,0.0294127554434,0.0459660487237,0.0442171735404,0.00409059438742,-0.0199070519839,-0.777074020661
2021-05-31,0.0546992537022,-0.019403716048,0.0447939468624,0.126496233225,0.0752561848722,0.00737267037728,0.0473265833249,1.01003941693
2021-06-01,0.039749269965,0.0322621697344,-0.0158003062965,-0.0272253965369,-0.00283052269916,0.00261348522154,0.0371357847434,0.736274493652
2021-06-02,0.0176212809137,0.00303041797141,0.0238671099422,0.0268680465566,0.0458061506339,0.00414699427325,0.0134742866404,0.105919093674
2021-06-03,0.0466559353371,0.00281858240774,0.0435014561116,0.0542850488511,0.0356048183999,0.00240173221111,0.0442542031259,0.921767481627
2021-06-04,0.0136224283281,0.00362358813197,-0.0628995502071,-0.0598748650865,-0.0656268289787,0.00137052168425,0.0122519066438,0.0705811842793
2021-06-05,-0.0323628543728,0.00270043341343,-0.0364934041956,-0.0232206208414,-0.0236407440837,0.00311825707049,-0.0354811114433,-1.19162386333
2021-06-06,0.00717620491226,0.00170972916972,0.00773052759347,0.0310640403686,0.0138338543585,0.00341365417144,0.00376255074082,-0.151047222533
2021-06-07,0.00646806549758,0.00286972909501,-0.0644713651739,-0.0448619423677,-0.068253807249,0.00177408063878,0.00469398485879,-0.126468990372
2021-06-08,-0.00640303828765,-0.00058079070774,-0.00481416073398,-0.0328737626168,-0.00245066907084,0.0014540959739,-0.00785713426155,-0.459528456594
2021-06-09,-0.0195481128342,0.00296287825846,0.112792677688,0.0395828857334,0.0451643944464,-0.00375415414407,-0.0157939586901,-0.667443828994
2021-06-10,0.0178939713447,0.00260238450691,-0.019039637567,-0.0545049436037,-0.0445028987416,-0.000974967965225,0.0188689393099,0.249128932564
2021-06-11,-0.0202514500951,-0.00332859753154,0.0173471889029,-0.0485390145784,-0.0356641146883,-0.00351491832309,-0.016736531772,-0.696864631126
2021-06-12,-0.0238341782672,-3.01071085218e-05,-0.048770108917,0.00696169516147,-0.00619916292399,0.00644700333981,-0.030281181607,-1.05053696623
2021-06-13,0.00788080359257,0.000792786717422,0.0929798832519,0.0566419298461,0.0530166780553,-0.000828045101711,0.00870884869429,-0.0178950754072
2021-06-14,0.0486283630969,0.00181648280345,0.0378607805317,0.0283015974577,0.025842275004,0.00142411685311,0.0472042462437,0.999409716872
2021-06-15,0.028990808802,2.09575866528e-05,-0.00920906420099,-0.0147102000934,-0.0129593515929,0.00163354363236,0.0273572651697,0.469156697698
2021-06-16,-0.0201249058058,0.00104286981382,-0.0461839416823,-0.0717922310476,-0.0367410993839,0.00159081429364,-0.0217157200995,-0.832835982606
2021-06-17,-0.0355886186799,-0.00224775537168,-0.00656213052468,0.00233040509637,0.00610054548822,0.00330409476081,-0.0388927134407,-1.28521721469
2021-06-18,-0.0212131759645,-0.00194966434081,-0.0611741949185,-0.0601067292278,-0.0447039169104,0.00274426189969,-0.0239574378642,-0.882062436682
2021-06-19,-0.0202081844952,0.00397011668258,-0.00973700201158,-0.0318445683556,-0.0173235484723,0.000845929207666,-0.0210541137029,-0.800046005185
2021-06-20,-0.0092701126329,0.00172387217594,0.00327531336623,0.0357664701146,0.0102706351903,0.00370532837291,-0.0129754410058,-0.579483957071
2021-06-21,-0.0590920157467,0.00289666850043,-0.118504937535,-0.173399579914,-0.193075224662,-0.00627651723197,-0.0528154985147,-1.64059592014
2021-06-22,-0.0812652095274,0.00345497411388,0.0280792507695,-0.00317598398899,-0.0207015636591,-0.00204330409001,-0.0792219054374,-2.32610825513
2021-06-23,-0.00218014308269,0.00108434099455,0.0350896316232,0.0458526633005,0.0800411850138,0.00619904932494,-0.00837919240763,-0.434480721925
2021-06-24,0.0352010425574,0.00242213964912,0.0284952326515,0.0103660428782,0.0344405986223,0.00238534825246,0.032815694305,0.665060966875
2021-06-25,0.0023338577253,0.00344198357842,-0.0929683443663,-0.0949282256876,-0.0733422088026,0.00253343534217,-0.000199577616863,-0.213635014291
2021-06-26,-0.0308777916287,0.000722335356087,0.0219704057717,0.0113474786747,0.00511029395683,0.000859648341243,-0.0317374399699,-1.05156791991
2021-06-27,0.0105039703571,0.00146014664536,0.0727673953817,0.0810374200229,0.0457514009205,0.00124259438398,0.00926137597312,0.0420379537174
2021-06-28,0.0268280017553,0.00225904195615,-0.00625063120175,0.0494382045974,0.0153804174853,0.00537490733701,0.0214530944183,0.366029806329
2021-06-29,0.030624085541,-0.0052130366638,0.0400711538566,0.0382080759324,0.0406818085432,0.00260986078947,0.0280142247515,0.537941743138
2021-06-30,0.0278613080149,0.000789688124907,-0.0242736106257,0.0496393450191,0.00246457855449,0.0060992580684,0.0217620499465,0.37001877103
2021-07-01,-0.00312541215195,6.84740762793e-05,-0.0449231733954,-0.0773408846813,-0.0455159293706,0.000661136794911,-0.00378654894686,-0.312379576697
2021-07-02,-0.00280827602614,0.00331995871396,0.00843298020664,0.0227433820464,0.0104090874779,0.00284625511261,-0.00565453113876,-0.359446726176
2021-07-03,0.00167123396509,0.00542599000971,0.0257313646225,0.0329965663718,0.0218145730211,0.00239214475525,-0.000720910790163,-0.225815451386
2021-07-04,0.0331553499825,0.000766010781277,0.0173936564746,0.0418880977761,0.0206041680382,0.00334259975728,0.0298127502252,0.588804158902
2021-07-05,0.0150761898166,0.000814495030959,-0.0462386681498,-0.0557303771237,-0.0297047372637,0.00259689310496,0.0124792967116,0.125874876469
2021-07-06,-0.00319731371118,0.00118699337,0.0158865612352,0.0559103494761,0.0259724627217,0.00429905368562,-0.0074963673968,-0.406225872218
2021-07-07,0.0384244173346,0.0036125380025,-0.0105562495246,-0.00258050161109,0.00125272933601,0.00316943328986,0.0352549840448,0.73637498716
2021-07-08,0.00134097342031,0.00113018061507,-0.0298545031723,-0.0906878307016,-0.0536350866792,-0.00173361272921,0.00307458614952,-0.123674179399
2021-07-09,-0.0232903083394,0.00135437621709,0.027590797189,0.0139143329615,0.0215005604498,0.00162305440531,-0.0249133627447,-0.866523145236
2021-07-10,-0.0047482017194,0.000181216579609,-0.0084691542712,-0.0163995519114,-0.0129982493302,0.00151135567855,-0.00625955739795,-0.367158278592
2021-07-11,0.0116341619294,0.000136591393851,0.0220163074748,0.0138867410457,0.0135877983145,0.00155592756252,0.0100782343669,0.0691904330839
2021-07-12,-0.0035402576739,0.000437557151045,-0.034845254258,-0.0525077448368,-0.0236136942636,0.00208701364943,-0.00562727132333,-0.349508632702
2021-07-13,-0.0234675560767,0.00156664457949,-0.0107106366751,-0.0455676573211,-0.0128613938397,0.00085202950252,-0.0243195855792,-0.846340877311
2021-07-14,-0.0153412525786,-0.00206595810995,0.00273399577696,0.0274368612387,0.00258211964226,0.00293892561827,-0.0182801781968,-0.682748707355
2021-07-15,-0.0127219599416,-0.00023444018202,-0.0289979593998,-0.0383027714731,-0.0083463747946,0.00309665071328,-0.0158186106548,-0.617718592566
2021-07-16,-0.0193473419088,0.00635825479058,-0.0148756000415,-0.022091030248,-0.0403051991916,-7.6969555448e-05,-0.0192703723534,-0.707043224943
2021-07-17,-0.0074055401703,-0.00300625946482,0.00423481247083,0.012264448583,0.00982713027923,0.00287716356876,-0.0102827037391,-0.466376486387
2021-07-18,0.0130337120399,0.00185323208913,0.00825918063954,-0.00393270112861,0.00605200217578,0.00173947066781,0.0112942413721,0.111965597202
2021-07-19,-0.0136968177502,0.00119305852614,-0.0306926713304,-0.0402249376338,-0.0307294958735,0.00154779415567,-0.0152446119058,-0.595740818108
2021-07-20,-0.0292414375988,-0.000724011692366,-0.0341756129066,-0.0175225283658,-0.0474288348716,0.0013234419786,-0.0305648795774,-1.00077356239
2021-07-21,0.00274377750484,8.4129242051e-05,0.0753669511563,0.110549683266,0.080763142638,0.00446702544093,-0.00172324793609,-0.223061238554
2021-07-22,0.0500819051161,0.00232337496879,0.00486749108753,0.0145156314159,0.0150062465869,0.00326758055639,0.0468143245597,1.08065829979
2021-07-23,0.010174756065,0.00152884424158,0.0409293220135,0.0481245552022,0.0286194887037,0.00194041531084,0.00823434075412,0.0464067302684
2021-07-24,0.0248157079459,0.00223215551516,0.0186413668283,0.0283472397555,0.0144212020275,0.00236466138222,0.0224510465637,0.433445667546
2021-07-25,0.0184283470587,0.00197600464179,0.0324071381255,0.00261085971959,0.00431285472071,-0.000428391988337,0.018856739047,0.33561472512
2021-07-26,0.01709196587,0.00241396580872,0.0503491615823,0.0162720422069,0.00746183892952,-0.00144755601131,0.0185395218813,0.326272844381
2021-07-27,0.0208459369062,0.000657993092563,0.058357117648,0.0321977264331,0.0308592934125,1.23055823561e-05,0.0208336313239,0.385375386881
2021-07-28,0.0152019284,0.00293451481025,0.0139038247649,0.000122342122397,0.00945207040185,0.00158893381784,0.0136129945821,0.188460920503
2021-07-29,0.00506450307877,0.000969002006073,6.32902431885e-05,0.0352493623231,0.0123040005442,0.00413698739102,0.000927515687744,-0.154186775168
2021-07-30,0.0153825909209,-0.000611213795775,0.0532147779953,0.0327497872402,0.0196300910325,-0.000321600880477,0.0157041918013,0.246168360055
2021-07-31,0.0162430908,0.00244314285311,-0.0175715609454,0.0278870396778,0.0136201415945,0.00564584949367,0.0105972413063,0.109467949068
2021-08-01,0.0112388129448,-0.000589504792426,-0.0398684140032,0.00935110826861,-0.00720253421207,0.00562050414459,0.00561830880019,-0.0234864559287
2021-08-02,-0.00495178431999,-0.00108656264316,-0.0178767081149,0.0200058089079,0.00452486675385,0.00476747749967,-0.00971926181965,-0.434539729932
2021-08-03,-0.00520468616222,0.00117867481752,-0.0246888868674,-0.0389122265157,-0.00476282994491,0.00294307328868,-0.0081477594509,-0.394081694107
2021-08-04,0.00483115654014,0.000160813705275,0.0391217946133,0.0829138870948,0.0334004761841,0.0035058629381,0.00132529360203,-0.13462582226
2021-08-05,0.035155054386,-0.00931641594637,0.0286520357801,0.0372269806325,0.0143964359244,0.00170264955838,0.0334524048277,0.735975600364
2021-08-06,0.0224150895441,0.0013622699818,0.047244914091,0.0223751295544,0.0128198595764,-0.000582039844065,0.0229971293881,0.454527548449
2021-08-07,0.025365961266,0.00211923538845,0.0397978565089,0.0887566831074,0.055268074755,0.00522899174903,0.020136969517,0.374224091678
2021-08-08,0.0256009659315,0.0109170657464,-0.0177746897054,-0.0481624232058,-0.0376079770707,-0.000393764276387,0.0259947302079,0.532150210965
2021-08-09,-0.00934300377196,0.00113322447244,0.0547269389725,0.0484754803175,0.0378213556776,0.0013505602235,-0.0106935639955,-0.46274980337
2021-08-10,0.024526784646,-0.00192006531105,-0.0149281869404,-0.00641432301964,0.0314557994917,0.00568287716743,0.0188439074785,0.340143629943
2021-08-11,-0.00184145136043,-0.000983818655047,-0.00140881026244,0.00628774660126,0.0480261715258,0.00603268649542,-0.00787413785585,-0.38462109488
2021-08-12,0.00513988735682,-0.000245707072548,-0.0246499313652,-0.0367909373068,-0.012193109363,0.00245617001641,0.00268371734041,-0.0993716656269
2021-08-13,0.00488620319638,0.00115557099344,0.0739134886411,0.0868505194549,0.0758218488215,0.00352525595779,0.00136094723859,-0.135115656526
2021-08-14,0.0381052492992,-0.000779895977789,-0.0152494622616,-0.0176137464732,0.0185182608441,0.00442333156917,0.0336819177301,0.744880827797
2021-08-15,0.00224028392657,0.00927099254927,-0.00193006579462,0.0135796110969,0.0229242418241,0.00445200620194,-0.00221172227537,-0.225082554586
2021-08-16,0.00352624893763,0.00100336351085,-0.0236353715807,-0.0505902470546,-0.0174358372015,0.00156128273715,0.00196496620048,-0.104635327644
2021-08-17,-0.0227325313773,-0.00101725431329,-0.0270157666459,-0.0440043103872,-0.0352738252118,0.000759017366033,-0.0234915487433,-0.81351582569
2021-08-18,-0.0120847179325,-0.000738425525125,0.000606745609671,0.00121056461691,0.025149270652,0.00400896973795,-0.0160936876705,-0.602921711849
2021-08-19,0.0142904000791,0.000160553576805,0.04474099614,0.0545232790217,0.0556465127891,0.00376972032005,0.0105206797591,0.140537952845
2021-08-20,0.0323490148451,-0.000866313532704,0.0537816216484,0.0315335418649,0.0345416838642,0.000687240349496,0.0316617744956,0.729320706321
2021-08-21,0.0227269851698,0.00743311827988,-0.00991374502967,-0.0185262888266,-0.00749309944686,0.00198654023809,0.0207404449317,0.425889549445
2021-08-22,-0.00480013430924,0.0012417320889,0.00849906053349,0.00454087754592,0.0127494850601,0.00246515330222,-0.00726528761146,-0.359156927438
2021-08-23,0.0142343929544,0.00966958824395,0.0046360797016,0.0249331470294,0.0367838383705,0.0052056811358,0.0090287118186,0.0956465187169
2021-08-24,-0.00160096360889,-0.0173694348239,-0.0374539533727,-0.0466133104756,-0.0580109963704,-2.6746450298e-05,-0.00157421715859,-0.200732214867
2021-08-25,-0.0134166522638,0.0165187932668,0.0269438615626,0.0177614605107,0.0264107169512,0.00216017078725,-0.015576823051,-0.59047268666
2021-08-26,-0.00483407350028,-0.000695294476305,-0.0445870531986,-0.0425436081982,-0.0545890442671,0.00100823073901,-0.00584230423929,-0.314760138155
2021-08-27,-0.00239532405903,0.00119197399642,0.0465140923776,0.0570255774192,0.0817402474691,0.00560196512379,-0.00799728918282,-0.372662026082
2021-08-28,0.0284206380079,0.00146013336729,-0.00318409121732,-0.00861468351879,-0.000188473024668,0.00219908679123,0.0262215512167,0.585762915917
2021-08-29,-0.00394742282518,6.99083509303e-05,-0.00259548032626,-0.00657261686132,-0.0107321321045,0.00142966101202,-0.0053770838372,-0.295925136099
2021-08-30,-0.00651688716429,0.00052017287279,-0.0375142264589,0.0013450259252,-0.0117491642847,0.00482698092436,-0.0113438680887,-0.46028052165
2021-08-31,0.00227037700426,0.000899233878101,0.00241286942256,0.0602164614197,0.0222390122871,0.00540156036724,-0.00313118336298,-0.226199910631
2021-09-01,0.0406799269761,0.000742007687592,0.0357994219969,0.109813932434,0.0527716065931,0.00604864764744,0.0346312793287,0.835890299228
2021-09-02,0.0516904311159,0.00186242974785,0.00910983830784,-0.0108351019104,0.00838599544798,0.00162499426104,0.0500654368548,1.28746352221
2021-09-03,0.00488671115657,0.0108283652879,0.0146701896227,0.0393254377382,0.0308012316335,0.00426858180618,0.000618129350389,-0.119306593748
2021-09-04,0.0168171674612,0.00115783850779,-0.00144291653185,-0.0133421310849,0.0147839813981,0.00299807135604,0.0138190961052,0.252225504658
2021-09-05,0.00668670216954,0.00167380985782,0.0364570929161,0.0166481507242,0.0360466918973,0.00195506816334,0.0047316340062,-0.00748691047833
2021-09-06,0.0141590640465,0.00765210104218,0.0171565188829,-0.00618292183692,0.0171394926002,0.00166409980316,0.0124949642434,0.206772778782
2021-09-07,-0.0412490307533,0.0171685736817,-0.116706374243,-0.133970159749,-0.13153513222,-0.000726487054698,-0.0405225436987,-1.34467844916
2021-09-08,-0.0550514012451,0.00286332542885,-0.0177549922971,0.0184872554607,0.0221151361704,0.00600568207457,-0.0610570833197,-1.93364650338
2021-09-09,0.00985442688882,0.00294456419218,0.00741607289,-0.0214660447584,0.031084813562,0.00313349417077,0.00672093271805,0.0443198945059
2021-09-10,-0.00167838858614,0.00132068280199,-0.033950645523,-0.0651619184061,-0.0287301863532,0.00124696176934,-0.00292535035548,-0.236068018271
2021-09-11,-0.021612570162,-0.00325087488627,0.00716176773199,0.0177451251337,0.0172474588296,0.0033172051138,-0.0249297752758,-0.875668406631
2021-09-12,0.0267479988957,0.00111432700373,0.0186780832294,0.0413312087542,0.0174124961088,0.00297189680283,0.0237761020928,0.552841716583
2021-09-13,0.0117099134802,4.33675898428e-05,-0.023713752485,-0.0355780966657,-0.0439238779726,6.96554560377e-05,0.0116402580241,0.19728412314
2021-09-14,-0.0104771172522,-0.00102245894922,0.0474187006951,0.0446694863455,0.0266786249444,0.00109258890337,-0.0115697061556,-0.486353403792
2021-09-15,0.0391641370137,0.00224828106174,0.0213433447684,0.0510239721651,0.030348512111,0.00396893139088,0.0351952056228,0.886910041608
2021-09-16,0.0172306704823,0.000884454186409,-0.00814811720814,-0.0129367099004,-0.0221703237104,0.00091041827188,0.0163202522104,0.329778190547
2021-09-17,-0.0119290400326,0.00125452730659,-0.00954968552401,-0.0485846737709,-0.0190447778228,0.000198519508308,-0.0121275595409,-0.508536648934
2021-09-18,-0.00680883855518,0.00258507401759,0.0210063339995,0.0106009546092,0.0278879699117,0.00260356877361,-0.00941240732879,-0.424413258159
2021-09-19,0.00170658955841,1.45485256979e-05,-0.0221472093561,-0.0316380142674,-0.026232892856,0.00134558354483,0.000361006013584,-0.132019144325
2021-09-20,-0.0587189356695,0.00094956571607,-0.0939439727144,-0.111765968254,-0.111806490689,-0.000714517203001,-0.0580044184665,-1.85058560235
2021-09-21,-0.0789195602578,-0.00266947891458,-0.0544233290226,-0.0735140967373,-0.050328014118,0.00130178879777,-0.0802213490556,-2.48000232741
2021-09-22,0.0222822572525,0.00265538074646,0.0672339814139,0.106949758501,0.105276912383,0.00691695317182,0.0153653040807,0.323233585948
2021-09-23,0.0525464941717,0.00351390034267,0.0298945849807,0.0243754423484,0.0331981442268,0.00258548712665,0.049961007045,1.33928351216
2021-09-24,-0.00216267799953,0.0035185394199,-0.0465713984563,-0.0734834818329,-0.0430052592479,0.00111463115021,-0.00327730914974,-0.23094521718
2021-09-25,-0.0204120407529,0.00723849391533,-0.00346377224967,-0.00240495620775,-0.0133247391728,0.00144450318765,-0.0218565439406,-0.774793210871
2021-09-26,0.002372034782,0.00315982408511,0.011475897376,0.0461167174068,-0.00808857099465,0.00190525060106,0.000466784180941,-0.114676219813
2021-09-27,0.00769927340248,0.003083972377,-0.0240241294237,-0.0450423449714,-0.0253075394076,0.00118452179977,0.00651475160271,0.0651965566398
2021-09-28,-0.0278297991578,-0.00235069271318,-0.0272558551226,-0.0422443855434,-0.0376805547789,0.000656967612216,-0.02848676677,-0.965568708407
2021-09-29,-0.0130305883551,-0.00139822170142,0.0120667165549,0.0158095913492,0.0269102180226,0.00351616707039,-0.0165467554255,-0.611116307295
2021-09-30,0.0221943920597,0.00133492538874,0.0538214898798,0.0513611357953,0.0322490777081,0.00111091016406,0.0210834818956,0.495874096471
2021-10-01,0.0408717168918,-0.001219938109,0.0944630224028,0.0986685365459,0.0833560408097,0.00253204201949,0.0383396748723,0.99897038724
2021-10-02,0.0399328217867,0.00151848680657,-0.0105857940069,0.0230875810976,0.00943007103627,0.00454602128621,0.0353868005005,0.908548695241
2021-10-03,0.0164863247557,0.00130651583882,0.0118060407958,0.00898377783398,0.0190553998592,0.00275674209649,0.0137295826592,0.26744775854
2021-10-04,0.00321820632222,0.00226465989242,0.020861975825,-0.00961033350716,-0.00853643410598,-0.000672616477364,0.00389082279958,-0.0220211300254
2021-10-05,0.00757913946233,0.000336618804667,0.0446459176131,0.0374679965942,0.00490321099462,-0.000470408558574,0.00804954802091,0.0997721930415
2021-10-06,0.0122372668554,0.00159460694088,0.0720487393259,0.0168237409691,0.00592170616042,-0.00355415827274,0.0157914251281,0.325878354304
2021-10-07,0.0100907045381,0.00412120669674,-0.0280513141536,0.00355283511397,-0.00431364711493,0.00456438057934,0.00552632395873,0.0186148202781
2021-10-08,0.0175903974502,0.000735277299427,0.00282676066251,-0.00702613401056,0.0115040961606,0.00255103168063,0.0150393657695,0.297114096471
2021-10-09,0.00507097104433,0.00196237156618,0.0185168988247,0.00354728467456,0.0231263534302,0.00227146455893,0.0027995064854,-0.0643204077664
2021-10-10,0.00676489603946,0.00117941535277,-0.0051572827317,-0.0459089648941,-0.0493205897113,-0.00235699700962,0.00912189304908,0.126183442773
2021-10-11,-0.0212384499148,0.00153604821091,0.0500035542663,0.036514838014,0.0132042528675,-0.000384097262821,-0.020854352652,-0.761399393283
2021-10-12,0.0158283956968,0.00103352777981,-0.0262552423567,-0.0147010052222,-0.0154851385426,0.00302665159481,0.012801744102,0.237660056084
2021-10-13,0.00768594985872,-0.000568098327292,0.0242225089954,0.0329057326923,0.027153147517,0.00292223098169,0.00476371887703,-0.00146422063043
2021-10-14,0.0238936952143,-0.000446385743437,-0.000292576931283,0.0495861069887,0.00217821003472,0.0038554729607,0.0200382222536,0.450679264852
2021-10-15,0.0199818732711,0.00407064893493,0.0725299962742,0.0202586994423,0.00467096684279,-0.00358754130651,0.0235694145776,0.553316920923
2021-10-16,0.0170894433846,-8.80481612242e-05,-0.0129580359744,-0.0101155495763,-0.00874382802892,0.00242929909762,0.0146601442869,0.286736028404
2021-10-17,0.00176176159754,0.000242007944099,0.0106373917143,0.00449162462286,-0.00709599171041,0.000804439251408,0.000957322346134,-0.121938793031
2021-10-18,0.0026016482967,-0.00125695438893,0.00794377475635,-0.026891743521,-0.00646184980697,0.00015699655082,0.00244465174588,-0.0785088041381
2021-10-19,-0.0140743236912,0.00108072592897,0.0359707713511,0.034771517482,0.0156119335361,0.00104046100686,-0.015114784698,-0.597858634775
2021-10-20,0.0221957387896,-0.0023040863537,0.0265565553705,0.0707926159159,0.0391421272685,0.00472793532531,0.0174678034643,0.368768701128
2021-10-21,0.048260189901,0.00497451013827,-0.0594983463915,-0.0264866705011,-0.0244108338878,0.0050940505699,0.0431661393311,1.12561712629
2021-10-22,-0.0155090746979,-0.00150767530745,-0.0248316241773,-0.0203983706651,0.0187552037881,0.00524454141515,-0.0207536161131,-0.768310431601
2021-10-23,-0.0107089655525,0.000598388429808,0.0100295352508,0.0481738596902,0.0168134328847,0.0039345490383,-0.0146435145908,-0.584336166698
2021-10-24,0.0266581194586,0.00064862202203,-0.00713236524346,-0.020634821085,-0.0101149629875,0.00147249109534,0.0251856283633,0.59459833617
2021-10-25,-0.00651345654756,7.96112540833e-05,0.0358777742837,0.0332287226651,0.0286110394321,0.00195978495547,-0.00847324150303,-0.401210888708
2021-10-26,0.0250373688423,0.00118568995728,-0.0446913243907,-0.0214066525633,-0.00576710886686,0.00524808173357,0.0197892871087,0.434380102697
2021-10-27,-0.00885541648628,-0.000406747447244,-0.0314972544508,-0.0514461377547,-0.0622823552957,-0.00103825180316,-0.00781716468311,-0.385343442424
2021-10-28,-0.0373804219457,0.00550656794725,0.036055768001,0.0886772008709,0.0568201982356,0.00568747023924,-0.0430678921849,-1.42215694216
2021-10-29,0.0443628710352,0.00241589761298,0.0268857530326,0.0303813467535,0.0254945682713,0.00247754456271,0.0418853264725,1.08439632544
2021-10-30,-0.014950949592,0.00365472142734,-0.00585232330819,-0.0218333580977,-0.0150565680039,0.000954057533091,-0.0159050071251,-0.621028170102
2021-10-31,-0.0172949775897,0.00217768381776,-0.00890273407214,-0.0080636753434,0.0113120287273,0.00359206826952,-0.0208870458592,-0.767825930786
2021-11-01,0.0154928332403,0.00126498738867,-0.00645130824259,0.00753341536111,0.0162088043712,0.00419452205098,0.0112983111893,0.182382869564
2021-11-02,0.0126684458699,0.0100676610551,0.0373682001066,0.0609392106057,0.0251526527498,0.00240028887108,0.0102681569988,0.151071713669
2021-11-03,0.0366222307539,0.00542225100182,-0.00532516690571,0.00255374899088,0.014782140658,0.00383545236763,0.0327867783863,0.811260244452
2021-11-04,0.014799955267,0.00204594304474,-0.023999144677,-0.0152141679656,-0.00985499892609,0.00321680062901,0.011583154638,0.183804131392
2021-11-05,0.00171483070358,0.00697108832165,-0.00719248916075,-0.0128131288291,0.0053872420324,0.00285463351383,-0.00113980281026,-0.190616270012
2021-11-06,-0.00377655686583,0.0117383150621,0.00866482013934,0.009749127445,0.0118815247052,0.00254249267752,-0.00631904954335,-0.341943208392
2021-11-07,0.0137404539922,-0.00125452021045,0.0285818034661,0.0205317217096,0.0112750675285,0.000977352731589,0.0127631012606,0.226108399499
2021-11-08,0.0278438127339,0.00927696341346,0.064827673005,0.0413476564423,0.0223619964121,-0.000937516176555,0.0287813289104,0.697750889794
2021-11-09,0.0210904831162,-0.00471218194836,-0.00896453548921,-0.0163911430958,0.000381299079887,0.00254259979599,0.0185478833202,0.394655524785
2021-11-10,-0.0076418331267,0.0178486723868,-0.0310499740348,-0.0218730699132,-0.0354912074212,0.00178208310818,-0.00942391623489,-0.430138292107
2021-11-11,-0.0261554439721,-0.00491028911763,-0.0015352625711,0.0194603013679,0.024772437431,0.00472833542393,-0.030883779396,-1.0611105728
2021-11-12,0.016399403601,-0.00160281641401,-0.010359696312,-0.011618997074,-0.00866082782506,0.00214954996485,0.0142498536362,0.277493065684
2021-11-13,-0.00524650014498,0.000129665288807,0.003980355159,-0.00472642200157,0.0114354073908,0.0025082756341,-0.00775477577908,-0.37566163954
2021-11-14,0.00851034665934,0.00137557456478,0.0172204647434,-0.00389922547977,1.74103099759e-05,0.000466176903931,0.00804416975541,0.0940603444128
2021-11-15,0.00440716752568,0.00159171114205,-0.0296252463386,-0.0138437571933,-0.0197905138134,0.00304755694703,0.00135961057864,-0.105759989494
2021-11-16,-0.0214353174571,0.0014950287784,-0.0567020568516,-0.0804220103902,-0.0693418283424,-9.48094286176e-05,-0.0213405080284,-0.776919239464
2021-11-17,-0.0432759532771,0.00448687001071,0.00454056239867,0.0186927879314,0.00752753933853,0.00287281387033,-0.0461487671474,-1.50369304097
2021-11-18,0.0126840770384,0.00254566158457,-0.058866084826,-0.0702276014176,-0.0595860548035,0.00113043737905,0.0115536396593,0.199891775247
2021-11-19,-0.0472182773963,0.00049299697849,0.0207889880923,0.0723588051276,0.0558260621667,0.00653761778254,-0.0537558951789,-1.72180208322
2021-11-20,0.0563778442043,0.0062179712821,0.0279176800573,0.0267308676638,0.0222580350179,0.00203390890288,0.0543439353014,1.45491856645
2021-11-21,0.0238860833672,0.0034793947169,-0.0181906363631,-0.0352588498711,-0.011874818129,0.00192741739623,0.0219586659709,0.506319488159
2021-11-22,-0.0113405617593,0.00214060306831,-0.0416127018423,-0.0415473953013,-0.027970165127,0.00272259788507,-0.0140631596443,-0.552391209035
2021-11-23,-0.0276201700969,0.000564388927295,0.0224183802246,0.0598221893628,0.0206704595319,0.00342132560683,-0.0310414957037,-1.04954745152
2021-11-24,0.0326062662475,0.00155112764473,-0.00703463177627,-0.0162910953962,-0.0219262055105,0.000724404942249,0.0318818613052,0.797894959629
2021-11-25,-0.00443022195844,0.00346231026712,0.0315963852737,0.0583166976247,0.0412426628382,0.00404069222278,-0.00847091418123,-0.386343158867
2021-11-26,0.0254328704805,0.00834557220537,-0.0926410987172,-0.112982431819,-0.082638922242,0.00127578622576,0.0241570842548,0.568582858057
2021-11-27,-0.0735688827366,0.00244153227026,0.0182535526752,0.013455550585,0.0135514126892,0.00188878645456,-0.0754576691911,-2.37034724085
2021-11-28,0.00948708297474,0.00164001535656,0.045786996063,0.0477269807772,0.0179514634695,0.000693082844526,0.00879400013021,0.114488610821
2021-11-29,0.0365214313419,0.00103127289974,0.0085211712778,0.0342224797547,0.0236507357765,0.00415818878558,0.0323632425563,0.809603012955
2021-11-30,0.0208647472858,-0.00406666264808,-0.0144506525618,0.04074506486,0.00205922784223,0.0048921931577,0.0159725541281,0.329372089471
2021-12-01,0.0185597448473,0.00498520784546,0.00408904156426,-0.0102327583964,0.00843088510917,0.00211143147848,0.0164483133689,0.347422218431
2021-12-02,0.00221999062992,0.00273549151453,-0.0123413416506,-0.0157353985,-0.0064996446629,0.00236844250354,-0.000148451873615,-0.14557181847
2021-12-03,-0.0113875140702,0.00115883283995,-0.0523523804247,-0.068084338854,-0.0423220096768,0.00186270399883,-0.013250218069,-0.532090766806
2021-12-04,-0.047907589233,0.00867338655976,-0.0858093969257,-0.022634217844,-0.0648166101327,0.00467178992148,-0.0525793791544,-1.68636028734
2021-12-05,-0.0391600102203,0.00803182027102,0.0048413691726,0.0188411247111,-0.031808758204,-4.68399062126e-05,-0.0391131703141,-1.29162824877
2021-12-06,-0.00524145642603,0.00397517024588,0.0207596768297,0.0354580969901,0.0260438742121,0.00323802421241,-0.00847948063844,-0.382119518751
2021-12-07,0.0270424540875,0.0051809205612,0.00260552009764,-0.00984554061468,0.000497444951961,0.00167635293004,0.0253661011575,0.618048982331
2021-12-08,0.00380759821323,0.00346186963747,-0.00232292588167,0.0297163122692,0.0272303529649,0.00529063011489,-0.00148303190166,-0.176077767967
2021-12-09,0.0182454030678,-0.0124686667156,-0.0600311798789,-0.0780661892561,-0.061456489061,0.000864945724761,0.017380457343,0.378625015638
2021-12-10,-0.0477644898088,0.0174961554063,-0.008528652908,-0.0517879488111,-0.0384973069806,-0.0014246124615,-0.0463398773473,-1.50222183533
2021-12-11,-0.0310400775452,0.00212152747577,0.0465256058543,0.0479671634667,0.0420829584756,0.00240864921808,-0.0334487267633,-1.11868136604
2021-12-12,0.0218287621276,0.00142326779701,0.0136324261416,0.0100934025122,0.00856519089256,0.00184857427456,0.019980187853,0.455369229023
2021-12-13,0.00993373564186,0.000706506129855,-0.0695412918737,-0.088153073912,-0.0821825624551,-8.35421941884e-05,0.010017277836,0.163218179398
2021-12-14,-0.0575379163388,0.000276707939825,0.0337948453495,0.0194932465763,0.0439128487767,0.002866356783,-0.0604042731218,-1.90379734364
2021-12-15,0.0181751725564,0.00800628483901,0.0114635365256,0.0413411515416,0.0370604461361,0.00508703946641,0.01308813309,0.258654854004
2021-12-16,0.0307801390315,0.00217962991188,-0.0259522179506,-0.0158341493422,-0.017732806268,0.00279902386946,0.0279811151621,0.696250318373
2021-12-17,-0.00730802478397,-0.000384472622457,-0.0317788715811,-0.0209303838171,-0.0146046503048,0.0034157726183,-0.0107237974023,-0.44019999853
2021-12-18,-0.00699909083199,0.0035569810317,0.0152619872621,0.0218848393738,0.0306175092249,0.00367585110545,-0.0106749419374,-0.435692960001
2021-12-19,0.0277257450457,0.00194196913006,-0.0035548596764,-0.00927043046284,-0.000380516983942,0.00219957063781,0.0255261744079,0.627851434285
2021-12-20,-0.00204152629088,-0.000334504935669,0.00487759601457,0.00516748419161,0.00041787495962,0.00191145819023,-0.00395298448111,-0.237346598156
2021-12-21,3.10131044401e-06,0.00338612032601,0.0415216290277,0.0176578199015,0.0383854462033,0.00168855170339,-0.00168545039295,-0.171904605606
2021-12-22,0.0326168945353,0.00303072028547,-0.00625462660159,-0.00888503563244,0.00636985166921,0.00295822440065,0.0296586701347,0.747268853782
2021-12-23,-0.00105288620061,-0.00951402019439,0.0450425843851,0.0327839646276,0.0602758580877,0.00342899431352,-0.00448188051413,-0.256942714455
2021-12-24,0.0308138391946,0.0013962711184,-0.000109188655127,-0.0156124073521,-0.00341414118517,0.00146639008724,0.0293474491074,0.73761234539
2021-12-25,-0.00407675713151,0.00177408735242,-0.00813952138267,0.0116028606816,0.0137392382346,0.00429141070782,-0.00836816783933,-0.374928584853
2021-12-26,0.00873083012115,0.000545906238187,0.00729708814326,-0.00773409277494,0.0121588591563,0.00216391685091,0.00656691327025,0.0691294444706
2021-12-27,0.00904307482935,0.00735067697484,-0.00160504731821,-0.00659640571072,0.0041798137882,0.00243514976945,0.0066079250599,0.07056818226
2021-12-28,-0.0173902214715,0.000428867557702,-0.064460748685,-0.0626299623584,-0.0630883231001,0.00161918512585,-0.0190094065974,-0.685090807943
2021-12-29,-0.0339783492477,-4.44547253586e-05,-0.0230370452557,-0.044127117595,-0.0212413666222,0.00142000168862,-0.0353983509363,-1.1635903222
2021-12-30,-0.017907131584,-0.00354126900029,0.0140230419781,0.0217703827018,0.00704480803297,0.00205154843218,-0.0199586800162,-0.704195661979
2021-12-31,0.00861804540505,0.0086046731337,-0.0198693566408,-0.0090856804655,-0.0140711199673,0.00270814625852,0.00590989914654,0.0576758738864
2022-01-01,-4.25309604779e-05,-0.00115830335936,0.0327038794564,0.0242052039651,0.0282052889897,0.00195256042703,-0.00199509138751,-0.17505884397
2022-01-02,0.0204416130416,0.0262785746784,-0.00912077043675,0.0166473151793,-0.00380196485073,0.00324244226706,0.0171991707745,0.392805628272
2022-01-03,0.00679630346269,-0.000839317893369,-0.0180904151233,-0.0167281259697,-0.00598382499718,0.00290904613918,0.00388725732351,-0.00040542403513
2022-01-04,0.000755286874426,0.000404542886407,-0.0136189666071,0.00503977571685,-0.00847493299386,0.00296599190597,-0.00221070503154,-0.175262207067
2022-01-05,0.000105792716582,0.00149759949446,-0.0532064874951,-0.06698182534,-0.0630493131436,0.000448849991585,-0.000343057275004,-0.115952300719
2022-01-06,-0.039016619318,0.00219960867083,-0.00853763766903,-0.0384050398177,0.00760377559165,0.00237293888801,-0.0413895582061,-1.34312794402
2022-01-07,-0.0171436602511,0.000222469376826,-0.0358924886637,-0.0629764084671,-0.0529443931189,-0.000290318171706,-0.0168533420793,-0.599459642627
2022-01-08,-0.030398555854,-0.00225853316137,0.00295652548159,-0.0374617619466,-0.0081216578639,0.000178890262094,-0.0305774461161,-1.00989786442
2022-01-09,-0.0189023367192,0.000398647675336,0.00439704684811,0.022725244579,0.0143431996526,0.00350917478985,-0.022411511509,-0.759467382675
2022-01-10,0.0128246190858,-0.00233886134124,-0.00100531582935,-0.0219781076377,-0.0259753762849,-0.000303149899375,0.0131277689852,0.313685750235
2022-01-11,-0.0158514934159,0.00614757203427,0.0215846266081,0.0497428090862,0.0408205864521,0.0046791010071,-0.020530594423,-0.701307867016
2022-01-12,0.0310812882773,0.00206692319091,0.0272821177914,0.0401298594633,0.0466630926371,0.00429254159466,0.0267887466827,0.730074008955
2022-01-13,0.0281902595512,0.0047710976427,-0.0310241160914,-0.0395518195283,-0.0238886210335,0.00210241111604,0.0260878484352,0.706783747202
2022-01-14,-0.0149719486436,0.00214781372947,0.0117666201728,0.0204938431239,0.0235088573463,0.00343436912043,-0.018406317764,-0.65789603824
2022-01-15,0.00945011779646,0.0013854877819,0.000375978798189,0.00553909671647,0.00721576471578,0.00284008203366,0.0066100357628,0.116046120061
2022-01-16,0.00934293878545,0.0012457493024,-0.000124564774675,0.0062007393648,0.0060877529034,0.00282328243035,0.00651965635511,0.109995049769
2022-01-17,0.00457423359147,0.00200594189719,-0.02051272267,-0.041945236454,-0.042628481026,-0.000322886021878,0.00489711961334,0.0622220847882
2022-01-18,-0.025976908118,0.000945313407975,0.00350208968658,-0.0156810143019,-0.00826652651735,0.000772582738431,-0.0267494908564,-0.91399894084
2022-01-19,-0.00573956278881,-0.000531795415519,-0.0165072612657,-0.0243686229339,-0.0228991897636,0.00128724210331,-0.00702680489212,-0.302181941804
2022-01-20,-0.00919547521023,0.0045580895662,-0.0240500952965,-0.027324202677,-0.0302658608903,0.00135459224487,-0.0105500674551,-0.406928390069
2022-01-21,-0.0255372717627,0.00276907192439,-0.109633108208,-0.155687466496,-0.116933743854,-0.000959515734867,-0.0245777560278,-0.844559777839
2022-01-22,-0.108961342711,-0.00586108612686,-0.0385809096781,-0.0628225561467,-0.0592436370422,-0.000500494164513,-0.108460848546,-3.43876564612
2022-01-23,-0.0499262434817,0.00949262616895,0.0326385838218,0.0510021089345,0.052684694804,0.00456668890156,-0.0544929323833,-1.7561051162
2022-01-24,0.0264263795749,-0.00256826056139,0.0121511497808,-0.0393403702153,-0.0316750497816,-0.00246338090245,0.0288897604773,0.822695180466
2022-01-25,-0.0297429026152,0.004729492895,0.00804292126227,0.00803536196398,0.0122111773515,0.0025728356888,-0.032315738304,-1.06754315069
2022-01-26,0.0325995628923,0.000924813940461,-0.00401216631315,0.00164283477578,-0.0123347942218,0.0016898887689,0.0309096741234,0.89787427091
2022-01-27,0.00821282697895,0.0072723518429,0.00942310657411,-0.0160117049331,-0.00692354375784,0.000313122181426,0.00789970479753,0.18055352137
2022-01-28,-0.0557595246209,-0.00204417083144,0.0148684006018,0.0487672376461,0.0103313275101,0.00302695485027,-0.0587864794711,-1.88753999526
2022-01-29,0.00837503029055,-0.00474565939398,0.011609582188,0.0216843229492,0.0158760888116,0.00292272276583,0.00545230752472,0.110531527568
2022-01-30,0.0114620686564,0.00281752849208,-0.007105956751,0.000222723359013,-0.0136196759998,0.00183913035898,0.00962293829741,0.242799727207
2022-01-31,-0.0132959003793,-0.000781994508483,0.0151143701237,0.0325967878029,0.0182107313618,0.00309811632438,-0.0163940167037,-0.567664744657
2022-02-01,0.0209392699022,0.00271007073076,0.00596279870196,0.0365311313214,-0.00979727285449,0.00200184724243,0.0189374226598,0.531774113154
2022-02-02,0.0213728889877,0.00351898211175,-0.0475674050424,-0.0391877266367,-0.00896689937184,0.00474423820205,0.0166286507857,0.460109812006
2022-02-03,-0.0281162733968,0.00320870455332,0.0113544467134,0.0055685507625,0.0127764034736,0.00223357157465,-0.0303498449714,-0.999885835899
2022-02-04,0.0127574882857,0.00542928789341,0.107926504159,0.105340944554,0.0610606116893,-0.000155879147208,0.0129133674329,0.365363501502
2022-02-05,0.0574660036398,0.00353272259499,-0.00431628259508,0.00625407744416,0.0186240359048,0.00413614053584,0.0533298631039,1.63807755204
2022-02-06,0.0158319261614,0.00106970360689,0.0237006373295,0.0137891256863,0.0204979105266,0.00190576939871,0.0139261567627,0.400235636026
2022-02-07,0.0137354925404,0.00137158965981,0.033877754165,0.0272772087958,0.043529040596,0.00306446161938,0.010671030921,0.295114353089
2022-02-08,0.0162771835035,0.00268097022511,0.00478902256382,-0.00723798235244,-0.0107773413001,0.00072238123956,0.0155548022639,0.447685087938
2022-02-09,-0.000468328936307,0.00353792035751,0.00754622056391,0.0400351170278,0.0137877717754,0.00369706767756,-0.00416539661386,-0.173675478261
2022-02-10,0.0165271330599,0.00337159187134,-0.0202030316334,-0.0544214038443,-0.0341922450577,-0.000105550794363,0.0166326838543,0.492411980222
2022-02-11,-0.0264339219269,0.00535000314931,-0.0263498172996,-0.0484527946483,-0.0412531801664,0.000123335815754,-0.0265572577427,-0.883894173295
2022-02-12,-0.025611453742,0.00335683614972,-0.00356476012408,-0.00297711684427,0.00446712707569,0.00274663301836,-0.0283580867604,-0.936546176062
2022-02-13,-0.000230489680153,-0.00074898054266,-0.004043549584,-0.0165618461677,-0.0192784867079,0.000634179393852,-0.000864669074005,-0.0562940292504
2022-02-14,-0.00471169696227,0.00140668760203,0.011384385255,0.0201157312567,0.00850667848966,0.00235382190983,-0.00706551887209,-0.255159589581
2022-02-15,0.00713014339873,-0.00107102640132,0.0463684411043,0.083458282326,0.0530738966836,0.00429956906869,0.00283057433004,0.0617821753526
2022-02-16,0.038180087046,0.00371287705776,-0.0153014851192,-0.0195734611041,-0.00777082874119,0.00243361309065,0.0357464739554,1.10886250489
2022-02-17,-0.00600700301917,-0.000992977412196,-0.0795652170703,-0.076701442518,-0.0592454684842,0.00287799625745,-0.00888499927662,-0.314674328817
2022-02-18,-0.0441822147675,0.00104558116482,-0.0137808156199,-0.0397931376879,-0.0164935358249,0.00104258331367,-0.0452247980812,-1.46599937972
2022-02-19,-0.0134028177691,0.000915473339951,0.00299099409317,-0.00559164214005,0.00540546173441,0.00212992151733,-0.0155327392864,-0.516453254973
2022-02-20,-0.00496147632394,0.00330268791596,-0.0435905560355,-0.0528635447543,-0.0434091928108,0.00142879367981,-0.00639027000376,-0.221621925742
2022-02-21,-0.0219987217103,-0.000785085767863,-0.0361139824751,-0.020462706226,-0.04791022404,0.00137912488579,-0.023377846596,-0.75991566855
2022-02-22,-0.0215561994703,0.000724746109316,0.0323865180761,0.026197699877,0.0268419528672,0.00194148338591,-0.0234976828562,-0.760538403897
2022-02-23,0.0137012134575,0.00233704646784,-0.0258861563793,-0.0215576603096,-0.0130331650703,0.00296683997978,0.0107343734777,0.328287279115
2022-02-24,-0.00462076608992,0.000610509254152,0.0287465382872,0.00658776840129,-0.00593439261977,-0.000724260367831,-0.00389650572209,-0.158981474134
2022-02-25,0.000644718424851,0.0022583897558,0.0226676930631,0.0634470302804,0.0459064510823,0.00536529963396,-0.00472058120911,-0.179995176738
2022-02-26,0.0291957944402,-0.00437246904629,-0.00336764700804,0.0034907851387,0.0052905663388,0.00298347720541,0.0262123172348,0.85182917607
2022-02-27,0.00818402534308,0.00284856724549,-0.0362110242094,-0.0599437500173,-0.0417710093882,0.000653042202378,0.0075309831407,0.221313188112
2022-02-28,-0.0270850548159,0.00307692661399,0.135339269896,0.110430438014,0.0842048224556,-0.000837732781275,-0.0262473220347,-0.911294893751
2022-03-01,0.0687298583759,-0.00166991935527,0.0286114874891,0.0186723745083,0.00810802220885,0.000685514603683,0.0680443437722,2.2378169124
2022-03-02,0.00794589359488,0.000113243475312,-0.0119748171991,-0.00983128637046,-0.0088831358138,0.00233652442087,0.00560936917401,0.158243219018
2022-03-03,0.00144245834689,0.000227041994009,-0.0333228636942,-0.0393943690775,-0.0177004218628,0.00277567776921,-0.00133321942232,-0.0752375140555
2022-03-04,-0.0332055032126,-0.00203736261296,-0.0811796750038,-0.0776703906089,-0.0510576135348,0.00360124758626,-0.0368067507989,-1.2665308387
2022-03-05,-0.0372131430929,-0.00207018462183,0.00635660164008,0.0163364913052,0.0159077709,0.00325078641115,-0.0404639295041,-1.3847424148
2022-03-06,0.014291906328,0.000429110730806,-0.0254503229975,-0.0439655922673,-0.0328361636196,0.000794671852407,0.0134972344756,0.431463710449
2022-03-07,-0.0305595897814,0.00119009854517,-0.0109057233143,-0.0235519992108,-0.0118397609969,0.00160727064139,-0.0321668604228,-1.10304019999
2022-03-08,0.000567587014672,-0.00448703456506,0.0192313377339,0.0334820979771,0.0138004114303,0.00241870265413,-0.00185111563946,-0.083464640425
2022-03-09,0.0190977985831,0.00130032461695,0.0797161023229,0.0570315697975,0.0521265277126,0.000346608601981,0.0187511899811,0.612807674453
2022-03-10,0.0372362339257,0.0013116075956,-0.0618762108463,-0.0450687632827,-0.0292828264598,0.00439685735306,0.0328393765727,1.09313059493
2022-03-11,-0.0251672896684,0.000715815096573,-0.0179484683802,-0.0196412019169,-0.0169486453234,0.00200099287873,-0.0271682825471,-0.935410458229
2022-03-12,-0.0072328202077,0.000115720261995,0.00188590589323,0.00456278228341,0.00152541752595,0.00225190997156,-0.00948473017926,-0.335404795725
2022-03-13,0.000622998892364,4.64976575998e-05,-0.026726409433,-0.0207974455279,-0.0215000999813,0.00244411740421,-0.00182111851184,-0.07375160263
2022-03-14,-0.0124077603356,0.000329233780505,0.048876447044,0.0290796218575,0.0210729872702,7.60966284249e-05,-0.012483856964,-0.430415907882
2022-03-15,0.0167909762042,-0.000736509576161,-0.00960553557791,0.0111121693865,-0.00306179157142,0.00317541128057,0.0136155649236,0.454624441842
2022-03-16,0.00569124071001,-0.00137806808453,0.0455431705124,0.0577887122484,0.0373448550445,0.00244609181496,0.00324514889504,0.0982924854359
2022-03-17,0.0318594126308,-4.21243998758e-05,-0.00462202025072,0.0140171204439,0.00239893887217,0.00320324981341,0.0286561628174,0.961608479006
2022-03-18,0.00188752097775,0.00289522749539,0.0201881023665,0.0437290128606,0.0165628896648,0.00284158100695,-0.000954060029202,-0.0451392322685
2022-03-19,0.0296792439532,0.0033268588607,0.0107290642151,0.00433358029088,0.0221183606822,0.00294219139342,0.0267370525598,0.895371730852
2022-03-20,0.00137684105027,0.00137210176376,-0.0226042828581,-0.0309338861586,-0.0195969520207,0.00189767961876,-0.000520838568495,-0.0305853126837
2022-03-21,-0.0136549187052,0.00150839907914,-0.00631065018829,0.00991917654378,0.0144986516163,0.00412731271159,-0.0177822314168,-0.61439314303
2022-03-22,0.028409151601,-0.000941433338603,0.0325341174179,0.0270972899084,0.0181015630899,0.00131132359812,0.0270978280029,0.909385842905
2022-03-23,0.0121650729889,-0.00215878197638,0.0121755210681,0.0222486373791,0.0236096883896,0.00345668305538,0.00870838993354,0.280505130116
2022-03-24,0.0100318523348,-0.00308885507813,0.0255227159186,0.024220768843,0.021519220501,0.00212585875055,0.00790599358424,0.249688801198
2022-03-25,0.00813489908519,0.000559653353445,0.00734982301511,-0.00260009158282,-0.00952052786038,0.000717188007596,0.00741771107759,0.231323193068
2022-03-26,-0.0068745852788,-0.00311570394027,0.00457697035779,0.0136453080677,0.0199346202478,0.00363118637899,-0.0105057716578,-0.384381142078
2022-03-27,0.0122819978214,0.0005869347562,0.0506312070007,0.0466810999167,0.035464438285,0.00150241553421,0.0107795822872,0.3496514263
2022-03-28,0.022130784964,-0.000734809926463,0.00632865732964,0.0112382119191,-0.00358990471387,0.00166450792105,0.020466277043,0.681179990425
2022-03-29,0.00965312179566,0.000183011784543,0.00646309582766,0.0200868709716,0.0191584980544,0.00359303143381,0.00606009036185,0.187139417353
2022-03-30,0.0151975506923,0.00294156823913,-0.00790562237547,-0.00445309125271,0.0131200483221,0.00374139821052,0.0114561524817,0.377235689213
2022-03-31,0.00695134404686,0.00224193693391,-0.033523033028,-0.0311747285398,-0.0232373568889,0.00263368620703,0.00431765783984,0.135121770472
2022-04-01,-0.0244105249282,-0.00322641269483,0.0168696041999,0.051603105245,0.0238583696345,0.00392284149769,-0.0283333664258,-0.990260671163
2022-04-02,0.0262448733057,0.00432995497781,-0.0102245763147,-0.00331379823384,-6.21117095179e-06,0.00302397249995,0.0232209008057,0.79314706724
2022-04-03,0.000449569670881,-0.000671133951077,0.0125792685959,0.0220784053625,0.0180558593864,0.00300525254398,-0.0025556828731,-0.0945074272512
2022-04-04,0.00679415243052,-0.00100837869552,0.00404401918919,-0.000428013465514,-0.0124735951768,0.000871248356349,0.00592290407417,0.20748749448
2022-04-05,-0.00321725640188,-0.000368537273157,-0.0237513039441,-0.032627164589,-0.0118706157428,0.00252187804125,-0.00573913444312,-0.198121584204
2022-04-06,-0.0237756265197,-8.41884387235e-05,-0.0524781017522,-0.0726641560201,-0.0708946290431,-0.000367099795699,-0.023408526724,-0.812003845722
2022-04-07,-0.0402528408378,-0.00569569685146,0.00613323585178,0.0183416335107,0.0245234871082,0.00396612162888,-0.0442189624667,-1.53138796151
2022-04-08,0.0151142720962,0.00128810048073,-0.0275847977204,-0.0106871353459,-0.0375613789689,0.00164505024357,0.0134692218527,0.480384318432
2022-04-09,-0.017611586983,0.000142412243672,0.0120251366842,0.0205709220181,0.015708836284,0.00283844307718,-0.0204500300601,-0.709565543489
2022-04-10,0.0100882070388,0.00182464217568,-0.0140400516202,-0.0171163973341,-0.0192482940777,0.00154559469372,0.00854261234513,0.314852048646
2022-04-11,-0.0126562534308,0.00114882668613,-0.0646662951556,-0.0725458303496,-0.0652466285339,0.00118116742179,-0.0138374208526,-0.472157509667
2022-04-12,-0.0490188814967,-0.00480168929135,0.0137282248349,0.0161002641459,0.0253196167883,0.0032539067559,-0.0522727882526,-1.81632185426
2022-04-13,0.0130943329261,2.94031012977e-05,0.0263695395037,0.0294680882813,0.0192569824686,0.00203863547382,0.0110556974523,0.410026922939
2022-04-14,0.0151536539428,-0.00379486524833,-0.0297830091194,-0.0316272240574,-0.0202877482402,0.00249085739114,0.0126627965516,0.469796708501
2022-04-15,-0.0157339855216,-0.000117951108816,0.0149378239486,0.00595319873189,0.0158770072328,0.00214153934132,-0.0178755248629,-0.601784417206
2022-04-16,0.00699004935541,-0.000742863310546,-0.00391645586958,0.00662525230238,0.00163147474057,0.00285914068985,0.00413090866556,0.177867767151
2022-04-17,0.0035497891631,-0.000229042981605,-0.0174297959257,-0.0239607826856,-0.0254697576381,0.00119568320511,0.00235410595799,0.114636918967
2022-04-18,-0.0169890161335,-0.000367669272606,0.0278770734883,0.0228305169893,0.0214836494615,0.00186338032146,-0.018852396455,-0.633523835866
2022-04-19,0.0241788171783,-0.00189708174963,0.016806647619,0.0149412504466,0.0188528984378,0.0024578062318,0.0217210109465,0.800720010746
2022-04-20,0.00652380293617,0.000878076784442,-0.00321046098207,-0.0083254824389,-0.00728797963393,0.00168750206422,0.00483630087195,0.196874392329
2022-04-21,-0.00140040731351,6.32044516813e-05,-0.0215304005598,-0.0304806063254,-0.0238317869585,0.00150004412374,-0.00290045143724,-0.0791217840224
2022-04-22,-0.0183717385136,0.00117694241507,-0.0194459259521,-0.00731767021043,-0.00199389623104,0.00361130982833,-0.021983048342,-0.759600834839
2022-04-23,-0.00421795993517,0.00172802780254,-0.0064991113261,-0.00989654533863,-0.00911954777466,0.00181000125044,-0.00602796118561,-0.185532041804
2022-04-24,-0.00342183400409,9.06599391897e-05,0.000256042146539,-0.0039454159127,-0.00663311193198,0.00154635139531,-0.0049681853994,-0.149088621176
2022-04-25,-0.0066987462954,0.000249524615089,0.0244489500424,0.0289094015904,0.0128774964514,0.0017300114844,-0.0084287577798,-0.274567323666
2022-04-26,0.0226514919085,-0.000596488653105,-0.0592581211961,-0.0681793567042,-0.0530399689907,0.00171030790155,0.020941184007,0.782357720506
2022-04-27,-0.0397292041155,-0.00337761789608,0.0292399665645,0.0281512695484,0.0187788285135,0.00169798063412,-0.0414271847497,-1.46136475057
2022-04-28,0.0150168577702,-0.00014454530795,0.0127218920416,0.0160770283398,0.0032884539146,0.00172430291346,0.0132925548568,0.52711654853
2022-04-29,-0.00237536015777,-0.000663345901856,-0.029413761653,-0.0415394790942,-0.0294678445679,0.00148271095931,-0.00385807111708,-0.0942487281961
2022-04-30,-0.0255350485693,0.00180586234996,-0.0250934386374,-0.032548091392,-0.0508719935906,-0.00022303121833,-0.025312017351,-0.872361738848
2022-05-01,-0.0332087052434,-0.000262586966844,0.0219258990845,0.0353617408791,0.0261899973595,0.00313787144786,-0.0363465766912,-1.2660008363
2022-05-02,0.0172385081542,-0.000155314120541,0.00107820318428,0.0110961968452,-0.00327904075833,0.00216941807874,0.0150690900755,0.602179531203
2022-05-03,-0.000963539624596,-0.00130411673094,-0.0207035514693,-0.0269241205756,-0.00664143576781,0.00279608754269,-0.00375962716729,-0.0815902428961
2022-05-04,-0.0008430984205,-0.000423637217132,0.0505111336248,0.0557900943951,0.0616955626057,0.00371876513982,-0.00456186356032,-0.106269271135
2022-05-05,0.033398456434,-0.0026195858322,-0.0822607099777,-0.0677380583803,-0.0678686889176,0.00276224440446,0.0306362120295,1.17278909556
2022-05-06,-0.0412292864245,0.00110118445081,-0.0149376444391,-0.0202665604254,-0.00437083672784,0.00262940955169,-0.0438586959762,-1.52985783576
2022-05-07,-0.00828740338448,-0.00435624677589,-0.0150237367423,-0.0214414763269,-0.0258898306054,0.00101765600817,-0.00930505939264,-0.272194205684
2022-05-08,-0.0379954319291,-0.000412787000794,-0.0410763227711,-0.0449905184879,-0.0204573627178,0.00312254625011,-0.0411179781792,-1.42119723461
2022-05-09,-0.0364906216351,-0.005060644336,-0.123511215375,-0.122434497837,-0.146967434782,-0.000885632853725,-0.0356049887813,-1.21448872888
2022-05-10,-0.139404883409,-0.00505094695206,0.0302290517073,0.0490932624581,0.030025183788,0.00306408872798,-0.142468972137,-4.9014555131
2022-05-11,-0.0233225918486,-0.00572053014782,-0.0676801863191,-0.119887383167,-0.147956524748,-0.00605288742563,-0.017269704423,-0.515995363249
2022-05-12,-0.173789756572,-0.024737876714,-0.000687983591238,-0.0604278482546,-0.0246712593539,-0.00139260161788,-0.172397154954,-5.66319697077
2022-05-13,-0.135867579143,-0.00210250532424,0.00965019359492,0.0257679335491,0.00549867421218,0.00246291416521,-0.138330493308,-4.3923933033
2022-05-14,0.00715567261745,-0.00826682728181,0.0272336353112,0.0233212755828,0.0152044122404,0.00147540295849,0.00568026965895,0.288210316672
2022-05-15,0.00362413734973,-0.00353837415595,0.0407010479329,0.0428953095685,0.03879043189,0.00255319482272,0.00107094252702,0.140745963741
2022-05-16,0.0241994285873,0.000519478435805,-0.0475474233862,-0.0590173040228,-0.0549258417029,0.000762299859452,0.0234371287278,0.868064259095
2022-05-17,-0.0355571841325,0.0084796240502,0.0189935011119,0.0330587491352,0.0299704582718,0.00361857031004,-0.0391757544426,-1.17833686017
2022-05-18,0.0205962331828,-0.00723064023394,-0.0587991792417,-0.088118228087,-0.0658432512693,0.000125612692617,0.0204706204902,0.76703946664
2022-05-19,-0.0475136530233,0.00147420331889,0.0550150347297,0.0540311922683,0.0290708464745,0.000846639783128,-0.0483602928065,-1.48956761033
2022-05-20,0.0279733805725,0.00401330810497,-0.0380621266707,-0.0308861409925,-0.0190513662328,0.00337097580066,0.0246024047719,0.92021885264
2022-05-21,-0.0234214053036,-0.00465448371111,0.00856160321025,0.00818503098122,0.0147725231731,0.00271788282833,-0.026139288132,-0.805589027648
2022-05-22,0.00752766224278,0.000562570850164,0.0288180114919,0.0343831687936,0.0144768497603,0.00160769199169,0.00591997025109,0.281821318902
2022-05-23,0.0333623475898,0.000564624734494,-0.0403786633166,-0.0353504713793,-0.0266015923973,0.00289539257841,0.0304669550114,1.12012789284
2022-05-24,-0.0111563118043,0.000598602697583,0.0184951660398,0.00317782678968,0.0125825223618,0.00148604748928,-0.0126423592936,-0.372397897008
2022-05-25,0.00721194762218,0.000971209996798,-0.0034638240802,-0.0185053427238,-0.00928376138588,0.0012579418467,0.00595400577548,0.285312402203
2022-05-26,0.000616285181401,0.000915544228143,-0.0118500683391,-0.0808416064716,-0.0503044560673,-0.00285988849981,0.00347617368121,0.20001771124
2022-05-27,-0.0422904040942,-0.00250134961833,-0.0196746852574,-0.0367001947184,-0.0166588305978,0.00166929384246,-0.0439596979367,-1.46878993264
2022-05-28,-0.0180888791912,-0.00273371515026,0.0142601003753,0.0371896314022,0.0236608519046,0.0037166139428,-0.021805493134,-0.684491362737
2022-05-29,0.0148260557917,0.00116440531166,0.015189498605,0.0120285378437,0.00608956150727,0.00158026840202,0.0132457873897,0.553222267515
2022-05-30,0.00345754026204,-0.000901323358899,0.0741898273084,0.0973956463849,0.0564293501492,0.00238889419076,0.00106864607128,0.116883042044
2022-05-31,0.0486512435343,0.00336899855155,0.00254071178607,-0.0284824901296,-0.00115302294266,0.0010004718068,0.0476507717275,1.77918201919
2022-06-01,-0.00549593086751,0.00351571908946,-0.0652063543146,-0.0659550321644,-0.052906669288,0.0023379214209,-0.00783385228841,-0.196979555766
2022-06-02,-0.0366237531901,0.00609246285094,0.0220464568079,0.00887014492239,0.0182776398661,0.00174760332791,-0.038371356518,-1.28222818468
2022-06-03,0.00624568158739,-0.00563790717855,-0.0263082758943,-0.0338576422848,-0.0290028546906,0.00146029238504,0.00478538920235,0.26401585793
2022-06-04,-0.0220732361257,-7.06028268844e-05,0.00561436933928,0.0165792639525,0.00609015256058,0.00260397902001,-0.0246772151457,-0.788237929445
2022-06-05,-0.00469597368057,-0.000222849583452,0.00190684019868,0.000911202322992,-0.00473276793594,0.00167940010894,-0.0063753737895,-0.135526220448
2022-06-06,0.00276428634943,7.19726604288e-05,0.0474483040974,0.0293321503823,0.0195306133304,0.000102400741004,0.00266188560843,0.189035141965
2022-06-07,0.0048207258074,-0.000792165298272,-0.00721841975739,-0.0244729450338,-0.0121078631167,0.00121832604072,0.00360239976668,0.222914720751
2022-06-08,0.000692599774336,-0.000681108876961,-0.0298300148623,-0.011727951102,-0.0100673314234,0.00384603760458,-0.00315343783024,-0.0201037025
2022-06-09,-0.0055997508919,-0.000331480732399,-0.00423945038603,-0.00284756867884,0.00240249514021,0.00266100258078,-0.00826075347269,-0.204272994414
2022-06-10,-0.0088190585741,0.000396959490306,-0.0342960108322,-0.073077450214,-0.0380356797916,0.000355805422035,-0.00917486399614,-0.234516691654
2022-06-11,-0.0387993664515,-0.00288008886577,-0.0235237119174,-0.0816115731793,-0.0444923058434,-0.00137390092321,-0.0374254655283,-1.24558852636
2022-06-12,-0.0414259750597,-0.00154531168503,-0.0665053577399,-0.0657261679007,-0.0468984620307,0.00290748753074,-0.0443334625905,-1.48948282593
2022-06-13,-0.042944940109,-0.0020640178455,-0.168431693285,-0.171231082958,-0.0692570733087,0.00752933490177,-0.0504742750108,-1.69722763642
2022-06-14,-0.140933767095,-0.00708380289765,-0.0148922715614,-0.000193465177813,0.0095259678592,0.00425194524489,-0.14518571234,-4.90870051943
2022-06-15,-0.0326167109773,-0.00616709242095,0.0196954206713,0.0235354618288,0.0425737886562,0.0041951777625,-0.0368118887398,-1.14945391047
2022-06-16,-0.00550045222364,-0.00506138509264,-0.101800840775,-0.147431890462,-0.0703952185451,0.0019898295183,-0.00749028174194,-0.135756980186
2022-06-17,-0.0699217607029,-0.0036917608771,0.00337367632502,0.0169674496704,0.01703073728,0.00362871500966,-0.0735504757126,-2.4062411985
2022-06-18,0.0140018438555,-0.00333868866695,-0.075959192665,-0.088174751938,-0.0351616481833,0.00397228213484,0.0100295617207,0.468525580913
2022-06-19,-0.0539671933823,0.000452969744966,0.0810559464273,0.125789001401,0.0465871356796,0.00188201012522,-0.0558492035076,-1.79028820199
2022-06-20,0.0370942850574,-0.0014549841619,0.000310556909852,9.64553490981e-05,0.0124343623327,0.00306673073543,0.034027554322,1.28612964302
2022-06-21,0.0132849321019,-0.004138629898,0.00720325852802,-0.0019530624982,0.0173457707866,0.00272832928331,0.0105566028186,0.478369742023
2022-06-22,0.00637572311521,0.000580952514259,-0.0360938126007,-0.0699533128958,-0.0273022499544,0.00140653156392,0.00496919155129,0.281073748845
2022-06-23,-0.0102302047588,-0.000616308517557,0.0551425327364,0.086603793863,0.0400989553582,0.00262617929112,-0.0128563840499,-0.336693533454
2022-06-24,0.0300099036964,-0.00214724399115,0.00586259406215,0.0680080540331,0.032177580925,0.00604807957273,0.0239618241237,0.941811955333
2022-06-25,0.0222603491373,-5.36326107685e-05,0.0117790238575,0.0138096875127,0.011279268009,0.00233180536027,0.019928543777,0.799208723973
2022-06-26,0.00321027332844,0.0011725258037,-0.0210232214291,-0.0361990412831,-0.0263792037849,0.00109357049912,0.00211670282932,0.178505700833
2022-06-27,-0.0155705945867,-4.6528942331e-05,-0.0147606304024,-0.00507381245922,-0.00552726275958,0.00298467439361,-0.0185552689803,-0.536624129113
2022-06-28,-0.00860068310199,-0.00157251455805,-0.0223676970461,-0.0412498575467,-0.0315172750408,0.000687924066346,-0.00928860716834,-0.212152132941
2022-06-29,-0.0208132803139,-0.000325213976247,-0.00809514658959,-0.0393331817809,-0.0077130965675,0.0011762982028,-0.0219895785167,-0.649470606135
2022-06-30,-0.013632616369,-0.000550609778742,-0.00687190890286,-0.0266430802423,-0.00835839676466,0.00139704817887,-0.0150296645479,-0.40416339757
2022-07-01,-0.0090875024074,-0.000992709819638,-0.0359964529925,-0.0110164711035,-0.0129254400448,0.00422812243925,-0.0133156248467,-0.343518383377
2022-07-02,-0.00099868024077,0.00486151593154,-0.00145560939409,0.00694024760252,0.00444312755116,0.00284770699332,-0.00384638723409,-0.0140401399507
2022-07-03,0.0203963976958,-0.000175820038294,0.00390464080058,0.00731931408455,0.00120900898572,0.00212452170289,0.0182718759929,0.753572600585
2022-07-04,0.00512293131842,-0.000740854810125,0.0461873861716,0.0686262338277,0.0294111434154,0.00212813688976,0.00299479442866,0.225094022558
2022-07-05,0.0270654254553,0.000392587526196,-0.00283947612395,-0.016138764763,-0.00896884529448,0.00129445863473,0.0257709668206,1.01651089649
2022-07-06,0.00382667698397,-0.000434585949257,0.0191067993777,0.0467782241924,0.0143795708016,0.0028726583722,0.00095401861177,0.151748950869
2022-07-07,0.0152867227971,-0.00178381580179,0.0505092844748,0.0421357463284,0.0220595816912,0.000390068364556,0.0148966544325,0.640313874293
2022-07-08,0.0103373973414,-0.00123769395103,-0.00118716503149,-0.0188413183753,-0.00799711820195,0.00113171103332,0.00920568630805,0.441137764703
2022-07-09,-0.0029797731589,0.000614524265888,-0.000142681211088,0.0023876876458,0.0107534091228,0.00305383514799,-0.00603360830689,-0.0921851161444
2022-07-10,0.00221708718032,0.000444804962278,-0.0341953486704,-0.0405221376388,-0.0235541053605,0.00239158241237,-0.000174495232051,0.111716532482
2022-07-11,-0.0213865604511,-0.00121011999513,-0.044392022347,-0.0639571248339,-0.0340104562705,0.00186148088843,-0.0232480413395,-0.690120728795
2022-07-12,-0.0302181882509,0.00110409498098,-0.0326598744895,-0.0545112005961,-0.0175285120628,0.00227240728647,-0.0324905955374,-1.00859634653
2022-07-13,-0.0222193166616,-0.0020643283544,0.0459397857617,0.071153165833,0.0304955472981,0.00230688994568,-0.0245262066073,-0.731094213769
2022-07-14,0.0218191247937,0.000754677381753,0.0178713164272,0.0683857990053,0.0194194322719,0.00400784421302,0.0178112805807,0.740148262159
2022-07-15,0.0220660774618,0.000341848486912,0.0117731359147,0.031396180306,0.00517787008504,0.00241189541361,0.0196541820482,0.800440364857
2022-07-16,0.00948350720425,-0.00361830720504,0.0174442433888,0.0965226216531,0.0247800198968,0.00528808727312,0.00419541993113,0.260276231844
2022-07-17,0.0241261209885,0.000177082688808,-0.0189213728657,-0.0128884431791,-0.0120421740181,0.00265539335334,0.0214707276352,0.857879185988
2022-07-18,-0.0033196090716,0.000816624894405,0.0757149767048,0.166554324223,0.0553252391725,0.0042457582484,-0.00756536732,-0.150307982625
2022-07-19,0.0584367774593,0.00167418848692,0.042168757866,-0.0247101690256,0.0189154631067,-0.00107881234866,0.0595155898079,2.1629743618
2022-07-20,0.00305016677932,-0.000669018921968,-0.00731421355284,-0.0133598853011,-0.0219383456392,0.000837539278224,0.00221262750109,0.178745484868
2022-07-21,-0.0116859101477,0.00110424720415,-0.00313676456621,0.034772768364,0.0119216515981,0.00439089181312,-0.0160768019608,-0.452914305778
2022-07-22,0.0135243011731,-0.000345746333366,-0.0203904720713,-0.0257812452104,-0.0145357912731,0.00222020791376,0.0113040932594,0.49994447751
2022-07-23,-0.00124403715317,0.000900033986195,-0.0103929730863,0.00870133935851,0.00578030290214,0.00382688164065,-0.00507091879382,-0.0676561877623
2022-07-24,0.000892288294519,0.000649577024891,0.00591789135682,0.0312040588699,0.00327282051418,0.00280816078745,-0.00191587249293,0.0443376646404
2022-07-25,0.0100323279135,-6.70032271657e-05,-0.0580144584206,-0.103771968028,-0.0524597822507,0.000567665013836,0.00946466289966,0.441332967758
2022-07-26,-0.0433696405972,-0.000115470913812,-0.00253433102133,0.00607415919779,0.00101760636208,0.0026693618563,-0.0460390024535,-1.48087815704
2022-07-27,-0.00230804013486,-0.00084138516948,0.0770860398613,0.121425781206,0.0463428002961,0.00210051872582,-0.00440855886068,-0.0328893913354
2022-07-28,0.0489128682523,0.000186708254734,0.0379359571901,0.0526356666707,0.0302857535358,0.00247597855699,0.0464368896953,1.72504298011
2022-07-29,0.0279728540288,-0.00141717204173,-0.00282737227544,-0.00158567137155,0.0283644364768,0.00447968532085,0.023493168708,0.927221573117
2022-07-30,-0.00752562780925,0.000829126745977,-0.0055754582422,-0.0144266323192,-0.00968089780458,0.00154691479906,-0.00907254260831,-0.197081698238
2022-07-31,0.00118617667148,2.18038532189e-05,-0.0149494121958,-0.0112622247122,-0.00395921084173,0.00293154281642,-0.00174536614494,0.057713439533
2022-08-01,-0.00504409804628,-6.48627944777e-05,-0.00128877143706,-0.0290753019585,-0.00816195677022,0.000821276628025,-0.00586537467431,-0.0838537612692
2022-08-02,-0.00939502854922,0.00182001374333,-0.0120216522284,0.000362436672068,-0.0114680748768,0.00245703613501,-0.0118520646842,-0.290938006595
2022-08-03,-0.0173517988261,-0.000595634496769,-0.00725756415524,-0.00765952247101,0.011477072731,0.00346399790957,-0.0208157967357,-0.599832499852
2022-08-04,0.0116546123155,-0.000175601494607,-0.00874749751599,-0.00645041280465,0.0130612420883,0.0037549879821,0.00789962433344,0.393298523873
2022-08-05,0.0130315509488,-0.000369532199308,0.0301347513475,0.0768591813628,0.0246675883265,0.00351320010705,0.00951835084172,0.452471819976
2022-08-06,0.0178171369386,0.00116097194731,-0.0156469275479,-0.0267676354722,-0.0172248928989,0.00155321419673,0.0162639227419,0.687345467856
2022-08-07,-0.00902942331156,0.000109404483371,0.00968800807258,0.00576057211412,0.0104293497387,0.00222088013633,-0.0112503034479,-0.264346329427
2022-08-08,0.0180069956771,-0.000473735011507,0.0270300141285,0.0442709316871,0.0195916039871,0.0024471821616,0.0155598135155,0.668015991314
2022-08-09,0.004044535572,-0.00150405630958,-0.0280760007314,-0.0427113741057,-0.0192630607593,0.00207493109264,0.00196960447936,0.194586561578
2022-08-10,-0.0281186243618,-0.00051548617521,0.0342981768139,0.0849959264422,0.0380036771508,0.00435414751491,-0.0324727718767,-0.996832116077
2022-08-11,0.0444104389687,0.0018011186489,-0.000525924763982,0.0143625802752,-0.00737167056125,0.00211486998446,0.0422955689842,1.58961355952
2022-08-12,-0.00338279748155,-0.000353813704454,0.0191850776593,0.0408211286404,0.00389602390818,0.00191441174823,-0.00529720922978,-0.0568337692011
2022-08-13,0.00809062705471,-0.00117888580397,0.00154581779677,0.0126546253079,0.014401509729,0.00347474963305,0.00461587742166,0.28595325998
2022-08-14,0.0023980966244,0.00159594951317,-0.00576732375952,-0.0248082336249,-0.0034384647963,0.00171215631252,0.000685940311889,0.153415139536
2022-08-15,-0.0150980593982,-0.00320400000825,-0.0087265224581,-0.0189583862057,-0.0267248541006,0.000447592963945,-0.0155456523621,-0.4082780945
2022-08-16,-0.0106343681344,0.00202391882573,-0.0100250656521,-0.011955688534,0.01687595322,0.00398865585172,-0.0146230239861,-0.374652413042
2022-08-17,0.00258297479018,-0.000909011804293,-0.0218161392064,-0.0230552170505,-0.0343211578804,0.000977458892065,0.00160551589812,0.185815141146
2022-08-18,-0.0182953851154,-0.000138579095179,-0.00653465929281,0.0066659782021,-0.0211544046518,0.00142518159055,-0.0197205667059,-0.553689527848
2022-08-19,-0.0129487028261,-0.00125200582218,-0.107213967111,-0.137612960614,-0.0649966205879,0.00318390477608,-0.0161326076022,-0.426724559168
2022-08-20,-0.0515076620903,-0.000543380722011,0.0145748925452,-0.0207885681607,0.00318495264225,0.000436609938014,-0.0519442720283,-1.65838233423
2022-08-21,-0.00615748413617,-0.00060587483209,0.0174432281124,0.0263616279848,0.0130018091288,0.00231142272259,-0.00846890685877,-0.150010044925
2022-08-22,0.0148833902502,-0.000154878390187,-0.00530796393407,0.00413583425467,0.00234112777985,0.00296542103143,0.0119179692188,0.554728153284
2022-08-23,0.000203692915033,-0.00133080879291,0.00606988841094,0.0249274306753,0.00735975788484,0.00290627472579,-0.00270258181075,0.0491869466652
2022-08-24,0.00338816299572,0.000834461298343,-0.00746493841936,-0.00542946662254,0.0097883305965,0.00342591776046,-3.77547647456e-05,0.141413069109
2022-08-25,0.0029355092677,9.36223124626e-05,0.00883758094309,0.0228946840688,0.00347344563354,0.00230267310716,0.000632836160543,0.163148321766
2022-08-26,0.00653022815044,0.00032356992633,-0.0627419422284,-0.116651203411,-0.0508607175179,0.000736011891964,0.00579421625848,0.340935243104
2022-08-27,-0.0482872541678,0.000411193621797,-0.0105086119137,-0.0115445188358,-0.00225954399347,0.00263689555199,-0.0509241497198,-1.61531428913
2022-08-28,-0.00592375874288,0.000358565969179,-0.0241110077821,-0.0439671629763,-0.0150656052905,0.0019789894788,-0.00790274822168,-0.126283859462
2022-08-29,-0.0186529447545,-0.00136593527738,0.0366805917515,0.0839350062978,0.0295279511351,0.00347754071584,-0.0221304854703,-0.616546803106
2022-08-30,0.0292672161901,0.00108951607485,-0.0237912168907,-0.0176984818953,-0.0105890010291,0.00306880281004,0.0261984133801,1.04933152072
2022-08-31,-0.00308130690471,0.00207892050819,0.0120738649342,0.0191734678364,-0.00125659919153,0.00154278091845,-0.00462408782316,-0.0146669287104
2022-09-01,-0.00600244741981,-0.00127671595181,0.00430921972695,0.0206593608988,0.0099049875064,0.00312841694369,-0.0091308643635,-0.166529595582
2022-09-02,0.0101436168463,-0.00033714804886,-0.00918000161472,-0.00712537772029,-0.00669989139075,0.00231977870661,0.00782383813965,0.426244743537
2022-09-03,-0.00205255153353,-0.0012394990284,-0.00616996207204,-0.0113765505611,0.00181590675028,0.0025401717876,-0.00459272332113,-0.00499172978732
2022-09-04,-0.00479628733808,0.000174000860412,0.00853267793672,0.0137928748837,0.00998672119849,0.00253680554653,-0.00733309288461,-0.098318636068
2022-09-05,-0.000651419799095,-0.00114620216998,-0.0103978811969,0.0241742204248,0.0016687649372,0.00398983976003,-0.00464125955913,-0.00377401498529
2022-09-06,0.0121693648356,-0.000444615400415,-0.0520819777178,-0.037044170868,-0.0611408510317,0.00138536000989,0.0107840048257,0.533175953012
2022-09-07,-0.0439115111452,9.05826524864e-05,0.0263738235235,0.044562010299,0.0282668001397,0.00315544729528,-0.0470669584405,-1.47810603233
2022-09-08,0.0181458683522,0.000629715699628,0.00146682861992,0.003419708963,0.00756513773012,0.00270104795434,0.0154448203979,0.691342974224
2022-09-09,0.000342043339312,0.00101346477834,0.100666808644,0.0497679080833,0.0334265563721,-0.00318906561481,0.00353110895412,0.275496619798
2022-09-10,0.0249741456388,0.000691002069033,0.0133126529873,0.0318039187108,0.00735973438971,0.0024422127949,0.0225319328439,0.935752183554
2022-09-11,0.0125570576705,0.000639737389132,0.00820935003604,-0.00443432063182,-0.00223539648617,0.00111881888125,0.0114382387892,0.545335052766
2022-09-12,-0.0111606482758,-7.68856383004e-06,0.0257707170864,-0.0286565484013,0.000335034174132,-0.00104673909861,-0.0101139091772,-0.203957515966
2022-09-13,-0.00842331666809,-0.00014400845826,-0.104734848106,-0.0864917449824,-0.0495462303258,0.00562895018642,-0.0140522668545,-0.339229476784
2022-09-14,-0.055083429372,-2.177987934e-06,0.00264885724588,0.0399318932653,0.00937117898465,0.00382236801403,-0.0589057973861,-1.89344312217
2022-09-15,-0.0193005522644,-0.00228248530124,-0.0263098136724,-0.106904922516,-0.0233397950415,-0.00031894055376,-0.0189816117106,-0.500530385229
2022-09-16,-0.0200678591404,-0.00157686864402,0.00508996082442,-0.0266459471455,0.00900557293346,0.0015675400194,-0.0216353991598,-0.589587423506
2022-09-17,0.00528196331598,-0.000852642505304,0.0156233505559,0.0242059481931,0.0161764966716,0.00264890842782,0.00263305488816,0.2554077857
2022-09-18,0.0118689511484,0.000305900474661,-0.0353401966646,-0.0959470409171,-0.0450792052918,-0.000753710973761,0.0126226621222,0.601430692845
2022-09-19,-0.0286760385541,-0.00025083444319,0.00637161221888,0.0306264110228,0.0121084004553,0.0033993154903,-0.0320753540444,-0.952524839602
2022-09-20,0.00738698688695,0.000834146718933,-0.0346250481674,-0.0394233197974,-0.0100010901551,0.00346230083512,0.00392468605183,0.296411861684
2022-09-21,-0.00290159974107,0.00159214027443,-0.0222297825463,-0.0601291107357,-0.0127430885774,0.00148980825964,-0.00439140800071,-0.00177504201211
2022-09-22,-0.0209641515875,-0.00107608451395,0.0497173805631,0.0627895405424,0.0392124592805,0.0023473500484,-0.0233115016359,-0.666388013787
2022-09-23,0.0327091239665,-2.87837142032e-05,-0.0058003281061,0.000459889735866,0.00832611076513,0.00334115995891,0.0293679640076,1.20026365137
2022-09-24,0.00376496892251,-0.0013921130927,-0.0192871759656,-0.00748013087626,-0.0105324491409,0.00296304511918,0.000801923803327,0.187598680153
2022-09-25,-0.00365680012271,-0.000171043983226,-0.00596114978121,-0.0173274341925,-0.00687432153489,0.00170206049478,-0.00535886061749,-0.0323220021872
2022-09-26,-0.00371036950495,-0.00186934573552,0.0223799128082,0.0320532374061,0.00549095644553,0.00147231408739,-0.00518268359233,-0.0255283759092
2022-09-27,0.0143921415696,-0.00520964430756,-0.0080140641061,-0.00640571659346,-0.0089673993132,0.00206647689749,0.0123256646721,0.594483718911
2022-09-28,-0.000833739797226,-0.000609246499469,0.0171577992513,0.00669333264031,0.00189645462747,0.000928820945366,-0.00176256074259,0.0926344140034
2022-09-29,0.00456637577672,-0.00332210996139,0.00941822684208,-0.000793017519755,0.0106870216768,0.00206779007097,0.00249858570574,0.242008184869
2022-09-30,-8.09105194044e-05,-0.00331031812143,-0.0088196186959,-0.00546736370984,-0.00448632172519,0.00249923315437,-0.00258014367377,0.0641588765213
2022-10-01,-0.00178730245844,-0.0084133644564,-0.00567778701232,-0.0127542968121,-0.00796367752845,0.00173311053554,-0.00352041299398,0.0349408986004
2022-10-02,0.00702796430262,4.23526594702e-05,-0.0133292181553,-0.0270776071225,-0.0125927382675,0.00167028657275,0.00535767772986,0.355201708164
2022-10-03,-0.00973757900506,0.000244485419135,0.0296976723519,0.0357257162805,0.0119687939828,0.00138192229923,-0.0111195013043,-0.231243177527
2022-10-04,0.0148682742265,-0.00151102777263,0.0355765142098,0.0287161733313,0.0183575039283,0.00109705969902,0.0137712145274,0.65732976413
2022-10-05,0.00929067537045,-0.000295647702803,-0.00893435185908,-0.00689457438116,-0.00236085562101,0.00262344108785,0.00666723428259,0.403638510745
2022-10-06,0.00123795376188,0.000420289692265,-0.0098121945579,-0.000170980427447,-0.00792892705906,0.00249694035481,-0.00125898659293,0.122146919504
2022-10-07,-0.00233723355111,0.000344470894643,-0.0219452090301,-0.0157201761403,-0.000573727153483,0.00369471443643,-0.00603194798754,-0.0474154230018
2022-10-08,-0.0111562222616,0.00122968437688,-0.00575308213596,-0.0117781490625,-0.006733428481,0.00186001522539,-0.013016237487,-0.294644164639
2022-10-09,-0.00438316712034,-4.32625823024e-05,0.00117179918992,0.00590676610478,0.00733678138597,0.00278633898193,-0.00716950610226,-0.0844325698967
2022-10-10,0.0017087136745,-6.34566931978e-05,-0.0160770304294,-0.0255103231265,-0.0225515385513,0.00123866356329,0.000470050111214,0.18989968974
2022-10-11,-0.0132574928192,-0.00122496649372,-0.00386598835609,-0.00785094297725,-0.00903406171336,0.00163392393208,-0.0148914167513,-0.360749190647
2022-10-12,-0.000480702196505,-0.000681909345754,0.00510170110089,0.0111695975838,4.14849368582e-05,0.00204345635125,-0.00252415854776,0.0836886154421
2022-10-13,-0.00627414939208,-0.00344523307146,0.0114502040714,-0.00565366923198,-0.00419775530756,0.000637507070343,-0.00691165646243,-0.0723838212513
2022-10-14,-0.00946185349861,-0.00281121512247,-0.0102511634078,0.00731781243737,-0.00489298424233,0.00298629550823,-0.0124481490068,-0.267870068215
2022-10-15,-0.00039188725377,-0.00289763168105,-0.00568894312148,-0.0167521637235,-0.00442655497442,0.00187437000721,-0.00226625726098,0.100059757923
2022-10-16,-0.00283529188891,-0.000115413456736,0.0101012748989,0.0240331068656,0.00609521966677,0.00241289634617,-0.00524818823508,-0.0051063570822
2022-10-17,0.00818601573715,-0.000548468342114,0.0147756889925,0.0193606288794,0.0118950412404,0.0022664972302,0.00591951850694,0.395808073057
2022-10-18,0.00768856772286,-0.00136030465101,-0.0112794510763,-0.0156163822706,-0.00974308047369,0.00203486201095,0.00565370571191,0.385897761972
2022-10-19,-0.00855153183367,-0.000621808678442,-0.0108361677051,-0.0200043213128,-0.0182011889812,0.00123911829549,-0.00979065012916,-0.169710820026
2022-10-20,-0.0111905353084,-0.000635123324869,-0.00390913054128,-0.00157442864688,-0.00716070012644,0.00196456951066,-0.013155104819,-0.287855916097
2022-10-21,-0.0108917663669,-0.00234681807852,0.00620136701334,0.0131411994113,0.00538838096258,0.00239456847574,-0.0132863348427,-0.288181856287
2022-10-22,0.000901513320532,-0.00145683043001,0.00218139786811,0.0107471688224,0.00338810217539,0.0025476354324,-0.00164612211187,0.130416918475
2022-10-23,0.00234059683938,0.000442984346588,0.0191182079183,0.0377173872685,0.0138014201373,0.00255659864972,-0.000216001810344,0.180685093861
2022-10-24,0.0169533137551,0.00026388221308,-0.0127991215531,-0.0151901361782,-0.00869634650246,0.0022654974045,0.0146878163506,0.721003678655
2022-10-25,-0.0113515710761,-0.00232014967801,0.0382914900622,0.0830679149295,0.0313868100812,0.00343913389299,-0.0147907049691,-0.344628877089
2022-10-26,0.032362716092,-0.000749267382947,0.0342260486666,0.0705167443374,0.0139872176936,0.00215719370392,0.0302055223881,1.28027572941
2022-10-27,0.0235765189741,0.00112106261266,-0.0237128649683,-0.0342086680116,-0.0102779103679,0.00258803404062,0.0209884849335,0.943300497755
2022-10-28,-0.0123575806111,-0.000470629080997,0.0146467908692,0.0265383905129,0.0230459613631,0.00331527172398,-0.0156728523351,-0.383148436461
2022-10-29,0.0103229167539,0.00113404090065,0.0107576267952,0.0411515034337,0.0259545446353,0.0043290124562,0.00599390429775,0.405584884796
2022-10-30,0.016231587534,0.00067020152807,-0.00904988939071,-0.0182984850247,-0.00498461478345,0.00209807497224,0.0141335125618,0.697781702833
2022-10-31,-0.00636511164095,0.000957197504242,-0.00642080155238,-0.011145392879,0.0107787331631,0.00323026968422,-0.00959538132517,-0.164484814145
2022-11-01,-0.0101119788171,-0.00265960583242,-0.000978677618592,0.00317281321306,0.000200419923654,0.00237787529351,-0.0124898541106,-0.267300917145
2022-11-02,-0.00317521126639,0.000259692781221,-0.0154732128755,-0.0382820291946,-0.01880029139,0.00107492461238,-0.00425013587877,0.033401627318
2022-11-03,-0.014827262085,-0.000908114530898,0.00213077538732,0.00781122798741,0.00552705671069,0.00262153516715,-0.0174487972522,-0.442183368158
2022-11-04,0.00690986603579,0.000837286815759,0.0455088059667,0.0717545844857,0.0545259115602,0.00413419788852,0.00277566814727,0.295359698822
2022-11-05,0.0327096125834,0.00126025600854,0.00721430231062,-0.0107351705738,-0.000398437640673,0.00115678124181,0.0315528313416,1.33727655615
2022-11-06,-0.00215489999976,0.000238020225012,-0.0185673551124,-0.036718761725,-0.0349355900831,0.000220494268631,-0.00237539426839,0.10377868215
2022-11-07,-0.0187247710477,0.00280695109428,-0.0153657881756,-0.000138098626853,-0.000677467326959,0.0035462079474,-0.0222709789951,-0.615859550081
2022-11-08,-0.00390967246913,0.00670443922718,-0.10366497382,-0.160890382452,-0.0828893626713,0.000837904021867,-0.004747576491,0.0244444473281
2022-11-09,-0.101444843512,0.00190525428469,-0.156292580078,-0.190646920479,-0.127388983027,0.00154110321349,-0.102985946726,-3.48551454472
2022-11-10,-0.119480242829,-0.011902480035,0.105796203216,0.164931250496,0.0952641449775,0.00435148560796,-0.123831728437,-4.12166169257
2022-11-11,0.0402452720107,0.00335811776316,-0.0343259692361,-0.00993772944217,-0.029896879838,0.00285626534974,0.037389006661,1.51108588756
2022-11-12,-0.0222024771296,-0.000781323423627,-0.0127750827938,-0.0240397354413,-0.0251684325921,0.000784380343046,-0.0229868574726,-0.594071057302
2022-11-13,-0.0164456999173,-0.00487210411409,-0.0298989935241,-0.029003474793,-0.0230251801223,0.00237893716278,-0.01882463708,-0.44749824207
2022-11-14,-0.0205803759621,-0.00120773868795,0.0177060764778,0.0173188605267,0.00786658847868,0.00163709018279,-0.0222174661448,-0.563028126639
2022-11-15,0.00430152580367,-0.00120398524596,0.0160680753362,0.00786333598962,0.00925845671636,0.00160697853803,0.00269454726564,0.306718418536
2022-11-16,0.00749228058905,9.88663192381e-05,-0.0136572081476,-0.0298704339446,-0.0120044373065,0.00166000732364,0.00583227326541,0.413743179011
2022-11-17,-0.0156964994859,-0.00267753051033,0.00149225312605,-0.0130098379706,-0.00643621900479,0.00117380880605,-0.0168703082919,-0.382848093786
2022-11-18,0.00262431407788,-0.00270519936612,0.00101390067057,0.0098309280106,0.00616239178937,0.00283248440523,-0.000208170327341,0.201718693256
2022-11-19,-0.00251172272775,0.00159492728872,0.000228976630254,0.00465418382119,0.000989135392256,0.00236863593248,-0.00488035866023,0.0335081094006
2022-11-20,-0.00612309139426,-0.000191897772446,-0.0260619120128,-0.0647293605605,-0.0308098478514,0.000376199575029,-0.00649929096929,-0.0176652015715
2022-11-21,-0.0298087887977,0.000475874106769,-0.0309755519966,-0.0304557291721,-0.0157894514007,0.00296773389275,-0.0327765226904,-0.942196377075
2022-11-22,-0.00623135076582,-0.00594649050297,0.0274427122129,0.0286740167066,0.0196770480865,0.00194629227914,-0.00817764304496,-0.07232836629
2022-11-23,-0.000163002221512,-0.000152533559387,0.023654220764,0.0385028342792,0.0349783361148,0.00371930815291,-0.00388231037442,0.077128533127
2022-11-24,0.0131341054699,-0.00419018227828,-0.000582622595935,0.0162920226427,0.00428218814414,0.0030361848865,0.0100979205834,0.575689851408
2022-11-25,-0.00645809157634,0.00154413545269,-0.00493004237037,-0.00365585268183,-0.00198540405385,0.00237758930217,-0.00883568087851,-0.0963997567222
2022-11-26,-0.001292103092,-0.00249375683461,-0.00332042225551,0.00526935542074,0.00635543600627,0.00311098435703,-0.00440308744903,0.0638317001106
2022-11-27,0.012390238751,0.00136030308941,-0.0024217119805,-0.0098488264424,0.00314419754098,0.00233674653506,0.010053492216,0.574067789005
2022-11-28,-0.0062080236147,-0.000160071127748,-0.0133038657417,-0.0220995547238,-0.0199888229125,0.00127305608187,-0.00748107969657,-0.052790937629
2022-11-29,-0.0163505137259,-0.00728249065493,0.0139398517299,0.040798188466,0.00948042658509,0.00281069811468,-0.0191612118406,-0.467583987414
2022-11-30,0.025243523383,-0.00442623461785,0.0424043464964,0.0620957041496,0.0229943603307,0.00180970783677,0.0234338155462,1.06167396803
2022-12-01,0.0132468672693,-0.00114668410778,-0.0105980728979,-0.0139511083506,-0.0127328881748,0.00180169014306,0.0114451771262,0.63185524981
2022-12-02,0.00125316041014,-0.00114217353534,0.00684276480181,0.0148443158891,0.00764323397168,0.00255239132445,-0.00129923091431,0.174132197728
2022-12-03,-0.0124431100168,0.00184433607923,-0.0126922845305,-0.0435569275866,-0.0153988664204,0.000909195936992,-0.0133523059538,-0.258870837044
2022-12-04,-0.000510567822779,0.00118652177909,0.0134293111525,0.0310473286726,0.0100504036687,0.0026067680374,-0.00311733586018,0.104356318797
2022-12-05,0.0147295924936,0.0008085168433,-0.0081237679271,-0.0158233111807,-0.00352583729966,0.00219412722415,0.0125354652695,0.664649055488
2022-12-06,-0.0127660401742,-0.0017443795249,0.00710961118956,0.00933909561683,-0.00148448359603,0.00169009340246,-0.0144561335767,-0.309455271847
2022-12-07,0.00924602830008,-0.000941490915746,-0.0149021012054,-0.0319424249805,-0.0171330556307,0.00133539891389,0.00791062938618,0.500599647287
2022-12-08,-0.000805643845744,-0.00117141860205,0.0225923358698,0.0388641773647,0.0146485847545,0.00233168429332,-0.00313732813907,0.101281096779
2022-12-09,0.00355518398852,-0.000497613363439,-0.00539946911026,-0.0134100260403,-0.00238708611231,0.00209821033967,0.00145697364885,0.269225109006
2022-12-10,-0.000855489295326,-0.000477020441426,-4.45410300216e-05,0.00270335670071,0.00201848372744,0.00241110161754,-0.00326659091286,0.0942763028046
2022-12-11,0.00695935133983,0.000354158395499,-0.00242429914576,-0.00262591616233,-0.0123869823134,0.00141062971929,0.00554872162054,0.410849952408
2022-12-12,-0.0108757845099,0.000728869621849,0.00687028336955,0.00967536079156,-0.00669342197925,0.00133884651323,-0.0122146310232,-0.231725819804
2022-12-13,-0.000891964906316,-0.00242222267662,0.0326893738549,0.0349487355891,0.0111025191111,0.00101769004614,-0.00190965495246,0.144431452841
2022-12-14,0.00275113261648,-0.00243971992784,0.00143107308376,-0.0101862596886,-0.00558551981319,0.00132700793515,0.00142412468134,0.261000279075
2022-12-15,-0.00217063933109,-0.00188552850864,-0.025198002753,-0.0315754977814,-0.0167976087187,0.00232472594231,-0.0044953652734,0.0461847535043
2022-12-16,-0.0161228497022,0.000314003861202,-0.0428800351233,-0.0822571165149,-0.0630800469622,-0.000969125601038,-0.0151537241012,-0.340418214123
2022-12-17,-0.0457309613963,-0.0032718469013,0.00909463411664,0.0173578550192,0.0138209083131,0.00287425066223,-0.0486052120585,-1.55868814451
2022-12-18,0.00564930326988,0.00113349025819,-0.00256059823406,-0.00328086622979,0.00099972898099,0.00238919797675,0.00326010529312,0.336390639594
2022-12-19,0.00269450707406,0.000238294551846,-0.0179669985362,-0.0131896545397,-0.0278246907138,0.0013959081819,0.00129859889216,0.267562997818
2022-12-20,-0.0158317385499,-0.00245714815469,0.0275504991896,0.0413128331726,0.0213570444899,0.00244001916234,-0.0182717577122,-0.447647083584
2022-12-21,0.0148916733444,-0.00192180109974,-0.00445793646106,-0.00269378309014,-0.00945659754376,0.00181270103025,0.0130789723142,0.698343522846
2022-12-22,-0.000345823362395,-0.00157404519335,-3.29258297711e-05,0.00323994712047,0.00438759470957,0.00260059259439,-0.00294641595678,0.115480463562
2022-12-23,-0.000230261889914,-0.00101974130266,-0.00265260759875,0.00191676609894,-0.00121387871595,0.00239101507717,-0.00262127696708,0.127216548636
2022-12-24,-0.0015088617227,-0.00365616346038,0.00337645187392,0.000361806789837,0.000137121231766,0.00188532754686,-0.00339418926956,0.102395668037
2022-12-25,0.00122698063761,0.000371496435122,-8.36327130358e-05,-0.00145088599286,-0.00309655315956,0.00191320534503,-0.000686224707427,0.201162543066
2022-12-26,-0.00974461018352,4.43360166216e-05,0.00508232419575,0.007634490612,0.00728922763131,0.00247259676036,-0.0122172069439,-0.220878703851
2022-12-27,0.0049440732317,-1.13820494363e-07,-0.0124866469007,-0.0137387887968,-0.00402057965697,0.00262446184569,0.00231961138601,0.314108402526
2022-12-28,-0.00527825891428,-0.0032393856211,-0.00948483563033,-0.0182195474804,-0.0194463103938,0.00107594678601,-0.0063542057003,-0.00614882547194
2022-12-29,-0.00659849026815,0.000432603631364,0.0050695237796,0.00933288770581,-0.0031536428875,0.00175596074429,-0.00835445101244,-0.0825867015224
2022-12-30,-0.000188846244935,-0.000602832597188,-0.00137084371077,-0.000531870241684,-0.000370163160301,0.0022607965657,-0.00244964281063,0.133250591323
2022-12-31,-0.00292492598015,-0.000902915732095,-0.00477730992353,-0.00361755634968,0.00215352795013,0.00266933618219,-0.00559426216233,0.0185163002605
2023-01-01,-0.0120427581607,-0.000942131128362,0.00515035428422,0.00396618354487,0.0024531453972,0.00199992862913,-0.0140426867898,-0.291707988145
2023-01-02,0.0073868982945,0.00070567251705,0.00378277494364,0.0118053738071,0.0124180055985,0.00309598869672,0.00429090959777,0.385752462076
2023-01-03,0.00528271197584,2.45731172654e-06,-0.000160608934053,-0.000231850779592,0.00122908669682,0.00227547618468,0.00300723579116,0.338492697856
2023-01-04,0.00103112765184,-0.00246952934346,0.0103341619176,0.0343175074651,0.0195411774351,0.00369054999588,-0.00265942234404,0.129468497952
2023-01-05,0.0165385759951,-0.000400851420402,-0.000816296366969,-0.00417787694788,-0.00749630790033,0.00157512544637,0.0149634505488,0.777519462976
2023-01-06,-0.00292618183445,-0.00206350348194,0.00691748304534,0.0141982927407,0.0106873441962,0.00275017860458,-0.00567636043903,0.0130215432953
2023-01-07,0.00209391664799,-0.00234640906855,-0.000778307113711,-0.00424049605714,-0.0011719476975,0.00203537420822,5.8542439776e-05,0.223263878142
2023-01-08,0.00258963096417,0.000915009666461,0.0111491132506,0.0207407620279,0.0236583423643,0.00350999247326,-0.000920361509093,0.184283450723
2023-01-09,0.0185404515138,-0.000325850327648,0.00313107933958,0.0231149215203,0.0122911577272,0.00348705621634,0.0150533952974,0.771259660001
2023-01-10,0.00884983233381,-0.00169107424205,0.0149244942457,0.0113044558507,0.00853836197482,0.0017633419597,0.00708649037411,0.477368610524
2023-01-11,0.00489076877727,0.00128024605155,0.0285163947657,0.0397612295678,0.0176754720449,0.00203283945772,0.00285792931955,0.318622875798
2023-01-12,0.026404886491,0.000413012886497,0.0489461638056,0.0187358034282,0.0145391062142,-0.000722447942561,0.0271273344336,1.216767896
2023-01-13,0.00627394763466,0.000754341286264,0.0559204585641,0.0247900250327,0.0246952309687,-0.00043859078537,0.00671253842003,0.46394678035
2023-01-14,0.0506859321572,-0.00187288950175,0.050075502927,0.0656003847945,0.0317495668134,0.00184921768789,0.0488367144693,2.00799036978
2023-01-15,-0.000393542033482,0.00150733996519,-0.00387923004468,0.00180520940968,0.000404886095563,0.00262045586326,-0.00301399789674,0.0970515955866
2023-01-16,0.00861606048904,0.00109238479142,0.0148715315337,0.0154305296416,-0.00280573555874,0.00105706388825,0.00755899660079,0.486894094498
2023-01-17,0.000896968311974,-0.000416592754483,-0.00210946061574,-0.00696004264406,-0.00158452269186,0.00204651780324,-0.00114954949126,0.166345503189
2023-01-18,0.00326634867253,-0.00342165744092,-0.0217593056496,-0.0352681635829,-0.0320415927626,0.000772824429273,0.00249352424326,0.297988606593
2023-01-19,-0.0221102786433,-0.000651123220663,0.0187505495983,0.0257455869621,0.0177890139382,0.00252428958184,-0.0246345682251,-0.701177097325
2023-01-20,0.0155858236288,-0.000372440192532,0.073119315531,0.0673024008196,0.0436592569654,0.000642984408527,0.0149428392203,0.755680537644
2023-01-21,0.0445591202618,0.00119869087055,0.00438645924255,-0.0197806232539,-0.011432446238,0.000334308712979,0.0442248115488,1.82099571913
2023-01-22,-0.00291808087229,0.00217203486476,-0.00303496887528,0.000663305281692,0.00941815367768,0.0031715562285,-0.00608963710079,-0.0375148737261
2023-01-23,0.00210317741083,0.000504189764865,0.0089349639897,-0.000794191106826,0.0147374317171,0.00241073775639,-0.000307560345559,0.174367404401
2023-01-24,0.00563869003416,-0.00114822973568,-0.0125640527566,-0.0444203452698,-0.0261987588469,7.61839668186e-05,0.00556250606734,0.398536305489
2023-01-25,-0.0157706286782,-2.48329495776e-05,0.0190131191786,0.0354375894311,0.026478598249,0.00343117991581,-0.0192018085941,-0.537446101903
2023-01-26,0.0257437285266,0.00229737518167,-0.00251720526467,-0.00692672367387,0.00563923611004,0.0026171555305,0.0231265729961,1.06263072906
2023-01-27,-0.00626347894054,0.00112089843815,0.00233974036789,-0.00190987350446,0.0109398150811,0.00270842431326,-0.00897190325381,-0.1488242669
2023-01-28,0.0104048527024,-0.00126496613887,-0.00157957469197,-0.0160183869403,-0.00768149476771,0.00127617230835,0.00912868039403,0.531278380917
2023-01-29,-0.00329204652965,0.00106680817003,0.0306791094942,0.0450030387746,0.0250330855545,0.00253186452327,-0.00582391105292,-0.0358758253145
2023-01-30,0.0201677706343,-0.000343398715074,-0.0392291681453,-0.048840572292,-0.0350765796819,0.00175931995333,0.018408450681,0.883848206227
2023-01-31,-0.0316497028762,-0.00221122046445,0.0130375600436,0.0121009254724,0.0147950013028,0.00242271956286,-0.0340724224391,-1.10654196176
2023-02-01,0.010013105126,0.000357088845632,0.0255075072855,0.0344629451641,0.0201372977619,0.00233347382075,0.00767963130527,0.478966528331
2023-02-02,0.0357932245448,-0.000269055936549,-0.0101698740661,0.00112105379083,0.00149418778214,0.00326272149511,0.0325305030497,1.41821523143
2023-02-03,-0.00895898974841,0.0019938157318,-0.00249853507708,0.0122819740765,0.0215735661613,0.00436619324518,-0.0133251829936,-0.321737101654
2023-02-04,0.00431966186416,-0.00196645513153,-0.00442785480665,0.00201410487711,0.00261472974546,0.0028402562688,0.00147940559535,0.241281140291
2023-02-05,-0.00137687954517,0.000150145199381,-0.0165720868357,-0.0225273278906,-0.0204683976069,0.00152758336907,-0.00290446291424,0.0812590299813
2023-02-06,-0.00861232656261,0.000296271118888,-0.00792145295854,-0.00910636521068,-0.00856678210168,0.00200619475555,-0.0106185213182,-0.211134726657
2023-02-07,-0.00423736872611,-0.000696663371716,0.0208731447645,0.0343116394666,0.0339274764955,0.00377349800474,-0.00801086673086,-0.109502193562
2023-02-08,0.0243654799522,-0.00119369449275,-0.012355798103,-0.0126159098408,-0.0100608727478,0.00220136992872,0.0221641100235,1.04372191143
2023-02-09,-0.00978480017074,-0.00094689911985,-0.0519399139426,-0.0657262336237,-0.0546569225053,0.000987208515497,-0.0107720086862,-0.215001401415
2023-02-10,-0.0443499231908,-0.00104667256086,-0.00758527132122,-0.0208383517367,0.000386962031506,0.00228155506437,-0.0466314782552,-1.57559853036
2023-02-11,-0.00441978679811,9.1659254565e-05,0.0103604376314,0.016204108558,0.0121914924111,0.00260235248394,-0.00702213928205,-0.0669342530188
2023-02-12,0.0109488769782,-6.35455443749e-05,-0.00323975413702,-0.0148974273872,-0.00507245137281,0.00165573940745,0.0092931375707,0.552338033063
2023-02-13,-0.0051892437508,-0.000352419798329,-0.000691169157809,-0.00668368526429,-0.017571139606,0.00074640353049,-0.00593564728129,-0.0288838661251
2023-02-14,-0.00756840774537,0.000611746563692,0.0198671284596,0.0331688177616,0.0214206059591,0.00291145663632,-0.0104798643817,-0.202115511309
2023-02-15,0.017003820504,-0.000899692422106,0.0914762473423,0.0739150685026,0.0622146643392,0.000507806435901,0.0164960140681,0.826269434065
2023-02-16,0.0565776559055,-0.00279160362789,-0.0333557123106,-0.0221420648101,-0.0396591251612,0.00168067485269,0.0548969810528,2.28120041621
2023-02-17,-0.0181830664748,0.000525213972786,0.0434890246902,0.0333425004615,0.0375909115098,0.00191942959865,-0.0201024960735,-0.569064200591
2023-02-18,0.0264257768201,-0.000449815006675,0.00175777865066,-0.00175609254037,0.00434882094584,0.00228166700838,0.0241441098117,1.10705763988
2023-02-19,0.00601983658313,2.51170675121e-05,-0.014901226311,-0.00707388636586,0.00389023219562,0.00363095084988,0.00238888573326,0.277121872107
2023-02-20,-0.00574011723502,0.000345854312563,0.0228646550961,0.0142127381645,0.0154455767866,0.00162394083871,-0.00736405807373,-0.0940596763868
2023-02-21,0.013041801576,-0.00230493434383,-0.0147743324722,-0.0258332362428,-0.015087977801,0.00165782698753,0.0113839745885,0.616124407404
2023-02-22,-0.0206128180834,-0.00171949522784,-0.011223628695,-0.0101780647911,-0.00628380984563,0.00244790659685,-0.0230607246803,-0.695414224323
2023-02-23,-0.00504550953348,-0.00190284343221,-0.0100583231746,0.00448167905203,-0.00499330812202,0.00287577328763,-0.00792128282111,-0.117074461974
2023-02-24,0.000513365490583,-0.000590989003562,-0.0321696171718,-0.0262201001306,-0.0246585287667,0.00255266845305,-0.00203930296246,0.106795620448
2023-02-25,-0.0195960561246,-0.000558867589223,-0.00110328314112,-0.0082345410944,-0.00554520156797,0.00162338898348,-0.0212194451081,-0.621780357281
2023-02-26,-0.00553129400867,0.000884340882177,0.017196165537,0.0290376922623,0.0142079974124,0.00250357671451,-0.00803487072318,-0.116458486843
2023-02-27,0.0208460326713,-0.000526450059414,-0.00275993990657,-0.00492658404702,-0.00224228505081,0.00211947544592,0.0187265572253,0.902475375986
2023-02-28,0.000103851112311,-0.00219480284228,-0.0152220698899,-0.0175303359632,-0.015442142431,0.00192286542064,-0.00181901430833,0.116936333801
2023-03-01,-0.00648199372926,-0.000981479321844,0.0208248852003,0.0368087937347,0.0205371644481,0.0028671483952,-0.00934914212446,-0.163991884883
2023-03-02,0.0178954163826,-0.0013192298863,-0.00669986519629,-0.010422803398,-0.00859803159333,0.00185116991175,0.0160442464709,0.813541565576
2023-03-03,-0.00769735386801,0.00137924649588,-0.0480480500813,-0.0487720447731,-0.0284120381627,0.00306887347145,-0.0107662273395,-0.21858521853
2023-03-04,-0.0309646094575,0.000178691701979,-0.000839201040073,-0.00173417697579,-0.0124896890881,0.00128306960196,-0.0322476790595,-1.04738834771
2023-03-05,-0.00181733293302,0.000585771496596,0.00375990959166,-0.00136146380633,0.00743188030801,0.00233509657957,-0.00415242951259,0.0320503171737
2023-03-06,0.00163883256067,0.000516704752208,-0.000767142656189,0.00090376731614,-0.00204532061007,0.0021247096148,-0.000485877054127,0.175371796139
2023-03-07,-0.00134979566949,-0.00141573695464,-0.00961115216175,-0.00258304598975,-0.0074962184785,0.00243765515763,-0.00378745082712,0.0447307927552
2023-03-08,-0.00434399153941,0.000193669273227,-0.0225011471936,-0.0191575590673,-0.026927301308,0.00170249071446,-0.00604648225387,-0.0423344644648
2023-03-09,-0.0202936118405,-0.00068224366764,-0.0641579096758,-0.0642280153609,-0.0304969538756,0.00394272508808,-0.0242363369286,-0.742717064061
2023-03-10,-0.0490393346035,4.37572723833e-05,-0.012828135783,-0.00816943538328,0.00586031366584,0.00355105622727,-0.0525903908308,-1.82945977099
2023-03-11,-0.00944572369765,-0.00346720374029,0.0108271666943,0.0257070856953,-0.00561951973672,0.00153346401692,-0.0109791877146,-0.221435940408
2023-03-12,-0.0381526280254,-0.00453587753205,0.0729938434079,0.0764267826435,0.0514579920843,0.00150315649968,-0.039655784525,-1.32558537639
2023-03-13,0.0771676831855,0.00836940898514,0.0967827147492,0.0583237617186,0.024750929534,-0.0032108423444,0.0803785255299,3.25457063493
2023-03-14,0.0194098734159,-0.00877076201868,0.0221567871653,0.0137677154478,0.0191972826904,0.00195235288312,0.0174575205328,0.855498298428
2023-03-15,0.0095840054364,-0.0053668507867,-0.0165219640296,-0.0293363109424,-0.0385665470007,-1.43175419923e-05,0.00959832297839,0.557162687408
2023-03-16,-0.0248025736838,-0.00247867899337,0.0304612700238,0.0159250222104,0.0180939981715,0.00116683165215,-0.0259694053359,-0.792292573941
2023-03-17,-0.00214326252946,0.000142577145109,0.0915312282317,0.066066956214,0.0443984137127,-0.00104503260042,-0.00109822992905,0.156624617351
2023-03-18,0.0529770669086,0.000907061503437,-0.0182033647722,-0.0181505311727,-0.020085403159,0.00183846834192,0.0511385985667,2.12808494349
2023-03-19,-0.00385201994913,0.0001093093313,0.037947548924,0.0133457639562,0.0118336478486,-6.50286137409e-05,-0.00378699133538,0.051711632372
2023-03-20,0.00367225208335,-0.00122677066019,-0.00854776359186,-0.0268487413059,-0.0176612814638,0.000861127590586,0.00281112449276,0.301663737967
2023-03-21,-0.000413471087725,-0.000961499923317,0.0146823062506,0.0406514410279,0.0361155051025,0.00469860832528,-0.005112079413,-0.000223721173354
2023-03-22,0.0165099906577,0.00330047600252,-0.0287073015822,-0.0389146779026,-0.023596895064,0.00192846638426,0.0145815242735,0.749364600051
2023-03-23,-0.0171651116796,-0.0018541745371,0.0354291293994,0.0427648134105,0.0209516156479,0.00172411443878,-0.0188892261184,-0.519534873395
2023-03-24,0.0209646060606,0.00274642677424,-0.0305224939779,-0.0360439897617,-0.0305615654846,0.0016701067329,0.0192944993277,0.929347994672
2023-03-25,-0.0212895552613,-0.00046428204535,0.00118675486854,-0.00256623041885,-0.0106868087667,0.00120315245585,-0.0224927077172,-0.653793189764
2023-03-26,-0.00199630907993,0.000387731489745,0.0188647581055,0.0180009757578,0.016812620996,0.00220896220668,-0.00420527128661,0.039637458268
2023-03-27,0.00576414316168,-0.000174122680868,-0.0307981799764,-0.0338309982379,-0.0291620781407,0.00186522067186,0.00389892248982,0.348076118431
2023-03-28,-0.0192635213575,-0.00288935675376,0.00498944161426,0.0324771327523,0.0158544635831,0.00385879217475,-0.0231223135322,-0.67382823694
2023-03-29,0.0109977177325,-0.00289304374126,0.0394162701218,0.011802579967,0.024835038294,0.000709807038196,0.0102879106943,0.595030936865
2023-03-30,0.0133740115102,0.000193691857078,-0.0113613509817,8.48497337458e-06,-0.00573513448366,0.00280734232231,0.0105666691878,0.605747646425
2023-03-31,0.00296696446335,-0.00235176711011,0.0155333208593,0.0156934328279,0.00948506824515,0.00190862187239,0.00105834259096,0.244901052266
2023-04-01,0.00747908947845,-0.00251836621259,-0.000543441066572,-0.000485210557169,-0.00569548855234,0.00179347315302,0.00568561632544,0.41750073403
2023-04-02,-0.000819184796761,-0.000314666956964,-0.0100348815591,-0.014692953478,-0.00378684643233,0.00238590191105,-0.00320508670781,0.0823296135062
2023-04-03,-0.00942752290898,0.00112786976117,-0.0132021473604,0.00884751440936,-0.000466832319638,0.00363149552073,-0.0130590184297,-0.291831625904
2023-04-04,0.00235021256262,0.00433117553642,0.0136161178581,0.0332298128228,0.00566252037606,0.00233201648242,1.81960801975e-05,0.206820087437
2023-04-05,0.0247572313082,-0.00399014100828,-0.000529457149833,0.0195769185778,0.00730319016032,0.00335245911545,0.0214047721928,1.01712046975
2023-04-06,-0.00319672100066,-0.000722457175833,-0.00446116627032,-0.0218646946762,-0.0222758464247,0.0002927266091,-0.00348944760976,0.0682542450434
2023-04-07,-0.0036062666333,0.00167656916606,-0.00361477414353,-0.000672700361001,0.00569083340538,0.00291065193739,-0.0065169185707,-0.0510534903822
2023-04-08,-0.00561171144171,-0.000350840618058,0.000496862009525,-0.00873000168821,-0.0042343130486,0.0015568060714,-0.00716851751312,-0.0738204060817
2023-04-09,0.00148905643425,0.000186396485375,0.0128883726133,0.00467994471538,0.00497419759985,0.00149032196292,-1.26552866789e-06,0.197915162673
2023-04-10,0.00264056898371,-0.000259519647535,0.0459238149125,0.0275502791281,0.0121248667058,-0.000355249063245,0.00299581804696,0.31311021069
2023-04-11,0.0164622013162,-0.000166180638328,0.0190355143442,-0.0101259940657,0.00343209621441,0.000362263163546,0.0160999381527,0.810278324191
2023-04-12,-0.00372675606689,0.00033459706631,-0.0111342249529,0.0139530301687,-0.00288139430154,0.00341569631307,-0.00714245237996,-0.0826019537111
2023-04-13,0.000536493415581,-0.00195437404888,0.0161703360482,0.0479705677163,0.0176262036846,0.00341952439447,-0.00288303097889,0.0823329027717
2023-04-14,0.0436434420615,0.000162126310453,0.00305167606763,0.042181141681,0.013715954229,0.00417258535104,0.0394708567104,1.69968074284
2023-04-15,0.00262452667754,0.000506790581987,-0.00546803232462,-0.00344926120984,0.00496375021035,0.0029452814723,-0.000320754794752,0.175489419901
2023-04-16,0.00116843657075,0.000170827046642,0.000715918198464,0.0130891447535,0.0131578440465,0.00347311031093,-0.00230467374018,0.100253453711
2023-04-17,-0.00632289507983,-6.61382305118e-05,-0.0300282346143,-0.0220176670512,-0.0170776661574,0.00303885542694,-0.00936175050678,-0.168649075222
2023-04-18,-0.0149671315712,-0.00155144563132,0.0319461196388,0.0148397940005,0.0159686419795,0.00084019070178,-0.015807322273,-0.415761706327
2023-04-19,0.0134658243516,-0.00104748868003,-0.0536007761563,-0.084374277081,-0.0483529128658,0.00104449113976,0.0124213332119,0.666493194441
2023-04-20,-0.0458518378355,-0.000645042783454,-0.0189782858262,0.00514708439427,-0.0204886863606,0.0025810444456,-0.0484328822811,-1.65369132158
2023-04-21,-0.0107067131035,-0.000775166797503,-0.0356515427951,-0.0500821286605,-0.0255228960268,0.00209405231679,-0.0128007654203,-0.292215482623
2023-04-22,-0.0323411761759,-0.00931569393356,0.0200590532164,0.0137467801099,0.018704917181,0.00210976156453,-0.0344509377404,-1.11612684354
2023-04-23,0.00174543960431,0.00608468332994,-0.00809071319241,-0.00623075373996,-0.00715487380781,0.00221228937441,-0.000466849770097,0.1791425417
2023-04-24,-0.000666041131897,0.00036347301911,-0.00319170822623,-0.0112919455146,-0.00377467110753,0.00185524956538,-0.00252129069728,0.100550347711
2023-04-25,-0.00962438299581,-0.000235941433463,0.0288003020286,0.0135211366164,0.0141440926945,0.000957566800583,-0.0105819497964,-0.206563147634
2023-04-26,0.0124234772734,-0.000653069638819,0.00392928491432,-0.00060570031664,-0.0135659983986,0.000796100886966,0.0116273763864,0.6417135172
2023-04-27,0.0130245870283,-0.000104716963126,0.0366557571484,0.0233881268624,0.0079267082587,6.89024992787e-05,0.012955684529,0.688080567204
2023-04-28,0.000922276498308,-0.00241235131504,-0.00571621754271,-0.0097989231627,-0.00106314369238,0.00233360266508,-0.00141132616678,0.140401746465
2023-04-29,-0.00653092080565,-0.000358421784952,-0.0028971922908,0.00860816298726,-0.00124693651591,0.00261242659203,-0.00914334739768,-0.154859041224
2023-04-30,0.00459723042409,0.000167795579273,-0.000416584249912,-0.0207702893823,0.000721035967452,0.00164424200537,0.00295298841872,0.305170640207
2023-05-01,-0.00832145967801,0.000181097985291,-0.0403797590493,-0.0207675136658,-0.0158637644571,0.00412456930832,-0.0124460289863,-0.287417470827
2023-05-02,-0.0235601036474,0.00303359415358,0.0200902158222,0.0198942420521,0.00459097215114,0.00125253122459,-0.024812634872,-0.757579362121
2023-05-03,0.012299123017,-0.00110637913058,0.0134243504108,0.0195391330719,0.00827636189717,0.00213058784405,0.0101685351729,0.582461574678
2023-05-04,0.015247970478,-0.00203040627886,-0.00579510823201,-0.0145882842129,-0.00985730142476,0.00154940987838,0.0136985605996,0.715377608033
2023-05-05,-0.00357176847965,-0.000398933773376,0.0214763450127,0.0588290045287,0.0122534488636,0.0028589858077,-0.00643075428734,-0.0520644410455
2023-05-06,0.033629754365,0.00212723949144,-0.0284430186116,-0.056343925803,-0.0187407190464,0.00173748875466,0.0318922656103,1.41241707736
2023-05-07,-0.0263776117493,8.37565932059e-05,-0.0125192412118,-0.0131054406409,-0.00245221567456,0.00276199929787,-0.0291396110472,-0.929430552799
2023-05-08,-0.00981158622149,2.65461602673e-05,-0.0229446033164,-0.00511653769312,-0.031730416718,0.00181209507515,-0.0116236812966,-0.260967908523
2023-05-09,-0.0263650552265,-0.000385088066881,-0.00161137872132,0.000262438994339,0.00334432654421,0.00258044791977,-0.0289455031463,-0.928856629631
2023-05-10,0.00320989360289,-0.000589376915823,-0.00244625046356,-0.00595734804745,0.0120593075132,0.00311242738674,9.7466216155e-05,0.181588177899
2023-05-11,-0.00552764943056,0.000718695363979,-0.0204914403983,-0.0228222173556,-0.0227594742211,0.00171303606991,-0.00724068550048,-0.113713217331
2023-05-12,-0.0166514059067,-0.00109380479172,-0.00705494250615,0.00749548657199,0.00714695613464,0.00358208376078,-0.0202334896675,-0.695967420193
2023-05-13,0.00114024712298,-2.79447770701e-05,-0.000525090978035,-0.0073431716066,-0.0141298499439,0.000964567874521,0.000175679248462,0.170060608222
2023-05-14,-0.00171433478771,4.3108111619e-05,0.00554871846574,0.0021609792406,0.00182306315499,0.00186236319178,-0.00357669797949,0.0025746283649
2023-05-15,-0.00116540292713,-0.000145417451535,0.00901802067555,0.00947184133059,0.0049828373483,0.00199350570107,-0.0031589086282,0.0218762087843
2023-05-16,0.0110567781988,-0.00103344480982,-0.00471480569763,0.0049230075712,0.00286583157146,0.00297278438348,0.00808399381536,0.530036987469
2023-05-17,0.00097590544587,-0.000623983954743,0.0139653212052,-0.00101535424681,0.00522101464167,0.00123750637949,-0.00026160093362,0.149985934928
2023-05-18,0.00262731345615,-0.00126428740135,-0.0216189445096,-0.0119801293807,-0.00634407517288,0.00335209002255,-0.000724776566406,0.13189301273
2023-05-19,-0.00594565067287,0.000810802169635,0.00210410899652,0.00634447822613,0.00408913701471,0.0024740325921,-0.00841968326497,-0.222552416684
2023-05-20,0.00204493414572,-0.000944693090634,0.0078993888138,0.00341996880804,0.00353287423347,0.00180839084957,0.000236543296151,0.174831474119
2023-05-21,0.0101104442871,-7.31823860392e-05,-0.013373791514,-0.00756069440826,-0.0159104238571,0.00201696137345,0.00809348291366,0.529497068792
2023-05-22,-0.00919716018349,5.4495475112e-05,0.00417209463641,0.00675538286551,0.00286430369772,0.00220467055941,-0.0114018307429,-0.358551509388
2023-05-23,0.00767462672375,-0.00096250031584,0.0139023735298,0.0201636070201,0.00671296495652,0.00198998025611,0.00568464646764,0.426118436334
2023-05-24,0.0120083726223,-0.00126969400565,-0.033533048392,-0.0296152412316,-0.0212116992719,0.00283064855397,0.00917772406835,0.583248776213
2023-05-25,-0.0279644906224,-0.00212408179588,0.0054601735232,0.00290082661826,-0.000687895400322,0.00170793246719,-0.0296724230896,-1.18943277145
2023-05-26,0.0008935190443,-0.000667021571825,0.00900704494314,0.0125971790717,0.00656244515072,0.00220479614461,-0.00131127710031,0.107801260672
2023-05-27,0.00642468588201,0.000221822020819,0.0059574710814,0.00133752279956,0.00360072715972,0.00193063167766,0.00449405420434,0.368834724415
2023-05-28,0.00620975062562,-8.78626438521e-05,0.043957650981,0.0422083230357,0.0165257311247,0.00059160994644,0.00561814067918,0.417318890677
2023-05-29,0.0242787371978,-0.000145796826398,-0.012051845171,-0.00869231914328,-0.00400807959276,0.0027368450601,0.0215418921377,1.14704903355
2023-05-30,-0.0113156013356,0.000455256156556,-0.00146310523141,0.00414915945155,0.00692614705167,0.00294730053132,-0.0142629018669,-0.494980556191
2023-05-31,-0.000838817274534,-0.000439356490983,-0.0175190435348,-0.014225250637,-0.0132236155131,0.00239832960282,-0.00323714687735,0.0176975579228
2023-06-01,-0.0277067337975,-0.00137293911342,-0.0148774772921,-0.00659247156142,-0.00155957509475,0.00324196760362,-0.0309487014011,-1.25856218302
2023-06-02,-0.00263624464252,0.000390069717287,0.0161073072104,0.0241838790076,0.0158670828654,0.00258063975594,-0.00521688439846,-0.0752587172361
2023-06-03,0.0180792747119,-0.000734794970317,-0.00640307714776,-0.0075828796799,-0.00138484627547,0.00244016306646,0.0156391116455,0.888687903522
2023-06-04,-0.00457822452649,1.20590940398e-05,0.00188884427014,-0.00108138405486,0.000505886150929,0.00200686685507,-0.00658509138157,-0.142369472677
2023-06-05,-0.0010947158249,7.8223855855e-05,-0.0526976674845,-0.0432306850869,-0.045024348686,0.00244299879751,-0.00353771462241,-0.00150924742906
2023-06-06,-0.0376203059551,-0.000538705847998,0.0570593504955,0.0401964628223,0.0144905307145,-0.000832195499965,-0.0367881104551,-1.53260704887
2023-06-07,0.0257305888841,-0.00136028704771,-0.0172791311475,-0.00101128924457,-0.0327058507209,0.00133897915132,0.0243916097327,1.28837300275
2023-06-08,-0.027057951354,-0.00189652162375,-0.00975510528566,-0.0191049187722,0.00404804812283,0.0028042011027,-0.0298621524567,-1.20687676051
2023-06-09,0.0016270781608,-0.000860383683172,-0.00166911233426,-0.00424865559856,-0.00924498419679,0.00152323273314,0.000103845427661,0.170705508922
2023-06-10,-0.0123904105674,-0.00257951788628,-0.0233192155637,-0.048194997024,-0.0628613476435,-0.00174057068284,-0.0106498398846,-0.323842315658
2023-06-11,-0.043273385301,0.000611270155151,0.0031872700648,0.000487310380707,-0.000966692928287,0.00182535129072,-0.0450987365917,-1.90450480385
2023-06-12,-3.13506774532e-05,2.28695979381e-05,0.00256420575139,-0.00015207334935,-3.78322411265e-06,0.00193473147147,-0.00196608214892,0.0715071504018
2023-06-13,-0.00596350525239,-0.00119827006539,-0.00255298342975,-0.00712284595475,0.00824476097936,0.00280641201914,-0.00876991727152,-0.249362796342
2023-06-14,0.00493385971408,-0.00148158954755,-0.0310848440165,-0.0517758647569,-0.0196938041127,0.00204934755877,0.0028845121553,0.291024480282
2023-06-15,-0.0344374674366,-0.00137626181781,0.0167879322013,0.00731869256398,0.000404666978547,0.00087204319562,-0.0353095106322,-1.60005508483
2023-06-16,-0.00122809316658,0.00736253795283,0.0289250210319,0.0304487729863,0.0107372107464,0.00120414198562,-0.0024322351522,0.027003410811
2023-06-17,0.0179805168816,0.0008629392557,0.00683011952607,0.00602584738019,0.0106583702537,0.00251041338791,0.0154701034937,0.915818079677
2023-06-18,0.00726356811407,-0.00299256743116,-0.006416437514,-0.00395009454525,-0.00510528024332,0.00227670040445,0.00498686770962,0.389250918822
2023-06-19,-0.00196693174414,-1.2406519069e-05,0.0189548185025,0.00939306805654,0.00393173467039,0.000993410205397,-0.00296034194953,-0.0181819750752
2023-06-20,0.00637293569398,0.00141748799257,0.0531386037915,0.0315086341471,0.0163215337295,-0.000595466336535,0.00696840203052,0.492454459058
2023-06-21,0.0297790836885,0.000859912359964,0.0580943591138,0.0527898565993,0.0214423575862,-3.7558303029e-05,0.0298166419916,1.65113187929
2023-06-22,0.0349453316392,-0.00104656215086,0.000536954577287,-0.00559204321687,-0.00537377558599,0.00156354634373,0.0333817852955,1.82063159719
2023-06-23,-0.01109061938,0.000556015748359,0.0237442882563,0.00875882738948,0.0185701513565,0.00160854187845,-0.0126991612585,-0.5145260144
2023-06-24,0.00558499529066,3.59162244514e-05,-0.00647394438574,-0.0102873046377,-0.0085563167009,0.00183739081742,0.00374760447324,0.322478282172
2023-06-25,-0.00474852407249,0.000164099483325,0.0188455862925,0.0204302824388,0.00705024698308,0.00156499639379,-0.00631352046628,-0.185242687281
2023-06-26,0.0076131212296,-8.97660587995e-06,-0.0278457330024,-0.0295805516284,-0.00981285331571,0.00314421242848,0.00446890880111,0.363043134206
2023-06-27,-0.00868145352343,-0.00104656297962,0.0164391401575,0.017856896233,0.00749749925482,0.00174343455249,-0.0104248880759,-0.396137327482
2023-06-28,0.0028913074432,-0.00142628577806,-0.0042286366064,-0.0342343781882,-0.0275373405979,-0.000488126526504,0.0033794339697,0.30493072034
2023-06-29,-0.0191153269768,-0.00111773418862,-0.00445410301749,0.0149712820949,0.0120343065266,0.00392581953684,-0.0230411465137,-1.03997106403
2023-06-30,0.0109921024866,-0.00102251808056,0.0032162401137,0.0451801072161,0.0282926683299,0.00532076891686,0.00567133356978,0.41894875202
2023-07-01,0.0248843314537,-0.00524488446837,0.00216534177795,-0.00755314521892,0.00918273626123,0.00242552871723,0.0224588027365,1.26654528013
2023-07-02,-0.00178299879255,0.000184710846018,0.0282256019658,0.0432716938175,0.0031985978279,0.00109941912793,-0.00288241792048,-0.0217215566565
2023-07-03,0.00337720926736,2.76249141358e-05,-0.000499781636632,-0.0181492795858,0.00539305090166,0.00207474555605,0.00130246371131,0.193653189033
2023-07-04,0.00535873895754,0.00160679501823,-0.0245324402368,-0.0207260838553,-0.00764748002329,0.00326300068567,0.00209573827187,0.234169450745
2023-07-05,-0.00707505808087,0.0007203463949,-0.00888100271054,-0.0137334967254,-0.012226540906,0.001686481139,-0.00876153921987,-0.314600769489
2023-07-06,-0.011624692997,-0.00111711483331,-0.0197505140689,-0.0340502540225,-0.0191036951325,0.00157598310116,-0.0132006760982,-0.539037415352
2023-07-07,-0.0216486830258,-0.00320307027161,-0.00314597642236,-0.00211279167209,0.0120644698644,0.0032932108743,-0.0249418939001,-1.13186547189
2023-07-08,0.00990444296252,-0.00127848472392,0.016168056948,0.012714204317,0.000604572446797,0.00110640259424,0.00879804036828,0.588803584977
2023-07-09,0.00120838532006,0.000842107719748,-0.0485247275033,-0.0473656165503,-0.00364710875676,0.00497870292758,-0.00377031760752,-0.0524687604608
2023-07-10,-0.00199713416893,-5.213491578e-05,0.0509687483053,0.0531423978975,0.00968246724495,-0.000232848666793,-0.00176428550214,0.0500604846445
2023-07-11,0.00266687807466,-0.00132875872412,0.00314557569744,-0.00996816184501,0.00361123155058,0.00185190854473,0.000814969529922,0.178502117018
2023-07-12,0.00314009167814,-0.00118781194765,-0.038575356165,-0.0166806603807,-0.00250907271903,0.00506360740085,-0.00192351572272,0.034466866665
2023-07-13,-0.004802982554,-0.00126167014493,0.0341967856369,0.0526791966145,0.102053391541,0.00810771436382,-0.0129106969178,-0.530851817608
2023-07-14,0.0387818165165,0.00131008394944,-0.00314994105846,0.00386823063576,-0.032495062178,0.000192581507483,0.038589235009,2.09892452754
2023-07-15,-0.0237309051421,0.000196879847778,-0.00381198856788,-0.010649291425,0.00275128723639,0.00241251554478,-0.0261434206868,-1.20048323947
2023-07-16,0.00348211422236,0.000329626604255,-0.00305215666806,-0.0378891277582,-0.0065986521146,0.000834694611219,0.00264741961114,0.269856568133
2023-07-17,-0.00565525277271,0.000147299812799,0.00265043282195,0.0335895135248,0.000724688150289,0.00299489984775,-0.00865015262046,-0.303435440228
2023-07-18,-0.00251454137042,-0.00138773592094,-0.0109920099985,-0.00764002555395,-0.00560552395546,0.00255270715642,-0.00506724852685,-0.120472593159
2023-07-19,-0.00792521413279,-0.000814479893556,0.00451772285458,-0.00075676555201,0.0118825211761,0.00261078215886,-0.0105359962916,-0.395965664318
2023-07-20,-0.00618724861139,-0.00166486198001,-0.0117758199465,-0.00426134248034,0.000781796562148,0.00319717648942,-0.00938442510081,-0.33454589065
2023-07-21,0.000516357424612,-0.000541501448726,0.00960580543336,0.0042306745662,0.00116649438241,0.00150048812285,-0.000984130698236,0.0992157695105
2023-07-22,0.0012676119084,-0.00124019895049,-0.00166984218881,-0.0115521053534,-0.014281496772,0.000932876831061,0.000334735077343,0.16936775576
2023-07-23,-0.0120943917908,-0.000702307691448,0.0115528150361,0.0137658272463,0.00660179793951,0.00200704500906,-0.0141014367998,-0.57910414503
2023-07-24,0.00754141715992,-0.000129935673609,-0.0325469033883,-0.0229263953682,-0.0216270314606,0.00290984829461,0.00463156886531,0.392701642669
2023-07-25,-0.020601033161,-0.001370328672,0.00172061314081,0.00413632552259,0.00218510726773,0.00230296846049,-0.0229040016214,-1.03141393768
2023-07-26,-0.000675779525139,-0.000803843219408,0.00459678245421,0.00882709939919,0.00579643772867,0.00244351453952,-0.00311929406466,-0.0112911485276
2023-07-27,0.0051097972583,-0.000962483600947,-0.00439260822035,-0.0115892806812,0.00146287136836,0.00234316551438,0.00276663174393,0.295088126352
2023-07-28,-0.000689901331395,-0.00063118406181,0.00345413177359,0.0134834598873,0.00105350191872,0.00234013700818,-0.00303003833957,-0.000582235254657
2023-07-29,0.00692768329784,-0.00139405179999,0.00173907827993,0.00373131834113,0.00775426923576,0.00269912709261,0.00422855620522,0.385768070267
2023-07-30,0.00709363884217,0.00231689723091,-0.00362792739832,-0.012138744488,-0.00843977740317,0.00152670827861,0.00556693056356,0.454305519019
2023-07-31,-0.0532603660659,-0.00108945655887,-0.00164202288424,-0.00255225560775,-0.00638248814825,0.00178248981606,-0.055042855882,-2.71239486274
2023-08-01,-0.0166609484687,-0.000533163287571,0.0174117814927,0.0109362670575,0.00740597588347,0.00143852608863,-0.0180994745573,-0.777984308829
2023-08-02,-0.00922132608003,-0.00197331810234,-0.0188353968373,-0.0197034939222,-0.0200255016938,0.00185472354103,-0.0110760496211,-0.41110719083
2023-08-03,-0.0108744552658,-0.0011799964302,-0.000676945821752,-0.00363571529612,-0.0112299641626,0.00130361858599,-0.0121780738518,-0.470338269662
2023-08-04,0.011346726764,-0.00170195930114,-0.00188057824902,-0.00145904340098,-0.00671637214844,0.00181287131255,0.00953385545144,0.66491749698
2023-08-05,-0.00120747580647,-0.00111564090992,-0.00089145961287,0.00307254962935,0.00301768950235,0.00257421255379,-0.00378168836026,-0.0295286815461
2023-08-06,0.00301136511011,-4.94608595716e-05,-0.00163759910886,-0.00336938259351,-0.00170401387854,0.00210197804594,0.000909387064175,0.218438854934
2023-08-07,0.00193774654479,0.000200605487194,0.00510306337749,-0.000446629063748,-0.000537830700846,0.00165140763491,0.000286338909873,0.184171995081
2023-08-08,0.00784823926255,-0.00155842091456,0.0197245667368,0.0144022005835,0.0107179327736,0.00157238230791,0.00627585695464,0.499901953149
2023-08-09,0.0122970748835,0.000909885872158,-0.0064555773505,-0.000676595357576,0.00116164583703,0.00284017212805,0.00945690275542,0.66536757621
2023-08-10,0.000136864579645,0.0176711384186,-0.00501678514297,-0.00162252912432,-0.00468416042652,0.00224805583107,-0.00211119125143,0.054623253568
2023-08-11,0.00683267433758,-0.00165395762343,-0.00110583899754,-0.00315384539258,-0.00123753008839,0.00209355384849,0.00473912048909,0.423635362012
2023-08-12,0.00374638085988,-0.00154161306688,-0.00179516522616,-0.000805077194165,0.000338927959532,0.0023440911774,0.00140228968248,0.24575995598
2023-08-13,0.000469484628987,0.000663618758853,-0.00238693763465,-0.00323205422931,0.0110357376505,0.00311351272894,-0.00264402809995,0.0323403412473
2023-08-14,-0.00317498358366,2.53987197993e-05,0.0046958516993,0.00258352327223,0.00404909398424,0.00211795785847,-0.00529294144214,-0.107239138547
2023-08-15,0.000230543706312,-0.00320599598696,-0.00847225086971,-0.00922924080732,-0.0210155545292,0.00113693619328,-0.000906392486972,0.123285197398
2023-08-16,-0.013869247272,-0.0022183260246,-0.0156993621054,-0.00997005743269,-0.0129496313947,0.00237790762559,-0.0162471548975,-0.690221605739
2023-08-17,-0.0226230593151,-0.00130140408695,-0.0754327170412,-0.0729816839449,-0.0428588447544,0.0038136058721,-0.0264366651872,-1.22420759231
2023-08-18,-0.0428173898377,-0.00118693597865,-0.0214353480308,-0.0115155666374,0.0122016451773,0.00471453819449,-0.0475319280322,-2.32192010133
2023-08-19,-0.00858660958872,-0.00291875050068,0.00136036559046,0.0045278668155,0.00773370667841,0.00275663917702,-0.0113432487657,-0.419296107017
2023-08-20,0.00417796744402,0.0015505967755,0.00348267418958,0.00915691121235,0.00563027456673,0.00254438443625,0.00163358300777,0.258109299245
2023-08-21,-0.00453179321964,0.000381169077109,-0.00232941754194,-0.0105831172514,-0.00719377318732,0.00154495592001,-0.00607674913965,-0.151617648165
2023-08-22,-0.00476650715991,0.00860922385607,-0.00357750559933,-0.0201865983324,-0.00548529635515,0.00149759351735,-0.00626410067726,-0.159056628339
2023-08-23,-0.0128364417815,-0.000540898690943,0.0150180176791,0.0271539575835,0.0161553677811,0.00279205679367,-0.0156284985752,-0.654439715428
2023-08-24,0.019116238216,-7.09046383847e-05,-0.00888120596598,-0.0102355276267,-0.00809590445819,0.00209580503982,0.0170204331762,1.07544060428
2023-08-25,-0.00721155153041,0.00077716462863,-0.00494668697926,-0.00415782934425,-0.00208620801425,0.00235661582629,-0.0095681673567,-0.333014658902
2023-08-26,-0.00537135454026,0.000303365000388,-0.00221999176412,-0.00538144794613,-0.00122711718672,0.00213053424191,-0.00750188878217,-0.221576406804
2023-08-27,-0.000973191081027,0.000509085583776,0.00310246038568,0.00679576441283,0.00388316873088,0.00237997019919,-0.00335316128022,-0.00852616878709
2023-08-28,0.00611393843732,0.000647626740218,0.000491134558516,-0.00333070806563,-7.99668456466e-05,0.00202555503322,0.0040883834041,0.387861015356
2023-08-29,0.000223188443986,0.000401383494395,0.0597864457977,0.0453626496139,0.0257638499319,-9.9410936016e-05,0.000322599380002,0.183341423188
2023-08-30,0.0299984042645,0.00316924854256,-0.0145047307666,-0.0137195250188,-0.0126911560975,0.00217355667125,0.0278248475932,1.65593598818
2023-08-31,-0.01309840275,0.00113696147281,-0.0517843730504,-0.0356866233973,-0.0210190201367,0.00435270465845,-0.0174511074084,-0.766356763039
2023-09-01,-0.0228931317306,0.000712858205485,-0.0052096872708,-0.0100308756279,-0.0043219122777,0.00203977748862,-0.0249329092192,-1.16240902522
2023-09-02,-0.00420600648278,-0.00109399455911,0.00264787635982,0.00470064954625,0.000484714282202,0.00210885740549,-0.00631486388827,-0.165821047279
2023-09-03,0.00258600236318,5.67649606893e-05,0.00450486980797,-1.52286174906e-05,0.000564809858382,0.00180096801665,0.000785034346535,0.212828287462
2023-09-04,0.00240414242046,0.000329611979119,-0.00585213109893,-0.0034734565468,0.00142626963456,0.00271967116559,-0.000315528745126,0.152990681586
2023-09-05,-0.00459132125453,-0.00167835391808,-0.00165739226559,0.00198296519034,0.000376584801423,0.00241793231425,-0.00700925356878,-0.20438628339
2023-09-06,0.00626990014292,-0.00347498367974,-0.0014635968497,-0.00105936998256,-1.42158801175e-05,0.00227973446275,0.00399016568017,0.384640134945
2023-09-07,-0.00325541571756,-0.000915933834928,0.0195888001501,0.00912206221015,0.00433894556871,0.000956525164537,-0.00421194088209,-0.0606713638236
2023-09-08,0.00990186343731,-0.00188914666093,-0.0135322356775,-0.00669408134704,-0.00533348175451,0.00283645227229,0.00706541116502,0.548718480609
2023-09-09,-0.00803388062357,0.00106961639876,-0.000337243714135,-0.000680781381605,-0.000669695732508,0.00213853421004,-0.0101724148336,-0.378918880795
2023-09-10,-0.00174970221253,0.000413963460876,-0.00270004191828,-0.0114585535359,-0.013154749727,0.00111406590964,-0.00286376812217,0.0190453470458
2023-09-11,-0.00701258516238,0.000583884638829,-0.0263549606862,-0.0412227628426,-0.0200905587865,0.00189936156483,-0.00891194672721,-0.305213079276
2023-09-12,-0.0296374212468,-0.000914747135408,0.0268680220315,0.0264508250014,0.00961429357871,0.00119177349955,-0.0308291947463,-1.48392565648
2023-09-13,0.0186887988391,0.000739584969295,0.0146252204744,0.00932202632713,0.00760546972424,0.00166276707513,0.0170260317639,1.09243064636
2023-09-14,0.00889170415802,0.00034637615045,0.0115772431136,0.0115311018024,0.00717876845725,0.0019800715156,0.00691163264241,0.54415872581
2023-09-15,0.00796988820319,-0.000270806569183,0.00242999301426,0.00876776133792,0.0116680199231,0.00307472923181,0.00489515897138,0.430920711578
2023-09-16,0.0304394371716,-0.00186933335349,-0.000975664624676,-0.0037575995602,0.00472169738355,0.00250211004271,0.0279373271288,1.67740216621
2023-09-17,-0.00572150763426,0.000604828695757,-0.00128954844737,-0.00728185342135,-0.0094470716076,0.00138199850821,-0.00710350614246,-0.229574213944
2023-09-18,-0.0052206279946,0.000288355272311,0.00839951227976,0.00790127159185,0.00982596878622,0.00236015867651,-0.00758078667111,-0.252781139117
2023-09-19,0.0056638139694,-0.000195207779523,0.0170431619336,0.0047105042356,0.0100974408767,0.00148364254928,0.00418017142012,0.384203049629
2023-09-20,0.00574693437315,-9.23938885613e-05,-0.0034829231788,-0.0131077448963,-0.00286185660728,0.00189483412225,0.0038521002509,0.366272034531
2023-09-21,-0.0079071448883,0.000723652575243,-0.0206920005768,-0.0237036643799,-0.0134294815644,0.0023920578381,-0.0102992027264,-0.406741497069
2023-09-22,-0.0185190523675,0.000304784682967,0.000509712567602,0.0056814898367,0.00300428218362,0.0025218940303,-0.0210409463978,-0.994818063516
2023-09-23,0.00496450482017,-0.000532230408844,-4.87924773953e-05,0.000333772671045,4.04215058545e-05,0.00219460757397,0.00276989724621,0.312957417125
2023-09-24,-0.00209597226036,0.00035053013432,-0.0119471282489,-0.00706155310599,-0.0093357220724,0.00238391529845,-0.00447988755881,-0.0844803004398
2023-09-25,-0.0101405824342,4.32747732368e-05,0.00126672394762,0.00419040789474,0.00509226540003,0.00256068161798,-0.0127012640521,-0.534796903068
2023-09-26,0.0058154670078,-0.00174740245837,-0.0032547833899,0.00270916015603,-0.00313860490611,0.00232889939576,0.00348656761204,0.352752282894
2023-09-27,0.000534202528634,-0.00074041954969,0.00556651246259,0.00273161795893,0.0014704158525,0.00185190798018,-0.00131770545154,0.0911191236306
2023-09-28,0.000226381918981,-0.00130177738084,0.0250544837866,0.0338997886969,0.013297297322,0.00185488416624,-0.00162850224726,0.0740185910077
2023-09-29,0.0190797271334,0.0013245348803,-0.00442028885436,0.00862108987415,0.00401512436371,0.00314131805543,0.015938409078,1.03600049269
2023-09-30,0.00276477630605,-0.00283049165506,0.00200522743319,0.00202515883899,0.00163081175912,0.00217231898646,0.000592457319589,0.193300762566
2023-10-01,0.000191949753518,0.00042713561195,0.037817082282,0.037499046652,0.0180681954197,0.0011323166602,-0.000940366906683,0.108791420724
2023-10-02,0.0245567553375,0.000250885541121,-0.018035163109,-0.0422193653845,-0.015791990317,0.00141532003558,0.0231414353019,1.42409375587
2023-10-03,-0.0226586417595,0.00144095930306,-0.00247758176684,-0.00304339188333,0.00135858226761,0.00241507094289,-0.0250737127024,-1.21100761919
2023-10-04,-0.007615712693,-0.00121336961409,0.0126501932738,-0.00678429460596,-0.00147667048657,0.000692718462569,-0.00830843115557,-0.291865731425
2023-10-05,0.00475020395398,-0.000912220667697,-0.0133347449714,-0.0212328275126,-0.00678259477528,0.00227432458194,0.00247587937204,0.298753817677
2023-10-06,-0.00930523295377,0.0002491406768,0.0192507718992,0.020924385973,0.0089676516258,0.00168349956188,-0.0109887325156,-0.436399274983
2023-10-07,0.0102044963227,0.00231268044645,0.00110149481445,-0.00685205399575,-0.00146006996957,0.00176153241979,0.00844296390287,0.624065801957
2023-10-08,-0.00193500034232,0.000578043833034,-0.00148995398104,-0.000544831095358,-0.00342679967632,0.00204638466917,-0.00398138501148,-0.0566041451677
2023-10-09,-0.0052554701785,0.000192573533237,-0.0112489169648,-0.0322749104754,-0.0206546821167,0.00072775729423,-0.00598322747273,-0.166282272978
2023-10-10,-0.0199440981194,-0.000114646085308,-0.00839926282241,-0.00917159202343,-0.00051870172658,0.00264105200694,-0.0225851501264,-1.069295598
2023-10-11,-0.0166545359568,-0.0013119187311,-0.0187880882228,-0.000184698692527,-0.00680871936277,0.0034103449502,-0.020064880907,-0.930306195108
2023-10-12,-0.00859842108409,-0.00172539345832,-0.00475086540461,-0.0177163763395,-0.00677248650734,0.00158576861883,-0.0101841897029,-0.389774282494
2023-10-13,-0.0149634433683,-0.0012698506115,0.00416360655784,0.00808159585765,0.00495824589619,0.00239950517764,-0.0173629485459,-0.779354295466
2023-10-14,0.0151070145198,-0.000375301488859,-0.000292719321415,0.00195634863833,0.00359818570767,0.00252793744123,0.0125790770785,0.849048680572
2023-10-15,0.00117449245749,0.00033601958647,0.0116967979855,0.00197664615405,0.00427693238025,0.0014680652593,-0.000293572801809,0.147274328613
2023-10-16,0.000913825829649,0.000634164800925,0.0482577353764,0.0266026517633,0.0117381622467,-0.000628379356302,0.00154220518595,0.24628030264
2023-10-17,0.017143180131,0.000763674967256,-0.0038049759466,-0.0218395306827,-0.00823462622295,0.00126653467114,0.0158766454599,1.02470404161
2023-10-18,-0.0113561447968,0.00108632433215,-0.0028215005614,-0.00098289689389,-0.00418367358587,0.00210081261505,-0.0134569574119,-0.568914082635
2023-10-19,-0.00934764569942,0.00106437549032,0.0136010528253,0.00155524550146,0.00972052111444,0.00167982529793,-0.0110274709974,-0.436485720211
2023-10-20,0.00650592887001,0.00547447530795,0.0325427712865,0.0235606580324,0.0133786754899,0.000856448248464,0.00564948062154,0.468249926216
2023-10-21,0.0167850148253,-0.00143770956024,0.00805952951846,0.0156202392419,0.0187461300362,0.00328050988581,0.0135045049395,0.891152725894
2023-10-22,0.0175711543624,5.25035619923e-05,0.00306809608083,0.0209863360209,0.00943597367829,0.00321866729497,0.0143524870674,0.933769585028
2023-10-23,0.016945744596,0.000245421095279,0.0971877843981,0.0588592342214,0.0338534373218,-0.00256205971293,0.0195078043089,1.2084716496
2023-10-24,0.0524832657336,-0.000130907434187,0.025749353734,0.0115091311082,-0.00175613361389,8.94494937648e-06,0.0524743207842,2.957490302
2023-10-25,-0.0027615470257,-0.00363559759018,0.0169270936498,0.00127333449816,0.00666536287199,0.00113834914706,-0.00389989617275,-0.0670628373227
2023-10-26,0.0104918064904,0.00188851437778,-0.00980123131555,0.00917703868338,0.00265477472878,0.00355625167174,0.00693555481871,0.519750390069
2023-10-27,-0.000523078861427,0.000691040255621,-0.00770860158635,-0.0133481313927,-0.00720061732436,0.00195953017276,-0.00248260903418,0.0159479515946
2023-10-28,-0.00827809240146,-0.00115369331337,0.0055025238389,-0.0018496220394,0.00648661152454,0.00208942150304,-0.0103675139045,-0.410686379492
2023-10-29,0.0117392754226,9.57551013308e-05,0.012980018327,0.0107602082921,0.0122135996091,0.00219767378289,0.00954160163976,0.663862510141
2023-10-30,0.00983277756559,0.000305882313274,-0.00144900010033,0.00706689906314,0.0126691670906,0.00345656986431,0.00637620770128,0.494501364652
2023-10-31,0.0151670458357,-0.0013309387537,0.00466539887278,0.00360364008992,0.00309041496882,0.00208086490616,0.0130861809295,0.853031256717
2023-11-01,-0.00784142484202,0.000153494375105,0.0217529037633,0.0170768704657,0.0181047498842,0.00200881653341,-0.00985024137543,-0.385823879455
2023-11-02,0.0215665197786,0.000986805275584,-0.0132228284981,-0.024936367863,-0.0037321365104,0.00237720267577,0.0191893171029,1.17666906553
2023-11-03,-0.0181891710003,-0.000250827179528,-0.00642979364751,0.0170555208952,0.00334391796801,0.00353161745943,-0.0217207884598,-1.02714661984
2023-11-04,0.0192793569962,0.00162823497549,0.00959426812204,0.0127224568322,0.0139288407664,0.00269654795372,0.0165828090424,1.03277529995
2023-11-05,0.0178305894616,0.00116477931407,-0.00131637143821,0.0188925931187,0.0194523124485,0.00429928225087,0.0135313072107,0.874434574635
2023-11-06,-0.000978336165929,0.000363727019934,0.00133018232953,0.00577706340296,0.0302178963747,0.00445246091932,-0.00543079708525,-0.148888583119
2023-11-07,0.00462635762971,0.0011758278582,0.010314819096,-0.0081520337522,-0.0128536791613,3.02277282311e-05,0.00459612990148,0.389002378144
2023-11-08,8.14051326543e-05,0.00207678098973,0.00619525060361,0.00150156201663,0.0155703235588,0.00279483859406,-0.0027134334614,-0.00646401141156
2023-11-09,0.0116622153371,5.81199401104e-05,0.0294973933407,0.116024441898,0.00486717360948,0.00329196039566,0.00837025494146,0.600861303762
2023-11-10,0.0503350536353,0.00114538886298,0.0165488645718,-0.0205238682073,0.0312809665078,0.0023303950978,0.0480046585375,2.97303969283
2023-11-11,0.00173119384293,0.00132534557587,-0.00490377728201,-0.012139416722,0.00595594799302,0.00270478468237,-0.000973590839433,0.0570913788761
2023-11-12,-0.00412416281043,0.00161975074581,-0.00151645809052,-0.00368992984677,0.00696298780389,0.0027192542061,-0.00684341701653,-0.299129129855
2023-11-13,0.00439659746579,0.000388617002475,-0.0169501700838,0.00349010094826,-0.0247112782447,0.0020324802843,0.0023641171815,0.252496076411
2023-11-14,-0.0169082651858,-2.60747700942e-05,-0.0250109192469,-0.0359409875839,-0.00270586983933,0.00321368665653,-0.0201219518424,-1.10498399117
2023-11-15,-0.0102146369128,-0.000135832933445,0.0635843780713,0.0395059344345,0.0444239202848,0.000746636569515,-0.0109612734823,-0.549623923052
2023-11-16,0.0370669056429,0.00267138127777,-0.0466682309716,-0.0489672915919,-0.0300117020568,0.00281742536828,0.0342494802746,2.16031715883
2023-11-17,-0.0373735684151,0.00108248020983,0.0130207660597,0.000306072620252,0.00566826957213,0.0013976523863,-0.0387712208014,-2.20267162899
2023-11-18,0.00243505937813,0.00268533455179,-0.000964178312296,0.00093470674379,-0.00279092574183,0.00208899170332,0.000346067674808,0.129952154549
2023-11-19,0.00440254847237,0.000366103243337,0.0212265583656,0.024358885448,0.0166273055768,0.00216773543451,0.00223481303786,0.241413338959
2023-11-20,0.0215613105064,0.000687312392394,0.00229908230238,0.00491676160586,-0.0136376643587,0.00110785759228,0.0204534529141,1.32036939804
2023-11-21,0.000432910246655,0.00250839763637,-0.0467972641369,-0.044679514688,-0.0530154657551,0.00126457678924,-0.000831666542584,0.0490515768014
2023-11-22,-0.0426262036608,0.000596701060342,0.0454325713725,0.0650622209269,0.0476725461127,0.00343543761127,-0.0460616412721,-2.62370302955
2023-11-23,0.0418118578546,0.00152888315001,-0.00328099660241,-0.000850049184182,0.000692794981401,0.00250640974993,0.0393054481047,2.40524165543
2023-11-24,0.000114476431179,-0.000482500466898,0.011371258153,0.00907207287441,0.0077741816214,0.00196905234308,-0.00185457591191,-0.0108219480735
2023-11-25,0.00614261245023,0.00421541625263,0.0016016425287,0.00103200347845,0.0133742561453,0.00304448359098,0.00309812885925,0.278435823611
2023-11-26,-0.00275652767724,0.000246000143822,-0.00872736929855,-0.0100163837245,-0.00906291477798,0.00201694685863,-0.00477347453587,-0.184293220212
2023-11-27,-0.0159226416396,4.0216748797e-05,-0.00573061378935,-0.0171715231024,-0.0169624096497,0.000942630420288,-0.0168652720599,-0.890462251667
2023-11-28,-0.01222031057,-0.00118614362255,0.0154103354843,0.0102786384388,0.0115348559639,0.00190812615383,-0.0141284367239,-0.728142635482
2023-11-29,0.0106889388178,0.00182090561255,0.00106537724514,-0.00949732330184,-0.0149520425975,0.000691954321904,0.00999698449593,0.68465157424
2023-11-30,-0.00402033206334,0.000367749188804,-0.00344968135989,0.011567036302,0.00282475753406,0.00305235368748,-0.00707268575082,-0.314677664063
2023-12-01,0.00656036273384,0.00151843435578,0.0250985852569,0.0168846802639,0.0123408237925,0.00126877775109,0.00529158498275,0.415411222515
2023-12-02,0.0126006279618,0.00130602224722,0.0198551500241,0.0364398689374,0.0189738168222,0.00283076555283,0.00976986240896,0.677336873506
2023-12-03,0.0267588866498,0.000230115064479,0.012949441871,0.0129562271968,-0.000253514245145,0.00134860529995,0.0254102813498,1.58849568662
2023-12-04,0.00999380188706,0.000470944619909,0.0490053414357,0.0225970492261,0.0140159172222,-0.000650353008992,0.010644154896,0.717845075995
2023-12-05,0.0126841925642,-0.000601805966273,0.0485973334121,0.0221203345714,0.00740866698819,-0.00111337594434,0.0137975685086,0.902706398532
2023-12-06,0.0227124493205,0.00164245695017,-0.0072459543881,-0.0268340709164,0.000600614038344,0.00208558349276,0.0206268658278,1.29614164686
2023-12-07,-0.0164129761688,0.000193645476042,-0.0110602110333,0.0537470936171,0.0175904504593,0.00611264290507,-0.0225256190739,-1.2272746085
2023-12-08,0.0296679608139,0.000114576129416,0.0207345541531,0.00113908438899,0.0407559605873,0.00329169236063,0.0263762684533,1.62478661768
2023-12-09,0.0157028355403,0.00195891496859,-0.0106819421148,-0.00763660447706,-0.00145566899639,0.00282963741417,0.0128731981262,0.834594883199
2023-12-10,-0.0153443613567,0.00234957017116,0.00170225187608,0.00492364356455,0.0198223361993,0.0036269357243,-0.018971297081,-1.01716034446
2023-12-11,-0.00788335812193,-0.000202850621076,-0.0600256824336,-0.0557204710933,-0.0373995290912,0.00330757835371,-0.0111909364756,-0.561625787927
2023-12-12,-0.0270114296862,-0.00364220915795,0.00591495332046,-0.00983894708554,0.0122481573318,0.00223521635293,-0.0292466460391,-1.60452343672
2023-12-13,-0.00635196613417,-0.00188483991814,0.0330477541913,0.0254901696018,0.0211378312488,0.00143898367623,-0.0077909498104,-0.35901097723
2023-12-14,0.0241993383027,0.00229734253337,0.00345547388658,0.0242322222683,0.0140924457701,0.00362323060161,0.020576107701,1.28020944746
2023-12-15,0.022912061181,0.00130227257748,-0.0256041140563,-0.0419050454221,-0.0285891955253,0.00118356675171,0.0217284944293,1.3394662227
2023-12-16,-0.0330647336555,0.0029768969621,0.00794171910144,0.00371983986776,0.019601499401,0.00299658752362,-0.0360613211791,-1.98396472802
2023-12-17,0.00624062537213,0.000320918869665,-0.0216208136163,-0.0145579248689,-0.0236703020726,0.00199906009759,0.00424156527454,0.326769758083
2023-12-18,-0.0112971613956,-0.000342059839145,0.0306535703145,0.0103172569829,0.0121359516318,0.000541731445654,-0.0118388928412,-0.603881023673
2023-12-19,0.0196087930414,0.001044285529,-0.00904798422499,-0.0189802275163,-0.00736943848021,0.0019018105242,0.0177069825172,1.1058070474
2023-12-20,-0.00883508498994,0.00210176092638,0.0319099597958,0.0113110101733,0.0304928881673,0.00180683014589,-0.0106419151358,-0.537864532405
2023-12-21,0.0207669358774,0.00155723274406,0.00525975310763,0.0168737845042,0.0391500206462,0.0050798110724,0.015687124805,0.987727433001
2023-12-22,0.0131748072111,-0.000327572438447,0.00280673510786,0.0373232992462,0.00880918548443,0.00368793365334,0.00948687355773,0.626109705028
2023-12-23,0.0184775084673,0.00315152466287,-0.0062894192767,-0.00709684346497,0.0140322308487,0.00357937874762,0.0148981297197,0.935630347784
2023-12-24,0.00225248993102,0.000883650949977,-0.0166328368922,-0.0192848996994,-0.00177333739385,0.00300718121374,-0.000754691282719,0.0296772800039
2023-12-25,-0.00798330293949,0.000639131349697,0.0134146750422,0.00307384340348,0.0294272596183,0.00319371558194,-0.0111770185214,-0.571360168557
2023-12-26,0.00389221399417,-0.000404779293021,-0.0247370929859,-0.0179884935959,-0.00836661428619,0.00331131896811,0.000580895026062,0.106587549631
2023-12-27,-0.00604876765792,-0.00264357636348,0.0221059261971,0.0643989678422,0.0143472158357,0.00312230833509,-0.009171075993,-0.455710631328
2023-12-28,0.0367423834894,0.00204396538379,-0.0208078204574,-0.0148075702639,-0.0142020371101,0.00261338484788,0.0341289986415,2.03113209475
2023-12-29,-0.014110143389,9.54686006054e-05,-0.0118811862527,-0.0193804399634,-0.0042557343034,0.00238144143663,-0.0164915848257,-0.878620798899
2023-12-30,-0.0125506344976,0.000104176150479,0.001777419379,-0.00342559075565,-0.00195822569237,0.00176527526993,-0.0143159097675,-0.751129252683
2023-12-31,0.00117236824675,-0.000427405509992,0.00339835475005,-0.00435635446493,-0.00560677401473,0.0013185249129,-0.000146156666154,0.0617784436112
2024-01-01,-0.00400697162178,-0.00130453346417,0.0440933831555,0.0305120093416,0.0309339700257,0.00128821188575,-0.00529518350753,-0.235485259531
2024-01-02,0.0404476304884,0.00109238875,0.0173703479271,0.00149055289866,-0.0102747904643,-0.000143443288104,0.0405910737765,2.3775965179
2024-01-03,-0.00256116087006,0.00391932717088,-0.048220299277,-0.0638023783706,-0.0475121359126,0.00122660307553,-0.00378776394558,-0.152323487139
2024-01-04,-0.0478176368146,0.00415390453133,0.0303551319894,0.0258279900538,0.0253460210362,0.00200836968896,-0.0498260065036,-2.74186909216
2024-01-05,0.0288970595091,0.0033003016533,-0.000121856165263,0.000424987836946,-0.0237190077411,0.000454757682741,0.0284423018264,1.66904331665
2024-01-06,-0.00757215987763,0.00449629313522,-0.0042413545713,-0.0123627581996,-0.0232606929647,0.00048555323945,-0.00805771311708,-0.385074878984
2024-01-07,-0.00830159185562,0.00202193158341,-0.000941309769752,-0.00872858752818,-0.0236876762052,0.000257738159027,-0.00855933001464,-0.411884614523
2024-01-08,-0.0135830860218,0.000349270033649,0.0665545350767,0.0479683675039,0.0419254653992,0.00054202988973,-0.0141251159115,-0.722511150705
2024-01-09,0.037663763154,0.00277342741766,-0.0180968725389,0.00593308635434,-0.0140709428022,0.0029955674905,0.0346681956635,2.00913344979
2024-01-10,0.00250239533979,0.000655937134518,0.0115514608727,0.097448696237,0.0449969304619,0.00735024649656,-0.00484785115677,-0.201201856138
2024-01-11,0.0570051923124,0.00127906157049,-0.00671371867121,0.0129322059199,0.00842727997415,0.0038082151715,0.0531969771409,3.00342009417
2024-01-12,0.00662604222934,0.00193258276122,-0.079961151264,-0.0372141892509,-0.0378251553052,0.00567907786777,0.000946964361572,0.11847580876
2024-01-13,-0.0388720073875,-0.00403221685541,0.00149224944107,0.0218426467416,0.01477880743,0.00378374984733,-0.0426557572348,-2.27740769859
2024-01-14,0.0146354493935,0.00464695515165,-0.0267213319199,-0.0417132329885,-0.0174103153082,0.00211588839107,0.0125195610024,0.77581384189
2024-01-15,-0.0135658839635,-0.000255937482784,0.0189136307128,0.0155774575377,0.0146427861825,0.00197180637471,-0.0155376903382,-0.782815018319
2024-01-16,0.0048215846605,-0.000414025546778,0.014518995246,0.0297062169021,0.00809949539329,0.00232187745031,0.00249970721018,0.220836448858
2024-01-17,0.0143320557959,-0.000465562832016,-0.00886081793223,-0.0225868186832,-0.00520933466806,0.00193507902578,0.0123969767701,0.768555545269
2024-01-18,-0.0118508206839,0.0045835760311,-0.0343044493091,-0.023668024224,-0.0315427472091,0.00232025722523,-0.0141710779091,-0.704776718455
2024-01-19,-0.0201100032134,-0.00439156850086,0.00790102875114,0.00859219126592,-2.38006744695e-05,0.00170188286727,-0.0218118860806,-1.13010769293
2024-01-20,0.00317265123468,0.000973834773685,0.00141073637717,-0.00800256909337,0.00666101252263,0.00229623704784,0.00087641418684,0.132777688817
2024-01-21,-0.000395905063577,0.00145456416271,-0.00311615683539,-0.0061129660377,-0.0074030746146,0.00173681790844,-0.00213272297202,-0.0277863597666
2024-01-22,-0.00295484967494,-0.00160536653734,-0.0498848783903,-0.0599876187779,-0.0394389885483,0.0020898841073,-0.00504473378224,-0.191394525644
2024-01-23,-0.0370925950903,-0.000132885384879,0.0087415296871,-0.0313748999556,-0.00596147236402,-1.48453783028e-05,-0.037077749712,-1.97305149985
2024-01-24,-0.0118436398987,0.00523353796117,0.00471964797843,-0.00336459238839,0.011578037662,0.00249125120011,-0.0143348910988,-0.700028802419
2024-01-25,0.00361975306059,0.000818613408807,-0.00308310589846,-0.00744744018858,-0.0086760078232,0.00159990917255,0.00201984388804,0.209615564509
2024-01-26,0.000192396937312,0.00106352039936,0.0454602177768,0.0220191710906,0.0315729729748,0.000953308733802,-0.00076091179649,0.0580614884777
2024-01-27,0.0254589143521,0.00217299954587,0.00736298775306,0.000162948942458,0.0073043314909,0.00203782686573,0.0234210874863,1.40425415396
2024-01-28,0.00444845725896,0.000435390404991,-0.00215077185109,-0.0049272529213,-0.0013644810531,0.00212766575588,0.00232079150308,0.226304304864
2024-01-29,-0.000909415327886,0.000201225060131,0.0297082848307,0.0265550803171,0.0245994079935,0.00203517004657,-0.00294458537445,-0.0684999321419
2024-01-30,0.0213497053812,0.0017822492973,-0.00821986693684,0.0111059783046,-0.011313186889,0.0024393520273,0.0189103533539,1.15319363375
2024-01-31,-0.00304031458014,-0.000301680083297,-0.00927775053775,-0.0267366917597,-0.0202030573452,0.000744961380025,-0.00378527596017,-0.120749920736
2024-02-01,-0.020652263268,0.00143554245451,0.0123095063969,0.00969938694542,0.00983020981553,0.00205239563575,-0.0227046589037,-1.17670305626
2024-02-02,0.0146137861077,-0.000325236483452,0.00243855619898,0.00179941838612,0.011346655016,0.00284075533283,0.0117730307749,0.762917987196
2024-02-03,0.00593040129275,0.000918739159385,-0.00408684877976,-0.00517285042642,-0.00436935082373,0.00207835623975,0.003852045053,0.314365219888
2024-02-04,-0.00863269123992,0.000414059244619,-0.0100413408466,-0.00296095269707,-0.00905436131987,0.00235141320859,-0.0109841044485,-0.519361664038
2024-02-05,-0.00162993193792,0.00036546931053,0.00183550092457,0.00427673085776,0.00311759254964,0.00236520631694,-0.00399513825486,-0.125584405281
2024-02-06,0.0268092458492,-0.00025000041315,0.0102618754133,0.0313234611199,-0.000667047815728,0.00211933070435,0.0246899151448,1.48045519602
2024-02-07,0.0303121247938,0.00138529954821,0.0283346834277,0.0216280482735,0.0199910538703,0.00167494509386,0.0286371796999,1.69012656796
2024-02-08,0.023441880676,0.00122422973304,0.0214643336208,-0.00179298814568,0.0105619440578,0.000912815924277,0.0225290647518,1.34819137187
2024-02-09,0.0184000126787,0.0024875385134,0.0402628405278,0.0276611778189,0.022665333252,0.00094847282528,0.0174515398534,1.05852464466
2024-02-10,0.0306698051394,0.00250798000834,0.012854062357,0.00534117648683,0.00642469672951,0.0016201785746,0.0290496265648,1.70330080634
2024-02-11,0.00354649632475,0.00128075716621,0.0114889941559,0.0028789264626,-0.000795465209666,0.0011409704289,0.00240552589585,0.205662640953
2024-02-12,0.00336859855411,0.000759182530565,0.0329284200503,0.0589866197132,0.0226736156881,0.00257026118286,0.000798337371257,0.116764279416
2024-02-13,0.0391557943484,-0.00160090813526,-0.00461522163261,-0.00771964855223,-0.00523530933537,0.00198695943834,0.0371688349101,2.14021609202
2024-02-14,-0.00751543394369,0.00143364033496,0.0422951834389,0.0507328130751,0.0277686227049,0.00182968629979,-0.00934512024349,-0.457137684722
2024-02-15,0.0412132543438,0.0024649518627,0.00161138983294,0.017254266755,0.0130064403028,0.00350425906951,0.0377089952743,2.15610883845
2024-02-16,0.00219995519659,0.00351960722034,0.0043085419287,-0.00787404897044,-0.00026242450841,0.0015219505024,0.000678004694194,0.108514876438
2024-02-17,-0.00461766520714,0.00151117387651,-0.00970860573898,-0.00625536637186,-0.00270091338241,0.00268933320475,-0.00730699841189,-0.343581149801
2024-02-18,-0.000224769555221,0.00103123951822,0.0095695419135,0.0336940290075,0.0144605227056,0.00336854351108,-0.0035933130663,-0.13024735563
2024-02-19,0.0238756405476,3.06979213782e-05,-0.00711090232169,0.0218256164072,0.0107037515808,0.00428001493775,0.0195956256099,1.17619006297
2024-02-20,0.0169654996348,0.000390602244057,0.00903539944446,0.0226123413185,-0.00898300774767,0.00135871815104,0.0156067814837,0.946480596954
2024-02-21,0.00858151764705,0.000548824212814,-0.00771600474081,-0.0149215687414,-0.0101054440342,0.00169903019794,0.00688248744911,0.455460923959
2024-02-22,-0.00914018592733,0.00110902739902,-0.0115480255545,0.000500408399059,-0.00192554101064,0.00311991554959,-0.0122601014769,-0.62693476356
2024-02-23,0.00155029404638,0.00156178300988,-0.0100594283028,-0.0161617984571,-0.00467075865193,0.00227893048865,-0.000728636442266,0.0234110115911
2024-02-24,-0.0137291488944,0.0025023566466,0.0161496788652,0.0240057421158,0.0206730826184,0.00292521545176,-0.0166543643461,-0.873292999653
2024-02-25,0.0184687848256,0.000524959763823,0.0031127789242,0.039284672186,0.00464545084815,0.00341199387603,0.0150567909495,0.911621019099
2024-02-26,0.0214862825406,0.000313492381299,0.0525955745834,0.0207960538477,0.033714343808,0.000413328074112,0.0210729544665,1.2445152571
2024-02-27,0.0299736611031,0.00360081356452,0.0455782923525,0.0204461663604,0.00806423010644,-0.000835825269492,0.0308094863726,1.78666980272
2024-02-28,0.0197712475526,0.0018844808162,0.0909755256111,0.0430804071799,0.0299715725199,-0.0027469273168,0.0225181748694,1.31365816545
2024-02-29,0.0409318453937,0.00438278984926,-0.021352717842,-0.0132128232095,0.00647044977561,0.00423387659787,0.0366979687959,2.08983251385
2024-03-01,-0.00389579240113,0.00262673965368,0.019913642933,0.0270309018536,0.0417002006805,0.00421574416298,-0.00811153656411,-0.40566646111
2024-03-02,0.0296594863782,0.00449677670034,-0.00633956887688,-0.00348777785782,0.0387051897456,0.00550915939299,0.0241503269852,1.3867434168
2024-03-03,0.000676406932605,0.0018325828047,0.0177074329091,0.0191785952612,0.000666144071232,0.00116272735515,-0.000486320422541,0.00979408408354
2024-03-04,0.018193602489,0.000730357302256,0.0786276964206,0.0394801436014,0.0289432321553,-0.00178724847968,0.0199808509687,1.14884977869
2024-03-05,0.0296178720163,0.00273212905307,-0.068932361623,-0.0206136997449,-0.0463381214337,0.00452994154782,0.0250879304685,1.42607506794
2024-03-06,-0.0264586401816,0.000822859883986,0.0364374590437,0.0717617660073,0.0502107665849,0.00465687745195,-0.0311155176335,-1.69237963319
2024-03-07,0.0622818268711,0.00469561689523,0.0109153398161,0.0132214813186,0.0294127587997,0.0037292460457,0.0585525808254,3.22402053923
2024-03-08,0.0092226684189,0.000503326592771,0.0213396447635,0.00476964708027,0.012423417672,0.00125874187279,0.00796392654611,0.454605017889
2024-03-09,0.015840242715,0.00834698086331,0.00160238844527,0.00465965195526,0.0156233151194,0.00331908187919,0.0125211608358,0.701971978561
2024-03-10,0.0066537267,0.00188486739926,0.00901136370719,-0.00657667099862,0.00105767973844,0.00122258511581,0.00543114158419,0.307015317938
2024-03-11,-0.00122198628889,0.00355281576915,0.0438453265562,0.0463786830403,0.0376601781559,0.00228349217641,-0.0035054784653,-0.194759423684
2024-03-12,0.0438167552108,0.00547737840989,-0.00899987262169,-0.021644788994,0.00011021465362,0.00236795028026,0.0414488049306,2.3662083056
2024-03-13,-0.0165768970036,0.000370039431981,0.0228665958821,0.00686113927735,0.0339648209591,0.0027662534406,-0.0193431504442,-1.0882871804
2024-03-14,0.0152396404101,0.00460201793049,-0.0238060180774,-0.0314538160055,-0.00313870520893,0.0032051382703,0.0120345021398,0.696849960588
2024-03-15,-0.0219019007864,0.000427866484774,-0.0266851331104,-0.0364699317744,-0.018544758151,0.00218666088185,-0.0240885616683,-1.35925830439
2024-03-16,-0.0247505282134,0.000500946483868,-0.0627263640321,-0.0605878444455,-0.0607327254323,0.00169338710167,-0.026443915315,-1.48484657119
2024-03-17,-0.0514865332148,0.00149082867835,0.0463632567657,0.0336939973895,0.0444096405966,0.0021658391075,-0.0536523723223,-3.01020864323
2024-03-18,0.034303655801,-0.000660887809069,-0.0113222364321,-0.0342013577687,-0.0257702116462,0.000299978707241,0.0340036770938,1.94413560958
2024-03-19,-0.0261651345439,0.00431107324168,-0.0876696751174,-0.108556990449,-0.069335147011,0.00192792954143,-0.0280930640853,-1.54884695853
2024-03-20,-0.0807719538614,-0.000940273021037,0.091198811696,0.107357624128,0.0775855041195,0.00267075432404,-0.0834427081854,-4.51671324861
2024-03-21,0.0920764464008,0.00138112707232,-0.035188815548,-0.00680487412366,-0.0130813302085,0.00426847336508,0.0878079730357,4.68369803444
2024-03-22,-0.00910007630536,0.00266421597165,-0.026223434159,-0.0456521940163,-0.0120818505783,0.00234366390341,-0.0114437402088,-0.578439765227
2024-03-23,-0.0311034023698,0.00165961811331,0.00305569292989,-0.00207103441079,0.00768459374465,0.0023975923399,-0.0335009947097,-1.73624145993
2024-03-24,0.0143266423111,0.000765264322329,0.0491362612802,0.0368989131405,0.0352761033598,0.00133288516354,0.0129937571475,0.719315879815
2024-03-25,0.0301117662395,0.000563172000419,0.0390208578486,0.0385197835808,0.0248692612719,0.00155226393735,0.0285595023022,1.53410318226
2024-03-26,0.0387032447945,0.00781155794531,0.00134493532278,-0.000880281009717,0.00376194083568,0.00230302662933,0.0364002181652,1.93347963394
2024-03-27,0.00146544036938,0.00184264994526,-0.00771535406312,-0.0244402576717,-0.011523576944,0.00130835425609,0.00015708611329,0.0263867384301
2024-03-28,-0.0152343384832,-0.00103605233677,0.0191379324877,0.016937873553,0.0178943308579,0.00223134059026,-0.0174656790734,-0.896519948315
2024-03-29,0.018999550244,0.00311217024573,-0.0130411605254,-0.0142915170407,0.00615002442531,0.00340804267081,0.0155915075732,0.841000681599
2024-03-30,-0.00691867447008,0.00139541357971,-0.00394998731819,-0.0011125002931,-0.00833505299843,0.00189577729896,-0.00881445176904,-0.440459757592
2024-03-31,-0.000647290909534,5.82046489086e-05,0.0240734958267,0.0389146291384,0.0261647514158,0.00304393014321,-0.00369122105274,-0.169873802013
2024-04-01,0.024922804522,-0.00053280711985,-0.0233175968526,-0.0394278935056,-0.0397295729321,0.000226029226331,0.0246967752957,1.31509682777
2024-04-02,-0.0250940026968,0.00354856780952,-0.0620221269115,-0.0664634107433,-0.0501662666396,0.00222948625254,-0.0273234889493,-1.40763746709
2024-04-03,-0.047124209756,0.00581035338515,0.00781753030432,0.00974526624242,-0.00377726964008,0.00146792581042,-0.0485921355664,-2.49196966257
2024-04-04,0.00893374531827,0.00676219108303,0.0375970396621,0.00513291263875,0.0178130732407,0.000160750075829,0.00877299524244,0.486410760035
2024-04-05,0.00794487253227,0.00661337530694,-0.0096717504484,-0.00303692190773,-0.0103300449642,0.00222097186909,0.00572390066318,0.326654911127
2024-04-06,-0.00196695338042,0.00545993904219,0.0151429175361,0.0100432029349,0.0200286395226,0.00255119563642,-0.00451814901684,-0.205678390267
2024-04-07,0.0114434224769,0.00130617335865,0.00681327467367,0.0301129972562,0.00961161143751,0.00315913856455,0.00828428391232,0.457149155315
2024-04-08,0.015001250552,-0.000115211355457,0.0322378494183,0.0674105072035,0.0234013762891,0.00294108835349,0.0120601621985,0.651184298768
2024-04-09,0.0530943089496,-0.00149007931371,-0.0355762409934,-0.0524716737883,-0.0322362135734,0.00152094251139,0.0515733664383,2.66906415137
2024-04-10,-0.0335688776313,-0.00202455549326,0.0216133149821,0.0112869424361,0.00617908114344,0.000969594252575,-0.0345384718839,-1.74461267896
2024-04-11,0.00993750007156,8.34920216946e-05,-0.00881543246073,-0.0126820619152,-0.00470597709775,0.00226574607539,0.00767175399618,0.41604041643
2024-04-12,0.00587921892328,0.00105250189462,-0.0421087738587,-0.0782904130369,-0.0883834399996,-0.00278432951401,0.00866354843729,0.465104509283
2024-04-13,-0.0844076346306,0.00314637421704,-0.0480842423497,-0.0738176327766,-0.0800849007374,-0.00148539810005,-0.0829222365305,-4.13236315666
2024-04-14,-0.0823527636429,0.00547558751762,0.026977732362,0.0481710524813,0.0543310530446,0.00512708720391,-0.0874798508468,-4.24046445247
2024-04-15,0.054662819389,-0.000556257294807,-0.0353715635519,-0.0170644039816,-0.0288361903572,0.00281692379051,0.0518458955985,2.55987027778
2024-04-16,-0.00379498625011,0.00270672360472,0.00558904225646,-0.00579482160359,-0.00855476047549,0.000855320378037,-0.00465030662815,-0.185650304096
2024-04-17,-0.0113344435701,0.00574213466363,-0.0402899773571,-0.0325904021302,-0.0193811550106,0.00350179288929,-0.0148362364594,-0.680816746799
2024-04-18,-0.0204997289825,-0.0129129267259,0.035567411811,0.0261959383645,0.0285178459384,0.00177021186552,-0.022269940848,-1.03651969619
2024-04-19,0.0241774398111,0.0184653689421,0.00520068439034,-0.002521132004,0.00312704088783,0.00184982856486,0.0223276112463,1.12579179838
2024-04-20,0.00904345336806,-0.00738787909845,0.0175743604081,0.0318623591904,0.0496118598663,0.00516019487006,0.003883258498,0.223039769126
2024-04-21,0.0277611196745,0.000574416140822,-9.92122849244e-05,-0.00253352800206,-0.00607117496889,0.00166308068288,0.0260980389916,1.30194747899
2024-04-22,0.00233061953425,0.0140553478521,0.0284410013773,0.0165374522599,0.0260634592004,0.00195913664392,0.000371482890334,0.0433402557515
2024-04-23,0.0162868159019,0.00296622321374,-0.00616781513252,0.00594940560497,-0.00406962976185,0.00262757746951,0.0136592384324,0.690736840523
2024-04-24,0.00583030458865,1.41192036658e-05,-0.0329800533018,-0.0248726483678,-0.0277635494712,0.00243962799013,0.00339067659852,0.186925456706
2024-04-25,-0.0285917227077,0.00312477612079,0.00358268558159,0.00487545469621,-0.00141857374238,0.00188739690393,-0.0304791196117,-1.46008173027
2024-04-26,0.0072507759862,9.46248311742e-05,-0.0113972114527,-0.00812463220903,-0.0180200386856,0.00166160964065,0.00558916634554,0.300461828004
2024-04-27,-0.0101656746469,0.000150734093694,-0.00458818007158,0.0393106929998,0.00324446312684,0.00402287951997,-0.0141885541669,-0.662647561258
2024-04-28,0.0231574765911,0.000478413880238,-0.00559357421219,0.00227163242554,-0.00581817192793,0.00233506941201,0.0208224071791,1.03966534261
2024-04-29,0.00378415647186,-7.88184027698e-05,0.011784594978,-0.0142195030178,-0.00416954294096,0.000351061758314,0.00343309471355,0.192516398924
2024-04-30,-0.019404866435,-0.00130017250909,-0.0515028377387,-0.0652314568867,-0.0417061357818,0.0019151442519,-0.0213200106869,-1.01112310968
2024-05-01,-0.0543173362882,0.00021762582552,-0.0393739871144,-0.014135080031,0.00590482511028,0.00583361314399,-0.0601509494322,-2.86866871894
2024-05-02,-0.00141582010273,-0.00142298488021,0.0129814662582,0.00492725762066,0.0128728192427,0.00207069557458,-0.0034865156773,-0.135450634618
2024-05-03,0.0151764886878,0.00012418077764,0.0624834715541,0.0383258360436,0.0370778168377,0.000272240056963,0.0149042486308,0.751124206578
2024-05-04,0.0390673687307,0.00249964786506,0.0160032390257,0.00459999284339,0.00727465227411,0.00136880008415,0.0376985686465,1.83594463745
2024-05-05,0.00809360492453,0.00250486867788,0.00183166257403,0.00619784721409,0.00729769958376,0.0027310975979,0.00536250732663,0.288358968705
2024-05-06,0.00762327801473,0.000296970266817,-0.0132536256625,-0.0238627283605,-0.00367992261002,0.00241618093588,0.00520709707886,0.27703562847
2024-05-07,-0.0158213208558,0.000632700892897,-0.0136557847075,-0.018766018304,-0.0193212703115,0.00145503151236,-0.0172763523681,-0.807135376457
2024-05-08,-0.012577173655,-2.69894388154e-05,-0.0182592047455,-0.0106107313494,-0.00953216551382,0.00284735560303,-0.015424529258,-0.720927383607
2024-05-09,-0.019014478034,-0.00118708986349,0.0302830204115,0.0206943839557,0.0284396605443,0.00208847339843,-0.0211029514324,-0.99126290116
2024-05-10,0.018858989194,-0.000112110518941,-0.0367583925114,-0.0424515832708,-0.0222827551766,0.00266456274851,0.0161944264455,0.805491290685
2024-05-11,-0.0273331997549,-0.000579002917075,0.000255291647649,0.000809657755347,-0.000206101652591,0.00216260117668,-0.0294958009315,-1.39522563419
2024-05-12,0.00352854349986,0.000361452327745,0.0105806723683,0.00558554188686,-0.00236642875889,0.0011908120142,0.00233773148566,0.137824926701
2024-05-13,0.00488198620669,-5.49437009276e-05,0.0237392983304,0.00755665069299,0.00368540912611,0.000476923822605,0.00440506238409,0.236336048148
2024-05-14,0.00115202769263,0.000158613100627,-0.021994061379,-0.0237130784798,-0.0237715475366,0.00175090459513,-0.000598876902495,-0.00501145525639
2024-05-15,-0.0175905913211,-0.00125317257087,0.0728374052894,0.0510852104271,0.0475293524698,0.000466434813733,-0.0180570261348,-0.841809916833
2024-05-16,0.0445233027722,0.00342460448607,-0.0147144635145,-0.0294324376773,-0.00534144677917,0.00226168139528,0.0422616213769,2.04381817979
2024-05-17,-0.00952713397083,0.000932335666302,0.0269186068519,0.0489947137818,0.0230977402364,0.00285768185901,-0.0123848158298,-0.569320111162
2024-05-18,0.0344883508391,0.00187595316872,-0.00166190293205,0.00995860193816,0.000572718864923,0.0026725969893,0.0318157538498,1.53483394029
2024-05-19,0.00715000285031,0.00174555850548,-0.009735658088,-0.0169100886322,-0.0179064707441,0.00125192495306,0.00589807789726,0.298192094549
2024-05-20,-0.0105198870904,-0.000116027041294,0.0750091507733,0.175775208968,0.062679113748,0.00512982952087,-0.0156497166112,-0.725708450258
2024-05-21,0.106625433298,-0.00194502659645,-0.0181819162137,0.0344295293212,-0.000972337364587,0.00482467982289,0.101800753476,4.70774661944
2024-05-22,0.016177658688,0.000434308496942,-0.0140928669099,-0.0139355299371,-0.0102050636027,0.00231196161241,0.0138656970756,0.644305981436
2024-05-23,0.00266528228591,0.000143324037669,-0.0176494470757,0.0121948195161,-0.0135860973888,0.00317809906109,-0.000512816775187,-0.0183641114653
2024-05-24,-0.00734198500832,-0.00127400559604,0.00876056317913,-0.0146981784292,-0.00305384319384,0.000698898868575,-0.0080408838769,-0.369658661288
2024-05-25,-0.000294644760601,0.00123735857873,0.0107441947682,0.0057252997969,0.0105762448488,0.00213281221995,-0.00242745698055,-0.109645752407
2024-05-26,0.00571812680292,-6.74612213594e-05,-0.0114908201719,0.02022399233,-0.0118657561118,0.00297577406042,0.00274235274249,0.129911558815
2024-05-27,0.0155610784698,-0.000525785386323,0.0132194690097,0.0175784223614,0.0196163883174,0.00292555407676,0.012635524393,0.586808956162
2024-05-28,0.00606011562958,0.000120294631557,-0.015020288729,-0.0130681729156,-0.00800844503419,0.00258567025799,0.00347444537159,0.165364371867
2024-05-29,-0.0102733756304,-0.00125829179949,-0.0116166863239,-0.0203312574782,-0.00776391482339,0.002070054828,-0.0123434304584,-0.567964941847
2024-05-30,-0.0131682485325,-0.00221701178232,0.0111402224386,-0.00480156162568,-0.0174065045114,-0.000280696115884,-0.0128875524166,-0.591689775276
2024-05-31,-0.00164076972785,0.000637799601076,-0.0122620448699,0.00369232916288,-0.00212004464649,0.00326769886671,-0.00490846859456,-0.225976236828
2024-06-01,0.00831426347189,0.000878262781342,0.00339800389486,0.0140167237826,0.00414019934487,0.00258863672665,0.00572562674524,0.266616408694
2024-06-02,0.00813563816328,0.000323517474467,4.7884568982e-05,-0.00903027458139,-0.00468753375559,0.00155599177987,0.00657964638341,0.30762482487
2024-06-03,-0.00315203265847,-0.000196072623943,0.0153807884241,-0.00354509578496,0.0101176637856,0.00139087523068,-0.00454290788915,-0.209629846681
2024-06-04,-0.00144852529838,0.00199826211949,0.0250636495178,0.0114147530753,0.0319453850385,0.00255099236592,-0.0039995176643,-0.184310470639
2024-06-05,0.0154914181592,0.0005527517717,0.00808119494278,0.0145228958622,0.0107097995607,0.0026538100453,0.0128376081139,0.594115523178
2024-06-06,0.0120102527323,0.00196820952843,-0.00473413850357,-0.0136679415468,-0.00590791004788,0.00176960197954,0.0102406507528,0.475474062658
2024-06-07,-0.00746144878471,0.00120050348237,-0.0207107929843,-0.036440141975,-0.0406797358353,4.46467228819e-06,-0.007465913457,-0.355477485084
2024-06-08,-0.0254008463599,0.000854635955104,-0.000232896548827,0.000969270681971,-0.0171069181308,0.000968242275898,-0.0263690886358,-1.23480190047
2024-06-09,-0.00575696555016,0.000127533021697,0.00475261442242,0.00670782753626,0.00835391616071,0.0025536627892,-0.00831062833936,-0.391171026089
2024-06-10,0.00440441259649,0.000593691952325,-0.00152036515639,-0.0103881118206,-0.0210266524378,0.000457398159069,0.00394701443742,0.176579129701
2024-06-11,-0.0148831020629,-0.000968855429182,-0.0323908421893,-0.0474144184988,-0.0353675509332,0.00114741793483,-0.0160305199977,-0.76055394081
2024-06-12,-0.026939412279,-0.00163819451556,0.0139915934376,0.0177573893893,0.0324238133849,0.00380240699558,-0.0307418192746,-1.44522939672
2024-06-13,0.0166675868443,0.00247866563687,-0.0224404950176,-0.0258645285433,-0.0334008420112,0.00101857870055,0.0156490081437,0.726912054367
2024-06-14,-0.0196570974055,0.000870883883046,-0.0108248454446,0.00347334642199,-0.0123642818258,0.00237373982335,-0.0220308372288,-1.04197094007
2024-06-15,-0.00391179145407,-0.000172923452279,0.00261753848972,0.0247457929641,0.00854994479662,0.00330819770367,-0.00721998915774,-0.346018986332
2024-06-16,0.0138855203982,-0.00140803728743,0.00697998327021,0.0153911607427,0.0108634920186,0.00279322564139,0.0110922947569,0.514257764635
2024-06-17,0.008506005396,0.000232847194003,-0.00265389061288,-0.0315408270955,-0.0351704074589,-0.00111499765737,0.00962100305338,0.444489376936
2024-06-18,-0.0224987040696,-0.00072097415698,-0.020119529577,-0.00807024941389,-0.034555175857,0.00125364796917,-0.0237523520388,-1.11763763787
2024-06-19,-0.012044421269,0.00193152667803,-0.0029883876316,0.0219069592314,0.0101505648816,0.00385990742406,-0.0159043286931,-0.746435998685
2024-06-20,0.0110554502878,-4.53079111367e-05,-0.00173283563497,-0.0136527842462,-0.00275306724139,0.00172436482165,0.0093310854661,0.439175049383
2024-06-21,-0.0141462615376,0.000456986536861,-0.0112279228689,0.00178502167069,-0.00152187320451,0.00315861407891,-0.0173048756165,-0.80686204279
2024-06-22,-0.0014891846959,-0.000192120650265,0.0017158892983,-0.0064660522865,-0.000254499968243,0.00180499756698,-0.00329418226288,-0.148701079172
2024-06-23,0.00245532799001,0.00063671216504,-0.0164320040286,-0.0217164582192,-0.0162779399066,0.00184752478273,0.000607803207277,0.0354426432416
2024-06-24,-0.020646644569,-0.00016128848581,-0.0473757861778,-0.0201066232995,0.00286502678111,0.00617136931172,-0.0268180138808,-1.25084021709
2024-06-25,-0.0202325151051,-0.00403068906249,0.0250411932085,0.0125088812649,0.0195105655982,0.00167041868718,-0.0219029337923,-1.01508892163
2024-06-26,0.0185068923316,0.000719832004201,-0.0153894401655,-0.00701297004154,-0.00766609005754,0.00282713127605,0.0156797610556,0.744989525578
2024-06-27,-0.0080648131283,0.000545221132409,0.0132785347298,0.0232287134223,0.023881808408,0.0034040269265,-0.0114688400548,-0.526440886436
2024-06-28,0.0115781347784,-0.0013461943448,-0.0214769684028,-0.0214343251972,-0.0252829816659,0.00166024404327,0.00991789073517,0.472814734506
2024-06-29,-0.0197523409812,-0.00234937263472,0.00935910135739,0.000372844018084,-0.00194590963962,0.00117818289996,-0.0209305238811,-0.971014797049
2024-06-30,0.00285398842218,0.00125625215167,0.0294287750839,0.0169818292477,0.0214149749315,0.00153875257849,0.00131523584369,0.0750658259825
2024-07-01,0.0185666946971,-0.00145017872441,0.00160597154988,0.00156029332154,-0.00254904939155,0.00188756554391,0.0166791291532,0.793508210772
2024-07-02,0.0057550486013,0.0013394305256,-0.0119513087708,-0.00602623948823,0.0151774383784,0.00422028689296,0.00153476170835,0.0827593217785
2024-07-03,-0.0107990569247,-0.00156007443167,-0.0318109075145,-0.037538996411,-0.042331850809,0.000877864768956,-0.0116769216936,-0.535284607301
2024-07-04,-0.0282354789479,0.002014417676,-0.0532052175818,-0.0740586966395,-0.0645714210713,0.000123880109679,-0.0283593590576,-1.31252978411
2024-07-05,-0.050407536347,-0.000291423132509,-0.00720009903511,-0.0256962903923,-0.00373534648858,0.00179629825536,-0.0522038346024,-2.40550939172
2024-07-06,-0.0191492151532,0.00286531985819,0.0280473694677,0.0281493643068,0.0474566356497,0.00391987047802,-0.0230690856312,-1.05244667751
2024-07-07,0.0138614362579,0.00131012298775,-0.0418510234992,-0.0453075457904,-0.053533509206,0.000749435154448,0.0131120011034,0.628205512012
2024-07-08,-0.0318640102951,-9.74168302683e-05,0.0154613055555,0.0295463457041,0.028053283911,0.00369895251021,-0.0355629628053,-1.62321297243
2024-07-09,0.0249134610324,0.000519429161134,0.0231682625125,0.0156416162613,0.0140643192051,0.00153708428857,0.0233763767438,1.10009582708
2024-07-10,0.0130717790362,0.00106627729189,-0.00556733936843,0.0110714098777,0.00606983924721,0.00347251584548,0.00959926319075,0.462161446175
2024-07-11,0.00801867944028,0.00142444523698,-0.00636858574536,-0.000374381464548,-0.00758113559215,0.00219748818299,0.00582119125729,0.286603427223
2024-07-12,0.00177068278482,-0.000242933208753,0.00929430900445,0.0111338097996,0.0179385706382,0.00297179197268,-0.00120110918786,-0.0392929739123
2024-07-13,0.00570897056642,-0.00353312958929,0.0224160082603,0.0132962660171,0.0153534890082,0.00163115797314,0.00407781259328,0.209975754544
2024-07-14,0.014582561602,0.0048379296025,0.0264268932578,0.0215446319353,0.0174934350239,0.00166523991525,0.0129173216867,0.616235255928
2024-07-15,0.0266136802383,0.000302562068192,0.0626758928954,0.0709966889278,0.0483423218327,0.00206612595784,0.0245475542805,1.15203190361
2024-07-16,0.0340341018018,0.00102777180082,0.0049737105864,-0.0110174188848,0.00180333982088,0.00151792868555,0.0325161731163,1.51210649574
2024-07-17,0.00916305447064,0.00325176289317,-0.015047523353,-0.0171277667805,-0.0075207342778,0.00250204081001,0.00666101366062,0.314346061399
2024-07-18,-0.00824173276077,0.000540249328541,-0.00160825082843,0.0112866095145,-0.00534994466509,0.00227148345046,-0.0105132162112,-0.480214071238
2024-07-19,-0.00158493096541,-5.56923908412e-05,0.0412590151622,0.0226470468464,0.0263609772903,0.000977549614793,-0.0025624805802,-0.113268296539
2024-07-20,0.0280955197178,0.00364333921666,0.00690545872879,0.00376678386744,0.0117493534157,0.0025158385059,0.0255796812119,1.1833668855
2024-07-21,0.00494732402606,0.00261154069702,0.0152029952642,0.00513131959612,0.0191891392645,0.00233613344292,0.00261119058314,0.122250246528
2024-07-22,0.00525166729884,-0.000718758520733,-0.00921893646197,-0.0274091251594,-0.0259135579693,0.000298842999317,0.00495282429953,0.228104371136
2024-07-23,-0.00957766075063,0.00111456321899,-0.0240647009624,0.0122599245855,-0.0156044051345,0.00362562708007,-0.0132032878307,-0.608337243231
2024-07-24,-0.00184265151248,0.00197966325351,-0.00857049749265,-0.0431541993242,-0.0053830151083,0.00127699628441,-0.0031196477969,-0.145315878129
2024-07-25,-0.0310312673514,-0.00111222223991,0.00647083657471,-0.0493174746482,-0.0168709329097,-0.00114726288273,-0.0298840044687,-1.37642164422
2024-07-26,-0.0171636200923,-0.00278261553472,0.0317560634353,0.0309563065911,0.0294118564853,0.00233217087117,-0.0194957909635,-0.893349195289
2024-07-27,0.0273779356041,0.00098401530472,-0.000341729227598,-0.00785365194241,-0.000874807920532,0.00190817873037,0.0254697568737,1.17325520869
2024-07-28,0.00286350025232,0.00139382972679,0.00502576334276,0.00643325545324,-0.00391623472506,0.00161668152979,0.00124681872253,0.0593205684868
2024-07-29,0.00168714159095,-0.00082048473088,-0.0215294580957,0.014458607283,-0.00572069055879,0.00418464213333,-0.00249750054238,-0.111927290493
2024-07-30,0.00797422698545,-0.0022676439865,-0.00927486598129,-0.0117571770865,-0.00459810966452,0.00234404921735,0.0056301777681,0.256611883202
2024-07-31,-0.0152928014394,6.14341125527e-07,-0.0235829992496,-0.0142648188787,-0.0186903971645,0.0025562692049,-0.0178490706443,-0.833225115217
2024-08-01,-0.0179595680016,-0.000423722252759,0.0108306123858,-0.00923391170828,-0.00931717991457,0.000210311717517,-0.0181698797191,-0.846690705912
2024-08-02,-0.0109582451524,-0.00239295807906,-0.0614937702638,-0.0690881107657,-0.0550240616078,0.00174396292111,-0.0127022080735,-0.592970478047
2024-08-03,-0.0490335399688,9.18213522993e-07,-0.0120363290978,-0.02941375833,-0.0268533706501,0.000430316653637,-0.0494638566224,-2.27489617366
2024-08-04,-0.0270534245466,0.00114558248708,-0.0428973490289,-0.0763997598725,-0.0354108669037,0.00124581970912,-0.0282992442557,-1.29389321913
2024-08-05,-0.0724007346763,0.000900002012621,-0.0737211867499,-0.105479385386,-0.055947331973,0.0017142878635,-0.0741150225398,-3.33778368041
2024-08-06,-0.056174508774,0.000495193233768,0.0366163228982,0.0171843285121,0.0478167339691,0.00282304667749,-0.0589975554515,-2.62119670891
2024-08-07,0.032131224473,0.00369341250999,-0.0159541866761,-0.049419220945,-0.00317388628918,0.00193514769934,0.0301960767737,1.37018728211
2024-08-08,-0.0305665982576,0.00380146203576,0.112242425579,0.135459248594,0.0728889444656,0.00122085749473,-0.0317874557524,-1.39269531757
2024-08-09,0.0757598842453,0.00287266284946,-0.0139677017641,-0.0317949885808,-0.0149231982614,0.00141599618485,0.0743438880605,3.28191607134
2024-08-10,0.00309374154232,0.000723942943548,0.00136377985546,0.00424739493277,0.0059954562153,0.002619905988,0.000473835554312,0.0368639210239
2024-08-11,0.00486241933839,0.000727920456367,-0.0369930267085,-0.0210878589532,-0.0416013374224,0.00190625522094,0.00295616411746,0.145745166267
2024-08-12,-0.0259567386098,-0.000164813334923,0.0108470119586,0.0634397336949,0.0273708522811,0.0050951607308,-0.0310518993406,-1.34176744662
2024-08-13,0.0221684716706,0.00193460724045,0.0207451197903,-0.00748351967536,0.0074645893859,0.000580277753587,0.021588193917,0.961040422418
2024-08-14,0.0190216723005,0.00153869601029,-0.0319359121061,-0.0153567582999,-0.00798898159628,0.00408500002469,0.0149366722758,0.667549270707
2024-08-15,-0.0229127791998,0.00306888475984,-0.0196785985537,-0.0349262604885,-0.0143173668012,0.00189539104551,-0.0248081702453,-1.06928244283
2024-08-16,-0.0121208007242,0.00277576888926,0.0228311632474,0.00882011187884,-0.00118289608989,0.000240579634016,-0.0123613803582,-0.527661679609
2024-08-17,0.0121657025182,0.00334459324365,0.010399424846,0.00834086899182,0.0142824454169,0.00251626778309,0.00964943473514,0.431370875464
2024-08-18,0.00330726007142,0.000525017552548,-0.0179292037342,-0.00079143438968,-0.00499250220563,0.00344627746866,-0.000139017397233,-0.000872834425123
2024-08-19,0.00788417183773,-0.000153834105838,0.0171864909208,0.00927850062162,0.0206158369193,0.00238216352583,0.00550200831189,0.247045336733
2024-08-20,-0.000203074603071,0.0010861563293,-0.0072874330699,-0.0244993264758,0.00766617278473,0.00267984774473,-0.0028829223478,-0.122553046235
2024-08-21,-0.00250859291151,0.00150594395722,0.0355794330802,0.0223191474212,0.0142196198059,0.000599783809774,-0.00310837672128,-0.132871931913
2024-08-22,0.0192268181211,0.00199771587017,-0.012683685143,-0.0031279896348,0.0102972595774,0.00401594357498,0.0152108745462,0.670177549759
2024-08-23,-0.00352910185696,0.00138404847728,0.0589595041078,0.052074006298,0.0365136395607,0.000970457679579,-0.00449955953654,-0.195408247794
2024-08-24,0.0490173503049,0.00352799867281,0.00175962896099,0.00191926472376,0.00613494902978,0.00252351280189,0.046493837503,2.03398236312
2024-08-25,-0.00382630628904,0.000999901837339,0.00115055838302,-0.0079587747679,-0.0118203607611,0.000960904456243,-0.00478721074529,-0.214023509027
2024-08-26,0.0050736171156,-0.000860837190768,-0.022173831639,-0.0242605127511,-0.0269772232451,0.00151506732947,0.00355854978612,0.150975843144
2024-08-27,-0.0245068202954,0.000932179408267,-0.0556955673087,-0.0869169625332,-0.0336841750437,0.00224208693823,-0.0267489072337,-1.17165013809
2024-08-28,-0.0600401490975,-0.00243216085666,-0.00646794297078,0.0284534664115,-0.00451662074947,0.00329910052064,-0.0633392496181,-2.73629421485
2024-08-29,0.00591251107276,0.00164809954028,0.00537826272899,-0.000226272783188,-0.0046620313381,0.00132888776417,0.00458362330859,0.207894775853
2024-08-30,0.000362253769438,0.00192238885766,-0.00406448862585,-0.000863978194668,-0.00130366524693,0.00243156179864,-0.0020693080292,-0.0826313628484
2024-08-31,-0.00194711158194,-2.72743303888e-05,-0.00214287717791,-0.00500713589774,-0.00784781219813,0.00164717790113,-0.00359428948307,-0.151617698628
2024-09-01,-0.00276880233637,-7.8993056853e-05,-0.0285130033765,-0.0352837980404,-0.0302290329317,0.00153133033069,-0.00430013266706,-0.182561707931
2024-09-02,-0.021876858285,-1.43712490228e-05,0.031295970903,0.0451782865225,0.025737674633,0.00253187815164,-0.0244087364366,-1.05243575304
2024-09-03,0.0270184007572,-0.000667628901738,-0.0287400346246,-0.0455498145267,-0.0270860273615,0.00147509949933,0.0255433012579,1.11159317325
2024-09-04,-0.0257964403676,-0.00125204707454,0.00862517657863,0.0105139213382,0.00774288639737,0.00226444000344,-0.028060880371,-1.20724472811
2024-09-05,0.00998769556744,0.000816652949979,-0.0315154082323,-0.0340753283518,-0.0173555007444,0.00279359813229,0.00719409743515,0.317686038628
2024-09-06,-0.0207685520305,-0.00034688725956,-0.0397848790616,-0.0624414095317,-0.0185262584671,0.00262041603409,-0.0233889680646,-1.00177662464
2024-09-07,-0.0468116429574,-9.01571690157e-05,0.00334953749564,0.0215076871621,0.011965430517,0.00339451497728,-0.0502061579347,-2.14026317336
2024-09-08,0.017567754488,0.000752646292728,0.013140417866,0.0104174964008,0.015271623229,0.00239766951527,0.0151700849727,0.663525121536
2024-09-09,0.0122870120313,0.000234517659081,0.0383883951565,0.0267071597848,0.026245107834,0.0013569690377,0.0109300429936,0.479773460468
2024-09-10,0.0274682794416,0.00179773241475,0.0105828353228,0.0121583129055,0.00704644364614,0.00208128831986,0.0253869911217,1.09445557385
2024-09-11,0.00647675690564,0.00120744698357,-0.00522952463812,-0.0202384482423,-0.00476934759019,0.00170175678577,0.00477500011987,0.207635638168
2024-09-12,-0.0068662032811,-0.000417114874715,0.0137309807868,0.00903352046689,0.0187020355888,0.00255393417507,-0.00942013745617,-0.399069069902
2024-09-13,0.00946618362348,-0.00132416003363,0.0407789299538,0.032369855688,0.0162165950393,0.000567442625655,0.00889874099782,0.38777802589
2024-09-14,0.0320894023371,0.00499823595503,-0.00907122229226,-0.00880296135827,-0.00287844061181,0.00254062907524,0.0295487732619,1.26933514475
2024-09-15,-0.00886330746783,0.00267548468991,-0.0147145195429,-0.0430521094618,-0.0186734972231,0.000870567307715,-0.00973387477555,-0.411051355614
2024-09-16,-0.0181598661688,-0.00147505605207,-0.0156523303714,-0.00893987072182,-0.011569058645,0.00250617536453,-0.0206660415333,-0.878126437917
2024-09-17,-0.0231307736348,-0.00107507812068,0.0354587160066,0.0199862109252,0.0109318272157,0.000298745745136,-0.0234295193799,-0.993616786622
2024-09-18,0.0219667605552,0.00238902941319,0.0238125205713,0.0139220453636,0.0173904712892,0.00167060884308,0.0202961517121,0.87740373153
2024-09-19,0.000123478202834,0.000140071119034,0.0190746079181,0.0374112158825,0.0207232662159,0.00306107286385,-0.00293759466101,-0.116444412237
2024-09-20,0.0365924335611,0.00194661075331,0.00398110107587,0.0383034005598,0.0104974003748,0.00373293395624,0.0328594996048,1.40751550262
2024-09-21,0.0245927899582,0.00147364686334,0.00260711013487,0.0199157471423,0.0189452446377,0.00392932235888,0.0206634675993,0.881829390255
2024-09-22,0.00730779949914,0.000365258680358,0.00319054160721,-0.0120534352419,-0.0120081764689,0.000635019304295,0.00667278019484,0.28385362114
2024-09-23,-0.00796898793435,0.000381175557351,-0.00373699832942,0.0250594468563,0.0133187269664,0.00425729530881,-0.0122262832432,-0.522108880238
2024-09-24,0.0221417074377,0.000911303318659,0.0146813084381,0.00228462277699,0.0180685510791,0.00221635236442,0.0199253550733,0.846094463858
2024-09-25,0.00786774658578,0.000496242695466,-0.0177377029941,-0.0280180351115,-0.0131442723122,0.00200971158565,0.00585803500013,0.245637597478
2024-09-26,-0.0183552897087,0.00106671552891,0.0315938954282,0.0199870875303,0.0290632727678,0.00199171027846,-0.0203469999872,-0.8691843438
2024-09-27,0.0248138760466,0.00138124805667,0.00932928810317,0.0235082060962,0.0172044214035,0.00328656309931,0.0215273129472,0.911645480658
2024-09-28,0.0131767984523,-0.000162835263936,0.00136392091454,-0.00717797834074,-0.00419978098124,0.00152570762677,0.0116510908256,0.491869906031
2024-09-29,-0.00632206963249,-3.07332542526e-05,-0.00405655394882,-0.00664971807718,0.0015034733133,0.00246354929904,-0.00878561893153,-0.377183664809
2024-09-30,0.000527748988254,0.00116241494765,-0.0356157786352,-0.0212149369119,-0.0331957171216,0.00239376409655,-0.0018660151083,-0.0824870909091
2024-10-01,-0.02036221126,-0.00426549848959,-0.0402661880414,-0.0609808790481,-0.038050971544,0.00127134278449,-0.0216335540444,-0.9189740429
2024-10-02,-0.0394725833712,0.00192374459138,-0.0027306825843,-0.0349018873073,-0.0184546842674,2.18021901608e-05,-0.0394943855614,-1.67393260034
2024-10-03,-0.0291153394765,0.00074605616873,0.0016741159465,-0.00598714117781,-0.00587880137029,0.00140916000376,-0.0305244994803,-1.2875586586
2024-10-04,-0.00335272295668,-0.000616998452038,0.0218631897353,0.0271030006839,0.0258612655598,0.00287115755731,-0.006223880514,-0.256388363027
2024-10-05,0.024701460512,0.000342035233473,-0.000338967256106,9.2863021508e-05,-0.0029005101549,0.00199770481471,0.0227037556973,0.964935996339
2024-10-06,-0.00376642119537,0.000431967895441,0.0120249800642,0.0104483841959,0.0163632261357,0.00258228152822,-0.00634870272359,-0.263634148413
2024-10-07,-0.00573141498504,-0.000136500421871,-0.0094664569362,-0.00719733137552,-0.0093545442227,0.00214868964853,-0.00788010463356,-0.327999879618
2024-10-08,0.0063900246793,-7.07350542761e-05,-0.00180180429724,0.0073759811221,-0.00294347419835,0.00234901174595,0.00404101293335,0.175645837114
2024-10-09,-0.0102770650202,0.000194961465727,-0.0248983914992,-0.029110348889,-0.013860055785,0.00258738282576,-0.012864447846,-0.541833673077
2024-10-10,-0.0201643526506,8.17237392248e-05,-0.00490295688911,0.00636074678543,0.00032095517998,0.00284606551831,-0.0230104181689,-0.971202561946
2024-10-11,-0.0018023369473,-0.00127353776396,0.03645839551,0.0223442054386,0.0243053321981,0.00126171957154,-0.00306405651884,-0.126940866958
2024-10-12,0.0342892231132,0.0017941226822,0.0107011348541,0.0150145302005,0.00992182128461,0.00236791864716,0.031921304466,1.34760630511
2024-10-13,0.0130376560532,0.000280536576831,-0.0055749891923,-0.00322333231581,-0.00372505590349,0.00232224125364,0.0107154147996,0.450767415043
2024-10-14,-0.00331909715576,-0.000102232634784,0.0499739567302,0.0631975400035,0.0321841175721,0.00181837082682,-0.00513746798258,-0.219374743292
2024-10-15,0.0427022749463,-0.00086003512553,0.0148539896987,-0.00844151213564,-0.00834521615287,-6.69404284156e-05,0.0427692153748,1.79458813481
2024-10-16,-0.0114862515686,-0.000578613834978,0.00816100036075,0.00124593927884,0.000351427643103,0.00148454983567,-0.0129708014042,-0.549858445277
2024-10-17,-0.000667399159099,2.14293989487e-05,-0.00294530411085,-0.00207642095622,-0.0114622625463,0.00154349180605,-0.00221089096515,-0.0979254465925
2024-10-18,-0.0146221293509,-0.000794611391139,0.0148288932684,0.0142062495569,0.0169567114466,0.00247927190459,-0.0171014012555,-0.72447270145
2024-10-19,0.0093944419477,0.00186664053453,-0.000783711046228,0.0021720073674,0.00484001319948,0.00267133017836,0.00672311176934,0.279044714878
2024-10-20,0.000712754052646,0.000812386947846,0.0095619472833,0.0366596434765,0.0189251646499,0.00378713768333,-0.00307438363068,-0.131820504908
2024-10-21,0.0244023254638,0.000456680494846,-0.0246370275072,-0.0301850912914,-0.0147360560028,0.00246636278282,0.021935962681,0.920698028342
2024-10-22,0.00133868723196,-0.00158492347721,0.000576729204038,-0.0167868867958,-0.00310498107606,0.00139031046053,-5.16232285727e-05,-0.00305048670031
2024-10-23,-4.47841148912e-05,-0.00114624654984,-0.0114953887777,-0.0384812015743,-0.00952713606814,0.00138327790176,-0.00142806201665,-0.0552201985321
2024-10-24,-0.0238902780197,-0.00178704712055,0.0228794142366,0.00476833600827,0.0134664271878,0.00119288524417,-0.0250831632639,-1.05510216066
2024-10-25,0.0162905737556,0.000877982924941,-0.0234773690431,-0.0395137288405,-0.0471490268594,-0.000308033321294,0.0165986070769,0.709706273576
2024-10-26,-0.0275739084646,0.0006480231003,0.00655980134922,0.017704974834,0.0149927750518,0.00320574354654,-0.0307796520111,-1.29064659288
2024-10-27,0.00376935811727,0.00011735193543,0.0137532527729,0.0101189188377,0.01369013493,0.00221549008636,0.00155386803091,0.0742714242133
2024-10-28,0.00107191284014,0.000414356422642,0.0287369381573,0.0240594772962,0.0117145815098,0.00110141497084,-2.95021307089e-05,0.00845869217299
2024-10-29,0.0174969492526,-0.00116348382946,0.0391233408282,0.027488578218,0.0199469123841,0.000848670627727,0.0166482786249,0.711918867698
2024-10-30,0.0231222463611,0.00269464464638,-0.00530186118791,0.00780685531399,-0.0117745952128,0.00203592088808,0.021086325473,0.897896634596
2024-10-31,0.00524341211637,0.00124964251682,-0.0298164683339,-0.0552540310327,-0.026110600817,0.00135483676105,0.00388857535531,0.170208200415
2024-11-01,-0.0355445660868,-0.00261261409381,-0.0105213837253,-0.001803765378,-0.00941587009354,0.00240405064225,-0.037948616729,-1.58592437618
2024-11-02,-0.0014037284301,0.00134677393082,-0.00161453733743,-0.00707378638094,-0.00715481214258,0.00158712918449,-0.00299085761459,-0.115701506686
2024-11-03,-0.00561962069293,0.0023414658821,-0.00864451368802,-0.0143288386959,-0.0188505149046,0.00115896738246,-0.00677858807539,-0.272889329679
2024-11-04,-0.00815658566075,0.000215573406013,-0.0138164640181,-0.024842986892,-0.0133991402427,0.00172323004617,-0.00987981570692,-0.401136184743
2024-11-05,-0.0221866072201,0.00502597335332,0.0228500623425,0.0107576098145,0.0277863724711,0.00243003425967,-0.0246166414797,-1.01948093955
2024-11-06,0.0214306156122,0.00238032483256,0.0864650239154,0.117184510365,0.0711974397818,0.00293432061536,0.0184962949969,0.795340595725
2024-11-07,0.0830218716029,0.00883855019333,0.00345807787803,0.0615318795351,0.0194952868002,0.0051422902204,0.0778795813825,3.23902642331
2024-11-08,0.03016541186,0.00389148421737,0.0084990395147,0.0227176005498,0.0119307412763,0.00295139793065,0.0272140139294,1.1324449241
2024-11-09,0.0146217886492,0.0068296102167,0.00212359894009,0.0540438100874,0.0326732607838,0.00601101028115,0.00861077836802,0.368063764933
2024-11-10,0.0322906025609,0.00133697045775,0.0471917316169,0.0183358663622,0.046691510654,0.00179533846256,0.0304952640984,1.27321902092
2024-11-11,0.0260083697903,0.0013830401928,0.0982338479073,0.0575594286777,0.0620276121782,-0.000623618216224,0.0266319880066,1.10708701501
2024-11-12,0.0455460538083,0.00925115309264,-0.00793792761821,-0.038611921728,-0.0149055788435,0.000653854905816,0.0448921989025,1.85120495526
2024-11-13,-0.00499094578672,0.000368814310946,0.0275654074215,-0.0174348486804,0.00116174665718,-0.000814686025045,-0.00417625976167,-0.177305903798
2024-11-14,-0.0136857182739,0.00694029511177,-0.0354862848135,-0.0421669724739,-0.0151526966788,0.00308027091371,-0.0167659891876,-0.696819690613
2024-11-15,-0.0246675037138,0.0105800436353,0.0417612389833,0.0102458771527,0.0479323219714,0.00214641958399,-0.0268139232978,-1.10628632752
2024-11-16,0.0214033070899,0.00222882814785,-0.00500105639694,0.0137241654767,0.0353346623355,0.00565453928388,0.015748767806,0.650120206687
2024-11-17,0.00951857090846,0.00271192298458,-0.0079647556592,-0.0181809163726,-0.00330941383009,0.0021244476497,0.00739412325876,0.302655089453
2024-11-18,-0.00484194772432,0.00134477595463,0.007040444208,0.0421861425103,0.0253195967717,0.0046576530972,-0.00949960082152,-0.396744861435
2024-11-19,0.0245668207819,0.000270188069507,0.0206760549776,-0.0312614993469,-0.00461579714394,-0.00101772027054,0.0255845410525,1.05720666171
2024-11-20,-0.0121935823043,0.00361352593596,0.0209413557165,-0.0126059804268,-0.0120080489243,-0.00102564771013,-0.0111679345941,-0.464951612332
2024-11-21,-0.00284761275173,0.00951196217277,0.0421883666634,0.0895096778941,0.0475671610836,0.00446322261457,-0.0073108353663,-0.311040524208
2024-11-22,0.063517111497,0.00372582808318,0.00554313706195,-0.00863705819672,0.0488723781281,0.00500235978837,0.0585147517086,2.41727746774
2024-11-23,0.00419754880098,0.0107320507203,-0.0124107588297,0.019836975373,0.0318826103146,0.00627044661573,-0.00207289781475,-0.0946552623671
2024-11-24,0.0156433969357,0.00796760054516,0.00264330414824,-0.00952598771329,0.00448740692852,0.00197623447811,0.0136671624576,0.556497499024
2024-11-25,-0.00388565611759,0.00211912372241,-0.0526512183083,0.0144516589405,-0.0393438142797,0.00459129608556,-0.00847695220315,-0.360755839877
2024-11-26,-0.0136532061548,-0.00126885869414,-0.0106671350167,-0.0260657371293,-0.00966400084254,0.00166978839015,-0.0153229945449,-0.644693587585
2024-11-27,-0.0136186429873,-0.000839737380563,0.0419261655442,0.0947525818292,0.0399748107071,0.00408613776497,-0.0177047807523,-0.742793284854
2024-11-28,0.074667488036,0.00785209881454,-0.00294243312535,-0.0214858187173,0.00715526509925,0.00233040909762,0.0723370789384,2.94553774395
2024-11-29,-0.0102610470129,0.00428069605126,0.0190763960939,0.00412011160052,0.0387518016497,0.00338733854866,-0.0136483855615,-0.574017147337
2024-11-30,0.0146212243605,0.00378088960718,-0.0106365247145,0.0307957861523,0.0145385102012,0.00515860912955,0.00946261523092,0.371384864115
2024-12-01,0.0194779129939,-0.00895700596918,0.00821320140053,0.00111969945827,0.0369085928939,0.00416755078422,0.0153103622097,0.609887564976
2024-12-02,0.00380599453284,0.00142362591789,-0.0145286453289,-0.0178422764576,0.0358361489584,0.00562478063178,-0.00181878609894,-0.0879612859074
2024-12-03,-0.0133949786575,0.00364443423636,0.000718059042402,-0.00745570468953,0.0299313809157,0.00409018587272,-0.0174851645302,-0.726304752081
2024-12-04,0.0663777431794,0.00275208912387,0.0288808982915,0.0605971573781,-0.00122238377832,0.00123414821602,0.0651435949634,2.62738105427
2024-12-05,-0.0104621278082,0.00608279891553,-0.0173468761929,-0.0143248637474,-0.00921244402161,0.00267472312343,-0.0131368509316,-0.545470600859
2024-12-06,-0.0083939844043,0.00321470438641,0.0288950547633,0.0554791663926,0.0354557211835,0.00377948883728,-0.0121734732416,-0.50793222195
2024-12-07,0.0414010581876,0.00632780062559,0.000395123484028,-0.0012343221763,0.014713063459,0.00318666159973,0.0382143965879,1.53542374299
2024-12-08,0.00177959964468,0.001939836104,0.012421245439,0.00173862815555,0.00194786496139,0.00122232648443,0.000557273160244,0.00937016876928
2024-12-09,-0.000985517386582,0.0058546513427,-0.0386589292197,-0.0758805251656,-0.113509982752,-0.00488140929346,0.00389589190688,0.142411545076
2024-12-10,-0.0772296379548,-0.00178299571646,-0.0070763569629,-0.0228341701259,-0.000998244852461,0.00207242099903,-0.0793020589538,-3.18415604573
2024-12-11,-0.000197200592854,0.00377369199104,0.0458960807907,0.0547374248174,0.0468882419122,0.00302432222478,-0.00322152281764,-0.140248547872
2024-12-12,0.0535861898761,0.00296501143244,-0.0116054812026,0.0123961327077,0.00510857514188,0.0040008174594,0.0495853724167,1.96216401747
2024-12-13,0.00961763065829,0.00238624601837,0.0138895566087,0.00624978719394,0.011451904446,0.00192173491658,0.00769589574171,0.291641364518
2024-12-14,0.00804018585669,0.00454116144193,-0.000247058878886,-0.00963973537433,-0.0221264241686,0.000280993448939,0.00775919240775,0.295959507263
2024-12-15,-0.00737459835041,0.00112920559571,0.0292438359239,0.022600674525,0.0184672997642,0.0015077935554,-0.00888239190581,-0.373442918031
2024-12-16,0.0225497886959,0.000736820514671,0.0158327061963,0.00744139294722,-0.0119667764692,5.33197518677e-05,0.022496468944,0.881739304011
2024-12-17,0.0167526355009,0.00230920547375,0.000504952414275,-0.0239545684098,-0.00399305859026,0.00111605806992,0.015636577431,0.603868694758
2024-12-18,-0.0209704314753,0.00155515159922,-0.0578955525441,-0.0711693752611,-0.0688425757289,0.000330691786802,-0.0213011232621,-0.870702178393
2024-12-19,-0.0528277870963,0.000670568171774,-0.0280943218565,-0.0598289116245,-0.0511333533404,-0.000784596650538,-0.0520431904457,-2.08473816179
2024-12-20,-0.0492849517499,0.00218739325262,0.00392310235291,0.01619585651,0.0212830451637,0.00386771696488,-0.0531526687147,-2.10943196316
2024-12-21,0.00218252643929,0.00109158664168,-0.00546278857917,-0.0392405931661,-0.0302140984782,-0.000721428371561,0.00290395481085,0.109795288942
2024-12-22,-0.0287390558468,8.94112935583e-05,-0.0222619465776,-0.0177367499475,-0.00735363337355,0.00316422638053,-0.0319032822273,-1.26072113315
2024-12-23,-0.00686991700481,0.000538005338338,-0.00348337748548,0.0416822432647,0.0425198393302,0.00688362785388,-0.0137535448587,-0.54191559146
2024-12-24,0.0319143749731,0.000465832587516,0.0397086622469,0.0211495518602,0.0302693335313,0.0013638806292,0.0305504943439,1.20144449931
2024-12-25,0.0261602997056,0.00177640419503,0.00747302288456,0.00079389511904,-0.00728174329178,0.000972662666715,0.0251876370388,0.986003216506
2024-12-26,-8.18427771279e-05,0.00112901345446,-0.0369929409946,-0.0463665980455,-0.0388260296877,0.00135052399989,-0.00143236677702,-0.0630790995496
2024-12-27,-0.0362451950226,0.00352586220941,-0.0165417982968,-0.00214238557078,-0.00071455241514,0.00359213482483,-0.0398373298474,-1.5662295971
2024-12-28,-0.00328805552633,0.000516831904115,0.0126044103606,0.0212366730063,0.023418854351,0.00337248197568,-0.00666053750201,-0.26195495097
2024-12-29,0.0196531804936,-0.000692322137017,-0.0188160492936,-0.0147189084429,-0.0317939300869,0.00113631866382,0.0185168618298,0.725469827412
2024-12-30,-0.0133789034956,-0.000785832281785,-0.0101482067837,0.00146181568233,-0.00224160420967,0.00299590154372,-0.0163748050394,-0.645616626065
2024-12-31,-0.00657374242754,-0.00405262273378,0.00806290948158,-0.0072504927084,-0.00108553340606,0.00113236947682,-0.00770611190436,-0.304364554769
2025-01-01,-0.00403523233026,-0.0028149341561,0.0107494939198,0.0066987030242,0.0407485956041,0.00438311927655,-0.00841835160681,-0.328200492263
2025-01-02,0.0147919090837,-0.00236826360494,0.0262106155349,0.0290129047354,0.0202393685278,0.00211199984391,0.0126799092398,0.502476565199
2025-01-03,0.0234833648921,0.00760277668701,0.012675884481,0.0441454349891,0.0421060879013,0.00543057083491,0.0180527940572,0.710397431649
2025-01-04,0.0344531998335,0.00587501516625,0.000881605086569,0.0134657006195,0.00083086591988,0.00256147566758,0.0318917241659,1.25796414703
2025-01-05,0.0100419310124,0.00875184004229,0.00122326966776,-0.00585123241934,-0.00542585829616,0.0014883526499,0.00855357836247,0.331569042996
2025-01-06,-0.00252803937112,0.000458134237618,0.0392066352829,0.0146313374927,0.0110111038376,-0.000203552491545,-0.00232448687957,-0.100077760232
2025-01-07,0.0129498666144,0.00270470082747,-0.0533661982602,-0.0870173612044,-0.062794871257,-0.000120038366416,0.0130699049808,0.506985676927
2025-01-08,-0.0670535315998,-0.00287147613785,-0.0201586343627,-0.0164109956698,-0.00987149033915,0.00282389674039,-0.0698774283402,-2.74668666991
2025-01-09,-0.0154605462482,-0.000502581993604,-0.0250446380707,-0.0318253073604,-0.0323045929958,0.00116126191055,-0.0166218081588,-0.65142105471
2025-01-10,-0.0266247265426,-0.00107827579155,0.0217478126751,0.0135893460144,0.0206734692594,0.0020935572915,-0.0287182838341,-1.12274501954
2025-01-11,0.0197529408602,0.000878087304091,-0.00126498185375,0.00494809867324,0.0203395816116,0.003940577031,0.0158123638292,0.632590454365
2025-01-12,0.00469503887713,-0.000307980707515,-0.00107147448226,-0.00507789932003,-0.0144137766781,0.00106237905668,0.00363265982045,0.147777555194
2025-01-13,-0.00982877673652,0.001251499938,0.000752918528793,-0.0395441987576,-0.0141465539787,-0.000123228243715,-0.0097055484928,-0.377962554164
2025-01-14,-0.0214911888098,-0.000470458500573,0.0205815617215,0.0267426551322,0.028033005707,0.00313892696832,-0.0246301157781,-0.967212589968
2025-01-15,0.0279295515089,0.00112022090994,0.0403403888926,0.0679631400772,0.0718231100538,0.0057724513969,0.022157100112,0.880987208008
2025-01-16,0.0516189987104,0.00411886201157,-0.00519884167747,-0.042438242728,0.00432732778202,0.00170119699944,0.049917801711,1.96433511924
2025-01-17,-0.018792593149,0.000948871682816,0.0403059627365,0.0491586907717,0.0366827204577,0.00262292364015,-0.0214155167892,-0.839864730139
2025-01-18,0.0409227381249,0.00877203068831,0.00322771257062,-0.050170179719,-0.00210386002002,0.000214743748635,0.0407079943762,1.59132936547
2025-01-19,-0.0244769703011,0.000274917258889,-0.0311002350932,-0.0285927939696,-0.0603269183918,-0.000243909844038,-0.0242330604571,-0.951081633156
2025-01-20,-0.0228404730343,0.00170026161237,0.00948431608737,0.0216098064275,0.0091442731931,0.00262167209029,-0.0254621451246,-0.995359155912
2025-01-21,0.00781458107145,-0.000609740674047,0.0380794697818,0.0140000733411,0.0299935326782,0.00127950257134,0.00653507850011,0.254719178891
2025-01-22,0.0228900514435,0.0127708136504,-0.0238784978322,-0.0263357275213,-0.00316393307149,0.00336388094767,0.0195261704958,0.758286278012
2025-01-23,-0.0101191396741,0.00584725707576,0.00260173562503,0.0297921966295,-0.0107500775444,0.00204037082978,-0.0121595105039,-0.483730371391
2025-01-24,0.00832616511303,0.00349335325934,0.00882820161524,-0.00883195979369,-0.00579427014221,0.000667243484171,0.00765892162886,0.292387844035
2025-01-25,-0.00256903547676,0.00282095606065,-0.00115210534813,0.00265589824682,0.00581557522455,0.00279182848517,-0.00536086396192,-0.217340621435
2025-01-26,0.00714357668787,0.000198619058985,-0.020657688115,-0.0262299987528,-0.028047293037,0.0012366393564,0.00590693733147,0.226331563214
2025-01-27,-0.0179247161853,-0.000331090450437,-0.00509442891307,-0.0157017609287,-0.00593289590516,0.0017399805849,-0.0196646967703,-0.773820586203
2025-01-28,-0.0272897263643,0.00116956127335,-0.00779780829782,-0.0340932628362,-0.0264304984838,-7.18158272909e-05,-0.027217910537,-1.06562637296
2025-01-29,-0.0195692078758,0.00170075491179,0.0240203281044,0.0123076176538,0.0123241496553,0.00122979722021,-0.020799005096,-0.810034559908
2025-01-30,0.0179495851887,0.00100522018854,0.00965440223362,0.0421432926999,0.029644678384,0.0047327096764,0.0132168755123,0.519020160823
2025-01-31,0.0268990353233,0.00317917897324,-0.0224726663747,0.015972573642,-0.00888041974203,0.00408487746495,0.0228141578583,0.889551399858
2025-02-01,-0.00892098150341,0.00102029439695,-0.0176586892472,-0.0570436253229,-0.0531433802526,-0.00181538285071,-0.0071055986527,-0.278837485248
2025-02-02,-0.0385024124755,9.1466965948e-05,-0.0300779011629,-0.0833059331267,-0.072194617924,-0.00285746944077,-0.0356449430347,-1.38751976591
2025-02-03,-0.0750659898283,-0.000291578638464,0.0381636564059,0.00519374180527,0.032311999205,0.00117762667608,-0.0762436165044,-2.93020539161
2025-02-04,0.026304654863,0.00413215369409,-0.0366668680646,-0.0536987448812,-0.0463910019072,0.000542871642593,0.0257617832204,0.999288926624
2025-02-05,-0.0345030216817,0.0111428596146,-0.0119101527526,0.0203586706499,-0.0244400714134,0.00209283979016,-0.0365958614719,-1.39393851394
2025-02-06,0.00715653587604,0.0057063099242,-0.000695025505962,-0.0369659603827,-0.0191722053424,-0.000281629132064,0.0074381650081,0.302319899561
2025-02-07,-0.00309126788414,0.00289705956336,-0.000323801250699,-0.0242517845471,0.007850317382,0.00205588416911,-0.00514715205325,-0.179744628543
2025-02-08,-0.00423172441549,0.00490286217952,-0.00019460379791,0.00408846898643,0.0179399240524,0.00363891090273,-0.00787063531822,-0.282244386797
2025-02-09,0.0073125896433,-0.000401380044181,-0.000345027605182,-0.00220565383123,-0.00416052927796,0.00183638319545,0.00547620644785,0.23560184397
2025-02-10,0.000291509457757,0.000609086292009,0.0100110345655,0.0128674705659,0.0142132695787,0.00268324955887,-0.00239174010111,-0.0679763484098
2025-02-11,0.0143039480565,0.00178690687173,-0.0166444035446,-0.021623853467,0.00193320338722,0.00321083169225,0.0110931163643,0.451985876128
2025-02-12,-0.0121449836079,-0.000121184268885,0.0209611614,0.0499702996888,0.0268851415343,0.0037176466452,-0.0158626302531,-0.585371388978
2025-02-13,0.0344412697321,0.00103147631507,-0.0126303399462,-0.0228482372661,-0.00774980840642,0.00208929824129,0.0323519714908,1.27507659215
2025-02-14,-0.0132659344352,5.27302765398e-05,0.00890702216445,0.0182912878991,0.0243372428104,0.00369398972745,-0.0169599241626,-0.626749191893
2025-02-15,0.00898492648015,0.00228866387152,0.000939061545104,-0.011891119364,-0.00580293143458,0.00130530942795,0.00767961705219,0.327231495002
2025-02-16,-0.00413870276285,0.000651169727988,-0.0145220325989,-0.0112971316797,-0.00936198478161,0.00249311427051,-0.00663181703335,-0.227326208649
2025-02-17,-0.0082404609573,0.000159380319353,-0.00424816945674,0.0298430186947,-0.0121331745391,0.00257449566695,-0.0108149566242,-0.388559566445
2025-02-18,-0.00155557029239,5.82875486899e-06,-0.001873471371,-0.0272120412983,-0.0274903327302,-0.000491655728792,-0.0010639145636,-0.00864589511523
2025-02-19,-0.0157917810566,-0.000785234513366,0.0106873141999,0.0171781060668,0.0188028669186,0.00308814535411,-0.0188799264107,-0.695644935491
2025-02-20,0.0174965495621,0.00272770571451,0.0175177862552,0.00808627339579,0.0121582014605,0.00169291331819,0.0158036362439,0.647672123105
2025-02-21,0.0122058361764,-2.27736331659e-05,-0.0224735975033,-0.0287486096891,-0.0273062294298,0.00138366227519,0.0108221739012,0.452188562646
2025-02-22,-0.0311205291351,0.00263697108321,0.00442859910774,0.0377476769525,0.0150647506666,0.00401106294502,-0.0351315920801,-1.32159915178
2025-02-23,0.0191856934461,-0.000192872826823,-0.00293658141357,0.0202308039371,-0.00577336334294,0.00263226450402,0.0165534289421,0.672689942102
2025-02-24,0.0118275140588,0.000958903706575,-0.0495642626623,-0.113802773921,-0.0863551738769,-0.00301223345775,0.0148397475166,0.606486775769
2025-02-25,-0.0735214127743,-0.00219475241906,-0.0337813773479,-0.00958281852246,0.00907576624603,0.0056859755078,-0.0792073882821,-2.98363449344
2025-02-26,-0.0178224200771,-0.00457302018816,-0.048948472738,-0.0649713261295,-0.0216044300686,0.00316643157775,-0.0209888516548,-0.754522423686
2025-02-27,-0.0472774316712,-0.00261380794708,0.00504143503241,-0.0118692656481,0.0014517099132,0.00146015356233,-0.0487375852335,-1.80267977933
2025-02-28,-0.00241956214819,-0.000575397787827,-0.00344397297226,-0.0296906742947,-0.00226535081827,0.00143654205484,-0.00385610420303,-0.0872546134729
2025-03-01,0.00322692110259,0.00365720745887,0.0187841073021,-0.0106270371403,0.011047277952,0.000931173920205,0.00229574718239,0.146933357759
2025-03-02,0.00396830786775,-0.00349128361801,0.0910584995512,0.127800011758,0.125689956852,0.00684023278132,-0.00287192491357,-0.0479413569403
2025-03-03,0.0818288265584,0.000577172051315,-0.0904137631716,-0.159621921752,-0.126504437531,-0.00356256212182,0.0853913886802,3.27383159307
2025-03-04,-0.101105075681,-0.000197417528987,0.0137487244238,0.0117183074504,0.0241666184697,0.00303536147965,-0.10414043716,-3.79003644346
2025-03-05,0.00538029892998,0.00137143763792,0.0366128853997,0.031052183641,0.0225733076449,0.00138171082128,0.0039985881087,0.214220046016
2025-03-06,0.0312440789654,0.00498250253081,-0.00752730719797,-0.0174685710411,-0.00268333136423,0.00215144712141,0.029092631844,1.1377743703
2025-03-07,-0.0236167909541,0.000670013279077,-0.0351908264127,-0.02792880899,-0.0282010099294,0.00252028773821,-0.0261370786923,-0.905013077822
2025-03-08,-0.00615900969508,0.00471271117681,-0.00469780124192,0.0295077281603,-0.0109223633526,0.00269520845627,-0.00885421815136,-0.259313541694
2025-03-09,0.00623046878641,0.000241876046886,-0.067032701162,-0.0867359010037,-0.0605118296087,0.00132229819637,0.00490817059005,0.254413194902
2025-03-10,-0.060528752281,-0.000180758094405,-0.0268985140285,-0.0803068670266,-0.038926152214,-0.000612276249923,-0.0599164760311,-2.141978705
2025-03-11,-0.0436567161545,-0.00180627375192,0.053539347056,0.0303794720411,0.0363749997552,0.000809963214763,-0.0444666793692,-1.56022960681
2025-03-12,0.0293708633416,0.00245317415106,0.00815428433717,-0.00849679213567,0.0205187352909,0.00267711293995,0.0266937504017,1.07071600602
2025-03-13,0.00429949201823,0.00266266981157,-0.0307188811107,-0.0227760001158,-0.00852547012066,0.00370970259118,0.000589789427046,0.103031639243
2025-03-14,-0.00780050016268,0.000493455877582,0.0351622988622,0.025553443051,0.0263444375236,0.00162839117721,-0.00942889133989,-0.265708723097
2025-03-15,0.0249125399789,0.00258661096422,0.00424169721289,0.0124535524821,0.0187693319611,0.00354060830055,0.0213719316783,0.869972665656
2025-03-16,0.0132508362466,0.000667122058765,-0.021932017623,-0.0262760091192,-0.0302124497632,0.00119386689974,0.0120569693468,0.521612544801
2025-03-17,-0.0191288246661,-0.000140684383904,0.019541125211,0.0215258583589,0.0203186544506,0.0025104437685,-0.0216392684346,-0.733170218765
2025-03-18,0.0152513627123,0.00177423392433,-0.0169371767807,0.00211059078895,-0.00861159582369,0.00317518632951,0.0120761763828,0.524654721009
2025-03-19,-0.000103401576848,0.0011182166538,0.048773384451,0.0636477766582,0.0376612842285,0.002346376949,-0.00244977852585,-0.0196071724133
2025-03-20,0.0295710591929,0.00285342711191,-0.032130810555,-0.037894605042,-0.0199305242605,0.00254616684643,0.0270248923465,1.08169044756
2025-03-21,-0.0259631991559,-0.000629618497079,-0.00143924218506,-0.00891641068706,-0.00704965730903,0.00152323310655,-0.0274864322624,-0.97892608847
2025-03-22,-0.00124360222221,0.00249147898784,-0.0025108040896,0.00775724820409,0.00154953588852,0.00275695368779,-0.00400055591,-0.0798310582454
2025-03-23,0.00704591291104,0.00396902727296,0.0270507391541,0.0141397113714,0.0111779482043,0.00091981713754,0.0061260957735,0.304667497733
2025-03-24,0.0177357566929,0.00142540958613,0.0157784554215,0.0357374193095,0.0214649123258,0.00337063861991,0.0143651180729,0.620811678745
2025-03-25,0.0340898530611,0.00428211399207,-0.00100278249479,-0.00717878287367,0.00607874572627,0.00250167266823,0.0315881803929,1.28122451859
2025-03-26,0.00872726264874,0.00466479164677,-0.00514922587539,-0.0271515922626,-0.0159089484692,0.00066627326988,0.00806098937886,0.3823518097
2025-03-27,-0.0135712620165,0.000724490709349,0.00338194800486,-0.00367981294973,0.00672711376676,0.00224850592621,-0.0158197679427,-0.534774890279
2025-03-28,-0.00373623893758,-0.000604038774622,-0.0337390769856,-0.0552848005542,-0.0393528839517,0.00074221674191,-0.00447845567949,-0.099905301518
2025-03-29,-0.0405820453205,-0.00264458720851,-0.0208039965348,-0.0368692928651,-0.0275488165724,0.000966997178326,-0.0415490424988,-1.51674235789
2025-03-30,-0.0237948227636,0.00020858398771,-0.0030858595173,-0.0110648772355,-0.00221745645129,0.00196692791626,-0.0257617506798,-0.907953942979
2025-03-31,-0.0136536304601,0.00050949443137,0.00184087373868,0.00802020178996,-0.00448540178387,0.00191747142422,-0.0155711018843,-0.515718936965
2025-04-01,0.0230866324436,0.000759996907227,0.031343761683,0.0446363280127,0.0158087877549,0.00178011236742,0.0213065200762,0.898652852854
2025-04-02,0.0186042866078,0.000367177478985,-0.0318211181697,-0.059642059376,-0.0379858813787,0.000534215925254,0.0180700706826,0.770133251314
2025-04-03,-0.0299149358156,0.0024207026971,0.00818075115313,0.0118586632239,0.00507838266221,0.00214985290139,-0.032064788717,-1.1580648372
2025-04-04,0.00831924772977,-0.000322931809691,0.00828942103109,0.000167775949506,0.0113098986372,0.00224708861741,0.00607215911236,0.309189691672
2025-04-05,0.00567099223143,-0.00197841135437,-0.00417872538795,-0.00606869427069,-0.00459162394953,0.00204356461742,0.00362742761401,0.215376535916
2025-04-06,-0.00414609208184,-0.000248595717487,-0.0636177010722,-0.133651923716,-0.0714769070136,-0.00121197118628,-0.00293412089556,-0.0372211666172
2025-04-07,-0.0772358940143,-0.00221993777976,0.00985405230703,-0.0173677480719,0.00548108418952,0.00114576395596,-0.0783816579703,-2.89721195084
2025-04-08,-0.00482104322292,-0.00121602858352,-0.0369028033995,-0.0528945064701,-0.0227551840261,0.00232916333863,-0.00715020656154,-0.186178270019
2025-04-09,-0.0275289273029,-0.00195810287665,0.0795137573179,0.125276703956,0.0717706786159,0.0038636569844,-0.0313925842873,-1.10440421126
2025-04-10,0.0676473849646,0.000746661220905,-0.037506501209,-0.0925940791776,-0.0208811501319,0.001329399278,0.0663179856866,2.59881417472
2025-04-11,-0.0409563546179,-0.000884008095849,0.0470559813099,0.028847034002,0.0245882022123,0.000496531366791,-0.0414528859847,-1.47906761322
2025-04-12,0.0195438672127,-0.000712432640476,0.0223951699417,0.0485853641356,0.0351468289995,0.00415148053974,0.015392386673,0.669729744173
2025-04-13,0.0253706724351,0.000956285988174,-0.0181750671814,-0.028904143161,-0.0251395844129,0.00114038594044,0.0242302864946,1.0042776157
2025-04-14,-0.00977792381061,-0.00108517711139,0.0100651373381,0.0165920423093,0.000157915826886,0.00175535869278,-0.0115332825034,-0.376891896705
2025-04-15,0.000810528575286,0.000662754627701,-0.0112029186965,-0.0219070258678,-0.0161681903286,0.00136556285452,-0.000555034279236,0.0550806678634
2025-04-16,-0.00469067425308,0.0018735117336,0.00460775678334,-0.00714260271853,0.00248551616677,0.00171855555185,-0.00640922980493,-0.173299698132
2025-04-17,-0.010327750271,0.000860537414606,0.010153490627,0.00344014390256,0.0076521855294,0.00190352148523,-0.0122312717562,-0.400940629194
2025-04-18,0.00276710891579,0.00142961603382,-0.00520215093355,0.00343496717414,0.00157785994304,0.0028783496539,-0.000111240738111,0.0700146308192
2025-04-19,-0.0052976838442,-0.00223754669584,0.00680366309757,0.0149988639665,0.0132666857494,0.00297470331279,-0.00827238715699,-0.245944858432
2025-04-20,0.015003883911,0.000962006688269,0.000859953027087,-0.0165721984288,-0.00306315430028,0.001373613274,0.013630270637,0.609725679292
2025-04-21,-0.00411296338707,1.64553846282e-05,0.0279744225999,-0.00390370929546,0.00320895683242,-0.000294991630133,-0.00381797175694,-0.0695797376377
2025-04-22,-0.0073201918007,0.000678455002145,0.0660384209505,0.106474181075,0.0487185785211,0.00284910770906,-0.0101692995098,-0.317218364288
2025-04-23,0.0622697962661,0.0058665400082,0.00251542082931,0.0218771101775,0.00662965375755,0.00309001495252,0.0591797813136,2.37680797703
2025-04-24,0.013736291663,0.00221782399238,0.0028838948084,-0.0144395052015,0.0076465088351,0.00203881335411,0.0116974783089,0.52945302786
2025-04-25,0.0100233898229,0.00373853316706,0.00764982396853,0.00880243292628,0.00159004979734,0.00185029521105,0.00817309461189,0.388919418193
2025-04-26,0.022931765122,0.00245801058391,-0.000520678218431,0.0200029839752,0.00568803485261,0.00324553598328,0.0196862291387,0.834906011
2025-04-27,0.0110309696381,0.00344706940145,-0.00935256123603,-0.0166391708841,-0.00590655472832,0.00210811864504,0.0089228509931,0.413823133213
2025-04-28,-0.00742169111474,0.00300667208058,0.0130731509019,0.00465112316221,0.00902155961564,0.0017703406182,-0.00919203173294,-0.287911495352
2025-04-29,0.00571191066669,0.00208598412749,-0.00772102579033,-0.000973820804655,-0.0119091255466,0.00198606501304,0.00372584565365,0.215031227977
2025-04-30,-0.0073614839359,0.00684891147927,-0.00106702272706,-0.00257654810256,-0.00434132785315,0.00187879003721,-0.00924027397311,-0.291305719341
2025-05-01,-0.0012998887489,0.000288790998994,0.0243887094005,0.0247968606968,0.0105676716356,0.00144187006017,-0.00274175880907,-0.0445535678459
2025-05-02,0.0198263906143,0.00135496996339,0.00438501745209,0.00226369693179,-0.00024902064121,0.00182066906082,0.0180057215535,0.766718080879
2025-05-03,0.00582552747726,0.00182506367528,-0.0108786568972,-0.00486565205793,-0.0134581604042,0.00204745243051,0.00377807504674,0.210130304972
2025-05-04,-0.00586039091719,0.00140126269475,-0.0153973862921,-0.0116811551334,-0.0129968033371,0.00229501764334,-0.00815540856053,-0.253923053477
2025-05-05,-0.0100081869406,-0.00010426512538,0.00515074113746,0.00550718979694,0.00134403286699,0.00196456495928,-0.0119727518998,-0.402247304711
2025-05-06,-0.00433277232396,-0.000476081988552,0.020052705403,-0.00315197083442,0.00353655300982,0.000485432995731,-0.00481820531969,-0.119625609264
2025-05-07,0.000163018515362,-0.00318320530758,0.00237605932186,-0.00300716880053,-0.00136360839555,0.00176619114286,-0.0016031726275,0.00521793892997
2025-05-08,-0.00965142029298,0.000503845752188,0.0622052434802,0.19781373062,0.074421881939,0.00784295050737,-0.0174943708003,-0.620212974935
2025-05-09,0.0975935011372,0.00250575402562,-0.00290401444478,0.0604568366913,0.0239791553602,0.00602935561093,0.0915641455263,3.59837235049
2025-05-10,0.0279794618092,-0.000537055838812,0.0173923903064,0.0965024216894,0.0431255675063,0.00664302871906,0.0213364330902,0.880095788938
2025-05-11,0.0544558552567,0.000998170653116,-0.0062578358958,-0.0266016400845,-0.0234651945711,0.000229135828255,0.0542267194285,2.13331130261
2025-05-12,-0.0123099758797,-4.9999039593e-05,-0.0129261628129,-0.00780370517858,0.0158875694553,0.00430941883978,-0.0166193947195,-0.591735557857
2025-05-13,-0.0166782616453,-0.00229520517987,0.0129181791943,0.0712395723987,0.018127840791,0.00445730686161,-0.0211355685069,-0.762258596779
2025-05-14,0.0381395105298,-0.000508067044887,-0.00583609778625,-0.0263050262286,-0.0217727200835,0.000323606776126,0.0378159037537,1.49577575942
2025-05-15,-0.0242734220835,0.0016925361106,0.00239682618174,-0.0238401908133,-0.0294221710454,-0.000928021411768,-0.0233454006717,-0.847739845482
2025-05-16,-0.0186317236751,0.0024688240149,-0.00282857713957,-0.00434677454304,-0.00520980491011,0.00192477327887,-0.020556496954,-0.736558793173
2025-05-17,0.000533517729291,0.00221211549234,-0.00327372182078,-0.0247525979709,-0.0125339873815,0.00081318892223,-0.000279671192939,0.0415054851463
2025-05-18,-0.0103661410438,0.00011713668291,0.0318530309982,0.00920010029518,0.0269352566214,0.00148669211105,-0.0118528331548,-0.399620270567
2025-05-19,0.00742179832547,0.000501848321353,-0.00833498711916,0.0117806721537,-0.0170789530824,0.00204577866379,0.00537601966168,0.264124686922
2025-05-20,0.0101530759974,-0.000155481375511,0.0116727551363,-0.00144053478003,0.00333273773102,0.00129802747059,0.00885504852677,0.395635909141
2025-05-21,0.00670286178578,0.0470346830385,0.0261603776027,0.0106716221299,0.0205545735358,0.00158838772567,0.0051144740601,0.2675865555
2025-05-22,0.0175198399565,0.00392976869485,0.0182913264559,0.0431750146632,0.0266366038846,0.00374230884615,0.0137775311103,0.608869993313
2025-05-23,0.0194317987518,0.00204601135722,-0.0404576320633,-0.0536086975958,-0.041587833164,0.00125032370909,0.0181814750427,0.779689831756
2025-05-24,-0.0400848255484,0.00130018164166,0.00464621743677,0.00227840103237,0.00744873523036,0.00236368956079,-0.0424485151092,-1.59755783413
2025-05-25,0.00160945773773,0.000334488295266,0.011575608643,0.00780853659432,0.00446836705216,0.00166873390699,-5.92761692606e-05,0.0649447499568
2025-05-26,0.0104138629823,9.73367848545e-05,0.00398013509163,0.00530824964659,-0.00358541288048,0.00170405844209,0.00870980454023,0.408200640643
2025-05-27,0.00690469824163,0.000922624589887,-0.00495568697209,0.0367706536658,0.00660517165497,0.00422798778873,0.0026767104529,0.172730546395
2025-05-28,0.0163671528064,-0.000174774392683,-0.0103178352523,0.00781022454497,-0.00832102876254,0.0027548759884,0.013612276818,0.600421421231
2025-05-29,-0.00303605625646,-4.52381558169e-05,-0.0213746108172,-0.0194861574082,-0.0190930830732,0.00216508988499,-0.00520114614144,-0.138174458724
2025-05-30,-0.022603326848,0.000619701753315,-0.0143161146422,-0.0379349572595,-0.0435963707368,-0.00084749522272,-0.0217558316253,-0.786118662139
2025-05-31,-0.0272684254449,0.000770497754267,0.00598038545783,-0.00097169406449,0.00533503820993,0.00198677130921,-0.0292551967541,-1.07579859524
2025-06-01,0.00169724765156,0.000476312468098,0.00972721657159,0.00420280403304,0.00647904255705,0.0018795575189,-0.000182309867339,0.0627651915447
2025-06-02,0.00632780223293,0.000184154694274,0.0021135351569,0.0267115528149,0.00643336951095,0.00325814387117,0.00306965836177,0.190457836817
2025-06-03,-0.00448594962951,0.00181858869798,-0.00473742427811,-0.00574105630135,0.00135864657539,0.00254326854601,-0.00702921817552,-0.204623942296
2025-06-04,-0.00541618039572,0.00334562835715,-0.00634472407637,0.00537843681176,-0.0109327333724,0.00212147842164,-0.00753765881736,-0.224135157647
2025-06-05,0.000163236300772,0.00230057315158,-0.0301599244826,-0.0763932063051,-0.0372957961954,-7.24945136314e-05,0.000235730814403,0.0815392860977
2025-06-06,-0.0457157829419,-0.00138995081018,0.0271219564659,0.0255227494267,0.0185818785302,0.0018006150715,-0.0475163980134,-1.7751302779
2025-06-07,0.021939791644,0.00243074260635,0.0117933860862,0.0192509473829,0.015166899355,0.00278031776294,0.019159473881,0.821918788491
2025-06-08,0.0153968060543,0.0012451805785,0.00129377696579,-0.00627616727025,0.00706531719838,0.00238874612124,0.0130080599331,0.578451410211
2025-06-09,-0.0010610603921,1.44366857917e-05,0.0418558570134,0.0657057574215,0.0291571930385,0.00242281010885,-0.00348387050094,-0.0652658004381
2025-06-10,0.0383879140728,0.0020439507461,-0.000801842074047,0.0485146775824,0.015203661341,0.00482946369702,0.0335584503758,1.3728811193
2025-06-11,0.0284165993275,-0.00126738210571,-0.0142531605656,-0.0152159543388,-0.0170211337227,0.00178645523394,0.0266301440936,1.09743072947
2025-06-12,-0.00681151043192,0.00250328702917,-0.0274158371938,-0.0473958909423,-0.0318608607573,0.000945385594062,-0.00775689602598,-0.241606136812
2025-06-13,-0.0501808239336,-0.000633620794154,0.00369193526401,-0.0244155521225,-0.00905201959648,0.000434541080086,-0.0506153650137,-1.89445098782
2025-06-14,0.000221836441533,0.00275516888947,-0.00628433891705,-0.0189119654839,-0.0113860606155,0.00135216097504,-0.00113032453351,0.0210820665792
2025-06-15,-0.00913185569004,-0.000505114838401,0.00141779048932,0.00637798343701,0.0101334013318,0.00298363331892,-0.012115489009,-0.404412519653
2025-06-16,0.00307797116149,8.10825519793e-06,0.0118956245144,-0.000995804772057,0.00378357464152,0.00132395159,0.00175401957149,0.134489739647
2025-06-17,0.0204431894727,0.000297749909496,-0.0206989134661,-0.0127444434274,-0.0188781399585,0.00232103850085,0.0181221509718,0.768130992838
2025-06-18,-0.0153935937861,0.000744867567562,0.00232386389323,0.00488586978268,4.27555219886e-05,0.00211189564863,-0.0175054894348,-0.614171700218
2025-06-19,0.00363470863976,0.000229474079187,-0.00175271955774,-0.00123717936869,-0.00119748128983,0.00221404499101,0.00142066364876,0.118189677517
2025-06-20,8.138911911e-05,-0.000508334373009,-0.0136999501088,-0.0468580816429,-0.0197183110215,0.000585235981002,-0.000503846861892,0.0445636053537
2025-06-21,-0.031575146766,-0.000790594262121,-0.0111559544268,-0.0468102379257,-0.02040259352,0.000300669786367,-0.0318758165524,-1.16999331254
2025-06-22,-0.030845676705,-9.0523284058e-05,-0.0113541008278,-0.030315622143,-0.0172640927794,0.00104605220555,-0.0318917289105,-1.16539308346
2025-06-23,-0.0245478477428,1.68846425659e-05,0.0427529074068,0.0797427516605,0.0516951881671,0.004421208646,-0.0289690563888,-1.04760562106
2025-06-24,0.0577393071063,-0.00148103605441,0.00675168893538,0.0151322976016,0.0083331468076,0.00262028242797,0.0551190246783,2.18057263801
2025-06-25,0.0153599240129,0.0066555152348,0.0118184200556,-0.0123254229372,-0.00597952709384,0.000271613268167,0.0150883107448,0.638591492719
2025-06-26,-0.00153516061082,-0.000558305597828,-0.00359618986704,-0.00104326794171,-0.0163023291272,0.00127847584656,-0.00281363645739,-0.0475976595495
2025-06-27,-0.0119696272617,0.000593461634359,0.000839730063543,0.00283566651016,0.00981697453479,0.0029073668877,-0.0148769941494,-0.511121297844
2025-06-28,0.00413459505094,0.00121340418678,0.00238844721432,0.00539059961061,0.0147552156446,0.0032043390828,0.000930255968134,0.0977104879542
2025-06-29,0.0147662184268,0.000632425088725,0.00955131045915,0.0257323840725,0.0143612949236,0.00312354090193,0.0116426775249,0.506530790729
2025-06-30,0.0145174038889,-9.23081783988e-05,-0.0108701101401,-0.00584255170264,-0.00426808316679,0.00269393522315,0.0118234686658,0.512203027403
2025-07-01,-0.00372755378052,0.00104538824147,-0.0139249955101,-0.0330701860771,-0.0245374394338,0.000665821538922,-0.00439337531944,-0.109457653604
2025-07-02,-0.0199849053991,0.0010585287638,0.0294029286844,0.066564445444,0.0297422480443,0.00364508289879,-0.0236299882979,-0.846440353452
2025-07-03,0.0344089959179,0.00226548036731,0.00683291506522,0.0081770572446,0.00684115133727,0.00229378131594,0.032115214602,1.28991589565
2025-07-04,0.0136485655401,0.00110598053955,-0.01472998055,-0.032703807934,-0.0205254333873,0.00104679049729,0.0126017750428,0.537365070977
2025-07-05,-0.0199568266511,0.00047913149524,0.00181659190913,0.00329972774172,0.00209296513934,0.00226214051541,-0.0222189671666,-0.806971730838
2025-07-06,0.00502036035099,0.000174096762869,0.00915120094387,0.0212216115238,0.0148072229145,0.00305780464661,0.00196255570438,0.123520889456
2025-07-07,0.012777259666,0.000225167210317,-0.00871021140788,-0.0110868340379,-0.00687471240571,0.00214428514402,0.010632974522,0.458702628749
2025-07-08,-0.00937077527363,0.000651964655709,0.00671778677352,0.0287833605303,0.010509086372,0.00319408325667,-0.0125648585303,-0.440719309909
2025-07-09,0.0170105220587,-0.000237627245184,0.0206552370141,0.0568062705629,0.02652608272,0.00392508352566,0.013085438533,0.553735606655
2025-07-10,0.0336479551527,0.00249139447702,0.0417149835773,0.0633590446883,0.0383864405319,0.00304482948587,0.0306031256668,1.22790321983
2025-07-11,0.0397181768654,0.00416738457862,0.0132839888023,0.00275387648572,0.0210294430903,0.00257788452095,0.0371402923444,1.47310290933
2025-07-12,0.00377792802264,0.0315560770441,-0.000908517494446,-0.00526727504744,-0.00257701812972,0.00191310913863,0.00186481888401,0.11261849541
2025-07-13,-0.00213692319959,0.00096713351342,0.0133146556466,0.00945526443021,0.0197663997212,0.00268354152091,-0.0048204647205,-0.144213141845
2025-07-14,0.0111391292078,0.000638043462764,0.00690280008109,0.0142364546035,0.00912173868079,0.00263741352707,0.00850171568077,0.370015328462
2025-07-15,0.00356131775687,-0.00126421545892,-0.0170209293023,0.0409049586142,0.00596769412842,0.00542282983167,-0.00186151207481,-0.0269060126575
2025-07-16,0.0131479373241,-0.00364862525766,0.00716336906039,0.0713476382716,0.0240808561402,0.00543186963155,0.00771606769256,0.346342725777
2025-07-17,0.0280118840447,0.00920581473959,0.00486402371001,0.0312556989915,0.0420928899858,0.00576556623788,0.0222463178069,0.906139128445
2025-07-18,0.0161275798219,0.00211901880619,-0.0106404098287,0.0198806677828,-5.10084211527e-05,0.0037565834495,0.0123709963724,0.521795172026
2025-07-19,0.0111993225691,0.00288075961954,-0.000831861260869,0.0126293400755,0.00775649904745,0.0032049487236,0.00799437384546,0.351435118935
2025-07-20,0.00731713396608,0.0012499661915,-0.00503483849327,0.0446339716321,0.0204814026756,0.00549342686299,0.00182370710309,0.115622861583
2025-07-21,0.0275215540376,0.00135297618774,0.00101289231729,0.00150078548285,0.0179916952485,0.00345308093502,0.0240684731026,0.973106312369
2025-07-22,-0.000313545331355,0.0348345099798,0.0217497683918,-0.00419453025444,0.0119015558497,0.000912804282395,-0.00122634961375,-0.00404736431082
2025-07-23,0.0105583934199,0.0210550474687,-0.0101365414846,-0.0321049235505,-0.058309183702,-0.00214258491703,0.0127009783369,0.531583319862
2025-07-24,-0.0248114324807,0.0184801478186,-0.00352290088804,0.0214875838042,-0.0114893799751,0.00230349787514,-0.0271149303558,-1.00360982031
2025-07-25,-0.00371032559249,0.00438630379049,-0.00638979956217,0.00448762754933,0.0139791689268,0.00393308290424,-0.00764340849673,-0.254720963141
2025-07-26,0.0140625686891,-0.000662357027618,0.00289052864452,0.00459478782593,0.0054417793655,0.00244817906743,0.0116143896217,0.48676612774
2025-07-27,0.00579893415251,0.00206267090241,0.0124994554444,0.0343811397038,0.0222400591037,0.00369062919518,0.00210830495733,0.121725542037
2025-07-28,0.0265075211339,0.000584946461938,-0.0114961200552,-0.0191312633402,-0.0299316731784,0.000462800687919,0.026044720446,1.04469402678
2025-07-29,-0.0215435201728,2.46453499457e-05,-0.00133111766552,-0.00171636171731,-0.00580185872634,0.00182157775328,-0.023365097926,-0.863212927125
2025-07-30,-0.0026810269354,0.000651730528286,-0.00090706594481,0.00427555827559,-0.0109646171206,0.00158233977247,-0.00426336670787,-0.124140335843
2025-07-31,-0.00150206612093,0.00219668821116,-0.0164557424125,-0.0283523826763,-0.0204157464063,0.00134554054062,-0.00284760666155,-0.071064613921
2025-08-01,-0.0215453614105,0.00203765370317,-0.0231087677532,-0.0603101712177,-0.0242469038562,0.000718771934873,-0.0222641333453,-0.821045570234
2025-08-02,-0.0378379515706,0.000964622727942,-0.00623304945377,-0.0272278843291,-0.0265857801295,-2.17518621387e-05,-0.0378161997085,-1.41593686337
2025-08-03,-0.0178692580323,-0.000142963175193,0.0149588990803,0.0304098959143,0.0295298427593,0.0038801656275,-0.0217494236598,-0.8025806786
2025-08-04,0.0270464171352,0.00171088672983,0.00705366235063,0.0618952969055,0.0281517300431,0.00545755444117,0.021588862694,0.869968923883
2025-08-05,0.0334034126633,0.00110775151354,-0.00818574072835,-0.0297858173431,-0.0235375314997,0.000306630800208,0.0330967818631,1.31577445849
2025-08-06,-0.00907659997465,0.00047886594486,0.00815217960935,0.0197514801773,0.012001112596,0.00289952179286,-0.0119761217675,-0.453256193635
2025-08-07,0.0156746593089,-0.000750005786855,0.0211994367757,0.0598793287073,0.0454558898464,0.00536084296331,0.0103138163456,0.426501763026
2025-08-08,0.0442475275541,0.00374541637606,-0.00709491486395,0.0252322932542,0.00726775984549,0.00412797855787,0.0401195489963,1.59109815657
2025-08-09,0.00766815547507,0.00188128887438,-0.00164921569389,0.060743506514,0.00883995968177,0.00480708788054,0.00286106759453,0.134171496402
2025-08-10,0.0313381727936,0.00173349749174,0.0238779195121,-0.00245314422201,-0.000704144696154,-0.000160076865144,0.0314982496588,1.26854222883
2025-08-11,-0.00203445487157,-0.0019936516153,-0.00520606436763,-0.00653300088002,-0.0196383656903,0.00101689358678,-0.00305134845835,-0.103811074413
2025-08-12,-0.00791168022369,0.00254965789121,0.011913207596,0.0830634371252,0.0410010751118,0.00659000894094,-0.0145016891646,-0.561558265755
2025-08-13,0.0457760075814,0.00261221896023,0.0265905605316,0.0344485594236,0.023946628636,0.0025132034233,0.0432628041581,1.730022054
2025-08-14,0.0206139247598,0.00471439659851,-0.0410583039882,-0.0430929438961,-0.0369201985294,0.00196580643721,0.0186481183226,0.752653016345
2025-08-15,-0.0303157988234,0.0061041926045,-0.00808120106842,-0.0240468708644,-0.0066820634827,0.00171053774457,-0.0320263365679,-1.2557708228
2025-08-16,-0.0183209184132,-0.00706317980089,0.000154296625237,-0.00387880326825,0.00828836223625,0.00265641632635,-0.0209773347396,-0.816398307844
2025-08-17,0.000932029059907,-0.000173815633865,0.000539883714517,0.0118483254409,0.00854351495808,0.00311236246882,-0.00218033340892,-0.0705368904649
2025-08-18,0.0023339191572,0.00379042741475,-0.0105031069572,-0.0370002194768,-0.01861005179,0.000667145848184,0.00166677330902,0.081691099414
2025-08-19,-0.018102223723,0.0111427407625,-0.029882950188,-0.0571625400485,-0.0364013447013,0.000545923485522,-0.0186481472085,-0.720109154059
2025-08-20,-0.036749911785,-0.000123317709804,0.012443312846,0.0620805491189,0.0335284707521,0.00535981911143,-0.0421097308965,-1.63873893326
2025-08-21,0.036256411803,0.000811701943928,-0.0158561280892,-0.0262201549599,-0.0222925382523,0.00121593075077,0.0350404810522,1.39686313903
2025-08-22,-0.00854443111449,-0.00293247154112,0.0386107871364,0.134134877319,0.0615925682572,0.00716899705164,-0.0157134281661,-0.596638366665
2025-08-23,0.0746205294531,-0.000350756299436,-0.0130924287387,-0.0112491826601,-0.00565782260673,0.00263487757385,0.0719856518792,2.81445954313
2025-08-24,0.00747043145076,0.0041022037024,-0.0155126335296,0.00179526559671,-0.00688093115694,0.00316119096248,0.00430924048829,0.186238922673
2025-08-25,-0.0183486924647,0.000116127832861,-0.0308242000258,-0.0891268501456,-0.0521550819899,-0.00148789607433,-0.0168607963903,-0.639699639689
2025-08-26,-0.0446628317943,0.00592227335368,0.0150444573775,0.0505079993401,0.0330499792226,0.00473571785696,-0.0493985496513,-1.89592008833
2025-08-27,0.0293046939391,0.000328129090175,-0.00508343701796,-0.021307630101,-0.00221956920742,0.00184381398937,0.0274608799497,1.08625038992
2025-08-28,-0.00280040897799,0.00226118507684,0.0116592531667,0.00106428794007,0.0185246345762,0.002493140473,-0.005293549451,-0.194704771765
2025-08-29,0.00802324292937,0.00818373668198,-0.0379121188647,-0.0340991246047,-0.029553481075,0.0024872266014,0.00553601632797,0.229619156562
2025-08-30,-0.0263885384464,0.000439739493064,0.00418476375878,0.0031814022535,0.00295901821185,0.0021030108174,-0.0284915492638,-1.09929233643
2025-08-31,0.00180620710745,0.00112503288365,-0.00468157691202,0.00551750615032,-0.0077337523043,0.00220715543659,-0.000400948329144,-0.000561608132498
2025-09-01,-0.00263796603734,0.00228514874771,0.00874582391552,-0.0187296062234,-0.010466901567,3.32410561447e-05,-0.00267120709349,-0.0895662038667
2025-09-02,-0.0139213124755,4.35248756503e-05,0.0177838307495,0.0022473958244,0.0299894036168,0.00280558918924,-0.0167269016647,-0.640774708474
2025-09-03,0.00778410067165,-0.00262244558437,0.00446594652914,0.0285964346415,0.00508653403105,0.00299777435998,0.00478632631167,0.204042075173
2025-09-04,0.0228404316601,0.00563782055319,-0.0090686315809,-0.0351748819792,-0.0208383055671,0.000425107245778,0.0224153244144,0.890262590397
2025-09-05,-0.0199603585649,0.00808380239757,-0.000515376230387,0.00220031334137,0.00860158503201,0.00292428541831,-0.0228846439832,-0.882655142147
2025-09-06,0.00348048160252,-0.00472558334318,-0.004109296249,-0.00782614263081,-0.00323181599227,0.00208441237342,0.0013960692291,0.0663140305301
2025-09-07,-0.0060325293175,0.00011480850268,0.00824269180564,0.0074140230058,0.0185102919641,0.00299944244206,-0.00903197175956,-0.349031455344
2025-09-08,0.0103635458597,-0.000652004530082,0.00846308280396,5.28536417459e-05,0.0199786871985,0.00286581451045,0.00749773134922,0.303775331784
2025-09-09,0.00565575835973,0.000495008136962,-0.00475114997449,0.000732935576044,0.00289223003165,0.00285211002832,0.00280364833141,0.11949789264
2025-09-10,2.45798294038e-05,0.0014811374396,0.0216226319895,0.00946329506777,0.0159493471571,0.00163326442628,-0.00160868459688,-0.0517690336531
2025-09-11,0.0130147804542,0.000343837066396,0.0135740705003,0.0252039937943,0.0129380063886,0.00263027566166,0.0103845047925,0.421466291574
2025-09-12,0.016598679237,0.00189765284535,0.00482961939074,0.0553205518406,0.0221345363608,0.0050228241894,0.0115758550476,0.466206153157
2025-09-13,0.0333159157141,0.00418975195863,-0.00109519434922,-0.00979776228886,0.00743964156932,0.0025316861549,0.0307842295592,1.2203480427
2025-09-14,-0.00413736724196,0.00213254513859,-0.00421155847251,-0.0119821186143,-0.0177369235498,0.000900942530428,-0.00503830977238,-0.188734978481
2025-09-15,-0.0116735247016,0.000649618512572,-0.000956024026502,-0.0194525972927,-0.0123024103108,0.000774933364752,-0.0124484580663,-0.481100039964
2025-09-16,-0.00997994196887,0.000941167361919,0.0124509204104,-0.00488669115953,0.0124520163718,0.00179377228989,-0.0117737142588,-0.455688914979
2025-09-17,-0.000317270748209,0.00243096361845,-0.0029038976524,0.0196627001772,0.0221732605902,0.00466981041311,-0.00498708116132,-0.189677434329
2025-09-18,0.0162343564436,0.000526118360671,0.00537758025959,-0.000641060963321,0.00485888489958,0.00201748555645,0.0142168708872,0.571054609672
2025-09-19,0.00508976497779,0.00346083263806,-0.0120605182819,-0.0257766076552,-0.0224237708297,0.000868059002181,0.00422170597561,0.174630183777
2025-09-20,-0.0166599719713,0.0023358206468,0.000310971868389,0.00224452970447,0.00797290066933,0.00280279056062,-0.019462762532,-0.758374947149
2025-09-21,0.00971290333779,0.000609393864398,-0.00405186463547,-0.00799556977694,-0.0073323990855,0.00177208110917,0.00794082222862,0.329678000923
2025-09-22,-0.0120034651305,-0.00045806545879,-0.0223824534062,-0.0566005932617,-0.0391313170787,-0.000332871327407,-0.0116705938031,-0.44636783741
2025-09-23,-0.0366528151185,0.00308938961992,-0.00627504681858,-0.00873664608367,-0.00335326587,0.00224868354806,-0.0389014986666,-1.51932484462
2025-09-24,-0.0135255898393,0.00188640683229,0.0118321012812,-0.00278124698337,0.0078486887253,0.00157545787895,-0.0151010477182,-0.574343145123
2025-09-25,0.00143683255989,0.00306767958154,-0.0387443880761,-0.0693128463416,-0.0497448078091,1.88814028444e-05,0.00141795115705,0.0798542182302
2025-09-26,-0.0350167613722,5.57758846398e-06,0.00663993032864,0.0415133810007,0.0236323604551,0.00455029231024,-0.0395670536825,-1.5363779689
2025-09-27,0.0221678055671,0.00277014232389,-0.000922495459315,-0.00487436962745,0.000870023186181,0.00218001617669,0.0199877893905,0.815172654443
2025-09-28,0.00831638997538,0.00074896011585,0.0227124112908,0.0300473896984,0.019039026558,0.00237872544867,0.00593766452672,0.261063595919
2025-09-29,0.0257207823171,0.000451168372248,0.0191768627886,0.0176838773834,0.00362700112788,0.00119969008945,0.0245210922277,0.990220645977
2025-09-30,0.0122807443549,0.00244114817539,-0.00267089495897,-0.0170409304121,-0.00951137489243,0.00121177374343,0.0110689706115,0.45803723618
2025-10-01,-0.00436764176811,0.00408990172246,0.0394460608131,0.04809918636,0.0328687029654,0.00238989192849,-0.00675753369659,-0.246797612106
2025-10-02,0.0378828412231,0.00180913601506,0.0164348942902,0.030920172509,0.0295979525656,0.00376381784414,0.034119023379,1.35964701908
2025-10-03,0.0203388502516,0.00405910612438,0.0139944051004,0.0064996166125,0.012069684995,0.00196502160588,0.0183738286457,0.733331856734
2025-10-04,0.00888628693147,0.00469043525505,0.000878621626716,-0.00611288529379,-0.0169080559099,0.000666995014277,0.0082192919172,0.33015626608
2025-10-05,-0.00217901191754,0.00110006389905,0.00883154891664,0.00599685426686,0.00230005937118,0.00170876540626,-0.00388777732381,-0.14589341501
2025-10-06,0.00583328487348,-0.000905803334746,0.00975864695203,0.0371144673803,0.0211858791643,0.00394904680392,0.00188423806955,0.0817225015386
2025-10-07,0.02570725027,0.00188553884912,-0.0267313442729,-0.0517232498965,-0.0205121739228,0.00158745775952,0.0241197925105,0.957489256021
2025-10-08,-0.0229034911133,0.00190580909572,0.0155927496403,0.0171313310848,0.0151211990637,0.00236132848448,-0.0252648195977,-0.990991341909
2025-10-09,0.0105642115905,0.000264134884613,-0.0131188557617,-0.0352089659757,-0.0238751165616,0.000575615831847,0.00998859575864,0.398881238916
2025-10-10,-0.0252532770775,-0.000776637196989,-0.0748646664428,-0.130929465942,-0.133881047215,-0.00468312425325,-0.0205701528242,-0.808603533528
2025-10-11,-0.109448960596,0.00195222104468,-0.0189936313892,-0.0218418169421,-0.00190041053937,0.00313959990081,-0.112588560497,-4.31700779365
2025-10-12,-0.013582697998,-0.00108262992712,0.037709259848,0.102655260627,0.0686114639988,0.0068227755827,-0.0204054735807,-0.76520337907
2025-10-13,0.0668045895592,0.000178537850722,0.00151821842615,0.0211173797223,0.0212470177675,0.00423577927423,0.062568810285,2.40767831429
2025-10-14,0.0201416310074,0.00278435121557,-0.0190897676027,-0.0282570794629,-0.0310704794235,0.000807880037314,0.0193337509701,0.751547115069
2025-10-15,-0.0188526025139,0.00347029110533,-0.0199978452876,-0.0332891832759,-0.0291447071898,0.000882474254787,-0.0197350767687,-0.736751307789
2025-10-16,-0.0327449283438,0.00248068356115,-0.0239667927178,-0.0244940311555,-0.0233010372124,0.00194477861634,-0.0346897069602,-1.30487324608
2025-10-17,-0.0191094587355,4.91109461933e-05,-0.0146761898393,-0.0147853775559,-0.0231013069395,0.0013909109982,-0.0205003697337,-0.759726402878
2025-10-18,-0.0172623758758,0.000362786808083,0.00671719354995,0.0150413004142,0.0157253015596,0.0031650109842,-0.02042738686,-0.756406333158
2025-10-19,0.0199878697353,4.69018459484e-05,0.0124122816288,0.0222966027357,0.0122264735201,0.00259807321976,0.0173897965156,0.686821619597
2025-10-20,0.0030349347077,0.000858377862915,0.0170863893278,-0.000849046011513,0.0098233494896,0.00129229734738,0.00174263736031,0.0888786117974
2025-10-21,0.0138359641503,-0.000187778500909,-0.0202747903227,-0.0270146166669,-0.0219258515665,0.00162829396547,0.0122076701848,0.489809672311
2025-10-22,-0.0228422466434,0.00370889094437,-0.00691827897216,-0.0176721487521,-0.0104499715083,0.00151707621124,-0.0243593228546,-0.9037915669
2025-10-23,-0.0187378407506,-0.00177269506864,0.0232999612702,0.013749748469,0.0229285718706,0.00212066041806,-0.0208585011687,-0.767527128161
2025-10-24,0.0140445089882,0.000110314623722,0.00856317100399,0.0198951148018,0.0108753732921,0.00278288893442,0.0112616200538,0.45396813794
2025-10-25,0.0150884835731,0.00173314534837,0.00521791532723,0.00436100083989,0.00809934655878,0.00242126086016,0.0126672227129,0.508151731977
2025-10-26,0.00231781794677,-0.000570323779264,0.0255054594132,0.0504550465122,0.021981708293,0.00295030323975,-0.000632485292977,-0.00276444579169
2025-10-27,0.0347844957157,-0.000375409604679,-0.00392610060318,-0.00928485036307,-0.00643326135557,0.00178786949486,0.0329966262209,1.27731568227
2025-10-28,-0.00497674546884,-0.001087387693,-0.0101958959946,-0.0342188245267,-0.0150119574418,0.000987241874327,-0.00596398734317,-0.208874703142
2025-10-29,-0.0200641727905,0.000537752908844,-0.0246829772368,-0.0192310040844,-0.00138954706249,0.00378265547154,-0.0238468282621,-0.886610649498
2025-10-30,-0.00748361549661,-0.00149060771159,-0.0171889556362,-0.0263290101694,-0.0325457416748,0.000581179939637,-0.00806479543625,-0.281855725179
2025-10-31,-0.0204560446974,-0.000557178861325,0.0129960928683,0.0129384538148,0.0121583521449,0.00225761119646,-0.0227136558939,-0.83748786141
2025-11-01,0.00220073263236,-0.000600292070239,0.00311882944882,0.00500225813217,0.00500294199712,0.00240697488489,-0.000206242252523,0.01699440157
2025-11-02,0.000326756793136,0.000341252306121,0.00424979768688,0.00845801122274,-6.42397013628e-05,0.00203304440148,-0.00170628760834,-0.0405078690895
2025-11-03,0.00146471032341,-8.96973419273e-05,-0.0366357700307,-0.0807660315567,-0.0680723089937,-0.00187020068414,0.00333491100754,0.151235049611
2025-11-04,-0.0585215512173,-0.000507412184497,-0.0489003603828,-0.0919553106164,-0.0309102492264,0.00166547066381,-0.0601870218811,-2.2573187124
2025-11-05,-0.0754221537035,-0.00327103020672,0.0233296122721,0.0410045361548,0.0281573536556,0.00332237712849,-0.078744530832,-2.92482029292
2025-11-06,0.00874940126337,0.000141624050375,-0.0246789743742,-0.0324628448622,-0.0204514903895,0.00198094585914,0.00676845540423,0.289737131218
2025-11-07,-0.0207384947993,-0.000692373482668,0.019079224801,0.0355033028646,0.0468884402532,0.00492976922296,-0.0256682640222,-0.929382756368
2025-11-08,0.0204642301087,0.00120479655551,-0.0096770557385,-0.00994271265624,-0.0104697488667,0.00200353856988,0.0184606915388,0.749777665593
2025-11-09,-0.00847934284798,-0.00144748260697,0.0232078992033,0.0522064665171,0.0153199488507,0.00272526937044,-0.0112046122184,-0.376866826998
2025-11-10,0.0319933801649,-8.47466788372e-05,0.0120810011637,-0.0045352339938,0.0169774973245,0.00217180338808,0.0298215767768,1.18427202417
2025-11-11,0.00141595989287,0.00068605237065,-0.0283433134012,-0.043009800237,-0.0352969979915,0.000910169513332,0.000505790379543,0.0716025047379
2025-11-12,-0.0293221990077,0.00027979085954,-0.0134284338673,-0.000602589598255,-0.00318290109285,0.00316833600172,-0.0324905350094,-1.18062376057
2025-11-13,-0.00344597857059,0.000678912115962,-0.0200166685895,-0.0556276170596,-0.0204693718473,0.000851308749547,-0.00429728732013,-0.103598182992
2025-11-14,-0.0223773037498,-0.00345116433366,-0.0503239941392,-0.0372635775983,-0.0204055993784,0.00421519598853,-0.0265924997384,-0.95351603478
2025-11-15,-0.0199277575702,-0.0020044000406,0.00848158831419,0.0174026454083,0.00955893091648,0.00261857615661,-0.0225463337268,-0.79983202551
2025-11-16,0.00113082016943,-0.000472376651889,-0.0134023264383,-0.0235253332499,-0.0109069926229,0.00190798321106,-0.000777163041632,0.0331925140302
2025-11-17,-0.0232269903536,-0.000418763610384,-0.0231578984161,-0.0210561147419,-0.018570540511,0.00232152559716,-0.0255485159508,-0.908959945025
2025-11-18,-0.0199154568505,-0.00121384673321,0.00870832222929,0.0306802422532,0.0218836935937,0.00390424569213,-0.0238197025426,-0.840752580631
2025-11-19,0.0245724249309,0.000181911725488,-0.0158298311297,-0.032504391275,-0.0218288897096,0.00105868259393,0.0235137423369,0.964931622633
2025-11-20,-0.0193191776993,-0.000528381181198,-0.05530480796,-0.0654725513443,-0.0305679399777,0.00308011314297,-0.0223992908423,-0.78483247112
2025-11-21,-0.034072481016,-0.000632558255919,-0.0170651451432,-0.0238939200322,-0.0253026989072,0.00117622019262,-0.0352487012086,-1.26901020705
2025-11-22,-0.0324237071057,-0.000894670742547,-0.00376910126883,0.00187586908387,-0.00312771918027,0.00235228168299,-0.0347759887887,-1.24774788389
2025-11-23,-0.013118185404,0.000388558899925,0.0248522886587,0.0127053034905,0.0168408693547,0.00149725629725,-0.0146154417013,-0.47540942196
2025-11-24,0.0155198214624,-0.000653743247952,0.0177482483189,0.0526872403505,0.0311915836201,0.00441398935061,0.0111058321118,0.508130027369
2025-11-25,0.0330444954258,0.00316340509425,-0.0126661427572,0.000602079295801,-0.000319879042845,0.00334475313082,0.029699742295,1.21262290471
2025-11-26,0.0010742329235,0.00211801600118,0.0354858897785,0.0227178742691,0.0155977294206,0.000721903814569,0.000352329108935,0.0912285404677
2025-11-27,0.0204866182938,0.00282168583876,0.00917018500827,-0.00368660935546,-0.00480566027397,0.00086306554598,0.0196235527478,0.822530626208
2025-11-28,-0.00298549681007,0.0010925187448,-0.00459336321271,0.00540064904469,-0.00774830783647,0.00219439989725,-0.00517989670732,-0.116977492455
2025-11-29,-0.000830804811677,0.00156812828968,-0.000744404919089,-0.0137624719604,-0.00465553746665,0.0014894442282,-0.00232024903987,-0.00784949437682
2025-11-30,-0.0109543056557,9.47908641287e-05,-0.00509285876793,0.000545776725794,-0.0073849628655,0.00212144210067,-0.0130757477564,-0.420548126813
2025-12-01,-0.00896269093639,-0.000372587119973,-0.0446688702286,-0.0665895084384,-0.0377239085064,0.00153455946191,-0.0104972503983,-0.318464212681
2025-12-02,-0.0375620039033,0.00228982267663,0.0549667507733,0.0683729194539,0.0412535624032,0.00217931811871,-0.039741322022,-1.43947951543
2025-12-03,0.043925866691,0.00162586517841,0.0232989897259,0.0622943461119,0.0250030849524,0.00373309812986,0.0401927685611,1.62677873406
2025-12-04,0.0380687617989,0.000575421584628,-0.0147607603088,-0.0176503299083,-0.0185504738066,0.00164767122424,0.0364210905747,1.49428409619
2025-12-05,-0.0130026286704,0.00111571398208,-0.0302589994912,-0.0362708072286,-0.0228333835523,0.00220789302499,-0.0152105216954,-0.49930506799
2025-12-06,-0.0186510735334,0.000867667370674,-0.000997314193732,0.00558181769731,0.00241092625412,0.00261478886806,-0.0212658624015,-0.731765678969
2025-12-07,-0.000345375703521,-0.000330200251799,0.0130279924135,0.00726358302634,-0.000657208026983,0.00114044435992,-0.00148582006345,0.0359120598464
2025-12-08,0.00361857816511,4.26541466858e-05,0.00252700346287,0.0204973691779,0.00891363476772,0.00321562206469,0.00040295610042,0.109067633878
2025-12-09,0.00572324703475,0.00117375215784,0.0222631700715,0.0602052983848,0.0122573409326,0.00282777886736,0.00289546816739,0.205696315182
2025-12-10,0.0294147809807,0.000610987268576,-0.00718441583301,0.00190116918065,-0.0116044905184,0.00204523761535,0.0273695433653,1.15419427412
2025-12-11,-0.00648526598973,-0.000212297888474,0.00552922074241,-0.0267522767488,-0.00136501136001,0.000760093636627,-0.00724535962635,-0.19996975461
2025-12-12,-0.00333860626047,0.00267749685796,-0.0246969583177,-0.0480258530762,-0.0111195338159,0.00220176714904,-0.00554037340951,-0.128062701561
2025-12-13,-0.0160043847154,0.000217427921005,-0.000343061395915,0.00954461564556,0.00708871070041,0.00301775926916,-0.0190221439846,-0.655485755829
2025-12-14,0.00716251126127,-9.66132121114e-05,-0.0232855973768,-0.0166036960682,-0.0177910247761,0.00252461939475,0.00463789186653,0.275629823189
2025-12-15,-0.00308661473434,-0.000281639388309,-0.0200943714749,-0.0327537098451,-0.0150462976357,0.00194555254639,-0.00503216728073,-0.105240948584
2025-12-16,-0.026768709441,-0.000426132163049,0.0164105826665,-0.000949274719356,0.00416454863074,0.000935230019937,-0.0277039394609,-0.991831513248
2025-12-17,0.00832385557181,-0.00037004195196,-0.0178898553677,-0.0436698905156,-0.0273525026534,0.000507070831878,0.00781678473993,0.406743219292
2025-12-18,-0.0248516319388,0.00025228070405,-0.00953158662429,-0.00299204319503,-0.017513531292,0.00168043358957,-0.0265320655284,-0.944315681208
2025-12-19,-0.00485389539089,-0.00210493770246,0.0301673654447,0.0520757257241,0.0364531917582,0.00363275815162,-0.00848665354252,-0.24026803739
2025-12-20,0.0271369357877,0.00128408518665,0.00276885859813,-0.00035346273765,0.00376928576488,0.00218752506365,0.024949410724,1.07788714469
2025-12-21,0.00398958795491,0.00267452396379,0.00341042945721,0.00816147490914,-0.000561863081565,0.00206523078726,0.00192435716765,0.163766926654
2025-12-22,0.00690596022458,-0.00309950704026,-0.000851657332905,0.0021066667114,-0.0017125765061,0.00219320451659,0.00471275570799,0.270993976702
2025-12-23,-0.00360235679447,0.000341630933875,-0.0129170101015,-0.0149351699548,-0.0120835404202,0.00203468991494,-0.00563704670941,-0.141632656081
2025-12-24,-0.0196925947242,-0.000680835348486,0.00228669285866,-0.0059545542522,-0.00153975118109,0.00167287918182,-0.021365473906,-0.762963400604
2025-12-25,0.00220785474435,-0.0010244340252,-0.00496564972449,-0.0147396410783,-0.0124653200085,0.00127601213054,0.000931842613812,0.128448232849
2025-12-26,-0.00631276887275,0.00020726059163,0.00159286430407,0.00798477659687,0.0100987095002,0.00301317581216,-0.00932594468491,-0.280098797485
2025-12-27,0.000451496382354,-0.000263140399504,0.00555111707482,0.00717873203818,0.0155100064079,0.00302075380211,-0.00256925741975,-0.0145541231691
2025-12-28,0.00538486354437,-0.000280573567874,0.000808305072171,0.00070159882225,0.00238506122835,0.00229891475353,0.00308594879084,0.210777623417
2025-12-29,0.00384655508097,-0.000126494154962,-0.00877579565883,-0.00479344354377,-0.0095822897765,0.00214023127091,0.00170632381005,0.15753318371
2025-12-30,-0.016371927595,-6.64173345832e-05,0.0144183503405,0.0120413337553,0.00678604921605,0.00170335713701,-0.018075284732,-0.634868362463
2025-12-31,-0.00142180427443,-0.000566972723455,-0.00991123410753,-0.00110372926101,-0.00788391400435,0.00248138227375,-0.00390318654817,-0.0674701730535
2026-01-01,0.00916851564723,-0.002546866595,0.0138526573686,0.0110900949412,0.0143760193797,0.00228598429301,0.00688253135422,0.362981938753
2026-01-02,0.0212942836943,-0.000906743635888,0.0136037541203,0.0405508364881,0.0281212384046,0.004206875875,0.0170874078193,0.77109653565
2026-01-03,0.0193328914282,0.00228609906013,0.0070766620871,0.000428736291118,0.00765878659211,0.00209843540134,0.0172344560268,0.777131323687
2026-01-04,0.011500257901,5.91612858436e-05,0.00984140385767,0.00553756338465,0.0138658367303,0.0024529892077,0.00904726869329,0.452741877484
2026-01-05,0.00652917945636,0.00043557679113,0.0253567984127,0.0257078059334,0.0294138473784,0.00276720276336,0.00376197669299,0.241129104125
2026-01-06,0.0204631153352,0.00167979935134,-0.0019062404385,0.0212694554968,0.00139896934732,0.00309614940606,0.0173669659291,0.784578499796
2026-01-07,0.00589320122792,-0.000840581441725,-0.0257245937585,-0.0397473444768,-0.0251190216006,0.00151510373707,0.00437809749085,0.264544789803
2026-01-08,-0.0261764426572,-0.000835999980374,-0.00276662495894,-0.0197447613774,-0.00836702775432,0.0012235992447,-0.0274000419019,-1.02456061615
2026-01-09,-0.0150167392675,-0.000639255474645,-0.00556313130866,-0.00632501456793,-0.00407815147082,0.00220188602219,-0.0172186252897,-0.612212051733
2026-01-10,-0.00726544651099,0.000846970078452,-0.000830858773842,-0.000185702104602,6.62338248922e-05,0.00225332308216,-0.00951876959316,-0.303024746806
2026-01-11,0.00872860865701,0.000380546948897,0.00496296261368,0.0115163764843,0.00296359485417,0.00228188202924,0.00644672662777,0.34560022229
2026-01-12,0.00673949277951,-0.000220245796548,0.00324916542949,-0.00882878229197,-0.00360555820401,0.00134521435204,0.00539427842747,0.302688539345
2026-01-13,-0.0117021418007,-0.00186971394382,0.0447256191363,0.0720664045847,0.0353789848865,0.0028063612985,-0.0145085030992,-0.504122348009
2026-01-14,0.054334795914,0.00348742725783,0.01626894907,0.00933188798157,-0.000636330660001,0.00090399568242,0.0534308002316,2.2300503181
2026-01-15,0.0143193457267,0.00281904313851,-0.0139078646911,-0.0109546790993,-0.0196505266357,0.00168900237732,0.0126303433494,0.586150633743
2026-01-16,-0.00740531927181,0.00305612728956,-0.000916049647383,-0.00689149227892,0.00144503045687,0.00216110636347,-0.00956642563528,-0.304979527632
2026-01-17,0.00117536128275,0.00190308986892,-0.0040634543084,0.00426754650041,0.000293463504512,0.00270335056036,-0.00152798927761,0.0192015293611
2026-01-18,0.00733936730794,0.000229973865427,-0.0155950474266,-0.00794648228611,-0.0207860729332,0.00185210794201,0.00548725936593,0.309444669669
2026-01-19,-0.0212351150061,0.000166601350681,-0.0115297875386,-0.0294266686109,-0.00884632266258,0.00170883626626,-0.0229439512723,-0.850826124662
2026-01-20,-0.00425116423099,-8.19124361122e-05,-0.0470179069341,-0.0820757768139,-0.035577330853,0.00144454274048,-0.00569570697147,-0.149385581016
2026-01-21,-0.0577414414615,-0.0055414859866,0.0118590251588,0.0146193442121,0.0137526189587,0.00253084783415,-0.0602722892957,-2.3539167591
2026-01-22,0.00984318252014,-0.00100478149622,0.00157820059544,-0.00976116608056,-0.00301704166008,0.0015152744952,0.00832790802494,0.429406790666
2026-01-23,-0.00542747095717,-0.00123124370821,0.00142530404055,0.00222410013969,0.000139619739365,0.00212221904174,-0.00754968999892,-0.215501403025
2026-01-24,-0.00114733146108,0.00136295274648,-0.005743658914,-0.00210260063567,-0.00125264602833,0.00255359929023,-0.00370093075131,-0.0580315758587
2026-01-25,0.00517404976446,0.000190468951889,-0.0286719018202,-0.0470771939939,-0.0280025113665,0.00135538601836,0.0038186637461,0.246215214601
2026-01-26,-0.0320571652748,-0.000124133062371,0.0192429540009,0.0390609025633,0.0208104775211,0.00310150365153,-0.0351586689263,-1.32849411192
2026-01-27,0.0244259320417,-0.00137178251018,0.00968936138595,0.0323452126229,0.0112663216447,0.00308170799183,0.0213442240499,0.954944930194
2026-01-28,0.0166501827352,-0.00153398526228,0.000216918858158,-0.00589501557717,-0.00107983629999,0.00190023239076,0.0147499503445,0.683879624806
2026-01-29,0.00148946846439,-0.000498349066124,-0.0518454673585,-0.0634301149601,-0.0338920618755,0.00257637451166,-0.00108690604728,0.0401628480374
2026-01-30,-0.0434244175739,-0.004196791764,-0.00635976345246,-0.0426819966719,-0.0144139796601,0.000421506168004,-0.0438459237419,-1.68136316724
2026-01-31,-0.0185081594281,-0.00212568818739,-0.0663856304237,-0.0976780835467,-0.0484547208572,0.00182110611626,-0.0203292655443,-0.726877932923
2026-02-01,-0.0578236392116,-0.000765384614173,-0.0226376386832,-0.0768593964268,-0.0190846040524,0.000557635625,-0.0583812748366,-2.24415193704
2026-02-02,-0.0358497255622,0.000357638146916,0.0219941171271,0.032358379872,0.0173699562467,0.00239184807035,-0.0382415736326,-1.43460967601
2026-02-03,0.0129014617882,0.000525691046235,-0.0386873256168,-0.049733647794,-0.0155605518596,0.00311920901211,0.00978225277608,0.48929374755
2026-02-04,-0.0156669460339,0.00167803601898,-0.0359931016381,-0.040171635369,-0.0248685499406,0.00247184723264,-0.0181387932666,-0.640699522345
2026-02-05,-0.026517343482,0.00070448101815,-0.150455297788,-0.161698542384,-0.0943190800221,0.00430573100476,-0.0308230744868,-1.15813468556
2026-02-06,-0.10700625209,-0.00263806055485,0.116134297255,0.12415990081,0.0684051548003,0.000190522672497,-0.107196774762,-4.15249548079
2026-02-07,0.065771875308,0.0010733020166,-0.0185229907097,0.010493117777,-0.00534486260916,0.00381462595978,0.0619572493482,2.53813025786
2026-02-08,0.013777515727,0.000659932237092,0.01483977396,0.0011045060888,-0.00410625554153,0.00053350555384,0.0132440101731,0.617347376408
2026-02-09,0.00690629464015,0.00346135620737,-0.00193452642771,0.00813734983124,-0.000175580942074,0.00258799112874,0.00431830351141,0.266170351851
2026-02-10,-0.00284372267052,-0.000281461066919,-0.0190438750784,-0.0406525066705,-0.0139143365456,0.00169410508423,-0.00453782775475,-0.0821831220157
2026-02-11,-0.0186248044898,-0.000276030160752,-0.0261667850821,-0.041406838106,-0.0127618010829,0.00241600014805,-0.0210408046379,-0.728037672031
2026-02-12,-0.0130621144348,-0.000684029978416,-0.0117552596399,0.00438007921581,0.0029495081754,0.003614700816,-0.0166768152508,-0.556212550691
2026-02-13,-0.00437070354004,-0.000677249826044,0.037753367842,0.0497266668132,0.0203211114908,0.00167174720536,-0.0060424507454,-0.134005910285
2026-02-14,0.0231470489498,0.00225337288922,0.0139989415883,0.0183233861242,0.0287386651486,0.00354741427291,0.0195996346769,0.87301036914
2026-02-15,0.00777863689044,0.000334922636583,-0.0142637061426,-0.0592316285822,-0.0184988456287,0.000355198053892,0.00742343883654,0.393022518726
2026-02-16,-0.020217677821,0.000339947220674,0.000917361815036,0.0160793741833,0.00575250929311,0.00299912087094,-0.0232167986919,-0.812413256286
2026-02-17,0.00284416548298,0.000701720137158,-0.0202666462536,-0.00331113747422,-0.00694457995485,0.00344328078504,-0.000599115302057,0.0773782005356
2026-02-18,-0.00357696508134,-0.000665624661981,-0.0157354150844,-0.0180454328699,-0.0158940367996,0.00192165128237,-0.00549861636371,-0.11515337528
2026-02-19,-0.0284568666448,0.000727946140344,0.00925977156076,-0.0025826897119,-6.31366040302e-05,0.00123714261765,-0.0296940092625,-1.06606487775
2026-02-20,0.00293229536234,0.000100556805165,0.0142960997581,0.00995613314912,0.0128969683473,0.00210191832773,0.000830377034613,0.136910548107
2026-02-21,0.000307035818754,-0.00123981232969,-0.000803685321303,0.00161865048376,-0.000442859088828,0.00226757483211,-0.00196053901336,0.0283895454149
2026-02-22,0.00330542718249,-0.000177203408608,-0.00489346605703,-0.0078999197368,-0.0125806059448,0.00146649029598,0.00183893688651,0.17447286218
2026-02-23,-0.00954709726352,0.00279527940042,-0.0451856374086,-0.0533353397361,-0.021900317858,0.00314599866514,-0.0126930959287,-0.396376737743
2026-02-24,-0.0319182567749,-0.000202731171459,-0.00827234523148,-0.00125880443221,-0.00133489975148,0.00280711822118,-0.0347253749961,-1.25950782287
2026-02-25,-0.00292471963094,0.000204617692365,0.0592436920011,0.105083341788,0.0425319608732,0.00298110162653,-0.00590582125747,-0.132264518951
2026-02-26,0.0515098536178,0.0018404488765,-0.00779774627917,-0.0151508426487,-0.008616836677,0.00180931057114,0.0497005430467,2.07060365819
2026-02-27,-0.00601868524921,-0.000716537948524,-0.0236800993776,-0.0487657368122,-0.0160045527194,0.00172566612887,-0.00774435137808,-0.217810583194
2026-02-28,-0.0222549707337,0.00606510961249,0.0161548186743,0.0171925995646,0.00740091360598,0.00174268310414,-0.0239976538379,-0.86364962049
2026-03-01,0.00764201259287,0.000533515327724,-0.0179722482201,-0.0125798763186,-0.00759952789366,0.00290386735004,0.00473814524283,0.282192719464
2026-03-02,-0.010157632924,-0.000534819424338,0.0451988420486,0.0439660405938,0.0159183052899,0.000484778337293,-0.0106424112613,-0.330323662223
2026-03-03,0.0258887156624,0.00258934345272,-0.00718034868272,-0.0221740287522,-0.00630445431796,0.00171121562341,0.024177500039,1.08154063765
2026-03-04,-0.0151170479317,0.000724994387813,0.0615715781627,0.0705623045331,0.0250273000518,0.000438706993158,-0.0155557549248,-0.550298050832
2026-03-05,0.0437208951987,0.00261281144165,-0.0248133694655,-0.0260914523452,-0.0109958124484,0.00288116681283,0.0408397283858,1.77624529578
2026-03-06,-0.00525037050781,0.00317490288881,-0.040037032821,-0.0464979415862,-0.016176729643,0.00329613859395,-0.00854650910176,-0.259047676784
2026-03-07,-0.0255262598008,0.000552437231224,-0.0127047752356,-0.004944670055,-0.00599356104413,0.00276381346842,-0.0282900732693,-1.07547536946
2026-03-08,-3.67595105182e-05,-5.3232588197e-05,-0.0191858443875,-0.0163566413878,-0.00548702556745,0.00305825161192,-0.00309501112243,-0.0338809016466
2026-03-09,-0.00693919575934,0.000466258441318,0.0367166602865,0.0286291970796,0.0163234048059,0.000839078677189,-0.00777827443653,-0.226207635974
2026-03-10,0.0208782811577,0.00355827510372,0.021852667939,0.0215160500468,0.00682117381243,0.00130226337233,0.0195760177853,0.902608097915
2026-03-11,0.00192710544307,0.000913435629677,0.00359979795772,0.00757374505858,0.00633899866991,0.00253811694925,-0.000611011506176,0.0569724851099
2026-03-12,-0.00522814709153,0.000906562119589,0.00494844737752,0.01056453529,0.00081577014447,0.00209646704582,-0.00732461413735,-0.220407470419
2026-03-13,0.0148432784263,0.00116531359449,0.00540420907571,0.00891081423498,0.00716392496421,0.00247193393214,0.0123713444942,0.60348876656
2026-03-14,-0.00442581653571,0.00137786916414,0.00406671343887,0.00194564876331,0.00262641143779,0.00205229956247,-0.00647811609818,-0.186544152596
2026-03-15,0.00745879781669,-0.000117233266074,0.0221706113628,0.038290059284,0.0115618595031,0.00212621236635,0.00533258545033,0.310505801187
2026-03-16,0.0185622991671,-3.30702136715e-05,0.0279137516622,0.0770960381614,0.0233665606623,0.00363023646724,0.0149320626998,0.712695213901
2026-03-17,0.0274153778052,0.000121667451385,-0.0128773426584,-0.0150503059447,-0.00525626918274,0.00253023254352,0.0248851452617,1.12385164745
2026-03-18,-0.00477148896745,0.000867305911967,-0.036940934075,-0.0506890592823,-0.0200199885361,0.00260039383762,-0.00737188280507,-0.225715810036
2026-03-19,-0.0342675688642,-0.00179918776043,-0.0187535916568,-0.0301795106944,-0.0132712733303,0.00202946160109,-0.0362970304653,-1.43036057912
2026-03-20,-0.0188951642172,0.00168724317995,0.00832266460334,0.00379027354068,0.00522645138498,0.00190501625241,-0.0208001804696,-0.778008159301
2026-03-21,0.0145391866664,-9.19706784757e-05,-0.0228715903032,-0.0290491420875,-0.0137506138352,0.00240956081946,0.012129625847,0.596306995562
2026-03-22,-0.0091019197428,0.000740027066641,-0.015593396711,-0.0150289652993,-0.00572081964364,0.00274822851364,-0.0118501482564,-0.407399518292
2026-03-23,-0.0254846962005,-0.000434257684123,0.0440158584617,0.0466895641571,0.0152031575985,0.000623579230582,-0.0261082754311,-0.999736983344
2026-03-24,0.0259587027306,-0.00112352987562,-0.00511527151938,0.0018499126013,0.00379476602151,0.00298587103191,0.0229728316987,1.05180650919
2026-03-25,0.00247183460227,0.00080326211868,0.0108757351833,0.00588856240099,0.00695133331478,0.00185864290938,0.000613191692896,0.121016438717
2026-03-26,0.00839688155882,0.000504168026481,-0.036163728916,-0.0517132059983,-0.0231055998626,0.00227042909572,0.00612645246309,0.352363120775
2026-03-27,-0.0277359214967,-0.00125341121367,-0.0353654282188,-0.0330048559745,-0.0180653669916,0.00313010336114,-0.0308660248578,-1.19479534719
2026-03-28,-0.0178340884797,-0.000742110837685,-0.000886846902215,0.000457326903319,0.00448026129183,0.00260283887261,-0.0204369273523,-0.755861005305
2026-03-29,0.00284528340914,-0.000199761447472,-0.00545186985713,-0.00507106514707,-0.00463715385521,0.00218812574712,0.000657157662021,0.121975220576
2026-03-30,0.000258843960616,0.000855218466015,0.011652140264,0.0208346207422,0.00242067633658,0.0019025375309,-0.00164369357029,0.0226468103147
2026-03-31,0.000802882718908,0.000864524866387,0.0219384380633,0.0382134389502,0.00334312207222,0.00154028295176,-0.000737400232855,0.0590594796926
2026-04-01,0.023954432536,0.0010937155831,-0.00202096697836,0.0170663473961,0.000910597671414,0.00294444127558,0.0210099912605,0.973658926717
2026-04-02,-0.00814883675671,0.000610736238098,-0.0177555728137,-0.0395642708504,-0.0162011347079,0.00143913171976,-0.00958796847647,-0.310186687213
2026-04-03,-0.0175786576188,0.000684872280676,0.00108995754587,-0.00156749113636,0.00462339260657,0.00236940684175,-0.0199480644605,-0.748694912337
2026-04-04,-0.00431639931681,0.00110549723177,0.00494667417027,0.00567386434594,0.00431787580169,0.00220743504249,-0.0065238343593,-0.181438097357
2026-04-05,0.00529368418998,-0.000155723019272,0.0250921181093,0.0210031072498,0.00431920186816,0.000802590665891,0.00449109352409,0.282784569816
2026-04-06,0.0149228615961,2.7207850593e-05,-0.00219800015031,-0.00106843954888,-0.00562319663996,0.00193450336317,0.0129883582329,0.638776518246
2026-04-07,-0.0188951591903,0.0114846483511,0.0435500532049,0.0611329182381,0.025952851552,0.00189247306262,-0.0207876322529,-0.801611636856
2026-04-08,0.0356453123603,0.00204210858658,-0.0116114714894,-0.0224301502116,-0.0132376309213,0.00160344493573,0.0340418674245,1.53010863548
2026-04-09,-0.00894284334847,0.0033927043832,0.00986600334071,-0.000112754254965,0.00526336303414,0.00164743792987,-0.0105902812783,-0.372962565606
2026-04-10,0.00676180741478,0.000631135108442,0.0164977560608,0.0252210848992,0.00522995393022,0.00179247208947,0.00496933532531,0.301357061915
2026-04-11,0.0120008652903,0.00200739384568,0.00655561590721,0.0181337206319,-0.00126168985154,0.00202223847275,0.00997862681754,0.513307134203
2026-04-12,0.00817940956719,0.00031378909194,0,0,-0.0133633646857,0.00119315866878,0.00698625089841,0.384922415485
2026-04-13,-0.0259296137923,0.000150245585797,0,0,0.0206542979826,0.00369781158791,-0.0296274253802,-1.19508393756
2026-04-14,0.0326096078392,0.000556385939635,0,0,-0.0055742976109,0.0017666522029,0.0308429556363,1.41622311219
