relpath,provider,size_bytes,sha256,suffix,rows,columns,start_date,end_date,lineage_observed_at,lineage_note,status
data_local/raw/alternativeme/fear_greed_index__daily.csv,AlternativeMe,69866,988e6e6e01eb8298f455c468fed2d928bfa34d16a338c261b727ef76ec59f868,.csv,2994,3,2018-02-01,2026-04-17,2026-07-19,first repository inventory observation; provider retrieval time is available only where a source manifest records it,indexed
data_local/raw/alternativeme/README.md,AlternativeMe,1255,4cb597b8b4e70792c2ba1399eb7edf34e0af3227190148162daf5aef72fc6dac,.md,,,,,2026-07-19,first repository inventory observation; provider retrieval time is available only where a source manifest records it,indexed
data_local/raw/artemis/Adjusted Stablecoin Transactions by Region (Ethereum and Solana).csv,Artemis,4516,024c47f1cfe7416998200eb46f86f40b35adf70bc9b77ae7d08bc41facca9aa9,.csv,75,8,2020-01-31,2026-03-31,2026-07-19,first repository inventory observation; provider retrieval time is available only where a source manifest records it,indexed
data_local/raw/artemis/Artemis - Digital Asset Treasuries Overview.csv,Artemis,3375,a2a7f0786b64607a37ef4d2c14a264afa5e1800db2ba9a08d93b8d672a34e514,.csv,20,11,,,2026-07-19,first repository inventory observation; provider retrieval time is available only where a source manifest records it,indexed:no_declared_observation_column
data_local/raw/artemis/Bitcoin ETFs AUM.csv,Artemis,146849,c7a0206c9c16bc194f5d6a60037fa908901b689cb217c17a866d6a9f29599d1a,.csv,825,12,2024-01-11,2026-04-14,2026-07-19,first repository inventory observation; provider retrieval time is available only where a source manifest records it,indexed
data_local/raw/artemis/BTC DATs - Bitcoin Count.csv,Artemis,47506,421c33483f5a9200eb8b7d46a5fbfe4681622f46c2a495e2fb59c849e9499a42,.csv,1483,8,2020-08-10,2026-04-15,2026-07-19,first repository inventory observation; provider retrieval time is available only where a source manifest records it,indexed
data_local/raw/artemis/BTC DATs- Fully Diluted EV NAV.csv,Artemis,74832,057c13cad466758ecf740bde3d11884d036c84f1b0b2286dae1a635e5857936e,.csv,1483,7,2020-08-10,2026-04-15,2026-07-19,first repository inventory observation; provider retrieval time is available only where a source manifest records it,indexed
data_local/raw/artemis/Centralized Exchanges - Open Interest.csv,Artemis,159791,edbb613b2af45463cc0cef30fe76ed6e8653612099a881d5563926de5c90e5c6,.csv,1374,8,2022-07-11,2026-04-14,2026-07-19,first repository inventory observation; provider retrieval time is available only where a source manifest records it,indexed
data_local/raw/artemis/Centralized Exchanges - Perpetuals Volume.csv,Artemis,179787,14e2a7d03d26c3045340f74472d621a4374f69d939fb38490ff0e505a384449e,.csv,1565,8,2022-01-01,2026-04-14,2026-07-19,first repository inventory observation; provider retrieval time is available only where a source manifest records it,indexed
data_local/raw/artemis/Centralized Exchanges - Spot Volume.csv,Artemis,230838,d0078ca6e94e280a01017a5f4579b27a22c3303a50d852ae5292e786bd376f17,.csv,1565,9,2022-01-01,2026-04-14,2026-07-19,first repository inventory observation; provider retrieval time is available only where a source manifest records it,indexed
data_local/raw/artemis/Chains - Chain MAU.csv,Artemis,202704,a3727c0d8f82999d794a25c4158dc1839cf8b36d3a72df6ee787ea70e18ebc5e,.csv,3904,9,2015-08-07,2026-04-14,2026-07-19,first repository inventory observation; provider retrieval time is available only where a source manifest records it,indexed
data_local/raw/artemis/Chains - Daily Active Addresses (New Wallets).csv,Artemis,153484,1c226d77e5d04a9e067e510fb6e21b3b509386acf677f3ed4ffc7852d5dd0e3d,.csv,3904,7,2015-08-07,2026-04-14,2026-07-19,first repository inventory observation; provider retrieval time is available only where a source manifest records it,indexed
data_local/raw/artemis/Chains - Daily Active Addresses (Returning Wallets).csv,Artemis,160116,f777e7b2354601e1f796552bb5f1a65469019fcc9d1560a457c2c9452ae5087c,.csv,3904,7,2015-08-07,2026-04-14,2026-07-19,first repository inventory observation; provider retrieval time is available only where a source manifest records it,indexed
data_local/raw/artemis/Chains - Fees.csv,Artemis,428479,3ac03ae45fd27b7ae225b98fa7af922a750e5ecd590ea152030e7b6634e8ad3b,.csv,3904,13,2015-08-07,2026-04-14,2026-07-19,first repository inventory observation; provider retrieval time is available only where a source manifest records it,indexed
data_local/raw/artemis/Chains - Market Cap.csv,Artemis,429686,3343a7e48cee24dcad9ff8ae279cafac0c3ec8d5b24eee1b53d06cdd3694098c,.csv,3903,13,2015-08-07,2026-04-15,2026-07-19,first repository inventory observation; provider retrieval time is available only where a source manifest records it,indexed
data_local/raw/artemis/Chains - P2P Stablecoin Transaction Volume.csv,Artemis,250613,9b8e737851e1c3c3aab37cd929f92ed9ca6b724b95d71228dc5a2c0fccff8f17,.csv,3060,9,2017-11-28,2026-04-14,2026-07-19,first repository inventory observation; provider retrieval time is available only where a source manifest records it,indexed
data_local/raw/artemis/Chains - Revenue.csv,Artemis,391836,3b2c3bb64de4c68dc5ae9b452e6aeeebcf3e7cb2cc09feb110bea91d2a1d3fca,.csv,3912,13,2015-07-30,2026-04-14,2026-07-19,first repository inventory observation; provider retrieval time is available only where a source manifest records it,indexed
data_local/raw/artemis/Chains - Stablecoin Supply.csv,Artemis,236549,8cbfac052648d83ff58d8a9566cff831b065b48389d4367666f0ea7462809cde,.csv,3060,9,2017-11-28,2026-04-14,2026-07-19,first repository inventory observation; provider retrieval time is available only where a source manifest records it,indexed
data_local/raw/artemis/Chains - Stablecoin Transaction Volume.csv,Artemis,260034,e6432297c33ad3bb81bc65bdcdcf6aebf1bbab7f141eb57c9bae4755bc575a35,.csv,3060,9,2017-11-28,2026-04-14,2026-07-19,first repository inventory observation; provider retrieval time is available only where a source manifest records it,indexed
data_local/raw/artemis/Crypto ETF AUM to Crypto Market Cap.csv,Artemis,44978,2a651c033d19ba1f49515761da5f9e84140f529cf6ccb49fb8016fb9e59ede4f,.csv,825,5,2024-01-11,2026-04-14,2026-07-19,first repository inventory observation; provider retrieval time is available only where a source manifest records it,indexed
data_local/raw/artemis/Crypto ETF Flows.csv,Artemis,4519,60b0bf734b48072081c1e0685baa6b2c5ab604c4df5f4781c4b79ff8565d8c60,.csv,118,5,2024-01-14,2026-04-12,2026-07-19,first repository inventory observation; provider retrieval time is available only where a source manifest records it,indexed
data_local/raw/artemis/Crypto ETFs AUM.csv,Artemis,43213,6fe325e222009bf0b05cbf77cd44f70d5cd9f293d0135a6be283ac8b7c5227ea,.csv,825,5,2024-01-11,2026-04-14,2026-07-19,first repository inventory observation; provider retrieval time is available only where a source manifest records it,indexed
data_local/raw/artemis/DEX - Spot DEX Daily Active Users.csv,Artemis,355554,6d2f84981dfede84251f5ec4032effa8702d1097280f58e36d7c3c8eade7ff3d,.csv,5948,21,2010-01-01,2026-04-14,2026-07-19,first repository inventory observation; provider retrieval time is available only where a source manifest records it,indexed
data_local/raw/artemis/DEX - Spot Fees.csv,Artemis,637062,f32dd7b5b2557dc3df0e37104ceec9cdc57cacb67288a3be2daab3b1511a2612,.csv,5948,21,2010-01-01,2026-04-14,2026-07-19,first repository inventory observation; provider retrieval time is available only where a source manifest records it,indexed
data_local/raw/artemis/DEX - Spot Volume.csv,Artemis,703150,f25408352407a1cf2b942a53f5477aed79349b22fd606cd39f3687fa0bcc6161,.csv,5948,24,2010-01-01,2026-04-14,2026-07-19,first repository inventory observation; provider retrieval time is available only where a source manifest records it,indexed
data_local/raw/artemis/DEX - TVL.csv,Artemis,596010,fd0002038e0bab6f02c807baf972a34e666de018b6c9060698c95c4c495514a6,.csv,5948,19,2010-01-01,2026-04-14,2026-07-19,first repository inventory observation; provider retrieval time is available only where a source manifest records it,indexed
data_local/raw/artemis/Ethereum ETFs AUM.csv,Artemis,112638,488e80a62cb175118863b2543a806b2ee423b30846b566b20f54bf59697d1a47,.csv,631,11,2024-07-23,2026-04-14,2026-07-19,first repository inventory observation; provider retrieval time is available only where a source manifest records it,indexed
data_local/raw/artemis/Lending Borrows by Chain.csv,Artemis,21451,8529be9b1664f572934bd52a82cbba42d44bc157631027e4fe93a025b8bb31af,.csv,335,9,2019-11-17,2026-04-12,2026-07-19,first repository inventory observation; provider retrieval time is available only where a source manifest records it,indexed
data_local/raw/artemis/Lending Borrows by Protocol.csv,Artemis,84879,f6b9ccbfef3ebe77f4d5bc0e942ac9c9974c0401bf468fe40021167dd6a0b831,.csv,434,20,2017-12-24,2026-04-12,2026-07-19,first repository inventory observation; provider retrieval time is available only where a source manifest records it,indexed
data_local/raw/artemis/Lending Deposits by Chain.csv,Artemis,22098,94a35fb616210cdb96fbf450b4e9cffa08c21277305330df2a6b9f99dec91136,.csv,335,9,2019-11-17,2026-04-12,2026-07-19,first repository inventory observation; provider retrieval time is available only where a source manifest records it,indexed
data_local/raw/artemis/Lending Deposits by Protocol.csv,Artemis,86028,76b1f4579631b93a3b515e0ca39054ec7231ab154ed9065ef9fd3a84bf7a1fb6,.csv,434,20,2017-12-24,2026-04-12,2026-07-19,first repository inventory observation; provider retrieval time is available only where a source manifest records it,indexed
data_local/raw/artemis/Lending Interest Fees by Protocol.csv,Artemis,9097,e662f71dba8202b3adf8f123fdc49d63e8a6015bfb400b2ade6d6dcc89932a4b,.csv,70,11,2020-06-30,2026-03-31,2026-07-19,first repository inventory observation; provider retrieval time is available only where a source manifest records it,indexed
data_local/raw/artemis/Lending Protocol Revenue.csv,Artemis,22854,377d86f6fb8e45af21fbfc1ab4a49441920a804eeda2cf8563f658eb6ccc790c,.csv,304,8,2020-06-21,2026-04-12,2026-07-19,first repository inventory observation; provider retrieval time is available only where a source manifest records it,indexed
data_local/raw/artemis/Liquid Restaking - LRT TVL (USD).csv,Artemis,131253,661f0aac1eaa9f8bfa8d79a8a30a5309df0d313d3481f3300878b8652ed2a919,.csv,1293,8,2022-09-30,2026-04-14,2026-07-19,first repository inventory observation; provider retrieval time is available only where a source manifest records it,indexed
data_local/raw/artemis/Liquid Staking - LST TVL (USD).csv,Artemis,270820,ee9d65b67f1d8f3189ae387048a1fd6a3105d2550a6980be2969c2af9f904a4b,.csv,1943,12,2020-12-19,2026-04-14,2026-07-19,first repository inventory observation; provider retrieval time is available only where a source manifest records it,indexed
data_local/raw/artemis/Monthly Bitcoin ETF flows.csv,Artemis,3302,5395518073e0164adfee6b4f14a785386a01bfd8784c35807997d485f7e7b9a9,.csv,27,12,2024-01-31,2026-03-31,2026-07-19,first repository inventory observation; provider retrieval time is available only where a source manifest records it,indexed
data_local/raw/artemis/Monthly Ethereum ETF flows.csv,Artemis,2137,32ebd4f2cfc2caa1cdc7c99b711fc3431935304f4871d443f23d1e0a22047633,.csv,21,11,2024-07-31,2026-03-31,2026-07-19,first repository inventory observation; provider retrieval time is available only where a source manifest records it,indexed
data_local/raw/artemis/Monthly Solana ETF flows.csv,Artemis,445,53d016f24f69e560b61374c49cd469f89f4184cfd82ef31461c746a4c9c93489,.csv,6,7,2025-10-31,2026-03-31,2026-07-19,first repository inventory observation; provider retrieval time is available only where a source manifest records it,indexed
data_local/raw/artemis/Perpetuals Daily Active Users for Trading Platforms.csv,Artemis,35614,c56c3ac3e6c068501d16ba5798602d6bf0758bf3d763d5e6fdc19f07249fc163,.csv,262,12,2021-04-11,2026-04-12,2026-07-19,first repository inventory observation; provider retrieval time is available only where a source manifest records it,indexed
data_local/raw/artemis/Perpetuals Open Interest for Trading Platforms.csv,Artemis,14142,dde68f473dd94b62706169bfc8dc11524619e04b37486679a41bde4c04b48093,.csv,148,12,2023-06-18,2026-04-12,2026-07-19,first repository inventory observation; provider retrieval time is available only where a source manifest records it,indexed
data_local/raw/artemis/Perpetuals Volume for Protocols.csv,Artemis,67634,07845d2facf4e31a3cc3f8de04a90427470cace7ef6f9b1c3be67fd914b1ef92,.csv,262,27,2021-04-11,2026-04-12,2026-07-19,first repository inventory observation; provider retrieval time is available only where a source manifest records it,indexed
data_local/raw/artemis/Perpetuals Volume for Trading Platforms.csv,Artemis,56966,f9baf0afd1c959b8154db56fee80655c4c452a9b4dcc9fed343d51a7b0dc479f,.csv,262,20,2021-04-11,2026-04-12,2026-07-19,first repository inventory observation; provider retrieval time is available only where a source manifest records it,indexed
data_local/raw/artemis/README.md,Artemis,10657,7c4b185919caa6c0a478f52202c9a10305ab8422e7261e50b917d3fa167089e5,.md,,,,,2026-07-19,first repository inventory observation; provider retrieval time is available only where a source manifest records it,indexed
data_local/raw/artemis/RWA - Tokenized Market Cap.csv,Artemis,118085,7cca66d20d27d23f3aa9bfccebfddebb7a966f991444285c36de08b87e1b40d4,.csv,1200,8,2023-01-01,2026-04-14,2026-07-19,first repository inventory observation; provider retrieval time is available only where a source manifest records it,indexed
data_local/raw/artemis/Solana ETFs AUM.csv,Artemis,16658,42a83738006466895051719758aae8bd8e199e2c5811827b2e3ca9307a72921c,.csv,166,7,2025-10-31,2026-04-14,2026-07-19,first repository inventory observation; provider retrieval time is available only where a source manifest records it,indexed
data_local/raw/artemis/Stablecoin Active Addresses by Chain.csv,Artemis,6924,68d1772df2f254168427efe1f2a57d4c23d7083dd7eb86079de6458c0b1d576d,.csv,101,12,2017-11-30,2026-03-31,2026-07-19,first repository inventory observation; provider retrieval time is available only where a source manifest records it,indexed
data_local/raw/artemis/Stablecoin Active Addresses by Token.csv,Artemis,6353,fb7511ec0181ff2de3cf8d4f37231a49109ef2077fe6b356c091f4395ff1461c,.csv,101,12,2017-11-30,2026-03-31,2026-07-19,first repository inventory observation; provider retrieval time is available only where a source manifest records it,indexed
data_local/raw/artemis/Stablecoin Market Share by Token.csv,Artemis,12109,368f1490e628d89586ec4bccc4246c5ff4a66ef000520a39eed2f76dd301548f,.csv,101,12,2017-11-30,2026-03-31,2026-07-19,first repository inventory observation; provider retrieval time is available only where a source manifest records it,indexed
data_local/raw/artemis/Stablecoin Supply by Chain.csv,Artemis,13156,3c46586e00545d72a7078f6377ecdc8465e73ec488d2df5b7cb9491e2aa0a0e7,.csv,102,12,2017-11-30,2026-04-30,2026-07-19,first repository inventory observation; provider retrieval time is available only where a source manifest records it,indexed
data_local/raw/artemis/Stablecoin Supply by Currency.csv,Artemis,15324,47776939f48b1adca3a4e8ab8f16b5e7a70d611588087cca7d731675b0a8ef74,.csv,101,17,2017-11-30,2026-03-31,2026-07-19,first repository inventory observation; provider retrieval time is available only where a source manifest records it,indexed
data_local/raw/artemis/Stablecoin Supply by Token.csv,Artemis,12339,b4d9ea7976be2205e200d984054dc14dbb3a1e69beef7b3cb33870a6ec6467f7,.csv,102,12,2017-11-30,2026-04-30,2026-07-19,first repository inventory observation; provider retrieval time is available only where a source manifest records it,indexed
data_local/raw/binance/spot/monthly/klines/AAVEUSDT/1d/AAVEUSDT-1d-2021-01.zip,Binance Vision,2016,cf9bcd99b66d4e1f77c805c4be9314ac69b2a47507915d03a674eb1fc819d7ba,.zip,,,,,2026-07-19,first repository inventory observation; provider retrieval time is available only where a source manifest records it,indexed
data_local/raw/binance/spot/monthly/klines/AAVEUSDT/1d/AAVEUSDT-1d-2021-02.zip,Binance Vision,1871,00918fa83e84e20602c08f80be0969d313478adc0fcbbb2297ea4a7651f828a0,.zip,,,,,2026-07-19,first repository inventory observation; provider retrieval time is available only where a source manifest records it,indexed
data_local/raw/binance/spot/monthly/klines/AAVEUSDT/1d/AAVEUSDT-1d-2021-03.zip,Binance Vision,2011,01936c67fcd93c3d9a2b147496559e7baaa497d5442aaa53b0b27b8c74b2fd47,.zip,,,,,2026-07-19,first repository inventory observation; provider retrieval time is available only where a source manifest records it,indexed
data_local/raw/binance/spot/monthly/klines/AAVEUSDT/1d/AAVEUSDT-1d-2021-04.zip,Binance Vision,1998,2cc5bfcdcb389e7dc71c3e7373277de2963d9e62bb62c49c1ee2fc7c58501935,.zip,,,,,2026-07-19,first repository inventory observation; provider retrieval time is available only where a source manifest records it,indexed
data_local/raw/binance/spot/monthly/klines/AAVEUSDT/1d/AAVEUSDT-1d-2021-05.zip,Binance Vision,2075,8cffa27664465ac99061879e00206a014514ebd59d53bc8194859dc8a2b7141b,.zip,,,,,2026-07-19,first repository inventory observation; provider retrieval time is available only where a source manifest records it,indexed
data_local/raw/binance/spot/monthly/klines/AAVEUSDT/1d/AAVEUSDT-1d-2021-06.zip,Binance Vision,1955,7514c7262c1a2639496f8992be0ca567c8998e6c604ce3a05677f5be0107a4c1,.zip,,,,,2026-07-19,first repository inventory observation; provider retrieval time is available only where a source manifest records it,indexed
data_local/raw/binance/spot/monthly/klines/AAVEUSDT/1d/AAVEUSDT-1d-2021-07.zip,Binance Vision,2024,d3754074d4a1a718914d4f696af56f8ab782704a8f9e92a6f135a4f13b82c654,.zip,,,,,2026-07-19,first repository inventory observation; provider retrieval time is available only where a source manifest records it,indexed
data_local/raw/binance/spot/monthly/klines/AAVEUSDT/1d/AAVEUSDT-1d-2021-08.zip,Binance Vision,2006,ddc8905572d7bc6975de509fbe911bdbc518d3dc92503354c129be9468d60c27,.zip,,,,,2026-07-19,first repository inventory observation; provider retrieval time is available only where a source manifest records it,indexed
data_local/raw/binance/spot/monthly/klines/AAVEUSDT/1d/AAVEUSDT-1d-2021-09.zip,Binance Vision,1825,3adf2b092e94b333ce9de1c85c074f069e91c399a859482d1e19b6ae4ff9c46c,.zip,,,,,2026-07-19,first repository inventory observation; provider retrieval time is available only where a source manifest records it,indexed
data_local/raw/binance/spot/monthly/klines/AAVEUSDT/1d/AAVEUSDT-1d-2021-10.zip,Binance Vision,1808,45bf90c61e002ee03233a9848008f6f7b7f5dc8b9299f09ce2787a3af456d5f1,.zip,,,,,2026-07-19,first repository inventory observation; provider retrieval time is available only where a source manifest records it,indexed
data_local/raw/binance/spot/monthly/klines/AAVEUSDT/1d/AAVEUSDT-1d-2021-11.zip,Binance Vision,1775,e9b3283fc6e4d5fa216af2c1361612b9b080cf90a1a196df6d5057ce56afc974,.zip,,,,,2026-07-19,first repository inventory observation; provider retrieval time is available only where a source manifest records it,indexed
data_local/raw/binance/spot/monthly/klines/AAVEUSDT/1d/AAVEUSDT-1d-2021-12.zip,Binance Vision,1821,a2cc64068cda99dc91b7282f36ad2821f6774cf495d2597b1974b9f18540279a,.zip,,,,,2026-07-19,first repository inventory observation; provider retrieval time is available only where a source manifest records it,indexed
data_local/raw/binance/spot/monthly/klines/AAVEUSDT/1d/AAVEUSDT-1d-2022-01.zip,Binance Vision,1813,09d5e3eb1e22dcc636050dbc5314cc041d12f449bd21986ff7b88f1568823445,.zip,,,,,2026-07-19,first repository inventory observation; provider retrieval time is available only where a source manifest records it,indexed
data_local/raw/binance/spot/monthly/klines/AAVEUSDT/1d/AAVEUSDT-1d-2022-02.zip,Binance Vision,1619,ff3d45f985adce3de128897e7ba284788729bd7815d378752f830e035204ee41,.zip,,,,,2026-07-19,first repository inventory observation; provider retrieval time is available only where a source manifest records it,indexed
data_local/raw/binance/spot/monthly/klines/AAVEUSDT/1d/AAVEUSDT-1d-2022-03.zip,Binance Vision,1797,0b15b3d3f452bd6600be01bddbc0e207653c72b09c25afdcddaf27e6257c17b6,.zip,,,,,2026-07-19,first repository inventory observation; provider retrieval time is available only where a source manifest records it,indexed
data_local/raw/binance/spot/monthly/klines/AAVEUSDT/1d/AAVEUSDT-1d-2022-04.zip,Binance Vision,1763,a712e06d34bbb74dba587a3993b092de7917dfc4e417bdc4ea20134136060344,.zip,,,,,2026-07-19,first repository inventory observation; provider retrieval time is available only where a source manifest records it,indexed
data_local/raw/binance/spot/monthly/klines/AAVEUSDT/1d/AAVEUSDT-1d-2022-05.zip,Binance Vision,1814,797f031ee40340161ee44ef52c0b49c66f466509439eb6804e35acb4645503f1,.zip,,,,,2026-07-19,first repository inventory observation; provider retrieval time is available only where a source manifest records it,indexed
data_local/raw/binance/spot/monthly/klines/AAVEUSDT/1d/AAVEUSDT-1d-2022-06.zip,Binance Vision,1737,ca195addbf59cdffdd71fa59e4d12513f2034ce1b59fd5548a78042875dec897,.zip,,,,,2026-07-19,first repository inventory observation; provider retrieval time is available only where a source manifest records it,indexed
data_local/raw/binance/spot/monthly/klines/AAVEUSDT/1d/AAVEUSDT-1d-2022-07.zip,Binance Vision,1798,a1479a0bcaa01ddec6b54dfe2df75b124856cfd6aa1c368f4c3e0973fe1079e9,.zip,,,,,2026-07-19,first repository inventory observation; provider retrieval time is available only where a source manifest records it,indexed
data_local/raw/binance/spot/monthly/klines/AAVEUSDT/1d/AAVEUSDT-1d-2022-08.zip,Binance Vision,1769,ca03ff215d164b55e9d9a4f72ada95746a11c26a242de4fb2e08735a327a5d8a,.zip,,,,,2026-07-19,first repository inventory observation; provider retrieval time is available only where a source manifest records it,indexed
data_local/raw/binance/spot/monthly/klines/AAVEUSDT/1d/AAVEUSDT-1d-2022-09.zip,Binance Vision,1690,4b6d1694a8e78227bb6d2c529bb5dd3cd0f26a0dfb2dbd2b08c261b8ad43eeae,.zip,,,,,2026-07-19,first repository inventory observation; provider retrieval time is available only where a source manifest records it,indexed
data_local/raw/binance/spot/monthly/klines/AAVEUSDT/1d/AAVEUSDT-1d-2022-10.zip,Binance Vision,1718,2586f76fe71fc468ad133a8ed21d879f5467c7a16a02f66317791c7e18dad423,.zip,,,,,2026-07-19,first repository inventory observation; provider retrieval time is available only where a source manifest records it,indexed
data_local/raw/binance/spot/monthly/klines/AAVEUSDT/1d/AAVEUSDT-1d-2022-11.zip,Binance Vision,1711,649cfd2e1348311f66b6b0c286d9e2495cfc4d243d7e75bc7fbe017dc2579f2a,.zip,,,,,2026-07-19,first repository inventory observation; provider retrieval time is available only where a source manifest records it,indexed
data_local/raw/binance/spot/monthly/klines/AAVEUSDT/1d/AAVEUSDT-1d-2022-12.zip,Binance Vision,1685,f0fa21076782ed2765714c548422cbe71c7c77f5bb5bf0ad05f6678c8cac479b,.zip,,,,,2026-07-19,first repository inventory observation; provider retrieval time is available only where a source manifest records it,indexed
data_local/raw/binance/spot/monthly/klines/AAVEUSDT/1d/AAVEUSDT-1d-2023-01.zip,Binance Vision,1755,f5fe0583bed92652e6344b3d1143363462de30b34e26adf80df8ccb16f31fe5a,.zip,,,,,2026-07-19,first repository inventory observation; provider retrieval time is available only where a source manifest records it,indexed
data_local/raw/binance/spot/monthly/klines/AAVEUSDT/1d/AAVEUSDT-1d-2023-02.zip,Binance Vision,1577,d92e54ebfcac90403f2bfee3eb8844479baf8c24d1bf9ce8fed073291ba7ba1d,.zip,,,,,2026-07-19,first repository inventory observation; provider retrieval time is available only where a source manifest records it,indexed
data_local/raw/binance/spot/monthly/klines/AAVEUSDT/1d/AAVEUSDT-1d-2023-03.zip,Binance Vision,1725,3e69d124656f275feb2173f43d6b61f0d74cbb5f94e11d893973fc912153f776,.zip,,,,,2026-07-19,first repository inventory observation; provider retrieval time is available only where a source manifest records it,indexed
data_local/raw/binance/spot/monthly/klines/AAVEUSDT/1d/AAVEUSDT-1d-2023-04.zip,Binance Vision,1651,e73b571c96a60b4fa5f99c6527be7b7c98f282496447e99e341ef851e00f3a4c,.zip,,,,,2026-07-19,first repository inventory observation; provider retrieval time is available only where a source manifest records it,indexed
data_local/raw/binance/spot/monthly/klines/AAVEUSDT/1d/AAVEUSDT-1d-2023-05.zip,Binance Vision,1687,be013907d6e812f9c29f48e37b0205b99d350c6cc62d8a82c2e914eb54a2e08d,.zip,,,,,2026-07-19,first repository inventory observation; provider retrieval time is available only where a source manifest records it,indexed
data_local/raw/binance/spot/monthly/klines/AAVEUSDT/1d/AAVEUSDT-1d-2023-06.zip,Binance Vision,1738,7ebf2aa0b127866a21bce1bd2b76fa2f2523d07dcb8dc16330966faed7a3b15c,.zip,,,,,2026-07-19,first repository inventory observation; provider retrieval time is available only where a source manifest records it,indexed
data_local/raw/binance/spot/monthly/klines/AAVEUSDT/1d/AAVEUSDT-1d-2023-07.zip,Binance Vision,1858,894d79425cc86d8c622b26ef2e8c4e48fd8c39427e15b6e6e4f1b1d8d771f7fe,.zip,,,,,2026-07-19,first repository inventory observation; provider retrieval time is available only where a source manifest records it,indexed
data_local/raw/binance/spot/monthly/klines/AAVEUSDT/1d/AAVEUSDT-1d-2023-08.zip,Binance Vision,1807,07016a17bb06fafc0e72d34170cd27faeac0ed84b267bfb8c3bdd6803f46ace7,.zip,,,,,2026-07-19,first repository inventory observation; provider retrieval time is available only where a source manifest records it,indexed
data_local/raw/binance/spot/monthly/klines/AAVEUSDT/1d/AAVEUSDT-1d-2023-09.zip,Binance Vision,1740,6eb2441eff9fc1ed12337e7e94038635c0b2e6318291bcc74c8f195c03c83f43,.zip,,,,,2026-07-19,first repository inventory observation; provider retrieval time is available only where a source manifest records it,indexed
data_local/raw/binance/spot/monthly/klines/AAVEUSDT/1d/AAVEUSDT-1d-2023-10.zip,Binance Vision,1836,c1aee0deefbc8214dcb9307c34553dcac06bb73bdaa88f7c66e0eee783c8ca7d,.zip,,,,,2026-07-19,first repository inventory observation; provider retrieval time is available only where a source manifest records it,indexed
data_local/raw/binance/spot/monthly/klines/AAVEUSDT/1d/AAVEUSDT-1d-2023-11.zip,Binance Vision,1815,c84243ffb3e1920e22e8f5b0a3ce7cf817753fbdceba432bca751be01f9bc948,.zip,,,,,2026-07-19,first repository inventory observation; provider retrieval time is available only where a source manifest records it,indexed
data_local/raw/binance/spot/monthly/klines/AAVEUSDT/1d/AAVEUSDT-1d-2023-12.zip,Binance Vision,1871,7404eee0c48c6c126e4440472511a07bad90663ff28c43f5c34f98564dc12e34,.zip,,,,,2026-07-19,first repository inventory observation; provider retrieval time is available only where a source manifest records it,indexed
data_local/raw/binance/spot/monthly/klines/AAVEUSDT/1d/AAVEUSDT-1d-2024-01.zip,Binance Vision,1868,963f8c07a577e2f751b7b7c76f91f083125e2e266bb4f0f4e3057f7c01737878,.zip,,,,,2026-07-19,first repository inventory observation; provider retrieval time is available only where a source manifest records it,indexed
data_local/raw/binance/spot/monthly/klines/AAVEUSDT/1d/AAVEUSDT-1d-2024-02.zip,Binance Vision,1753,f73f582c1789a5694c49073834b89c1ec7ea593ff72c24069f61c6fc837cfb68,.zip,,,,,2026-07-19,first repository inventory observation; provider retrieval time is available only where a source manifest records it,indexed
data_local/raw/binance/spot/monthly/klines/AAVEUSDT/1d/AAVEUSDT-1d-2024-03.zip,Binance Vision,1905,3b2ce1884c3cf8b06a8cc43e25fed42ee81401f51aa0ad11a8827378d8e427d9,.zip,,,,,2026-07-19,first repository inventory observation; provider retrieval time is available only where a source manifest records it,indexed
data_local/raw/binance/spot/monthly/klines/AAVEUSDT/1d/AAVEUSDT-1d-2024-04.zip,Binance Vision,1808,83e11ebe9cafc3706d88246042adb4e388f410d7bae699209fdc5256372104bf,.zip,,,,,2026-07-19,first repository inventory observation; provider retrieval time is available only where a source manifest records it,indexed
data_local/raw/binance/spot/monthly/klines/AAVEUSDT/1d/AAVEUSDT-1d-2024-05.zip,Binance Vision,1859,2ec7f05a22d96fbab13ef5bdf47e9093fbeb8812dbf82f9be653fe020e08f20f,.zip,,,,,2026-07-19,first repository inventory observation; provider retrieval time is available only where a source manifest records it,indexed
data_local/raw/binance/spot/monthly/klines/AAVEUSDT/1d/AAVEUSDT-1d-2024-06.zip,Binance Vision,1794,2f3fbbdf76944073000157529e4a1ace998f9275fd4f5ae76d57fa45b922c453,.zip,,,,,2026-07-19,first repository inventory observation; provider retrieval time is available only where a source manifest records it,indexed
data_local/raw/binance/spot/monthly/klines/AAVEUSDT/1d/AAVEUSDT-1d-2024-07.zip,Binance Vision,1866,b56cb6eec61195f0ecf45a9bbb4c8579872539eb33127bde105bf3035392ec22,.zip,,,,,2026-07-19,first repository inventory observation; provider retrieval time is available only where a source manifest records it,indexed
data_local/raw/binance/spot/monthly/klines/AAVEUSDT/1d/AAVEUSDT-1d-2024-08.zip,Binance Vision,1927,262081cfd0070b10ce6c23fa4a4a799ba6e050931a30b1fa6ab2d27bbcf57460,.zip,,,,,2026-07-19,first repository inventory observation; provider retrieval time is available only where a source manifest records it,indexed
data_local/raw/binance/spot/monthly/klines/AAVEUSDT/1d/AAVEUSDT-1d-2024-09.zip,Binance Vision,1852,1a284e51d0634d35c0a0c4b226051c3814370b016a49bea8cadff730968de307,.zip,,,,,2026-07-19,first repository inventory observation; provider retrieval time is available only where a source manifest records it,indexed
data_local/raw/binance/spot/monthly/klines/AAVEUSDT/1d/AAVEUSDT-1d-2024-10.zip,Binance Vision,1877,a130d7f1b5d9b7e18180afcd246ec0673cc6a12c92813ffc16c348a2747e2377,.zip,,,,,2026-07-19,first repository inventory observation; provider retrieval time is available only where a source manifest records it,indexed
data_local/raw/binance/spot/monthly/klines/AAVEUSDT/1d/AAVEUSDT-1d-2024-11.zip,Binance Vision,1854,2404e4b0fc4cbe42f903909b6e117e6ee9da8aae40ae515c7b12e7f83793bb01,.zip,,,,,2026-07-19,first repository inventory observation; provider retrieval time is available only where a source manifest records it,indexed
data_local/raw/binance/spot/monthly/klines/AAVEUSDT/1d/AAVEUSDT-1d-2024-12.zip,Binance Vision,1970,7bea5ff9baea16baa3c6024005a71aac3ae9b927deaee6ae49a68ab27cf58440,.zip,,,,,2026-07-19,first repository inventory observation; provider retrieval time is available only where a source manifest records it,indexed
data_local/raw/binance/spot/monthly/klines/AAVEUSDT/1d/AAVEUSDT-1d-2025-01.zip,Binance Vision,1988,e7c36e93bb2085b55772e4c0d97e3d636eb9c3456f0e7590b7cd0a64bcb299d7,.zip,,,,,2026-07-19,first repository inventory observation; provider retrieval time is available only where a source manifest records it,indexed
data_local/raw/binance/spot/monthly/klines/AAVEUSDT/1d/AAVEUSDT-1d-2025-02.zip,Binance Vision,1808,b1c1a333744eb452bfd68193871fc5d8acc5f81a9b66f0d722a8ecf771e4f227,.zip,,,,,2026-07-19,first repository inventory observation; provider retrieval time is available only where a source manifest records it,indexed
data_local/raw/binance/spot/monthly/klines/AAVEUSDT/1d/AAVEUSDT-1d-2025-03.zip,Binance Vision,1944,abf5f29d7855e6513e5ee942cbb4d6a1d72873161e2a5a752db13bf017a24a58,.zip,,,,,2026-07-19,first repository inventory observation; provider retrieval time is available only where a source manifest records it,indexed
data_local/raw/binance/spot/monthly/klines/AAVEUSDT/1d/AAVEUSDT-1d-2025-04.zip,Binance Vision,1880,ba35933054f1d75c3e9bc982dbf6582bc50316bd5a00a9702665615bd06c7a8a,.zip,,,,,2026-07-19,first repository inventory observation; provider retrieval time is available only where a source manifest records it,indexed
data_local/raw/binance/spot/monthly/klines/AAVEUSDT/1d/AAVEUSDT-1d-2025-05.zip,Binance Vision,1955,4272cd241a1ab72fb0a4db70b4f91b7af416f14c82676bd7876453b04d2ad81b,.zip,,,,,2026-07-19,first repository inventory observation; provider retrieval time is available only where a source manifest records it,indexed
data_local/raw/binance/spot/monthly/klines/AAVEUSDT/1d/AAVEUSDT-1d-2025-06.zip,Binance Vision,1899,5c787b7aa4f71413be7b5d62a38a06f40c8c9ea905a6907f22f6f580f6877f97,.zip,,,,,2026-07-19,first repository inventory observation; provider retrieval time is available only where a source manifest records it,indexed
data_local/raw/binance/spot/monthly/klines/AAVEUSDT/1d/AAVEUSDT-1d-2025-07.zip,Binance Vision,1949,0daef1951e09761f639a75f24d9a4104fee8ecd9578ec40cc73e73359e14de2e,.zip,,,,,2026-07-19,first repository inventory observation; provider retrieval time is available only where a source manifest records it,indexed
data_local/raw/binance/spot/monthly/klines/AAVEUSDT/1d/AAVEUSDT-1d-2025-08.zip,Binance Vision,1964,f2456b45cf120fa83f94d4cbe5b89b84393c5e7da128d8e6c387d524fcfd5945,.zip,,,,,2026-07-19,first repository inventory observation; provider retrieval time is available only where a source manifest records it,indexed
data_local/raw/binance/spot/monthly/klines/AAVEUSDT/1d/AAVEUSDT-1d-2025-09.zip,Binance Vision,1848,da91d79dc2cb4c3c4694f3bf42d2b7df014a9048dae3dbe2239011225788f286,.zip,,,,,2026-07-19,first repository inventory observation; provider retrieval time is available only where a source manifest records it,indexed
data_local/raw/binance/spot/monthly/klines/AAVEUSDT/1d/AAVEUSDT-1d-2025-10.zip,Binance Vision,1968,115baff193e81d09ec6c6ad5bdedc182c0a3f7ef56f9fc5a5e3deb617e0b6586,.zip,,,,,2026-07-19,first repository inventory observation; provider retrieval time is available only where a source manifest records it,indexed
data_local/raw/binance/spot/monthly/klines/AAVEUSDT/1d/AAVEUSDT-1d-2025-11.zip,Binance Vision,1881,3f443b222a7002ee969f0c4058ede99c29d74664c40f24e0f80fe0205b65e427,.zip,,,,,2026-07-19,first repository inventory observation; provider retrieval time is available only where a source manifest records it,indexed
data_local/raw/binance/spot/monthly/klines/AAVEUSDT/1d/AAVEUSDT-1d-2025-12.zip,Binance Vision,1908,368718bef96df895c7a386b636f74a3d15813c101c3c2bfa5e65271b1e936db9,.zip,,,,,2026-07-19,first repository inventory observation; provider retrieval time is available only where a source manifest records it,indexed
data_local/raw/binance/spot/monthly/klines/AAVEUSDT/1d/AAVEUSDT-1d-2026-01.zip,Binance Vision,1917,42c399cefbbb65e8d7e5f9c12680b6a3122dd911f566b1b414bbd8e0262d05f5,.zip,,,,,2026-07-19,first repository inventory observation; provider retrieval time is available only where a source manifest records it,indexed
data_local/raw/binance/spot/monthly/klines/AAVEUSDT/1d/AAVEUSDT-1d-2026-02.zip,Binance Vision,1717,df04af1ed44bff5474e86f3d80e14a08e5ec5eb79711ab22cc5bb1d72488ee46,.zip,,,,,2026-07-19,first repository inventory observation; provider retrieval time is available only where a source manifest records it,indexed
data_local/raw/binance/spot/monthly/klines/AAVEUSDT/1d/AAVEUSDT-1d-2026-03.zip,Binance Vision,1883,f775de7c5749f33cb2da9ba97cc28676a971bda29ca401e9333bd2f200954df8,.zip,,,,,2026-07-19,first repository inventory observation; provider retrieval time is available only where a source manifest records it,indexed
data_local/raw/binance/spot/monthly/klines/AAVEUSDT/1d/AAVEUSDT-1d-2026-04.zip,Binance Vision,1839,15f510ad1554f0f65a902a42c05ddef957cad3a7b14efcb883d05919384078c0,.zip,,,,,2026-07-19,first repository inventory observation; provider retrieval time is available only where a source manifest records it,indexed
data_local/raw/binance/spot/monthly/klines/AAVEUSDT/1d/AAVEUSDT-1d-2026-05.zip,Binance Vision,1859,88825c95d1627c7eab6fb4caab6ae985b3a16e0b502e1c7ccb799aa529eb2dd5,.zip,,,,,2026-07-19,first repository inventory observation; provider retrieval time is available only where a source manifest records it,indexed
data_local/raw/binance/spot/monthly/klines/AAVEUSDT/1d/AAVEUSDT-1d-2026-06.zip,Binance Vision,1848,8d617ed0ac6277c762291290b54642f116c0ca1863a2940960f2748ce9931465,.zip,,,,,2026-07-19,first repository inventory observation; provider retrieval time is available only where a source manifest records it,indexed
data_local/raw/binance/spot/monthly/klines/ADAUSDT/1d/ADAUSDT-1d-2021-01.zip,Binance Vision,2064,e6cb149267d1ed9436b06dcbd2f63ae8df5e2e8d4b2ed0930db6cb94d555f4fa,.zip,,,,,2026-07-19,first repository inventory observation; provider retrieval time is available only where a source manifest records it,indexed
data_local/raw/binance/spot/monthly/klines/ADAUSDT/1d/ADAUSDT-1d-2021-02.zip,Binance Vision,1937,8dc416c42aeaa4987c8fdfbff43fd668b4123d94bff5229ca11b8d3174e171f2,.zip,,,,,2026-07-19,first repository inventory observation; provider retrieval time is available only where a source manifest records it,indexed
data_local/raw/binance/spot/monthly/klines/ADAUSDT/1d/ADAUSDT-1d-2021-03.zip,Binance Vision,2064,a81828f23c438edc0349ab3c60e21fef1242452a794edcf9e8cf9f70ad92d4be,.zip,,,,,2026-07-19,first repository inventory observation; provider retrieval time is available only where a source manifest records it,indexed
data_local/raw/binance/spot/monthly/klines/ADAUSDT/1d/ADAUSDT-1d-2021-04.zip,Binance Vision,2002,2dc93e94ff1b3f716ecf7e6830a7304e0e0dd6a824f4d9f061eafdbc81f0ba82,.zip,,,,,2026-07-19,first repository inventory observation; provider retrieval time is available only where a source manifest records it,indexed
data_local/raw/binance/spot/monthly/klines/ADAUSDT/1d/ADAUSDT-1d-2021-05.zip,Binance Vision,2097,949eebbef93599dc3cb9fc8072b89ee08de7d863a866c2a3fe105998e897d8b6,.zip,,,,,2026-07-19,first repository inventory observation; provider retrieval time is available only where a source manifest records it,indexed
data_local/raw/binance/spot/monthly/klines/ADAUSDT/1d/ADAUSDT-1d-2021-06.zip,Binance Vision,1997,fc3edac91c25b86ec4f0ab5e77415c9f34f95593e1b5d1e42c02e8e7d8558f7d,.zip,,,,,2026-07-19,first repository inventory observation; provider retrieval time is available only where a source manifest records it,indexed
data_local/raw/binance/spot/monthly/klines/ADAUSDT/1d/ADAUSDT-1d-2021-07.zip,Binance Vision,2007,b536d0e07f303fb03d818dde96f808d7888418f317112ae900e351f3df66cea3,.zip,,,,,2026-07-19,first repository inventory observation; provider retrieval time is available only where a source manifest records it,indexed
data_local/raw/binance/spot/monthly/klines/ADAUSDT/1d/ADAUSDT-1d-2021-08.zip,Binance Vision,2055,0e6f6d470d981f6f3f3b484ccda86308580fe8bbcb6ac38736db600dcd54d6df,.zip,,,,,2026-07-19,first repository inventory observation; provider retrieval time is available only where a source manifest records it,indexed
data_local/raw/binance/spot/monthly/klines/ADAUSDT/1d/ADAUSDT-1d-2021-09.zip,Binance Vision,1865,0b898a1e226dd6c3eb65aff2a158fcad0a67f2f413b3057cbf8eb654fa1b2b01,.zip,,,,,2026-07-19,first repository inventory observation; provider retrieval time is available only where a source manifest records it,indexed
data_local/raw/binance/spot/monthly/klines/ADAUSDT/1d/ADAUSDT-1d-2021-10.zip,Binance Vision,1841,98595c1a9944cfc277c055f5089e32bc8263b12a95be69cc54fa8370af5b5cee,.zip,,,,,2026-07-19,first repository inventory observation; provider retrieval time is available only where a source manifest records it,indexed
data_local/raw/binance/spot/monthly/klines/ADAUSDT/1d/ADAUSDT-1d-2021-11.zip,Binance Vision,1827,57802e1be6587882587518f3c2be7eebf17ddf6830a893cd0e8e897c984b9e5b,.zip,,,,,2026-07-19,first repository inventory observation; provider retrieval time is available only where a source manifest records it,indexed
data_local/raw/binance/spot/monthly/klines/ADAUSDT/1d/ADAUSDT-1d-2021-12.zip,Binance Vision,1839,a13548ce249b853f52e93667b29c91093e556b47fa947c4ee60065b38e362ad3,.zip,,,,,2026-07-19,first repository inventory observation; provider retrieval time is available only where a source manifest records it,indexed
data_local/raw/binance/spot/monthly/klines/ADAUSDT/1d/ADAUSDT-1d-2022-01.zip,Binance Vision,1866,7e784aa282a3d7931d2ad901eb8492fecb7edec807d2208c6275dafd332071a5,.zip,,,,,2026-07-19,first repository inventory observation; provider retrieval time is available only where a source manifest records it,indexed
data_local/raw/binance/spot/monthly/klines/ADAUSDT/1d/ADAUSDT-1d-2022-02.zip,Binance Vision,1671,1efe9c311ab4c3d3e76edddf2052f2632c2a01e084ce8cdc746c5144c8b1d60d,.zip,,,,,2026-07-19,first repository inventory observation; provider retrieval time is available only where a source manifest records it,indexed
data_local/raw/binance/spot/monthly/klines/ADAUSDT/1d/ADAUSDT-1d-2022-03.zip,Binance Vision,1828,64e689576b0e7a9adf2db055d5cdc4fb94c1d254d116b889940ee8808a5f2863,.zip,,,,,2026-07-19,first repository inventory observation; provider retrieval time is available only where a source manifest records it,indexed
data_local/raw/binance/spot/monthly/klines/ADAUSDT/1d/ADAUSDT-1d-2022-04.zip,Binance Vision,1782,402e223bbcc365bf79611c6e456ed4dd3f13a4bd673a297a0de1fd0a1ed7218c,.zip,,,,,2026-07-19,first repository inventory observation; provider retrieval time is available only where a source manifest records it,indexed
data_local/raw/binance/spot/monthly/klines/ADAUSDT/1d/ADAUSDT-1d-2022-05.zip,Binance Vision,1961,f4d2b5af22a57675a0a1f8dd415f38c2a873d76ee7b51b94b58dde60ca6d4fee,.zip,,,,,2026-07-19,first repository inventory observation; provider retrieval time is available only where a source manifest records it,indexed
data_local/raw/binance/spot/monthly/klines/ADAUSDT/1d/ADAUSDT-1d-2022-06.zip,Binance Vision,1886,e2036e0fd90a152ffadb6b7f3de3bc640d633ea28db88c10e182587500ade938,.zip,,,,,2026-07-19,first repository inventory observation; provider retrieval time is available only where a source manifest records it,indexed
data_local/raw/binance/spot/monthly/klines/ADAUSDT/1d/ADAUSDT-1d-2022-07.zip,Binance Vision,1902,d4981dafd78a0e2e5d613aa8c1f167d37efbebf176831c5d7d35570b845ea2df,.zip,,,,,2026-07-19,first repository inventory observation; provider retrieval time is available only where a source manifest records it,indexed
data_local/raw/binance/spot/monthly/klines/ADAUSDT/1d/ADAUSDT-1d-2022-08.zip,Binance Vision,1908,b2b04e046dc68ecbc83f1c247e69c649f24080aaeb7e4f4c94699f7aca402d91,.zip,,,,,2026-07-19,first repository inventory observation; provider retrieval time is available only where a source manifest records it,indexed
data_local/raw/binance/spot/monthly/klines/ADAUSDT/1d/ADAUSDT-1d-2022-09.zip,Binance Vision,1825,20a754086b8c490eea4f40151db5178723ce39ed8a9af893f7e26f367d468074,.zip,,,,,2026-07-19,first repository inventory observation; provider retrieval time is available only where a source manifest records it,indexed
data_local/raw/binance/spot/monthly/klines/ADAUSDT/1d/ADAUSDT-1d-2022-10.zip,Binance Vision,1868,26d090c128a5f0dc7b321f7082e1e09b1e84a397dcdf5de1723bcaf2bf5cce7d,.zip,,,,,2026-07-19,first repository inventory observation; provider retrieval time is available only where a source manifest records it,indexed
data_local/raw/binance/spot/monthly/klines/ADAUSDT/1d/ADAUSDT-1d-2022-11.zip,Binance Vision,1813,9428467f979ad3d0e6bd13bd40bacd5606e089fbea0c80c25de2a8d17678d97f,.zip,,,,,2026-07-19,first repository inventory observation; provider retrieval time is available only where a source manifest records it,indexed
data_local/raw/binance/spot/monthly/klines/ADAUSDT/1d/ADAUSDT-1d-2022-12.zip,Binance Vision,1838,082c101dbd0da7c10f374c41187488bcfdcd8d83297d9aadb36b7d75e0344c8c,.zip,,,,,2026-07-19,first repository inventory observation; provider retrieval time is available only where a source manifest records it,indexed
data_local/raw/binance/spot/monthly/klines/ADAUSDT/1d/ADAUSDT-1d-2023-01.zip,Binance Vision,1887,ce3b8c0abee68832c1357ead66ce0816b14e411692cb1f3a844a8c97dadd8e43,.zip,,,,,2026-07-19,first repository inventory observation; provider retrieval time is available only where a source manifest records it,indexed
data_local/raw/binance/spot/monthly/klines/ADAUSDT/1d/ADAUSDT-1d-2023-02.zip,Binance Vision,1699,91e1b332ebcd2338555f501603baaaf4157bbf9725709b25e61b617c67fc6e0f,.zip,,,,,2026-07-19,first repository inventory observation; provider retrieval time is available only where a source manifest records it,indexed
data_local/raw/binance/spot/monthly/klines/ADAUSDT/1d/ADAUSDT-1d-2023-03.zip,Binance Vision,1877,29d2e434243e7e4ea52dcbb68298e9d804525a16f268554926757c5e6a9d3398,.zip,,,,,2026-07-19,first repository inventory observation; provider retrieval time is available only where a source manifest records it,indexed
data_local/raw/binance/spot/monthly/klines/ADAUSDT/1d/ADAUSDT-1d-2023-04.zip,Binance Vision,1811,5f869873a022268c1eed837842cddc5e556a4e5bf3a811a5ffcd8573542ed0d2,.zip,,,,,2026-07-19,first repository inventory observation; provider retrieval time is available only where a source manifest records it,indexed
data_local/raw/binance/spot/monthly/klines/ADAUSDT/1d/ADAUSDT-1d-2023-05.zip,Binance Vision,1840,06ff99c6f0f75dd5919adae093a482d8ce8ec1ce2f9996ef1acde3fb5d1c7890,.zip,,,,,2026-07-19,first repository inventory observation; provider retrieval time is available only where a source manifest records it,indexed
data_local/raw/binance/spot/monthly/klines/ADAUSDT/1d/ADAUSDT-1d-2023-06.zip,Binance Vision,1817,0c0d38ddc046dea07632d28cc75c82123769d68e3456c751077ed525e00d47fe,.zip,,,,,2026-07-19,first repository inventory observation; provider retrieval time is available only where a source manifest records it,indexed
data_local/raw/binance/spot/monthly/klines/ADAUSDT/1d/ADAUSDT-1d-2023-07.zip,Binance Vision,1842,cc1bd6e2125518ff2c31b3f64426f31f221a626acc18007b1de5b7fc7150f746,.zip,,,,,2026-07-19,first repository inventory observation; provider retrieval time is available only where a source manifest records it,indexed
data_local/raw/binance/spot/monthly/klines/ADAUSDT/1d/ADAUSDT-1d-2023-08.zip,Binance Vision,1827,d2b700700108836ea6f3379ca74684b82a4b570985f13ff675b107c49f56cc11,.zip,,,,,2026-07-19,first repository inventory observation; provider retrieval time is available only where a source manifest records it,indexed
data_local/raw/binance/spot/monthly/klines/ADAUSDT/1d/ADAUSDT-1d-2023-09.zip,Binance Vision,1719,31c340be055e2d922957565218b06db7cc3be5eaadb90016296c6c8f68526350,.zip,,,,,2026-07-19,first repository inventory observation; provider retrieval time is available only where a source manifest records it,indexed
data_local/raw/binance/spot/monthly/klines/ADAUSDT/1d/ADAUSDT-1d-2023-10.zip,Binance Vision,1798,53c9a6f992f2880f805991ac8a7cce4470774cdea450f9ce334736776c66305e,.zip,,,,,2026-07-19,first repository inventory observation; provider retrieval time is available only where a source manifest records it,indexed
data_local/raw/binance/spot/monthly/klines/ADAUSDT/1d/ADAUSDT-1d-2023-11.zip,Binance Vision,1822,8059c70dacbe89adda2300384c0740f2fec27ecab9c970999febcce631cb9523,.zip,,,,,2026-07-19,first repository inventory observation; provider retrieval time is available only where a source manifest records it,indexed
data_local/raw/binance/spot/monthly/klines/ADAUSDT/1d/ADAUSDT-1d-2023-12.zip,Binance Vision,1938,858760581bad3ecd173a5daaff999c9681b174a87686b5df5efda39b76fa4517,.zip,,,,,2026-07-19,first repository inventory observation; provider retrieval time is available only where a source manifest records it,indexed
data_local/raw/binance/spot/monthly/klines/ADAUSDT/1d/ADAUSDT-1d-2024-01.zip,Binance Vision,1895,70adfedbca42b3c5397a5c798897c72e0ca9f448c4cbf8299dbb5f8fcc983290,.zip,,,,,2026-07-19,first repository inventory observation; provider retrieval time is available only where a source manifest records it,indexed
data_local/raw/binance/spot/monthly/klines/ADAUSDT/1d/ADAUSDT-1d-2024-02.zip,Binance Vision,1796,4f90e3c4b6f1897aa8b5a7cc96b8d1b8a38a8815a58d8e5869a01fd9a5023efa,.zip,,,,,2026-07-19,first repository inventory observation; provider retrieval time is available only where a source manifest records it,indexed
data_local/raw/binance/spot/monthly/klines/ADAUSDT/1d/ADAUSDT-1d-2024-03.zip,Binance Vision,1921,f334945e0d063036bb16c36b1c15dbd6e87ef6077b34482f0e00a82581247049,.zip,,,,,2026-07-19,first repository inventory observation; provider retrieval time is available only where a source manifest records it,indexed
data_local/raw/binance/spot/monthly/klines/ADAUSDT/1d/ADAUSDT-1d-2024-04.zip,Binance Vision,1855,95ca090a9aaa794021a901cd5e38d08e51ac160e2a1fd9beb5e775f93f3bb503,.zip,,,,,2026-07-19,first repository inventory observation; provider retrieval time is available only where a source manifest records it,indexed
data_local/raw/binance/spot/monthly/klines/ADAUSDT/1d/ADAUSDT-1d-2024-05.zip,Binance Vision,1865,119df30ada8864e09a294d41aab0da7f27e973b9c080c081cb94dcf584e9b3d0,.zip,,,,,2026-07-19,first repository inventory observation; provider retrieval time is available only where a source manifest records it,indexed
data_local/raw/binance/spot/monthly/klines/ADAUSDT/1d/ADAUSDT-1d-2024-06.zip,Binance Vision,1799,0248ead8f68ca9e00cac0fa23c3e7528612ef1b7b4580d122c8ff42902f76d44,.zip,,,,,2026-07-19,first repository inventory observation; provider retrieval time is available only where a source manifest records it,indexed
data_local/raw/binance/spot/monthly/klines/ADAUSDT/1d/ADAUSDT-1d-2024-07.zip,Binance Vision,1873,39ed5c467433c8a0f296e6654484f2a56ba0cda8a2c9ee8a7fd7582a387b6b59,.zip,,,,,2026-07-19,first repository inventory observation; provider retrieval time is available only where a source manifest records it,indexed
data_local/raw/binance/spot/monthly/klines/ADAUSDT/1d/ADAUSDT-1d-2024-08.zip,Binance Vision,1870,1ce4544d4790ac61de480e6d7522ecc37dd2a151fc45710fa1bb97264630117a,.zip,,,,,2026-07-19,first repository inventory observation; provider retrieval time is available only where a source manifest records it,indexed
data_local/raw/binance/spot/monthly/klines/ADAUSDT/1d/ADAUSDT-1d-2024-09.zip,Binance Vision,1797,d3fe571236508ef8a972d77993e15057880414350f5ec9251e85d72e94bd2cba,.zip,,,,,2026-07-19,first repository inventory observation; provider retrieval time is available only where a source manifest records it,indexed
data_local/raw/binance/spot/monthly/klines/ADAUSDT/1d/ADAUSDT-1d-2024-10.zip,Binance Vision,1829,71519a3fcb2ce782ccbe1466ba0958713b69f1b45b11472a906fb42bf11b0f0d,.zip,,,,,2026-07-19,first repository inventory observation; provider retrieval time is available only where a source manifest records it,indexed
data_local/raw/binance/spot/monthly/klines/ADAUSDT/1d/ADAUSDT-1d-2024-11.zip,Binance Vision,1905,387689a4b45c5617b80874e9da377f07f44033a703b53dbb601463f0b75d98bf,.zip,,,,,2026-07-19,first repository inventory observation; provider retrieval time is available only where a source manifest records it,indexed
data_local/raw/binance/spot/monthly/klines/ADAUSDT/1d/ADAUSDT-1d-2024-12.zip,Binance Vision,1959,cb5b254a6e3df19027b21b348d17aebc7ed65914275f823b20b4af2977c4c66b,.zip,,,,,2026-07-19,first repository inventory observation; provider retrieval time is available only where a source manifest records it,indexed
data_local/raw/binance/spot/monthly/klines/ADAUSDT/1d/ADAUSDT-1d-2025-01.zip,Binance Vision,1980,e29683b918b44557aa75ca34398f3304096d91ea56dd59f0f417319ffea56f73,.zip,,,,,2026-07-19,first repository inventory observation; provider retrieval time is available only where a source manifest records it,indexed
data_local/raw/binance/spot/monthly/klines/ADAUSDT/1d/ADAUSDT-1d-2025-02.zip,Binance Vision,1778,061d3bcdc3b1e121ac3be86099244e47cef6158aa87fed9ec70ea66c052bcdfc,.zip,,,,,2026-07-19,first repository inventory observation; provider retrieval time is available only where a source manifest records it,indexed
data_local/raw/binance/spot/monthly/klines/ADAUSDT/1d/ADAUSDT-1d-2025-03.zip,Binance Vision,1956,eea53ca87b72f38fd19f780f14f0c5047aa0440461491445b0a5ef333a1a457d,.zip,,,,,2026-07-19,first repository inventory observation; provider retrieval time is available only where a source manifest records it,indexed
data_local/raw/binance/spot/monthly/klines/ADAUSDT/1d/ADAUSDT-1d-2025-04.zip,Binance Vision,1876,7bb097412040b8182a4031dea4bbf913dc64f1d3ec62faa7cf96e44d84b4f091,.zip,,,,,2026-07-19,first repository inventory observation; provider retrieval time is available only where a source manifest records it,indexed
data_local/raw/binance/spot/monthly/klines/ADAUSDT/1d/ADAUSDT-1d-2025-05.zip,Binance Vision,1915,288fd60283d11ead7c051cac31bc808696298ca0453f610afa79845adcb1d611,.zip,,,,,2026-07-19,first repository inventory observation; provider retrieval time is available only where a source manifest records it,indexed
data_local/raw/binance/spot/monthly/klines/ADAUSDT/1d/ADAUSDT-1d-2025-06.zip,Binance Vision,1838,dd2e2cf39270f12beb0a46d3be4733926a9228956700fa1d57a96c635c5a7459,.zip,,,,,2026-07-19,first repository inventory observation; provider retrieval time is available only where a source manifest records it,indexed
data_local/raw/binance/spot/monthly/klines/ADAUSDT/1d/ADAUSDT-1d-2025-07.zip,Binance Vision,1944,5277f29bd81532bfc60b0632768ccff1885bbc576ac4ed012d2ff21b31b6086b,.zip,,,,,2026-07-19,first repository inventory observation; provider retrieval time is available only where a source manifest records it,indexed
data_local/raw/binance/spot/monthly/klines/ADAUSDT/1d/ADAUSDT-1d-2025-08.zip,Binance Vision,1956,68330c90a7c3a9a558a56802af8b744bf4764d373ba8bf8881d7573ca13fada8,.zip,,,,,2026-07-19,first repository inventory observation; provider retrieval time is available only where a source manifest records it,indexed
data_local/raw/binance/spot/monthly/klines/ADAUSDT/1d/ADAUSDT-1d-2025-09.zip,Binance Vision,1859,62a5b93c72a1f5c9a25893932cdc1638cb17009e4f11f4fefe95a8b2eb8fe8b1,.zip,,,,,2026-07-19,first repository inventory observation; provider retrieval time is available only where a source manifest records it,indexed
data_local/raw/binance/spot/monthly/klines/ADAUSDT/1d/ADAUSDT-1d-2025-10.zip,Binance Vision,1933,87bc7fd704736758a168b80232c52502867d0021a93e8f2b636840f6464af452,.zip,,,,,2026-07-19,first repository inventory observation; provider retrieval time is available only where a source manifest records it,indexed
data_local/raw/binance/spot/monthly/klines/ADAUSDT/1d/ADAUSDT-1d-2025-11.zip,Binance Vision,1861,051b044a81a64791506a82fcf88190687fa9e61afd83947da77853eb400a2180,.zip,,,,,2026-07-19,first repository inventory observation; provider retrieval time is available only where a source manifest records it,indexed
data_local/raw/binance/spot/monthly/klines/ADAUSDT/1d/ADAUSDT-1d-2025-12.zip,Binance Vision,1899,d06e3a6458c9cec69b2be0df500397c00716f0f2a0f0d04a92baa0cf9f30245d,.zip,,,,,2026-07-19,first repository inventory observation; provider retrieval time is available only where a source manifest records it,indexed
data_local/raw/binance/spot/monthly/klines/ADAUSDT/1d/ADAUSDT-1d-2026-01.zip,Binance Vision,1896,99ba0dac15df8d6cb7b7472530f676b3e2c661ba300b52bed1ac95d22422af97,.zip,,,,,2026-07-19,first repository inventory observation; provider retrieval time is available only where a source manifest records it,indexed
data_local/raw/binance/spot/monthly/klines/ADAUSDT/1d/ADAUSDT-1d-2026-02.zip,Binance Vision,1719,50532e33825d4c45c3a5f424395193daa87a7d273178863399accd599abe7104,.zip,,,,,2026-07-19,first repository inventory observation; provider retrieval time is available only where a source manifest records it,indexed
data_local/raw/binance/spot/monthly/klines/ADAUSDT/1d/ADAUSDT-1d-2026-03.zip,Binance Vision,1865,02c094c9809462faed1c371a58d2f0d49c78e1c0bf3bf9cf33cc6e6f854b1354,.zip,,,,,2026-07-19,first repository inventory observation; provider retrieval time is available only where a source manifest records it,indexed
data_local/raw/binance/spot/monthly/klines/ADAUSDT/1d/ADAUSDT-1d-2026-04.zip,Binance Vision,1785,a5a40de80a760106abfac7ff6f37ca08605c401f987f484d2420297c00915c2f,.zip,,,,,2026-07-19,first repository inventory observation; provider retrieval time is available only where a source manifest records it,indexed
data_local/raw/binance/spot/monthly/klines/ADAUSDT/1d/ADAUSDT-1d-2026-05.zip,Binance Vision,1851,ad5c8d42e14f8e43f8372c37b8a5e458dc413bbd9f2ba93f4c926df98c3679c2,.zip,,,,,2026-07-19,first repository inventory observation; provider retrieval time is available only where a source manifest records it,indexed
data_local/raw/binance/spot/monthly/klines/ADAUSDT/1d/ADAUSDT-1d-2026-06.zip,Binance Vision,1804,da760fa2e92d4467316d26c33dbb3c01207ce4e553c317c81597e62827e95a05,.zip,,,,,2026-07-19,first repository inventory observation; provider retrieval time is available only where a source manifest records it,indexed
data_local/raw/binance/spot/monthly/klines/BCHUSDT/1d/BCHUSDT-1d-2021-01.zip,Binance Vision,2109,e7a334566152aed4224c779f237471826d731a92c637c00c19226a03cd70bfd1,.zip,,,,,2026-07-19,first repository inventory observation; provider retrieval time is available only where a source manifest records it,indexed
data_local/raw/binance/spot/monthly/klines/BCHUSDT/1d/BCHUSDT-1d-2021-02.zip,Binance Vision,1947,508404d58f8aaa60408682baf99a3a8b2c0364317e914f21ec20d84bb3daf394,.zip,,,,,2026-07-19,first repository inventory observation; provider retrieval time is available only where a source manifest records it,indexed
data_local/raw/binance/spot/monthly/klines/BCHUSDT/1d/BCHUSDT-1d-2021-03.zip,Binance Vision,2076,38cee64ff5d8686ad67db7b4ba2a4c3b9de8896f08cf014c3fd1dd2e662c99bc,.zip,,,,,2026-07-19,first repository inventory observation; provider retrieval time is available only where a source manifest records it,indexed
data_local/raw/binance/spot/monthly/klines/BCHUSDT/1d/BCHUSDT-1d-2021-04.zip,Binance Vision,2076,7f6003426a58e10dac2dfeeaae25c2a2977fc05529399e04981cb3097cc02de6,.zip,,,,,2026-07-19,first repository inventory observation; provider retrieval time is available only where a source manifest records it,indexed
data_local/raw/binance/spot/monthly/klines/BCHUSDT/1d/BCHUSDT-1d-2021-05.zip,Binance Vision,2160,7c3f4f03c5d635d772c2756b56d0b01d64a50db8e67a0d2b07c94a4c4c188d72,.zip,,,,,2026-07-19,first repository inventory observation; provider retrieval time is available only where a source manifest records it,indexed
data_local/raw/binance/spot/monthly/klines/BCHUSDT/1d/BCHUSDT-1d-2021-06.zip,Binance Vision,2027,bede8ac437ecb3445420bfb9aa6300b3ca748c56f76b9b863761b52d7d7370ea,.zip,,,,,2026-07-19,first repository inventory observation; provider retrieval time is available only where a source manifest records it,indexed
data_local/raw/binance/spot/monthly/klines/BCHUSDT/1d/BCHUSDT-1d-2021-07.zip,Binance Vision,2038,662f637cb4c13fc142674c04d5bbf7f7962c4f0975f8411778a0126f3550b25e,.zip,,,,,2026-07-19,first repository inventory observation; provider retrieval time is available only where a source manifest records it,indexed
data_local/raw/binance/spot/monthly/klines/BCHUSDT/1d/BCHUSDT-1d-2021-08.zip,Binance Vision,2056,20a4a1c7715b8d2f9b311c8cb613b5da968b43c18db0fb2f2be78bd08f2c8965,.zip,,,,,2026-07-19,first repository inventory observation; provider retrieval time is available only where a source manifest records it,indexed
data_local/raw/binance/spot/monthly/klines/BCHUSDT/1d/BCHUSDT-1d-2021-09.zip,Binance Vision,1845,9629a3975ca3de226ac9426d29987e65beedfd1ceacd87a9225237f9064cbae7,.zip,,,,,2026-07-19,first repository inventory observation; provider retrieval time is available only where a source manifest records it,indexed
data_local/raw/binance/spot/monthly/klines/BCHUSDT/1d/BCHUSDT-1d-2021-10.zip,Binance Vision,1812,bb5b9141ac60bb3db52d57c761cf6699ee2ddd963132dbcff5e47c576c88a24a,.zip,,,,,2026-07-19,first repository inventory observation; provider retrieval time is available only where a source manifest records it,indexed
data_local/raw/binance/spot/monthly/klines/BCHUSDT/1d/BCHUSDT-1d-2021-11.zip,Binance Vision,1779,93ac3620bba0b42ac4471f29a55ae0fff7c75d9504726434ff558780b4253e90,.zip,,,,,2026-07-19,first repository inventory observation; provider retrieval time is available only where a source manifest records it,indexed
data_local/raw/binance/spot/monthly/klines/BCHUSDT/1d/BCHUSDT-1d-2021-12.zip,Binance Vision,1809,dcdd5ad8e4e5b4cc74391615affe1602ad614fb127d8bdc05df465c35a395b3a,.zip,,,,,2026-07-19,first repository inventory observation; provider retrieval time is available only where a source manifest records it,indexed
data_local/raw/binance/spot/monthly/klines/BCHUSDT/1d/BCHUSDT-1d-2022-01.zip,Binance Vision,1808,50d18d68741458572d804605ed23596c4630934cd86adbc7edb47f3748dc6533,.zip,,,,,2026-07-19,first repository inventory observation; provider retrieval time is available only where a source manifest records it,indexed
data_local/raw/binance/spot/monthly/klines/BCHUSDT/1d/BCHUSDT-1d-2022-02.zip,Binance Vision,1637,183e323d69491b3aba9728142e6b5038f29b1abce3d25b1a462718347777f97b,.zip,,,,,2026-07-19,first repository inventory observation; provider retrieval time is available only where a source manifest records it,indexed
data_local/raw/binance/spot/monthly/klines/BCHUSDT/1d/BCHUSDT-1d-2022-03.zip,Binance Vision,1784,1fe57d9257560d01f6b8e0fb96c90a63e9f358004e5e274c2b859ca60c64e6be,.zip,,,,,2026-07-19,first repository inventory observation; provider retrieval time is available only where a source manifest records it,indexed
data_local/raw/binance/spot/monthly/klines/BCHUSDT/1d/BCHUSDT-1d-2022-04.zip,Binance Vision,1718,8f55ab39b944af2e3e0e16c2ca7e1beb6d37b04b9ee758f5d43aeec0770b8cd7,.zip,,,,,2026-07-19,first repository inventory observation; provider retrieval time is available only where a source manifest records it,indexed
data_local/raw/binance/spot/monthly/klines/BCHUSDT/1d/BCHUSDT-1d-2022-05.zip,Binance Vision,1812,e29f19dc2a8bbb9ef2dad89ec5621903ae88b7024eebdf9ca032e9545e3d0052,.zip,,,,,2026-07-19,first repository inventory observation; provider retrieval time is available only where a source manifest records it,indexed
data_local/raw/binance/spot/monthly/klines/BCHUSDT/1d/BCHUSDT-1d-2022-06.zip,Binance Vision,1751,96f74ef29ac56e41894245772910ffaac2264f2d3329a8b8f488397afb670b18,.zip,,,,,2026-07-19,first repository inventory observation; provider retrieval time is available only where a source manifest records it,indexed
data_local/raw/binance/spot/monthly/klines/BCHUSDT/1d/BCHUSDT-1d-2022-07.zip,Binance Vision,1740,b3c77769c6057f7ff77818a047fb227cd811a71abc96b249cafd0e6d26595b3a,.zip,,,,,2026-07-19,first repository inventory observation; provider retrieval time is available only where a source manifest records it,indexed
data_local/raw/binance/spot/monthly/klines/BCHUSDT/1d/BCHUSDT-1d-2022-08.zip,Binance Vision,1730,62eeadc25f0b551738872e9b538fcb0e8ed2d9595b0f924e687cbe4712dd7ec0,.zip,,,,,2026-07-19,first repository inventory observation; provider retrieval time is available only where a source manifest records it,indexed
data_local/raw/binance/spot/monthly/klines/BCHUSDT/1d/BCHUSDT-1d-2022-09.zip,Binance Vision,1698,d69746ddef592cac7819a240d00d26ccb728221aa0c4faac98918b92aae48704,.zip,,,,,2026-07-19,first repository inventory observation; provider retrieval time is available only where a source manifest records it,indexed
data_local/raw/binance/spot/monthly/klines/BCHUSDT/1d/BCHUSDT-1d-2022-10.zip,Binance Vision,1724,21c29b89f479d402fa754e00050ad193fa5747aa5ec10cfd54eb304ea8f9e7c5,.zip,,,,,2026-07-19,first repository inventory observation; provider retrieval time is available only where a source manifest records it,indexed
data_local/raw/binance/spot/monthly/klines/BCHUSDT/1d/BCHUSDT-1d-2022-11.zip,Binance Vision,1704,c6711458cb200435772fd3c5aa66aed6cd90b824ee8d1063f0dce049296fe354,.zip,,,,,2026-07-19,first repository inventory observation; provider retrieval time is available only where a source manifest records it,indexed
data_local/raw/binance/spot/monthly/klines/BCHUSDT/1d/BCHUSDT-1d-2022-12.zip,Binance Vision,1697,daed99a89bf8e09e1912012cd48b421b26a7346cbc3a45b228ca8d87a115b1d5,.zip,,,,,2026-07-19,first repository inventory observation; provider retrieval time is available only where a source manifest records it,indexed
data_local/raw/binance/spot/monthly/klines/BCHUSDT/1d/BCHUSDT-1d-2023-01.zip,Binance Vision,1731,a5e198bf263c8a1f98a3d6061367b6e8839edc3f8b5b00579ad1ddb104331524,.zip,,,,,2026-07-19,first repository inventory observation; provider retrieval time is available only where a source manifest records it,indexed
data_local/raw/binance/spot/monthly/klines/BCHUSDT/1d/BCHUSDT-1d-2023-02.zip,Binance Vision,1575,01bae7d47e97db47b198f9cdc24cbf4a082442de3bda70465ba9578d4dbf6ff6,.zip,,,,,2026-07-19,first repository inventory observation; provider retrieval time is available only where a source manifest records it,indexed
data_local/raw/binance/spot/monthly/klines/BCHUSDT/1d/BCHUSDT-1d-2023-03.zip,Binance Vision,1726,1581b4de790b015b674fa5fe6cc9286281a077eb313e152b79d93d2ab10a9ab3,.zip,,,,,2026-07-19,first repository inventory observation; provider retrieval time is available only where a source manifest records it,indexed
data_local/raw/binance/spot/monthly/klines/BCHUSDT/1d/BCHUSDT-1d-2023-04.zip,Binance Vision,1638,34a778abfde671c9ac0f45d79a5f959c46c894948c2a5e9c26ed0caa1e9fedf4,.zip,,,,,2026-07-19,first repository inventory observation; provider retrieval time is available only where a source manifest records it,indexed
data_local/raw/binance/spot/monthly/klines/BCHUSDT/1d/BCHUSDT-1d-2023-05.zip,Binance Vision,1685,0a0e022ba879a4ea2d846dce94d0c8c79b70def1ec1fbfc5c4fca57214251631,.zip,,,,,2026-07-19,first repository inventory observation; provider retrieval time is available only where a source manifest records it,indexed
data_local/raw/binance/spot/monthly/klines/BCHUSDT/1d/BCHUSDT-1d-2023-06.zip,Binance Vision,1695,a0ee6f86e77377a4903e78c96d5c992e501f125e1fdf6cfdf8d6cd46fa7d5add,.zip,,,,,2026-07-19,first repository inventory observation; provider retrieval time is available only where a source manifest records it,indexed
data_local/raw/binance/spot/monthly/klines/BCHUSDT/1d/BCHUSDT-1d-2023-07.zip,Binance Vision,1816,591a00c2b9f6317e92d6737f6b4d634b0cebf129de44da27f894dca14d7c6a76,.zip,,,,,2026-07-19,first repository inventory observation; provider retrieval time is available only where a source manifest records it,indexed
data_local/raw/binance/spot/monthly/klines/BCHUSDT/1d/BCHUSDT-1d-2023-08.zip,Binance Vision,1765,ddcc9e5b42f98571e627e526e10171840a009993dca6e3f2c77f23584233ecec,.zip,,,,,2026-07-19,first repository inventory observation; provider retrieval time is available only where a source manifest records it,indexed
data_local/raw/binance/spot/monthly/klines/BCHUSDT/1d/BCHUSDT-1d-2023-09.zip,Binance Vision,1729,6a495db29294d0cb023d16fa120582ef250b29caaceb07988e8d141ae8ab23b7,.zip,,,,,2026-07-19,first repository inventory observation; provider retrieval time is available only where a source manifest records it,indexed
data_local/raw/binance/spot/monthly/klines/BCHUSDT/1d/BCHUSDT-1d-2023-10.zip,Binance Vision,1768,d0caa79ca1213c40e9b3391dac1e2db46da9a1003e676a8d175a54641005f52a,.zip,,,,,2026-07-19,first repository inventory observation; provider retrieval time is available only where a source manifest records it,indexed
data_local/raw/binance/spot/monthly/klines/BCHUSDT/1d/BCHUSDT-1d-2023-11.zip,Binance Vision,1716,e4b3e1eddc155c17106a7c69235945734a53c99bce6e086688b63e09364b5e6d,.zip,,,,,2026-07-19,first repository inventory observation; provider retrieval time is available only where a source manifest records it,indexed
data_local/raw/binance/spot/monthly/klines/BCHUSDT/1d/BCHUSDT-1d-2023-12.zip,Binance Vision,1778,577a981aa9086698624235d5d172c0cbaf321795a63a51427bbad7032759b43e,.zip,,,,,2026-07-19,first repository inventory observation; provider retrieval time is available only where a source manifest records it,indexed
data_local/raw/binance/spot/monthly/klines/BCHUSDT/1d/BCHUSDT-1d-2024-01.zip,Binance Vision,1794,fe9641ca18b78f175c452436505b72b0efbf8fbfe91bde01a0d1ae177bd2edcc,.zip,,,,,2026-07-19,first repository inventory observation; provider retrieval time is available only where a source manifest records it,indexed
data_local/raw/binance/spot/monthly/klines/BCHUSDT/1d/BCHUSDT-1d-2024-02.zip,Binance Vision,1648,99a863071939c2c27a9ad2a698208f2720756a99157696511f37891c46b88fd0,.zip,,,,,2026-07-19,first repository inventory observation; provider retrieval time is available only where a source manifest records it,indexed
data_local/raw/binance/spot/monthly/klines/BCHUSDT/1d/BCHUSDT-1d-2024-03.zip,Binance Vision,1870,0242e78258cf83a34941a3baa3526db6e7333d754ef9c7bde5b98bb57e2ad19a,.zip,,,,,2026-07-19,first repository inventory observation; provider retrieval time is available only where a source manifest records it,indexed
data_local/raw/binance/spot/monthly/klines/BCHUSDT/1d/BCHUSDT-1d-2024-04.zip,Binance Vision,1798,0647f0d8108ada1bc0ac41bac1e1b471ff1326d3df4d298059dcdaf3fb9742ae,.zip,,,,,2026-07-19,first repository inventory observation; provider retrieval time is available only where a source manifest records it,indexed
data_local/raw/binance/spot/monthly/klines/BCHUSDT/1d/BCHUSDT-1d-2024-05.zip,Binance Vision,1802,dce33485fe1e21c840a29d1489d0913e352164e2821f388709bacf3fec3bf960,.zip,,,,,2026-07-19,first repository inventory observation; provider retrieval time is available only where a source manifest records it,indexed
data_local/raw/binance/spot/monthly/klines/BCHUSDT/1d/BCHUSDT-1d-2024-06.zip,Binance Vision,1722,21cdbbb4eb72f313e814b28593a57d267486722dc83eae8b7b51505446365630,.zip,,,,,2026-07-19,first repository inventory observation; provider retrieval time is available only where a source manifest records it,indexed
data_local/raw/binance/spot/monthly/klines/BCHUSDT/1d/BCHUSDT-1d-2024-07.zip,Binance Vision,1771,66b2d270bf875780b7dce92a8dd66295a9242a7aba8c33e06c93a57c1f1781a6,.zip,,,,,2026-07-19,first repository inventory observation; provider retrieval time is available only where a source manifest records it,indexed
data_local/raw/binance/spot/monthly/klines/BCHUSDT/1d/BCHUSDT-1d-2024-08.zip,Binance Vision,1764,553ab475e6f2e656de488e96312fd1a4c9da3de675acd341e1e5a37fff7c99dc,.zip,,,,,2026-07-19,first repository inventory observation; provider retrieval time is available only where a source manifest records it,indexed
data_local/raw/binance/spot/monthly/klines/BCHUSDT/1d/BCHUSDT-1d-2024-09.zip,Binance Vision,1696,262c7a5d050bbfdaeee4622e40fb4a7fcdb5330e8e00f569947f8a1ae9da140d,.zip,,,,,2026-07-19,first repository inventory observation; provider retrieval time is available only where a source manifest records it,indexed
data_local/raw/binance/spot/monthly/klines/BCHUSDT/1d/BCHUSDT-1d-2024-10.zip,Binance Vision,1769,eb01a6c766e09298eadbe2d503627ab13bcb8e7d5a70b1538aff3212a76ef6ac,.zip,,,,,2026-07-19,first repository inventory observation; provider retrieval time is available only where a source manifest records it,indexed
data_local/raw/binance/spot/monthly/klines/BCHUSDT/1d/BCHUSDT-1d-2024-11.zip,Binance Vision,1791,76b8549d40041f915bb2af3c4e87517d5b33f40c838de8db4d899832a896df86,.zip,,,,,2026-07-19,first repository inventory observation; provider retrieval time is available only where a source manifest records it,indexed
data_local/raw/binance/spot/monthly/klines/BCHUSDT/1d/BCHUSDT-1d-2024-12.zip,Binance Vision,1818,4920f52a192158da1cff949aed790dcaa6fea873c6de7707efe52506e3254254,.zip,,,,,2026-07-19,first repository inventory observation; provider retrieval time is available only where a source manifest records it,indexed
data_local/raw/binance/spot/monthly/klines/BCHUSDT/1d/BCHUSDT-1d-2025-01.zip,Binance Vision,1804,3cbdb4e46b49bd16f96fd38d97c1ee6ae2355390c3a871a4fba94e24e17910e1,.zip,,,,,2026-07-19,first repository inventory observation; provider retrieval time is available only where a source manifest records it,indexed
data_local/raw/binance/spot/monthly/klines/BCHUSDT/1d/BCHUSDT-1d-2025-02.zip,Binance Vision,1644,d91062f86fe7656cf5045c1972474c96d65b86838f9521d7728cf600c0288f19,.zip,,,,,2026-07-19,first repository inventory observation; provider retrieval time is available only where a source manifest records it,indexed
data_local/raw/binance/spot/monthly/klines/BCHUSDT/1d/BCHUSDT-1d-2025-03.zip,Binance Vision,1829,77a2dbd7f52845f6fd849043af97e9b6e55b10228d93a24685a6fb909019b99f,.zip,,,,,2026-07-19,first repository inventory observation; provider retrieval time is available only where a source manifest records it,indexed
data_local/raw/binance/spot/monthly/klines/BCHUSDT/1d/BCHUSDT-1d-2025-04.zip,Binance Vision,1758,d36dd00a8d0a6a81516d617325e5857f7bd67725c4ad0d5050646f051fcc6af3,.zip,,,,,2026-07-19,first repository inventory observation; provider retrieval time is available only where a source manifest records it,indexed
data_local/raw/binance/spot/monthly/klines/BCHUSDT/1d/BCHUSDT-1d-2025-05.zip,Binance Vision,1832,f63e0da854ad77d6e72dc7e4739bc481860b06afd2e22b5fcc8be6bf24ca0a8f,.zip,,,,,2026-07-19,first repository inventory observation; provider retrieval time is available only where a source manifest records it,indexed
data_local/raw/binance/spot/monthly/klines/BCHUSDT/1d/BCHUSDT-1d-2025-06.zip,Binance Vision,1774,89da4509e8b9ec48a044748d2f84fa5cc23b216e4f78e87c15cc63dfc1e27b60,.zip,,,,,2026-07-19,first repository inventory observation; provider retrieval time is available only where a source manifest records it,indexed
data_local/raw/binance/spot/monthly/klines/BCHUSDT/1d/BCHUSDT-1d-2025-07.zip,Binance Vision,1811,8a73e143d3b4a8607f2c1b5e7f26195f49c632ab01d4daaef6e28701de212f38,.zip,,,,,2026-07-19,first repository inventory observation; provider retrieval time is available only where a source manifest records it,indexed
data_local/raw/binance/spot/monthly/klines/BCHUSDT/1d/BCHUSDT-1d-2025-08.zip,Binance Vision,1843,8eba01790176ab56c13400efa305a07e3e7ba783de18024dd20a16810f4690df,.zip,,,,,2026-07-19,first repository inventory observation; provider retrieval time is available only where a source manifest records it,indexed
data_local/raw/binance/spot/monthly/klines/BCHUSDT/1d/BCHUSDT-1d-2025-09.zip,Binance Vision,1757,6278a6e1d3bd55e09badcbf5a3ae14d6a274514611981c0210281ca1059d199d,.zip,,,,,2026-07-19,first repository inventory observation; provider retrieval time is available only where a source manifest records it,indexed
data_local/raw/binance/spot/monthly/klines/BCHUSDT/1d/BCHUSDT-1d-2025-10.zip,Binance Vision,1850,1d377100af2bb2f87c2a5ccf8e5b4b15f4b4380e81f4cebbabc0659aa9fdbe07,.zip,,,,,2026-07-19,first repository inventory observation; provider retrieval time is available only where a source manifest records it,indexed
data_local/raw/binance/spot/monthly/klines/BCHUSDT/1d/BCHUSDT-1d-2025-11.zip,Binance Vision,1768,608bc79ccd0c1d343a3e5d6badf29d5651f371a1f083b2ab65ccb79ea50fa03b,.zip,,,,,2026-07-19,first repository inventory observation; provider retrieval time is available only where a source manifest records it,indexed
data_local/raw/binance/spot/monthly/klines/BCHUSDT/1d/BCHUSDT-1d-2025-12.zip,Binance Vision,1842,2fc0d1236a6f81c77fa64fa3760779e8abf499c7b636b6a518c377a3dc90cf12,.zip,,,,,2026-07-19,first repository inventory observation; provider retrieval time is available only where a source manifest records it,indexed
data_local/raw/binance/spot/monthly/klines/BCHUSDT/1d/BCHUSDT-1d-2026-01.zip,Binance Vision,1826,4b905550b01c174eeb44fde59f5a74351bca6c1dc568ac501c8b21d3fb4ca289,.zip,,,,,2026-07-19,first repository inventory observation; provider retrieval time is available only where a source manifest records it,indexed
data_local/raw/binance/spot/monthly/klines/BCHUSDT/1d/BCHUSDT-1d-2026-02.zip,Binance Vision,1644,84bbc22e30ceae935d95bbb81d241034bc7ec7700c6681a735cfb3943bffd421,.zip,,,,,2026-07-19,first repository inventory observation; provider retrieval time is available only where a source manifest records it,indexed
data_local/raw/binance/spot/monthly/klines/BCHUSDT/1d/BCHUSDT-1d-2026-03.zip,Binance Vision,1776,f1ad6e63aab24b432386960e67d16d28e9b8a81171047f1fe4645fde0872a817,.zip,,,,,2026-07-19,first repository inventory observation; provider retrieval time is available only where a source manifest records it,indexed
data_local/raw/binance/spot/monthly/klines/BCHUSDT/1d/BCHUSDT-1d-2026-04.zip,Binance Vision,1699,cd9429e267931ab12a7e575f3ca2c10fefa07bbacd14c7fa9e74494ff41290c8,.zip,,,,,2026-07-19,first repository inventory observation; provider retrieval time is available only where a source manifest records it,indexed
data_local/raw/binance/spot/monthly/klines/BCHUSDT/1d/BCHUSDT-1d-2026-05.zip,Binance Vision,1792,a07da7b2d413b906c66709d47899183d697c5ee04ed962f9488e3c5e41fdc5fc,.zip,,,,,2026-07-19,first repository inventory observation; provider retrieval time is available only where a source manifest records it,indexed
data_local/raw/binance/spot/monthly/klines/BCHUSDT/1d/BCHUSDT-1d-2026-06.zip,Binance Vision,1744,662d2eb3b135162713c1e2e065ce69eb900b211609f140ff95207ac40a9b972b,.zip,,,,,2026-07-19,first repository inventory observation; provider retrieval time is available only where a source manifest records it,indexed
data_local/raw/binance/spot/monthly/klines/BNBUSDT/1d/BNBUSDT-1d-2021-01.zip,Binance Vision,2089,417c1e3b8cd487e59678bdeb773132a6ce1a5cf0d294789a438a397874b2ef1c,.zip,,,,,2026-07-19,first repository inventory observation; provider retrieval time is available only where a source manifest records it,indexed
data_local/raw/binance/spot/monthly/klines/BNBUSDT/1d/BNBUSDT-1d-2021-02.zip,Binance Vision,2010,3444a8ef1ae5a8b9e3f16e61f92eae7835b4e28f717c0599452da2d5e4981f8b,.zip,,,,,2026-07-19,first repository inventory observation; provider retrieval time is available only where a source manifest records it,indexed
data_local/raw/binance/spot/monthly/klines/BNBUSDT/1d/BNBUSDT-1d-2021-03.zip,Binance Vision,2212,43612d792baf8f308de7f4d4c32166a133eaa8f1eb69f0135e9c4f694d0f6215,.zip,,,,,2026-07-19,first repository inventory observation; provider retrieval time is available only where a source manifest records it,indexed
data_local/raw/binance/spot/monthly/klines/BNBUSDT/1d/BNBUSDT-1d-2021-04.zip,Binance Vision,2170,f15db2922aa07f2826eab095b01d46b5f8824861e5763278b1d0f4ed25012d59,.zip,,,,,2026-07-19,first repository inventory observation; provider retrieval time is available only where a source manifest records it,indexed
data_local/raw/binance/spot/monthly/klines/BNBUSDT/1d/BNBUSDT-1d-2021-05.zip,Binance Vision,2129,e6899ad8a8a79080d14327995c987d0f926bcf2a081e8fd46023cc1ba2fe623d,.zip,,,,,2026-07-19,first repository inventory observation; provider retrieval time is available only where a source manifest records it,indexed
data_local/raw/binance/spot/monthly/klines/BNBUSDT/1d/BNBUSDT-1d-2021-06.zip,Binance Vision,2048,0b99bf9addf12772d6f71f69558b8ab878ccc1a4fd4959cb49ce7a25e96eedb6,.zip,,,,,2026-07-19,first repository inventory observation; provider retrieval time is available only where a source manifest records it,indexed
data_local/raw/binance/spot/monthly/klines/BNBUSDT/1d/BNBUSDT-1d-2021-07.zip,Binance Vision,2064,4dc5d043750d0b653096e1432d3bd8e7a915a1966a4e950cb129fa8e8c243049,.zip,,,,,2026-07-19,first repository inventory observation; provider retrieval time is available only where a source manifest records it,indexed
data_local/raw/binance/spot/monthly/klines/BNBUSDT/1d/BNBUSDT-1d-2021-08.zip,Binance Vision,2075,3e2dcb5b1151dac49010da797d12aac49a528f0051d10c10bed5cef371e635cf,.zip,,,,,2026-07-19,first repository inventory observation; provider retrieval time is available only where a source manifest records it,indexed
data_local/raw/binance/spot/monthly/klines/BNBUSDT/1d/BNBUSDT-1d-2021-09.zip,Binance Vision,1882,fd6877569527c31fea8ce934f711a229563dcb6f58a189e13ecee85832729865,.zip,,,,,2026-07-19,first repository inventory observation; provider retrieval time is available only where a source manifest records it,indexed
data_local/raw/binance/spot/monthly/klines/BNBUSDT/1d/BNBUSDT-1d-2021-10.zip,Binance Vision,1926,225eb581ce9e11c1338081f93bc9523dafdc4c12775b15682e59a5c0de18f322,.zip,,,,,2026-07-19,first repository inventory observation; provider retrieval time is available only where a source manifest records it,indexed
data_local/raw/binance/spot/monthly/klines/BNBUSDT/1d/BNBUSDT-1d-2021-11.zip,Binance Vision,1877,a513976de0e411231b2a6dd56961604d8973668a0fc0dacff601f243317a42a6,.zip,,,,,2026-07-19,first repository inventory observation; provider retrieval time is available only where a source manifest records it,indexed
data_local/raw/binance/spot/monthly/klines/BNBUSDT/1d/BNBUSDT-1d-2021-12.zip,Binance Vision,1908,1f320541f2b83adbdaacf150e5f8f9d796b19af043e72233cc33791e8d2410b4,.zip,,,,,2026-07-19,first repository inventory observation; provider retrieval time is available only where a source manifest records it,indexed
data_local/raw/binance/spot/monthly/klines/BNBUSDT/1d/BNBUSDT-1d-2022-01.zip,Binance Vision,1884,662a4e0172144ca01f445e543a95985b7e74625876e82b7fd3d39b7955eaf848,.zip,,,,,2026-07-19,first repository inventory observation; provider retrieval time is available only where a source manifest records it,indexed
data_local/raw/binance/spot/monthly/klines/BNBUSDT/1d/BNBUSDT-1d-2022-02.zip,Binance Vision,1717,885a69c5de1c88dc85ae9dc00894bbce4d7b2adad386ad9a6f9fd47f8b6bcf4c,.zip,,,,,2026-07-19,first repository inventory observation; provider retrieval time is available only where a source manifest records it,indexed
data_local/raw/binance/spot/monthly/klines/BNBUSDT/1d/BNBUSDT-1d-2022-03.zip,Binance Vision,1861,b90ca82881847acca7ae92a0fa683d667e1eb324e074d393107c2f83e5702366,.zip,,,,,2026-07-19,first repository inventory observation; provider retrieval time is available only where a source manifest records it,indexed
data_local/raw/binance/spot/monthly/klines/BNBUSDT/1d/BNBUSDT-1d-2022-04.zip,Binance Vision,1821,5bab193539510bf059623e85ce3e531a512d45c499b9c7f830ff4a122132dddb,.zip,,,,,2026-07-19,first repository inventory observation; provider retrieval time is available only where a source manifest records it,indexed
data_local/raw/binance/spot/monthly/klines/BNBUSDT/1d/BNBUSDT-1d-2022-05.zip,Binance Vision,1907,f73bffec1e556dbaef3e02539cd7d7f6f72e13e213cf402e3ed208a881c39f39,.zip,,,,,2026-07-19,first repository inventory observation; provider retrieval time is available only where a source manifest records it,indexed
data_local/raw/binance/spot/monthly/klines/BNBUSDT/1d/BNBUSDT-1d-2022-06.zip,Binance Vision,1821,fcb679a1d470123c6de42bd5d75eae964187e324cb66ea16f0a9ccd9b3a5a389,.zip,,,,,2026-07-19,first repository inventory observation; provider retrieval time is available only where a source manifest records it,indexed
data_local/raw/binance/spot/monthly/klines/BNBUSDT/1d/BNBUSDT-1d-2022-07.zip,Binance Vision,1831,46f6d4b2166e7227745d88bf0d6772c3c5a1f86be612bb32f47c05352f09253c,.zip,,,,,2026-07-19,first repository inventory observation; provider retrieval time is available only where a source manifest records it,indexed
data_local/raw/binance/spot/monthly/klines/BNBUSDT/1d/BNBUSDT-1d-2022-08.zip,Binance Vision,1846,3dcc2907868a36cceffe7ce64404c9a109d4b34c7da7b7fa8a5e678b0f71480c,.zip,,,,,2026-07-19,first repository inventory observation; provider retrieval time is available only where a source manifest records it,indexed
data_local/raw/binance/spot/monthly/klines/BNBUSDT/1d/BNBUSDT-1d-2022-09.zip,Binance Vision,1784,ee847c48fe6f37cac5c68e64bbf38c134d81fdce442a16a3f0e4d0ee9a12af52,.zip,,,,,2026-07-19,first repository inventory observation; provider retrieval time is available only where a source manifest records it,indexed
data_local/raw/binance/spot/monthly/klines/BNBUSDT/1d/BNBUSDT-1d-2022-10.zip,Binance Vision,1819,0f78133575aa5a2ec24e9a813e6aacdbd414ba86c492d495ee94f4f6d17f6446,.zip,,,,,2026-07-19,first repository inventory observation; provider retrieval time is available only where a source manifest records it,indexed
data_local/raw/binance/spot/monthly/klines/BNBUSDT/1d/BNBUSDT-1d-2022-11.zip,Binance Vision,1817,8a00ca305b5e0849dac8f04508890b521260518c4930cf0b70af8c311b7906a8,.zip,,,,,2026-07-19,first repository inventory observation; provider retrieval time is available only where a source manifest records it,indexed
data_local/raw/binance/spot/monthly/klines/BNBUSDT/1d/BNBUSDT-1d-2022-12.zip,Binance Vision,1833,cfbd0e1a447f02ddc84ea313147644c4d8b7e2ebdee9693a7c54febab0a5b8ca,.zip,,,,,2026-07-19,first repository inventory observation; provider retrieval time is available only where a source manifest records it,indexed
data_local/raw/binance/spot/monthly/klines/BNBUSDT/1d/BNBUSDT-1d-2023-01.zip,Binance Vision,1834,05be0f46d31ecf6caca990c4be77f866f52cf5481361ff4abbdbd3e2a4ea374a,.zip,,,,,2026-07-19,first repository inventory observation; provider retrieval time is available only where a source manifest records it,indexed
data_local/raw/binance/spot/monthly/klines/BNBUSDT/1d/BNBUSDT-1d-2023-02.zip,Binance Vision,1675,410fbb22da231870ad59911391bdf07bb4aa8665aa3949c64aaf2c54ce64c849,.zip,,,,,2026-07-19,first repository inventory observation; provider retrieval time is available only where a source manifest records it,indexed
data_local/raw/binance/spot/monthly/klines/BNBUSDT/1d/BNBUSDT-1d-2023-03.zip,Binance Vision,1825,26fd3b5676cf6931773f5e87d341e7cc9c17cfee57b11a64921346c3bce725a0,.zip,,,,,2026-07-19,first repository inventory observation; provider retrieval time is available only where a source manifest records it,indexed
data_local/raw/binance/spot/monthly/klines/BNBUSDT/1d/BNBUSDT-1d-2023-04.zip,Binance Vision,1765,b4cd24822818759814338a0a86b2e36e88ad888690c8cface82f9efde3ac4b96,.zip,,,,,2026-07-19,first repository inventory observation; provider retrieval time is available only where a source manifest records it,indexed
data_local/raw/binance/spot/monthly/klines/BNBUSDT/1d/BNBUSDT-1d-2023-05.zip,Binance Vision,1808,3ab0a70edd10567d640dd6c7c35926716153292708b0651d939f42e5adf4fda4,.zip,,,,,2026-07-19,first repository inventory observation; provider retrieval time is available only where a source manifest records it,indexed
data_local/raw/binance/spot/monthly/klines/BNBUSDT/1d/BNBUSDT-1d-2023-06.zip,Binance Vision,1799,34b239403a1c0b3fdf062080dcf195e0ccd336cd192c7d85dcc8b7c5e26b1cbe,.zip,,,,,2026-07-19,first repository inventory observation; provider retrieval time is available only where a source manifest records it,indexed
data_local/raw/binance/spot/monthly/klines/BNBUSDT/1d/BNBUSDT-1d-2023-07.zip,Binance Vision,1818,82ef4a7e5cfefe5916b50bb6225b134baf854d7125395b292442deb27e0322df,.zip,,,,,2026-07-19,first repository inventory observation; provider retrieval time is available only where a source manifest records it,indexed
data_local/raw/binance/spot/monthly/klines/BNBUSDT/1d/BNBUSDT-1d-2023-08.zip,Binance Vision,1805,391f00309a8c85ad58517287ffd288156c8b50c2e129b5ca430315d4cbcbd2a5,.zip,,,,,2026-07-19,first repository inventory observation; provider retrieval time is available only where a source manifest records it,indexed
data_local/raw/binance/spot/monthly/klines/BNBUSDT/1d/BNBUSDT-1d-2023-09.zip,Binance Vision,1723,8bd6326ced778911b9ccd13a7b9d475fd72a4990b2e08946a0ad435d7a53ca6b,.zip,,,,,2026-07-19,first repository inventory observation; provider retrieval time is available only where a source manifest records it,indexed
data_local/raw/binance/spot/monthly/klines/BNBUSDT/1d/BNBUSDT-1d-2023-10.zip,Binance Vision,1807,1b12d8d8687a2c3184612fadb23d403815e4b38011b2dc8ad9c7aaab53c85a49,.zip,,,,,2026-07-19,first repository inventory observation; provider retrieval time is available only where a source manifest records it,indexed
data_local/raw/binance/spot/monthly/klines/BNBUSDT/1d/BNBUSDT-1d-2023-11.zip,Binance Vision,1819,265f43677cdca9c19e7cef1cee1614339bd2589a1207733f6f6f8a24fceff628,.zip,,,,,2026-07-19,first repository inventory observation; provider retrieval time is available only where a source manifest records it,indexed
data_local/raw/binance/spot/monthly/klines/BNBUSDT/1d/BNBUSDT-1d-2023-12.zip,Binance Vision,1874,cd892efd72678fe5885b47607a6dd57422bcfacfd899a23155a4c832a3349b98,.zip,,,,,2026-07-19,first repository inventory observation; provider retrieval time is available only where a source manifest records it,indexed
data_local/raw/binance/spot/monthly/klines/BNBUSDT/1d/BNBUSDT-1d-2024-01.zip,Binance Vision,1874,5d4bdb84616da2d4b6a83b9b9360c40eec0871648a0cac65734e33444faf678c,.zip,,,,,2026-07-19,first repository inventory observation; provider retrieval time is available only where a source manifest records it,indexed
data_local/raw/binance/spot/monthly/klines/BNBUSDT/1d/BNBUSDT-1d-2024-02.zip,Binance Vision,1743,1ab8349b900bb461b5099079b33c8e81225bcf405788b6f3b2c818a8a31f882f,.zip,,,,,2026-07-19,first repository inventory observation; provider retrieval time is available only where a source manifest records it,indexed
data_local/raw/binance/spot/monthly/klines/BNBUSDT/1d/BNBUSDT-1d-2024-03.zip,Binance Vision,1915,fa6108d195ab1e9ba3a93edd617fd09fc5af2ca8a58f655dc710d91415c517ae,.zip,,,,,2026-07-19,first repository inventory observation; provider retrieval time is available only where a source manifest records it,indexed
data_local/raw/binance/spot/monthly/klines/BNBUSDT/1d/BNBUSDT-1d-2024-04.zip,Binance Vision,1813,d7fc923f6a8b776a567eb475a6fa86cb471b06588455e6e3f4648b292d7d5d17,.zip,,,,,2026-07-19,first repository inventory observation; provider retrieval time is available only where a source manifest records it,indexed
data_local/raw/binance/spot/monthly/klines/BNBUSDT/1d/BNBUSDT-1d-2024-05.zip,Binance Vision,1846,805a64670052eedac4a271e180555347e4a027c2a551c57ea66b2827e4fd9eac,.zip,,,,,2026-07-19,first repository inventory observation; provider retrieval time is available only where a source manifest records it,indexed
data_local/raw/binance/spot/monthly/klines/BNBUSDT/1d/BNBUSDT-1d-2024-06.zip,Binance Vision,1803,3295c5a0ecb21631caa8f5c95d8d895c434c34edb2c3d4699155a0e2893cf949,.zip,,,,,2026-07-19,first repository inventory observation; provider retrieval time is available only where a source manifest records it,indexed
data_local/raw/binance/spot/monthly/klines/BNBUSDT/1d/BNBUSDT-1d-2024-07.zip,Binance Vision,1864,7d2b8921df19108e5f92ca27e5a846bf06831d03fc072879de63c1f66aebd33a,.zip,,,,,2026-07-19,first repository inventory observation; provider retrieval time is available only where a source manifest records it,indexed
data_local/raw/binance/spot/monthly/klines/BNBUSDT/1d/BNBUSDT-1d-2024-08.zip,Binance Vision,1862,074f124320c2aff60894d49aa3de8a76284c27af73379e41fe88fa0c2f191c28,.zip,,,,,2026-07-19,first repository inventory observation; provider retrieval time is available only where a source manifest records it,indexed
data_local/raw/binance/spot/monthly/klines/BNBUSDT/1d/BNBUSDT-1d-2024-09.zip,Binance Vision,1803,c6594d1164647e075218c6c61fd98081c655c27db443fb2fa7d5543fbeae6afd,.zip,,,,,2026-07-19,first repository inventory observation; provider retrieval time is available only where a source manifest records it,indexed
data_local/raw/binance/spot/monthly/klines/BNBUSDT/1d/BNBUSDT-1d-2024-10.zip,Binance Vision,1850,b9d1534493268393431f6a189a905041a794ae553f242b495c102fcd5292c3ae,.zip,,,,,2026-07-19,first repository inventory observation; provider retrieval time is available only where a source manifest records it,indexed
data_local/raw/binance/spot/monthly/klines/BNBUSDT/1d/BNBUSDT-1d-2024-11.zip,Binance Vision,1915,e056a4d76b86fae5d833a9d2ad1c2fdf4e33d894c93a10fb12135fa258ef152b,.zip,,,,,2026-07-19,first repository inventory observation; provider retrieval time is available only where a source manifest records it,indexed
data_local/raw/binance/spot/monthly/klines/BNBUSDT/1d/BNBUSDT-1d-2024-12.zip,Binance Vision,2014,cb56172239def1e8e6c983b6050971333bb6aeb3d3305be702e780d3ee2becf0,.zip,,,,,2026-07-19,first repository inventory observation; provider retrieval time is available only where a source manifest records it,indexed
data_local/raw/binance/spot/monthly/klines/BNBUSDT/1d/BNBUSDT-1d-2025-01.zip,Binance Vision,1998,50d7646f9fdeebba62408547b775ca328f85d1464139a1e22a761b6068edcd8d,.zip,,,,,2026-07-19,first repository inventory observation; provider retrieval time is available only where a source manifest records it,indexed
data_local/raw/binance/spot/monthly/klines/BNBUSDT/1d/BNBUSDT-1d-2025-02.zip,Binance Vision,1846,ca8f4a9bdf0be827132459db5ab7da08f633456dfb99ae4e3bb1fe54225597ba,.zip,,,,,2026-07-19,first repository inventory observation; provider retrieval time is available only where a source manifest records it,indexed
data_local/raw/binance/spot/monthly/klines/BNBUSDT/1d/BNBUSDT-1d-2025-03.zip,Binance Vision,2005,71231a1cb118abbe98f2a5e330c699afe37e2998f025c13f3e7abbf0b034705b,.zip,,,,,2026-07-19,first repository inventory observation; provider retrieval time is available only where a source manifest records it,indexed
data_local/raw/binance/spot/monthly/klines/BNBUSDT/1d/BNBUSDT-1d-2025-04.zip,Binance Vision,1913,a90bca13bf407336c7c5646ba8c54d0cd5bceb923d30a1dd904050b83ae0116b,.zip,,,,,2026-07-19,first repository inventory observation; provider retrieval time is available only where a source manifest records it,indexed
data_local/raw/binance/spot/monthly/klines/BNBUSDT/1d/BNBUSDT-1d-2025-05.zip,Binance Vision,2002,0ec9f578274d77a7a6550a78f60fcb958e53ed4f96dc2e3bfae3bfa8f0f41552,.zip,,,,,2026-07-19,first repository inventory observation; provider retrieval time is available only where a source manifest records it,indexed
data_local/raw/binance/spot/monthly/klines/BNBUSDT/1d/BNBUSDT-1d-2025-06.zip,Binance Vision,1906,0724ea1a2ca134c138acf4c27f88c99a7271d2ac9f065ca1f2c2ebd1361838ed,.zip,,,,,2026-07-19,first repository inventory observation; provider retrieval time is available only where a source manifest records it,indexed
data_local/raw/binance/spot/monthly/klines/BNBUSDT/1d/BNBUSDT-1d-2025-07.zip,Binance Vision,2009,060a89450cfa7baf8b2068962b9d961c63b6a533970256d7fc8356162ba00905,.zip,,,,,2026-07-19,first repository inventory observation; provider retrieval time is available only where a source manifest records it,indexed
data_local/raw/binance/spot/monthly/klines/BNBUSDT/1d/BNBUSDT-1d-2025-08.zip,Binance Vision,2026,3a26bfe42a85f8b7abef970107417d2c777f64976f84ad9137ee6b31b91d7663,.zip,,,,,2026-07-19,first repository inventory observation; provider retrieval time is available only where a source manifest records it,indexed
data_local/raw/binance/spot/monthly/klines/BNBUSDT/1d/BNBUSDT-1d-2025-09.zip,Binance Vision,1981,6742bc46e9a4b297ac5f3d33b940a114e444bbdfd0181f71c07d06f1853b5458,.zip,,,,,2026-07-19,first repository inventory observation; provider retrieval time is available only where a source manifest records it,indexed
data_local/raw/binance/spot/monthly/klines/BNBUSDT/1d/BNBUSDT-1d-2025-10.zip,Binance Vision,2078,721bbfffa88553681a7dd9422e58ccef9499a875f51efadc35ae22538c4975ef,.zip,,,,,2026-07-19,first repository inventory observation; provider retrieval time is available only where a source manifest records it,indexed
data_local/raw/binance/spot/monthly/klines/BNBUSDT/1d/BNBUSDT-1d-2025-11.zip,Binance Vision,1981,63fbd535e881fadbf1a7e66cb3f646537f09ea0ec7af78f1ae0e635a7b1df816,.zip,,,,,2026-07-19,first repository inventory observation; provider retrieval time is available only where a source manifest records it,indexed
data_local/raw/binance/spot/monthly/klines/BNBUSDT/1d/BNBUSDT-1d-2025-12.zip,Binance Vision,1985,2c80ad1f432956cc84b4e03ccb3c77c6bda03b18dd9a61a53a572d25ccaeaf55,.zip,,,,,2026-07-19,first repository inventory observation; provider retrieval time is available only where a source manifest records it,indexed
data_local/raw/binance/spot/monthly/klines/BNBUSDT/1d/BNBUSDT-1d-2026-01.zip,Binance Vision,1993,e936735fca3f568a7908b0c04d6c949164bb4a140bf0f79e8ab9ea9c79280ace,.zip,,,,,2026-07-19,first repository inventory observation; provider retrieval time is available only where a source manifest records it,indexed
data_local/raw/binance/spot/monthly/klines/BNBUSDT/1d/BNBUSDT-1d-2026-02.zip,Binance Vision,1828,dabf1ab6be9e7d81b1980545277c7e9f0a92547e082f1484c2a6f7010b652292,.zip,,,,,2026-07-19,first repository inventory observation; provider retrieval time is available only where a source manifest records it,indexed
data_local/raw/binance/spot/monthly/klines/BNBUSDT/1d/BNBUSDT-1d-2026-03.zip,Binance Vision,1972,e5d509e6ddd93bfcdf5851de4d9aedd4cebb6c8fcde3a17453d84d2257b264cc,.zip,,,,,2026-07-19,first repository inventory observation; provider retrieval time is available only where a source manifest records it,indexed
data_local/raw/binance/spot/monthly/klines/BNBUSDT/1d/BNBUSDT-1d-2026-04.zip,Binance Vision,1892,bf742554d0749a19ee88cd08c85308e6bc3652cd1d75c0a1b5838f76bec59af6,.zip,,,,,2026-07-19,first repository inventory observation; provider retrieval time is available only where a source manifest records it,indexed
data_local/raw/binance/spot/monthly/klines/BNBUSDT/1d/BNBUSDT-1d-2026-05.zip,Binance Vision,1984,57fdd7420c15964ac2e64b36c9b673ee00dc17a73ac1cb40d5e88c74962fa0f4,.zip,,,,,2026-07-19,first repository inventory observation; provider retrieval time is available only where a source manifest records it,indexed
data_local/raw/binance/spot/monthly/klines/BNBUSDT/1d/BNBUSDT-1d-2026-06.zip,Binance Vision,1928,21c09cc8a91e8ee4ac1876016c47535c8659493658c08c17a8475ade9e1f3706,.zip,,,,,2026-07-19,first repository inventory observation; provider retrieval time is available only where a source manifest records it,indexed
data_local/raw/binance/spot/monthly/klines/BTCUSDT/1d/BTCUSDT-1d-2021-01.zip,Binance Vision,2295,6ff53d94f600e2a208882bfd5c00e2133cff8f07e57b7f373af29f85f86e0284,.zip,,,,,2026-07-19,first repository inventory observation; provider retrieval time is available only where a source manifest records it,indexed
data_local/raw/binance/spot/monthly/klines/BTCUSDT/1d/BTCUSDT-1d-2021-02.zip,Binance Vision,2103,f18254dc4a70f396494be83a6081cfafd1935aaef42aef5a12f18b0244edeb27,.zip,,,,,2026-07-19,first repository inventory observation; provider retrieval time is available only where a source manifest records it,indexed
data_local/raw/binance/spot/monthly/klines/BTCUSDT/1d/BTCUSDT-1d-2021-03.zip,Binance Vision,2282,f43e48b5efc8e0b06e0520b91aad4e5668844c766933c0c5cf403115dba03303,.zip,,,,,2026-07-19,first repository inventory observation; provider retrieval time is available only where a source manifest records it,indexed
data_local/raw/binance/spot/monthly/klines/BTCUSDT/1d/BTCUSDT-1d-2021-04.zip,Binance Vision,2189,3dd852f06608173dec98b7210f6a38728ef221f08717b362b4f3f09436e0a5fe,.zip,,,,,2026-07-19,first repository inventory observation; provider retrieval time is available only where a source manifest records it,indexed
data_local/raw/binance/spot/monthly/klines/BTCUSDT/1d/BTCUSDT-1d-2021-05.zip,Binance Vision,2283,3122e1ebaa1376937d479964563dced19f850636a700bb7cb97d7872ea8c8f28,.zip,,,,,2026-07-19,first repository inventory observation; provider retrieval time is available only where a source manifest records it,indexed
data_local/raw/binance/spot/monthly/klines/BTCUSDT/1d/BTCUSDT-1d-2021-06.zip,Binance Vision,2204,9875e11e890f75ef6eb0188ef7f952e5c0ba6919bd6d72d3da4d6847b84c5ccf,.zip,,,,,2026-07-19,first repository inventory observation; provider retrieval time is available only where a source manifest records it,indexed
data_local/raw/binance/spot/monthly/klines/BTCUSDT/1d/BTCUSDT-1d-2021-07.zip,Binance Vision,2264,636f588a6abb568f977aea3ae798f34ced4135f2f96fbc1493a2f9ab54a844eb,.zip,,,,,2026-07-19,first repository inventory observation; provider retrieval time is available only where a source manifest records it,indexed
data_local/raw/binance/spot/monthly/klines/BTCUSDT/1d/BTCUSDT-1d-2021-08.zip,Binance Vision,2246,68612e3fb74c184f97e4d3b2e061dd3743156401a6813ab897014b0b35caedd7,.zip,,,,,2026-07-19,first repository inventory observation; provider retrieval time is available only where a source manifest records it,indexed
data_local/raw/binance/spot/monthly/klines/BTCUSDT/1d/BTCUSDT-1d-2021-09.zip,Binance Vision,2156,9f6535a0fe8a417b0909d230e4a02f6a9933eb23c770f54c9f6bf140e8d02257,.zip,,,,,2026-07-19,first repository inventory observation; provider retrieval time is available only where a source manifest records it,indexed
data_local/raw/binance/spot/monthly/klines/BTCUSDT/1d/BTCUSDT-1d-2021-10.zip,Binance Vision,2210,ba50ff3dab5726ca8b9fa26065fe3a8f612aed4baa978ecdd9d39647cd108684,.zip,,,,,2026-07-19,first repository inventory observation; provider retrieval time is available only where a source manifest records it,indexed
data_local/raw/binance/spot/monthly/klines/BTCUSDT/1d/BTCUSDT-1d-2021-11.zip,Binance Vision,2166,64162d8ec11458e9d02f49d8569e47765517852bcf0a908cd4d71211e3912e62,.zip,,,,,2026-07-19,first repository inventory observation; provider retrieval time is available only where a source manifest records it,indexed
data_local/raw/binance/spot/monthly/klines/BTCUSDT/1d/BTCUSDT-1d-2021-12.zip,Binance Vision,2196,6231b57d3a3b71fb76a1a34078a01a01275a59870857bf60408ccd3ba4618e75,.zip,,,,,2026-07-19,first repository inventory observation; provider retrieval time is available only where a source manifest records it,indexed
data_local/raw/binance/spot/monthly/klines/BTCUSDT/1d/BTCUSDT-1d-2022-01.zip,Binance Vision,2183,a4a2e0432a8f0b42e2da71ac26599b2e6385b579ca4feba692a95cb897decdcd,.zip,,,,,2026-07-19,first repository inventory observation; provider retrieval time is available only where a source manifest records it,indexed
data_local/raw/binance/spot/monthly/klines/BTCUSDT/1d/BTCUSDT-1d-2022-02.zip,Binance Vision,2011,faffa5eadb9ebf0b32742773777596d0dbf3f282e94a16dd05cf1eb7b53a3763,.zip,,,,,2026-07-19,first repository inventory observation; provider retrieval time is available only where a source manifest records it,indexed
data_local/raw/binance/spot/monthly/klines/BTCUSDT/1d/BTCUSDT-1d-2022-03.zip,Binance Vision,2206,452129b478585b18931f728f89daed9d2a19d4824b932af7a099366efd4db639,.zip,,,,,2026-07-19,first repository inventory observation; provider retrieval time is available only where a source manifest records it,indexed
data_local/raw/binance/spot/monthly/klines/BTCUSDT/1d/BTCUSDT-1d-2022-04.zip,Binance Vision,2117,70413f67212d012ebfd600a6ebf20c03a9c8311bf764ab6d21d1bfd2d21d1b19,.zip,,,,,2026-07-19,first repository inventory observation; provider retrieval time is available only where a source manifest records it,indexed
data_local/raw/binance/spot/monthly/klines/BTCUSDT/1d/BTCUSDT-1d-2022-05.zip,Binance Vision,2212,53eee1be2d5b461dabc67645ad706610b0465d8bbacd5f9cd99fc790c68f18f5,.zip,,,,,2026-07-19,first repository inventory observation; provider retrieval time is available only where a source manifest records it,indexed
data_local/raw/binance/spot/monthly/klines/BTCUSDT/1d/BTCUSDT-1d-2022-06.zip,Binance Vision,2169,dd5047ce33c16231bcb01f534951a709937bbfe0c0667c61f20f188cf9b94de4,.zip,,,,,2026-07-19,first repository inventory observation; provider retrieval time is available only where a source manifest records it,indexed
data_local/raw/binance/spot/monthly/klines/BTCUSDT/1d/BTCUSDT-1d-2022-07.zip,Binance Vision,2245,216567f1a8bc1dbeaada097f7eddff12dafde177c16b26507c762a613a57eb5f,.zip,,,,,2026-07-19,first repository inventory observation; provider retrieval time is available only where a source manifest records it,indexed
data_local/raw/binance/spot/monthly/klines/BTCUSDT/1d/BTCUSDT-1d-2022-08.zip,Binance Vision,2237,fc8bd69e95141afb6f83c5a4450c3f6b49c4a1cb16e42d90eb960c3ffa9e766e,.zip,,,,,2026-07-19,first repository inventory observation; provider retrieval time is available only where a source manifest records it,indexed
data_local/raw/binance/spot/monthly/klines/BTCUSDT/1d/BTCUSDT-1d-2022-09.zip,Binance Vision,2213,68a8357e23277ebd98842fd88d492b012d53dd578b5061cafb8c070c440b235e,.zip,,,,,2026-07-19,first repository inventory observation; provider retrieval time is available only where a source manifest records it,indexed
data_local/raw/binance/spot/monthly/klines/BTCUSDT/1d/BTCUSDT-1d-2022-10.zip,Binance Vision,2219,5b086535cba596ef1b465f247a26385b4ccfd12673a76f225e2dd9e00dddadfd,.zip,,,,,2026-07-19,first repository inventory observation; provider retrieval time is available only where a source manifest records it,indexed
data_local/raw/binance/spot/monthly/klines/BTCUSDT/1d/BTCUSDT-1d-2022-11.zip,Binance Vision,2191,142202b226078f54342c4a1d74c8c6081a98c655d7d6f6fba06314f9c101e2d9,.zip,,,,,2026-07-19,first repository inventory observation; provider retrieval time is available only where a source manifest records it,indexed
data_local/raw/binance/spot/monthly/klines/BTCUSDT/1d/BTCUSDT-1d-2022-12.zip,Binance Vision,2222,aff24746afa9a3dbd355dd3462bcef80e59e96ed9aa55f79007532f9e07991bf,.zip,,,,,2026-07-19,first repository inventory observation; provider retrieval time is available only where a source manifest records it,indexed
data_local/raw/binance/spot/monthly/klines/BTCUSDT/1d/BTCUSDT-1d-2023-01.zip,Binance Vision,2250,a9fd53b75add7cc42fb4779a545811606260f79810f3826215d6ebecda11bb36,.zip,,,,,2026-07-19,first repository inventory observation; provider retrieval time is available only where a source manifest records it,indexed
data_local/raw/binance/spot/monthly/klines/BTCUSDT/1d/BTCUSDT-1d-2023-02.zip,Binance Vision,2072,13df1e3633f15be3eeba4768d0cc323ef221191002657b53936a6d0fb5e6556f,.zip,,,,,2026-07-19,first repository inventory observation; provider retrieval time is available only where a source manifest records it,indexed
data_local/raw/binance/spot/monthly/klines/BTCUSDT/1d/BTCUSDT-1d-2023-03.zip,Binance Vision,2265,1cb1209700ec74fa4592048de2e4ea4a38ab2bd622dfe03f1d6195c249501381,.zip,,,,,2026-07-19,first repository inventory observation; provider retrieval time is available only where a source manifest records it,indexed
data_local/raw/binance/spot/monthly/klines/BTCUSDT/1d/BTCUSDT-1d-2023-04.zip,Binance Vision,2108,999e86be73731ebc347c6ada94abceb5e291b65e7f1b4df2ce390af1aa2a4a08,.zip,,,,,2026-07-19,first repository inventory observation; provider retrieval time is available only where a source manifest records it,indexed
data_local/raw/binance/spot/monthly/klines/BTCUSDT/1d/BTCUSDT-1d-2023-05.zip,Binance Vision,2168,c343e4689784c29f83d25147a096dd44b6ae5c1063c909f8adda82b56414469d,.zip,,,,,2026-07-19,first repository inventory observation; provider retrieval time is available only where a source manifest records it,indexed
data_local/raw/binance/spot/monthly/klines/BTCUSDT/1d/BTCUSDT-1d-2023-06.zip,Binance Vision,2099,634919565c55a29729543d730927ca4b547c0e52d118a38de730f37fdd7617ef,.zip,,,,,2026-07-19,first repository inventory observation; provider retrieval time is available only where a source manifest records it,indexed
data_local/raw/binance/spot/monthly/klines/BTCUSDT/1d/BTCUSDT-1d-2023-07.zip,Binance Vision,2132,32363d37de02e6ad8d334ac332c685f8cdf5684733a9f2cfbca40e15e591396b,.zip,,,,,2026-07-19,first repository inventory observation; provider retrieval time is available only where a source manifest records it,indexed
data_local/raw/binance/spot/monthly/klines/BTCUSDT/1d/BTCUSDT-1d-2023-08.zip,Binance Vision,2160,8c5e47bfe3f0b0273534379e8ba5c93e69c84d67e8b9a03f293d6621bead2a5f,.zip,,,,,2026-07-19,first repository inventory observation; provider retrieval time is available only where a source manifest records it,indexed
data_local/raw/binance/spot/monthly/klines/BTCUSDT/1d/BTCUSDT-1d-2023-09.zip,Binance Vision,2080,2fe68ecad48d6927a9280d89700e991cb6481dc2767698c785f2b2d1c0b14744,.zip,,,,,2026-07-19,first repository inventory observation; provider retrieval time is available only where a source manifest records it,indexed
data_local/raw/binance/spot/monthly/klines/BTCUSDT/1d/BTCUSDT-1d-2023-10.zip,Binance Vision,2154,358b83bf0c2a5d5390a4bc4d4ae14fa9df0f56139642ad996c0df0f7bc712400,.zip,,,,,2026-07-19,first repository inventory observation; provider retrieval time is available only where a source manifest records it,indexed
data_local/raw/binance/spot/monthly/klines/BTCUSDT/1d/BTCUSDT-1d-2023-11.zip,Binance Vision,2102,fac9823cac7bf56a3a6038c3b79417e949b00c172939e62000451c8c25edd7c1,.zip,,,,,2026-07-19,first repository inventory observation; provider retrieval time is available only where a source manifest records it,indexed
data_local/raw/binance/spot/monthly/klines/BTCUSDT/1d/BTCUSDT-1d-2023-12.zip,Binance Vision,2177,056dad65795c9264ef90ee668a4c245e8fec73ebcbb272d28f5596c389913979,.zip,,,,,2026-07-19,first repository inventory observation; provider retrieval time is available only where a source manifest records it,indexed
data_local/raw/binance/spot/monthly/klines/BTCUSDT/1d/BTCUSDT-1d-2024-01.zip,Binance Vision,2190,474c1ce6fbb09e42cfc7231fee249aecc58af2fb5918570ffeba37998926b4a4,.zip,,,,,2026-07-19,first repository inventory observation; provider retrieval time is available only where a source manifest records it,indexed
data_local/raw/binance/spot/monthly/klines/BTCUSDT/1d/BTCUSDT-1d-2024-02.zip,Binance Vision,2053,4dae0b3d6b8ea59e39e6493b7964040c52459ea7b0a50b9c2793dcbfae53800d,.zip,,,,,2026-07-19,first repository inventory observation; provider retrieval time is available only where a source manifest records it,indexed
data_local/raw/binance/spot/monthly/klines/BTCUSDT/1d/BTCUSDT-1d-2024-03.zip,Binance Vision,2224,f7cd4fcafe79d1fac0c830d5fe152f7b3b9100e7c97e40352188766388af0ae0,.zip,,,,,2026-07-19,first repository inventory observation; provider retrieval time is available only where a source manifest records it,indexed
data_local/raw/binance/spot/monthly/klines/BTCUSDT/1d/BTCUSDT-1d-2024-04.zip,Binance Vision,2141,b4a8542c33e5251fb53f8a3352dd4e6f3cde4ac25f2c24935db8089aa1a2c3a0,.zip,,,,,2026-07-19,first repository inventory observation; provider retrieval time is available only where a source manifest records it,indexed
data_local/raw/binance/spot/monthly/klines/BTCUSDT/1d/BTCUSDT-1d-2024-05.zip,Binance Vision,2185,0175f696039b9e30f06c6398d218c99e577661ac30424869c648fe9770507248,.zip,,,,,2026-07-19,first repository inventory observation; provider retrieval time is available only where a source manifest records it,indexed
data_local/raw/binance/spot/monthly/klines/BTCUSDT/1d/BTCUSDT-1d-2024-06.zip,Binance Vision,2095,8a0f6416c2a83cfa15ba26c688d716fdafe35bb1748dd244f0550e8b2f7e38f7,.zip,,,,,2026-07-19,first repository inventory observation; provider retrieval time is available only where a source manifest records it,indexed
data_local/raw/binance/spot/monthly/klines/BTCUSDT/1d/BTCUSDT-1d-2024-07.zip,Binance Vision,2203,9a2963ef6541b4d7630eff8df7b2eaee48ece33180af03c34b0bf92675692899,.zip,,,,,2026-07-19,first repository inventory observation; provider retrieval time is available only where a source manifest records it,indexed
data_local/raw/binance/spot/monthly/klines/BTCUSDT/1d/BTCUSDT-1d-2024-08.zip,Binance Vision,2190,df41fe3260920b85da86855b4880f34618982e689081317d3d63b9b3bbcb1d53,.zip,,,,,2026-07-19,first repository inventory observation; provider retrieval time is available only where a source manifest records it,indexed
data_local/raw/binance/spot/monthly/klines/BTCUSDT/1d/BTCUSDT-1d-2024-09.zip,Binance Vision,2106,89e459b2a8f4b138dc742d9358c0084fcabf719d40468e156c3149a3635f3359,.zip,,,,,2026-07-19,first repository inventory observation; provider retrieval time is available only where a source manifest records it,indexed
data_local/raw/binance/spot/monthly/klines/BTCUSDT/1d/BTCUSDT-1d-2024-10.zip,Binance Vision,2203,d442a5f158d45d9ff7b1584b35023a4161cf915a3857f5e71a2a2e6aa68c69c5,.zip,,,,,2026-07-19,first repository inventory observation; provider retrieval time is available only where a source manifest records it,indexed
data_local/raw/binance/spot/monthly/klines/BTCUSDT/1d/BTCUSDT-1d-2024-11.zip,Binance Vision,2157,b197219d9e8b5e933226e1cd24fe2b7bfc3a2e8a3e74e6f7dc08a48f314da8c3,.zip,,,,,2026-07-19,first repository inventory observation; provider retrieval time is available only where a source manifest records it,indexed
data_local/raw/binance/spot/monthly/klines/BTCUSDT/1d/BTCUSDT-1d-2024-12.zip,Binance Vision,2218,82ec90210f492694b9d01722f97f579108ee787968b8485b53d736ea735700da,.zip,,,,,2026-07-19,first repository inventory observation; provider retrieval time is available only where a source manifest records it,indexed
data_local/raw/binance/spot/monthly/klines/BTCUSDT/1d/BTCUSDT-1d-2025-01.zip,Binance Vision,2254,3a3eb1b723d944deb4dbef5ae361bbe39340a17fe987fe22e397ef03dca268d2,.zip,,,,,2026-07-19,first repository inventory observation; provider retrieval time is available only where a source manifest records it,indexed
data_local/raw/binance/spot/monthly/klines/BTCUSDT/1d/BTCUSDT-1d-2025-02.zip,Binance Vision,2039,27cfde08c9eb8e3801fb049e3be351a3e50ab46abd8553c24023fa98ea5e919e,.zip,,,,,2026-07-19,first repository inventory observation; provider retrieval time is available only where a source manifest records it,indexed
data_local/raw/binance/spot/monthly/klines/BTCUSDT/1d/BTCUSDT-1d-2025-03.zip,Binance Vision,2249,5874e405f55c46f040de1a8ea9daae583dc12b5bcaef6078b21aae9c627cedcc,.zip,,,,,2026-07-19,first repository inventory observation; provider retrieval time is available only where a source manifest records it,indexed
data_local/raw/binance/spot/monthly/klines/BTCUSDT/1d/BTCUSDT-1d-2025-04.zip,Binance Vision,2165,8068a571425857cb0f5f71f75e733d3bc1e731362a09f84f835bbea6e087aeb2,.zip,,,,,2026-07-19,first repository inventory observation; provider retrieval time is available only where a source manifest records it,indexed
data_local/raw/binance/spot/monthly/klines/BTCUSDT/1d/BTCUSDT-1d-2025-05.zip,Binance Vision,2253,2b87aa0c63641ba1e954855bcfed96d7fc4eb21efe7936f354ff74e8e06cfcea,.zip,,,,,2026-07-19,first repository inventory observation; provider retrieval time is available only where a source manifest records it,indexed
data_local/raw/binance/spot/monthly/klines/BTCUSDT/1d/BTCUSDT-1d-2025-06.zip,Binance Vision,2170,dc4bbe2c75f04372b909febe8e6b379b053f88423d78cdb3ad8b0be3a66d6ede,.zip,,,,,2026-07-19,first repository inventory observation; provider retrieval time is available only where a source manifest records it,indexed
data_local/raw/binance/spot/monthly/klines/BTCUSDT/1d/BTCUSDT-1d-2025-07.zip,Binance Vision,2232,1ea64a346f6be0aaf455eb1ce107e6d38367164d97d0dd3719b9f9bb239796f4,.zip,,,,,2026-07-19,first repository inventory observation; provider retrieval time is available only where a source manifest records it,indexed
data_local/raw/binance/spot/monthly/klines/BTCUSDT/1d/BTCUSDT-1d-2025-08.zip,Binance Vision,2237,6720b573210cfbb98765f4a0de6826033d203fda42a6c8364455144b703ceace,.zip,,,,,2026-07-19,first repository inventory observation; provider retrieval time is available only where a source manifest records it,indexed
data_local/raw/binance/spot/monthly/klines/BTCUSDT/1d/BTCUSDT-1d-2025-09.zip,Binance Vision,2154,9934e6d98a90139039bb070a90ba409ff1832ad80116920adcf088090ce4c996,.zip,,,,,2026-07-19,first repository inventory observation; provider retrieval time is available only where a source manifest records it,indexed
data_local/raw/binance/spot/monthly/klines/BTCUSDT/1d/BTCUSDT-1d-2025-10.zip,Binance Vision,2262,3597639a18f343c768e374157e8bd08dd046bb33693495ff4e13380abac1260e,.zip,,,,,2026-07-19,first repository inventory observation; provider retrieval time is available only where a source manifest records it,indexed
data_local/raw/binance/spot/monthly/klines/BTCUSDT/1d/BTCUSDT-1d-2025-11.zip,Binance Vision,2185,9eded1225f9e3f3d4f127fad46111eb403553c1125cf6d11995e69d91d037290,.zip,,,,,2026-07-19,first repository inventory observation; provider retrieval time is available only where a source manifest records it,indexed
data_local/raw/binance/spot/monthly/klines/BTCUSDT/1d/BTCUSDT-1d-2025-12.zip,Binance Vision,2230,b12a106198f3be3ba5916195f75c1c6d34d8e5302ab77b8fd7c4b1b58b6144f4,.zip,,,,,2026-07-19,first repository inventory observation; provider retrieval time is available only where a source manifest records it,indexed
data_local/raw/binance/spot/monthly/klines/BTCUSDT/1d/BTCUSDT-1d-2026-01.zip,Binance Vision,2237,b7775ddec3ddd3edafc6ad5abcc94d6ab8b8f063a0911d8a3f3daae6a8bbad2e,.zip,,,,,2026-07-19,first repository inventory observation; provider retrieval time is available only where a source manifest records it,indexed
data_local/raw/binance/spot/monthly/klines/BTCUSDT/1d/BTCUSDT-1d-2026-02.zip,Binance Vision,2030,f8806308002477a1a28d6cc55ec9ea7bd91bfd4b44c04500d9fc4aec50fd9464,.zip,,,,,2026-07-19,first repository inventory observation; provider retrieval time is available only where a source manifest records it,indexed
data_local/raw/binance/spot/monthly/klines/BTCUSDT/1d/BTCUSDT-1d-2026-03.zip,Binance Vision,2242,b81fb1942f9653564f355e3bd62dc06e0552d1c64bc966f7dce5a9c1f8780c47,.zip,,,,,2026-07-19,first repository inventory observation; provider retrieval time is available only where a source manifest records it,indexed
data_local/raw/binance/spot/monthly/klines/BTCUSDT/1d/BTCUSDT-1d-2026-04.zip,Binance Vision,2151,1f7da05da9f9a8f30945bde41872ca649c61d6e6e324e916f4c3cbafa0a9276a,.zip,,,,,2026-07-19,first repository inventory observation; provider retrieval time is available only where a source manifest records it,indexed
data_local/raw/binance/spot/monthly/klines/BTCUSDT/1d/BTCUSDT-1d-2026-05.zip,Binance Vision,2223,978936e8f1f80b570248f8d4478d6fe08d94b98bc1c7d372feb27573ff466cde,.zip,,,,,2026-07-19,first repository inventory observation; provider retrieval time is available only where a source manifest records it,indexed
data_local/raw/binance/spot/monthly/klines/BTCUSDT/1d/BTCUSDT-1d-2026-06.zip,Binance Vision,2144,7020d4d850a875b93f0b0fa6df4a4c36ab615273e2ab03f9e896852330dad77e,.zip,,,,,2026-07-19,first repository inventory observation; provider retrieval time is available only where a source manifest records it,indexed
data_local/raw/binance/spot/monthly/klines/DOGEUSDT/1d/DOGEUSDT-1d-2021-01.zip,Binance Vision,2054,97eb6a9187e490a280b08b2fecdcd2b77593cf4063ee91f2a9df415ed947a6af,.zip,,,,,2026-07-19,first repository inventory observation; provider retrieval time is available only where a source manifest records it,indexed
data_local/raw/binance/spot/monthly/klines/DOGEUSDT/1d/DOGEUSDT-1d-2021-02.zip,Binance Vision,1956,498eb4089c941c9f15a2d192886b2938aa2f28bfd5a71b9ba641d00c7b31972b,.zip,,,,,2026-07-19,first repository inventory observation; provider retrieval time is available only where a source manifest records it,indexed
data_local/raw/binance/spot/monthly/klines/DOGEUSDT/1d/DOGEUSDT-1d-2021-03.zip,Binance Vision,2051,21c4b651130665a73395c112a6961cd804b6843beb8dac62741f5f471d7059cf,.zip,,,,,2026-07-19,first repository inventory observation; provider retrieval time is available only where a source manifest records it,indexed
data_local/raw/binance/spot/monthly/klines/DOGEUSDT/1d/DOGEUSDT-1d-2021-04.zip,Binance Vision,2122,bdad24537d4da2d76e2ec3136a056a1eefa15cecfda1636ecf1ca6e9d11f13e1,.zip,,,,,2026-07-19,first repository inventory observation; provider retrieval time is available only where a source manifest records it,indexed
data_local/raw/binance/spot/monthly/klines/DOGEUSDT/1d/DOGEUSDT-1d-2021-05.zip,Binance Vision,2148,a1eea239f97cc0b2d9ff76124ac00a6a0429da283046962449cfb48768d20712,.zip,,,,,2026-07-19,first repository inventory observation; provider retrieval time is available only where a source manifest records it,indexed
data_local/raw/binance/spot/monthly/klines/DOGEUSDT/1d/DOGEUSDT-1d-2021-06.zip,Binance Vision,2032,837818c661742a64996e191a58c812eb09fc11d491af524889e8b0df9a8f467e,.zip,,,,,2026-07-19,first repository inventory observation; provider retrieval time is available only where a source manifest records it,indexed
data_local/raw/binance/spot/monthly/klines/DOGEUSDT/1d/DOGEUSDT-1d-2021-07.zip,Binance Vision,2045,1d2b1f8671ad3c6369b3103fe6710a4c669e0b9071a84be1a6a147f461f301f5,.zip,,,,,2026-07-19,first repository inventory observation; provider retrieval time is available only where a source manifest records it,indexed
data_local/raw/binance/spot/monthly/klines/DOGEUSDT/1d/DOGEUSDT-1d-2021-08.zip,Binance Vision,2054,5ae7d212f2e05e4b7716bd44a5e6b509065af63e54b7d652e0608dfa1a586db6,.zip,,,,,2026-07-19,first repository inventory observation; provider retrieval time is available only where a source manifest records it,indexed
data_local/raw/binance/spot/monthly/klines/DOGEUSDT/1d/DOGEUSDT-1d-2021-09.zip,Binance Vision,1834,97ea8893c474476c2d9e931c889088608060969e579c8c0ee7b44fa1847e757c,.zip,,,,,2026-07-19,first repository inventory observation; provider retrieval time is available only where a source manifest records it,indexed
data_local/raw/binance/spot/monthly/klines/DOGEUSDT/1d/DOGEUSDT-1d-2021-10.zip,Binance Vision,1881,c9cc29673d20801e2392ce36032fcf7e13f6411efc7d35d92ee60df2c42b3a91,.zip,,,,,2026-07-19,first repository inventory observation; provider retrieval time is available only where a source manifest records it,indexed
data_local/raw/binance/spot/monthly/klines/DOGEUSDT/1d/DOGEUSDT-1d-2021-11.zip,Binance Vision,1816,ae025741690c08e3de162d1f4dfdca6736343d071bad154e255ccfb9005df2eb,.zip,,,,,2026-07-19,first repository inventory observation; provider retrieval time is available only where a source manifest records it,indexed
data_local/raw/binance/spot/monthly/klines/DOGEUSDT/1d/DOGEUSDT-1d-2021-12.zip,Binance Vision,1864,a8fa1b42fd93675530e8a14d068b5d16a18461331b2717b1cfec0b045b485f18,.zip,,,,,2026-07-19,first repository inventory observation; provider retrieval time is available only where a source manifest records it,indexed
data_local/raw/binance/spot/monthly/klines/DOGEUSDT/1d/DOGEUSDT-1d-2022-01.zip,Binance Vision,1833,c569d49d8a155105189d05ae265d031a9281e29c7c05bd9352a6348cd1decb9a,.zip,,,,,2026-07-19,first repository inventory observation; provider retrieval time is available only where a source manifest records it,indexed
data_local/raw/binance/spot/monthly/klines/DOGEUSDT/1d/DOGEUSDT-1d-2022-02.zip,Binance Vision,1662,8d93c2f2e85ea1ee9bcb6a4a64068e3254f591951e70dda060bdb4792cdec5b5,.zip,,,,,2026-07-19,first repository inventory observation; provider retrieval time is available only where a source manifest records it,indexed
data_local/raw/binance/spot/monthly/klines/DOGEUSDT/1d/DOGEUSDT-1d-2022-03.zip,Binance Vision,1812,17e89a583b34400dd7ef09ddac03a9dc5596b59f2b6e6add79f8797178ff1537,.zip,,,,,2026-07-19,first repository inventory observation; provider retrieval time is available only where a source manifest records it,indexed
data_local/raw/binance/spot/monthly/klines/DOGEUSDT/1d/DOGEUSDT-1d-2022-04.zip,Binance Vision,1787,618da236e8f5c33cffb2b590b463e14c985c48d60b6d6444cb5cfc56d2cd61d0,.zip,,,,,2026-07-19,first repository inventory observation; provider retrieval time is available only where a source manifest records it,indexed
data_local/raw/binance/spot/monthly/klines/DOGEUSDT/1d/DOGEUSDT-1d-2022-05.zip,Binance Vision,1824,1f134da70ca1ab781e62109b152d934ec87bc30b42beffc117e3af2d45283ce9,.zip,,,,,2026-07-19,first repository inventory observation; provider retrieval time is available only where a source manifest records it,indexed
data_local/raw/binance/spot/monthly/klines/DOGEUSDT/1d/DOGEUSDT-1d-2022-06.zip,Binance Vision,1871,6658f46eb9c3f0376cd3a51075db1b2373f368497d5ecfbeb1e728c02fd3c357,.zip,,,,,2026-07-19,first repository inventory observation; provider retrieval time is available only where a source manifest records it,indexed
data_local/raw/binance/spot/monthly/klines/DOGEUSDT/1d/DOGEUSDT-1d-2022-07.zip,Binance Vision,1868,22c9b79979e5efdcc17ed602dfb0d25874359ae06ef3cd2ad0e61820c1cef82e,.zip,,,,,2026-07-19,first repository inventory observation; provider retrieval time is available only where a source manifest records it,indexed
data_local/raw/binance/spot/monthly/klines/DOGEUSDT/1d/DOGEUSDT-1d-2022-08.zip,Binance Vision,1913,7fc6c09e24be95ca3066cf72b7fa97085bc11a7fbfa6e40fe651e6b476181ccb,.zip,,,,,2026-07-19,first repository inventory observation; provider retrieval time is available only where a source manifest records it,indexed
data_local/raw/binance/spot/monthly/klines/DOGEUSDT/1d/DOGEUSDT-1d-2022-09.zip,Binance Vision,1814,d607a3c4bd2ba207d4a80981f4c73f749db5315bda92a1aee54dc418987ce4fc,.zip,,,,,2026-07-19,first repository inventory observation; provider retrieval time is available only where a source manifest records it,indexed
data_local/raw/binance/spot/monthly/klines/DOGEUSDT/1d/DOGEUSDT-1d-2022-10.zip,Binance Vision,1874,4a2d22089b72e2a89ec950d636057a2b08b018a3235f2b20de8bad0329383cfc,.zip,,,,,2026-07-19,first repository inventory observation; provider retrieval time is available only where a source manifest records it,indexed
data_local/raw/binance/spot/monthly/klines/DOGEUSDT/1d/DOGEUSDT-1d-2022-11.zip,Binance Vision,1928,44deed05b07d649080d96e2ce49e8044d6bd40d505a0b33aeb7cbec9013a29af,.zip,,,,,2026-07-19,first repository inventory observation; provider retrieval time is available only where a source manifest records it,indexed
data_local/raw/binance/spot/monthly/klines/DOGEUSDT/1d/DOGEUSDT-1d-2022-12.zip,Binance Vision,1928,0fe8147721e2feac8e241ae081ec43391589525e03e2a24546d5743296556b80,.zip,,,,,2026-07-19,first repository inventory observation; provider retrieval time is available only where a source manifest records it,indexed
data_local/raw/binance/spot/monthly/klines/DOGEUSDT/1d/DOGEUSDT-1d-2023-01.zip,Binance Vision,1900,110be6f38eb88e72747502f63b1cdbea6364614ec8c3142a13fa8e882afc54ec,.zip,,,,,2026-07-19,first repository inventory observation; provider retrieval time is available only where a source manifest records it,indexed
data_local/raw/binance/spot/monthly/klines/DOGEUSDT/1d/DOGEUSDT-1d-2023-02.zip,Binance Vision,1732,61170b6489f01c9b8b57b168fd5f45a1210710fff9515223e52a38e63e895fce,.zip,,,,,2026-07-19,first repository inventory observation; provider retrieval time is available only where a source manifest records it,indexed
data_local/raw/binance/spot/monthly/klines/DOGEUSDT/1d/DOGEUSDT-1d-2023-03.zip,Binance Vision,1886,d5056f06036a390ba38356560e4d5e2f8e4b3de7b64109e9b2d1fa66ba623269,.zip,,,,,2026-07-19,first repository inventory observation; provider retrieval time is available only where a source manifest records it,indexed
data_local/raw/binance/spot/monthly/klines/DOGEUSDT/1d/DOGEUSDT-1d-2023-04.zip,Binance Vision,1869,baa64505114b4a671413edebfbe48e4b5bb51c7faa96118dc6f6b418ca600ca0,.zip,,,,,2026-07-19,first repository inventory observation; provider retrieval time is available only where a source manifest records it,indexed
data_local/raw/binance/spot/monthly/klines/DOGEUSDT/1d/DOGEUSDT-1d-2023-05.zip,Binance Vision,1844,bbc3af49e33377588cd24dda44aa3ff8e59382f864111424dcbbd149cec06d17,.zip,,,,,2026-07-19,first repository inventory observation; provider retrieval time is available only where a source manifest records it,indexed
data_local/raw/binance/spot/monthly/klines/DOGEUSDT/1d/DOGEUSDT-1d-2023-06.zip,Binance Vision,1802,286a6fb905bbada4b9da92842dad5c38dc4cb34dc1b7e01f607acb5863095d29,.zip,,,,,2026-07-19,first repository inventory observation; provider retrieval time is available only where a source manifest records it,indexed
data_local/raw/binance/spot/monthly/klines/DOGEUSDT/1d/DOGEUSDT-1d-2023-07.zip,Binance Vision,1902,62619da6dfb98b80a54fd87f3247f7cfed18b0dc065c1b22d461d933a358b0f1,.zip,,,,,2026-07-19,first repository inventory observation; provider retrieval time is available only where a source manifest records it,indexed
data_local/raw/binance/spot/monthly/klines/DOGEUSDT/1d/DOGEUSDT-1d-2023-08.zip,Binance Vision,1868,035f3c244805deb299c3cb4cd68a1e900d75a263d0ac84bfcc7b9855e6e3d66c,.zip,,,,,2026-07-19,first repository inventory observation; provider retrieval time is available only where a source manifest records it,indexed
data_local/raw/binance/spot/monthly/klines/DOGEUSDT/1d/DOGEUSDT-1d-2023-09.zip,Binance Vision,1764,05e0666a5861e22519d169fc32bbf9abd3ae1557960b28d9d9bc5fbc51971e90,.zip,,,,,2026-07-19,first repository inventory observation; provider retrieval time is available only where a source manifest records it,indexed
data_local/raw/binance/spot/monthly/klines/DOGEUSDT/1d/DOGEUSDT-1d-2023-10.zip,Binance Vision,1851,89ca1a44f1625e6097d99de343d7d0e609a19386dd038bbe70516387f28e5c4f,.zip,,,,,2026-07-19,first repository inventory observation; provider retrieval time is available only where a source manifest records it,indexed
data_local/raw/binance/spot/monthly/klines/DOGEUSDT/1d/DOGEUSDT-1d-2023-11.zip,Binance Vision,1860,6fc04c33f2ec2003e615e0e0f1d2df3b9e9c0f82a0cb1fd8a50aa89a788064b7,.zip,,,,,2026-07-19,first repository inventory observation; provider retrieval time is available only where a source manifest records it,indexed
data_local/raw/binance/spot/monthly/klines/DOGEUSDT/1d/DOGEUSDT-1d-2023-12.zip,Binance Vision,1910,ffef6d265b8cb39530bda23a66787af05fca5002bbb447d58ae89a8878e30471,.zip,,,,,2026-07-19,first repository inventory observation; provider retrieval time is available only where a source manifest records it,indexed
data_local/raw/binance/spot/monthly/klines/DOGEUSDT/1d/DOGEUSDT-1d-2024-01.zip,Binance Vision,1903,4ea01bae6ac81d90de1620ca141691483df5e6ba104d977fd66241f43c2f987a,.zip,,,,,2026-07-19,first repository inventory observation; provider retrieval time is available only where a source manifest records it,indexed
data_local/raw/binance/spot/monthly/klines/DOGEUSDT/1d/DOGEUSDT-1d-2024-02.zip,Binance Vision,1769,ec05eaba605825b3b9d79a6e2879241c126138ca8f84652b21c811347cecda1c,.zip,,,,,2026-07-19,first repository inventory observation; provider retrieval time is available only where a source manifest records it,indexed
data_local/raw/binance/spot/monthly/klines/DOGEUSDT/1d/DOGEUSDT-1d-2024-03.zip,Binance Vision,1987,4562390613a728b7b2e951083de57014341b64e96e1a9ca63ce8f8b11457df1b,.zip,,,,,2026-07-19,first repository inventory observation; provider retrieval time is available only where a source manifest records it,indexed
data_local/raw/binance/spot/monthly/klines/DOGEUSDT/1d/DOGEUSDT-1d-2024-04.zip,Binance Vision,1906,54b82b550b147a097a0a0981186c17d654d16f659c14521d699edac9e19946cf,.zip,,,,,2026-07-19,first repository inventory observation; provider retrieval time is available only where a source manifest records it,indexed
data_local/raw/binance/spot/monthly/klines/DOGEUSDT/1d/DOGEUSDT-1d-2024-05.zip,Binance Vision,1946,c831c9c34a3813a7dc7578bb31bf950f7c360c2ad8f5b967b045beba4d47102f,.zip,,,,,2026-07-19,first repository inventory observation; provider retrieval time is available only where a source manifest records it,indexed
data_local/raw/binance/spot/monthly/klines/DOGEUSDT/1d/DOGEUSDT-1d-2024-06.zip,Binance Vision,1861,e66fb26a4801d5321b9c4daacf7baf3e3e6e737901582ce917c77a1b2e8c1b14,.zip,,,,,2026-07-19,first repository inventory observation; provider retrieval time is available only where a source manifest records it,indexed
data_local/raw/binance/spot/monthly/klines/DOGEUSDT/1d/DOGEUSDT-1d-2024-07.zip,Binance Vision,1930,cc31def17f6481b49051706e61fdb29140917dc63ae7db5a1ee29cdaea85b686,.zip,,,,,2026-07-19,first repository inventory observation; provider retrieval time is available only where a source manifest records it,indexed
data_local/raw/binance/spot/monthly/klines/DOGEUSDT/1d/DOGEUSDT-1d-2024-08.zip,Binance Vision,1907,b554b2204be2b6e0f4dd463541137462716503d11cf7530b61d33cf041838a39,.zip,,,,,2026-07-19,first repository inventory observation; provider retrieval time is available only where a source manifest records it,indexed
data_local/raw/binance/spot/monthly/klines/DOGEUSDT/1d/DOGEUSDT-1d-2024-09.zip,Binance Vision,1853,cc07b1e378731f147f62b9c0b186c60bb0b25917616c4d60e7664cbf1d71d868,.zip,,,,,2026-07-19,first repository inventory observation; provider retrieval time is available only where a source manifest records it,indexed
data_local/raw/binance/spot/monthly/klines/DOGEUSDT/1d/DOGEUSDT-1d-2024-10.zip,Binance Vision,1932,3985b83236f69e2f9829f0c064289b375bbef57787f1fff7b4e25268e8bf35f4,.zip,,,,,2026-07-19,first repository inventory observation; provider retrieval time is available only where a source manifest records it,indexed
data_local/raw/binance/spot/monthly/klines/DOGEUSDT/1d/DOGEUSDT-1d-2024-11.zip,Binance Vision,1986,611d025b1f914d1b85a5c9e9ad68aa3718b10e33591b29cce536ed246c2c24a6,.zip,,,,,2026-07-19,first repository inventory observation; provider retrieval time is available only where a source manifest records it,indexed
data_local/raw/binance/spot/monthly/klines/DOGEUSDT/1d/DOGEUSDT-1d-2024-12.zip,Binance Vision,2009,fe1b1fa8598ea8dcd7e74346fd2d2a12ca0ed0dd7f3ccc1b90fb9c334d7818f1,.zip,,,,,2026-07-19,first repository inventory observation; provider retrieval time is available only where a source manifest records it,indexed
data_local/raw/binance/spot/monthly/klines/DOGEUSDT/1d/DOGEUSDT-1d-2025-01.zip,Binance Vision,2003,dcdcd48601bf700c01e0612ccf5ee7b0316a964904d45c7c17fe82c901b5f54d,.zip,,,,,2026-07-19,first repository inventory observation; provider retrieval time is available only where a source manifest records it,indexed
data_local/raw/binance/spot/monthly/klines/DOGEUSDT/1d/DOGEUSDT-1d-2025-02.zip,Binance Vision,1803,a2c0dd3a5450f12cf0974f19ca248d9f7a61a1a8fe7f7abb1ad285e320a53a6a,.zip,,,,,2026-07-19,first repository inventory observation; provider retrieval time is available only where a source manifest records it,indexed
data_local/raw/binance/spot/monthly/klines/DOGEUSDT/1d/DOGEUSDT-1d-2025-03.zip,Binance Vision,1957,da417dcbd9fed3a8f9dffe25e269dfdf4d1821ea1b87ebcb1ddd1e5d2aa1e67d,.zip,,,,,2026-07-19,first repository inventory observation; provider retrieval time is available only where a source manifest records it,indexed
data_local/raw/binance/spot/monthly/klines/DOGEUSDT/1d/DOGEUSDT-1d-2025-04.zip,Binance Vision,1886,f42faa43f436aa4fa2f13946710c2974ed10954ea45890b22d752107a7d8038a,.zip,,,,,2026-07-19,first repository inventory observation; provider retrieval time is available only where a source manifest records it,indexed
data_local/raw/binance/spot/monthly/klines/DOGEUSDT/1d/DOGEUSDT-1d-2025-05.zip,Binance Vision,1958,26c273c7b51ba35ddbcda8b467d80a106eb47eb1b05dd849c3cd6290aeb6b84d,.zip,,,,,2026-07-19,first repository inventory observation; provider retrieval time is available only where a source manifest records it,indexed
data_local/raw/binance/spot/monthly/klines/DOGEUSDT/1d/DOGEUSDT-1d-2025-06.zip,Binance Vision,1901,dd07195828ff1fbfbab1f9e8655892a125cd98a9e9a0e0ba8e764cec9c977cc7,.zip,,,,,2026-07-19,first repository inventory observation; provider retrieval time is available only where a source manifest records it,indexed
data_local/raw/binance/spot/monthly/klines/DOGEUSDT/1d/DOGEUSDT-1d-2025-07.zip,Binance Vision,1995,05aeb6968393c612da3fe9a0e5b16fc94f763cd9fe8460ace1b434f752c714da,.zip,,,,,2026-07-19,first repository inventory observation; provider retrieval time is available only where a source manifest records it,indexed
data_local/raw/binance/spot/monthly/klines/DOGEUSDT/1d/DOGEUSDT-1d-2025-08.zip,Binance Vision,1969,eded0b1dd50964e29aef6c76d75470dd49433596966d273b3fa60ad4f61c33a4,.zip,,,,,2026-07-19,first repository inventory observation; provider retrieval time is available only where a source manifest records it,indexed
data_local/raw/binance/spot/monthly/klines/DOGEUSDT/1d/DOGEUSDT-1d-2025-09.zip,Binance Vision,1922,c01de100bafdadc9c1c37dc28d73e350822a3fcd0171e349519af1defe5a00ec,.zip,,,,,2026-07-19,first repository inventory observation; provider retrieval time is available only where a source manifest records it,indexed
data_local/raw/binance/spot/monthly/klines/DOGEUSDT/1d/DOGEUSDT-1d-2025-10.zip,Binance Vision,1980,8cb1ccf9b9c9c1e4bf3c1d53ad5346399000325a5e3848db779a9fa42bbc255f,.zip,,,,,2026-07-19,first repository inventory observation; provider retrieval time is available only where a source manifest records it,indexed
data_local/raw/binance/spot/monthly/klines/DOGEUSDT/1d/DOGEUSDT-1d-2025-11.zip,Binance Vision,1907,8134068df1f8988d171c8ab88971bddfe8a0eda87096cc8879295788dae1f441,.zip,,,,,2026-07-19,first repository inventory observation; provider retrieval time is available only where a source manifest records it,indexed
data_local/raw/binance/spot/monthly/klines/DOGEUSDT/1d/DOGEUSDT-1d-2025-12.zip,Binance Vision,1931,59cac647224f6a101bc0ac12a8354f0e96c60b9a2404ba984d9c261d80af73fe,.zip,,,,,2026-07-19,first repository inventory observation; provider retrieval time is available only where a source manifest records it,indexed
data_local/raw/binance/spot/monthly/klines/DOGEUSDT/1d/DOGEUSDT-1d-2026-01.zip,Binance Vision,1937,21ddfebfec7d1fa38bc10d2b52c46158150c7bd4a10954cbcd801c7d318b8ca4,.zip,,,,,2026-07-19,first repository inventory observation; provider retrieval time is available only where a source manifest records it,indexed
data_local/raw/binance/spot/monthly/klines/DOGEUSDT/1d/DOGEUSDT-1d-2026-02.zip,Binance Vision,1756,df9ab9a04424bd2d0b75223ab702fd0e3dc2d3684be0ff35991eb5ad32a08596,.zip,,,,,2026-07-19,first repository inventory observation; provider retrieval time is available only where a source manifest records it,indexed
data_local/raw/binance/spot/monthly/klines/DOGEUSDT/1d/DOGEUSDT-1d-2026-03.zip,Binance Vision,1913,d5a42d4bbf77d2890a6ec8600d2622cfb956afaac6d0e75d90b3234d7409e2da,.zip,,,,,2026-07-19,first repository inventory observation; provider retrieval time is available only where a source manifest records it,indexed
data_local/raw/binance/spot/monthly/klines/DOGEUSDT/1d/DOGEUSDT-1d-2026-04.zip,Binance Vision,1844,a3cfbdace0425dd64f9d718ae614fc861269eea7b204504c7b5cbec3ea0dc7ef,.zip,,,,,2026-07-19,first repository inventory observation; provider retrieval time is available only where a source manifest records it,indexed
data_local/raw/binance/spot/monthly/klines/DOGEUSDT/1d/DOGEUSDT-1d-2026-05.zip,Binance Vision,1924,6d2ec870399e910ce1bd46ebe80b1f3e82fe06122c86cc80bf14e389ad77c3b4,.zip,,,,,2026-07-19,first repository inventory observation; provider retrieval time is available only where a source manifest records it,indexed
data_local/raw/binance/spot/monthly/klines/DOGEUSDT/1d/DOGEUSDT-1d-2026-06.zip,Binance Vision,1842,ef829d4ba97b0af6315cf1eeb50e1c2532aeaf9fbc37f48d78b3d32a55a5bcd9,.zip,,,,,2026-07-19,first repository inventory observation; provider retrieval time is available only where a source manifest records it,indexed
data_local/raw/binance/spot/monthly/klines/DOTUSDT/1d/DOTUSDT-1d-2021-01.zip,Binance Vision,2063,999f2224f2c993d3356b1fdfe21392d98395f16c7ba3ad11a974634c43589a7f,.zip,,,,,2026-07-19,first repository inventory observation; provider retrieval time is available only where a source manifest records it,indexed
data_local/raw/binance/spot/monthly/klines/DOTUSDT/1d/DOTUSDT-1d-2021-02.zip,Binance Vision,1913,1b7a873124a94a2a09b8bdc489e3e8ba342796a04fec719195f209acfa183211,.zip,,,,,2026-07-19,first repository inventory observation; provider retrieval time is available only where a source manifest records it,indexed
data_local/raw/binance/spot/monthly/klines/DOTUSDT/1d/DOTUSDT-1d-2021-03.zip,Binance Vision,2086,2fa900cdd39990d2b3cb3b2c6e3f374b6cb4419ea4cc13771a256a0aa265f06e,.zip,,,,,2026-07-19,first repository inventory observation; provider retrieval time is available only where a source manifest records it,indexed
data_local/raw/binance/spot/monthly/klines/DOTUSDT/1d/DOTUSDT-1d-2021-04.zip,Binance Vision,2039,6d0ede1d561f409dabdd57ff45be8ca3ffcd84ec3c7dae20bddffef8e830adba,.zip,,,,,2026-07-19,first repository inventory observation; provider retrieval time is available only where a source manifest records it,indexed
data_local/raw/binance/spot/monthly/klines/DOTUSDT/1d/DOTUSDT-1d-2021-05.zip,Binance Vision,2069,d527904c0ed41a55f7de7aa86e53081ab741b0470fd410bf32762fb0bd7e47f0,.zip,,,,,2026-07-19,first repository inventory observation; provider retrieval time is available only where a source manifest records it,indexed
data_local/raw/binance/spot/monthly/klines/DOTUSDT/1d/DOTUSDT-1d-2021-06.zip,Binance Vision,1983,a2ee6f7132e5ac6f0793e054d5efdbc9368d92e22a7382c3ecd4624ddf6dbd5b,.zip,,,,,2026-07-19,first repository inventory observation; provider retrieval time is available only where a source manifest records it,indexed
data_local/raw/binance/spot/monthly/klines/DOTUSDT/1d/DOTUSDT-1d-2021-07.zip,Binance Vision,1996,592d951e230b4ab65e82e78b9b92db72008eb9d7cd8755321ba6c63327de7d44,.zip,,,,,2026-07-19,first repository inventory observation; provider retrieval time is available only where a source manifest records it,indexed
data_local/raw/binance/spot/monthly/klines/DOTUSDT/1d/DOTUSDT-1d-2021-08.zip,Binance Vision,2006,1ba2ac106fa83e45a26b475377b59340842eb8afa02603b46310da730ebd9de5,.zip,,,,,2026-07-19,first repository inventory observation; provider retrieval time is available only where a source manifest records it,indexed
data_local/raw/binance/spot/monthly/klines/DOTUSDT/1d/DOTUSDT-1d-2021-09.zip,Binance Vision,1916,44c5ea2fbd05e1ec74ea0c2f05c0b7be855069f99f62df4f6b7cbe24d808833b,.zip,,,,,2026-07-19,first repository inventory observation; provider retrieval time is available only where a source manifest records it,indexed
data_local/raw/binance/spot/monthly/klines/DOTUSDT/1d/DOTUSDT-1d-2021-10.zip,Binance Vision,1944,025b10c81bc5e83475e55277a42abc4553121971fb694b6ee3af82120e2f2eeb,.zip,,,,,2026-07-19,first repository inventory observation; provider retrieval time is available only where a source manifest records it,indexed
data_local/raw/binance/spot/monthly/klines/DOTUSDT/1d/DOTUSDT-1d-2021-11.zip,Binance Vision,1866,b6d64ce8ec6eb341cbaadcd122b518af05dc81a774547cddd6c5b3dae25deb3e,.zip,,,,,2026-07-19,first repository inventory observation; provider retrieval time is available only where a source manifest records it,indexed
data_local/raw/binance/spot/monthly/klines/DOTUSDT/1d/DOTUSDT-1d-2021-12.zip,Binance Vision,1875,b2fba7a53709c1570206b55bdcc395106fff0a6c16da9a69dd9e28e2e8c166c3,.zip,,,,,2026-07-19,first repository inventory observation; provider retrieval time is available only where a source manifest records it,indexed
data_local/raw/binance/spot/monthly/klines/DOTUSDT/1d/DOTUSDT-1d-2022-01.zip,Binance Vision,1879,4f09e74743e21a3ddd5bf52a9be1c4d774f9a06ccada54bd8fd53311d2fe275d,.zip,,,,,2026-07-19,first repository inventory observation; provider retrieval time is available only where a source manifest records it,indexed
data_local/raw/binance/spot/monthly/klines/DOTUSDT/1d/DOTUSDT-1d-2022-02.zip,Binance Vision,1677,79f21f401c41c7617d8f665027dd115788d6468dd61fed3e1492e339046cda36,.zip,,,,,2026-07-19,first repository inventory observation; provider retrieval time is available only where a source manifest records it,indexed
data_local/raw/binance/spot/monthly/klines/DOTUSDT/1d/DOTUSDT-1d-2022-03.zip,Binance Vision,1823,8adc8cab6f4b7513a70bd5b0f7752a27c97b32b7bce245d4f9e16c8af4c4904f,.zip,,,,,2026-07-19,first repository inventory observation; provider retrieval time is available only where a source manifest records it,indexed
data_local/raw/binance/spot/monthly/klines/DOTUSDT/1d/DOTUSDT-1d-2022-04.zip,Binance Vision,1754,fda40fca92b4d2240f3a75f331521a0aaed872e67a6932b9bde0a3bf26a57d29,.zip,,,,,2026-07-19,first repository inventory observation; provider retrieval time is available only where a source manifest records it,indexed
data_local/raw/binance/spot/monthly/klines/DOTUSDT/1d/DOTUSDT-1d-2022-05.zip,Binance Vision,1847,27ec41e5e6cacce0beb3d53e74f80b997baa9e70f5540fc4b3b4310cc446913d,.zip,,,,,2026-07-19,first repository inventory observation; provider retrieval time is available only where a source manifest records it,indexed
data_local/raw/binance/spot/monthly/klines/DOTUSDT/1d/DOTUSDT-1d-2022-06.zip,Binance Vision,1731,cd0814c0eae1c43cc0e48ba51f23824aba7cee87ee3cd37919815ee0aa43999a,.zip,,,,,2026-07-19,first repository inventory observation; provider retrieval time is available only where a source manifest records it,indexed
data_local/raw/binance/spot/monthly/klines/DOTUSDT/1d/DOTUSDT-1d-2022-07.zip,Binance Vision,1778,4cfd17dad77eb7ee13fec3fb62f75ea446188c05d252f7ac40b848f957b3d5cb,.zip,,,,,2026-07-19,first repository inventory observation; provider retrieval time is available only where a source manifest records it,indexed
data_local/raw/binance/spot/monthly/klines/DOTUSDT/1d/DOTUSDT-1d-2022-08.zip,Binance Vision,1776,6b318a1b92e8b9ebb353cbe512a703cbac48e7d791e209c9d36e5dd9b5cfb0b6,.zip,,,,,2026-07-19,first repository inventory observation; provider retrieval time is available only where a source manifest records it,indexed
data_local/raw/binance/spot/monthly/klines/DOTUSDT/1d/DOTUSDT-1d-2022-09.zip,Binance Vision,1712,0fcc48962c1415b43a38f2fa0b7df0422831f6ae52ca8d8680c07ad50c5a7184,.zip,,,,,2026-07-19,first repository inventory observation; provider retrieval time is available only where a source manifest records it,indexed
data_local/raw/binance/spot/monthly/klines/DOTUSDT/1d/DOTUSDT-1d-2022-10.zip,Binance Vision,1730,165ffd50ad2d099c2a70f1e3b259e246a03646eb909d17c840c58ddc4e125491,.zip,,,,,2026-07-19,first repository inventory observation; provider retrieval time is available only where a source manifest records it,indexed
data_local/raw/binance/spot/monthly/klines/DOTUSDT/1d/DOTUSDT-1d-2022-11.zip,Binance Vision,1699,adb6fd68397d003a1aa74b8d4aab10bc3eb10973aa8b4ff8c6506403a6c22fc9,.zip,,,,,2026-07-19,first repository inventory observation; provider retrieval time is available only where a source manifest records it,indexed
data_local/raw/binance/spot/monthly/klines/DOTUSDT/1d/DOTUSDT-1d-2022-12.zip,Binance Vision,1788,f8b76d0c2dcc81fa076c22cfefe91fd2efa88d81adb9e6343157048accbbe7bf,.zip,,,,,2026-07-19,first repository inventory observation; provider retrieval time is available only where a source manifest records it,indexed
data_local/raw/binance/spot/monthly/klines/DOTUSDT/1d/DOTUSDT-1d-2023-01.zip,Binance Vision,1844,8d2b528affa9f6523976bb6dba9ff45cbf9a508aeb1ea7e3c8f8956c567cfe9e,.zip,,,,,2026-07-19,first repository inventory observation; provider retrieval time is available only where a source manifest records it,indexed
data_local/raw/binance/spot/monthly/klines/DOTUSDT/1d/DOTUSDT-1d-2023-02.zip,Binance Vision,1682,bf0cb48f683a32db8e0dc3ead3c7395d7bad3f06b950d92eacf91932d51c52f5,.zip,,,,,2026-07-19,first repository inventory observation; provider retrieval time is available only where a source manifest records it,indexed
data_local/raw/binance/spot/monthly/klines/DOTUSDT/1d/DOTUSDT-1d-2023-03.zip,Binance Vision,1868,fa4af98ab46b67a030123b1b2460b2c8663dccf8e3fec7173a7e485f76255810,.zip,,,,,2026-07-19,first repository inventory observation; provider retrieval time is available only where a source manifest records it,indexed
data_local/raw/binance/spot/monthly/klines/DOTUSDT/1d/DOTUSDT-1d-2023-04.zip,Binance Vision,1773,aa7b0686dbd0374f0e745c3db43f6de54acc3516d7aeb55f604b95a6d1001742,.zip,,,,,2026-07-19,first repository inventory observation; provider retrieval time is available only where a source manifest records it,indexed
data_local/raw/binance/spot/monthly/klines/DOTUSDT/1d/DOTUSDT-1d-2023-05.zip,Binance Vision,1796,63ae532933a5f5a8de22afe35de51bd02170184d85c1e7c7ba9f6e81909c45a7,.zip,,,,,2026-07-19,first repository inventory observation; provider retrieval time is available only where a source manifest records it,indexed
data_local/raw/binance/spot/monthly/klines/DOTUSDT/1d/DOTUSDT-1d-2023-06.zip,Binance Vision,1764,c2d14fc71e03efe1e3649653dea544865f4d2283c316628d128e00255ec1eab9,.zip,,,,,2026-07-19,first repository inventory observation; provider retrieval time is available only where a source manifest records it,indexed
data_local/raw/binance/spot/monthly/klines/DOTUSDT/1d/DOTUSDT-1d-2023-07.zip,Binance Vision,1800,1a3b42f77e248b7770e87bda2b091307cdee95f76a559597b7f146d3b1793575,.zip,,,,,2026-07-19,first repository inventory observation; provider retrieval time is available only where a source manifest records it,indexed
data_local/raw/binance/spot/monthly/klines/DOTUSDT/1d/DOTUSDT-1d-2023-08.zip,Binance Vision,1777,b825c749032ce082fb752b1c3958d09282e47eb4700e653ff582ebe9c8048dbe,.zip,,,,,2026-07-19,first repository inventory observation; provider retrieval time is available only where a source manifest records it,indexed
data_local/raw/binance/spot/monthly/klines/DOTUSDT/1d/DOTUSDT-1d-2023-09.zip,Binance Vision,1730,8129e274967ea29e36e24f7936998773fa29bcb858d4979fbf5ba76b257abf85,.zip,,,,,2026-07-19,first repository inventory observation; provider retrieval time is available only where a source manifest records it,indexed
data_local/raw/binance/spot/monthly/klines/DOTUSDT/1d/DOTUSDT-1d-2023-10.zip,Binance Vision,1819,0d902684bc2c3488bdfc801396b5606d54c0cbf755867e3eecaf41c1dd9e3263,.zip,,,,,2026-07-19,first repository inventory observation; provider retrieval time is available only where a source manifest records it,indexed
data_local/raw/binance/spot/monthly/klines/DOTUSDT/1d/DOTUSDT-1d-2023-11.zip,Binance Vision,1797,f6cb2bf2b81e0f21e343aed60aa396f301368e0d72e31ebf0552bcaf2c1c5cbf,.zip,,,,,2026-07-19,first repository inventory observation; provider retrieval time is available only where a source manifest records it,indexed
data_local/raw/binance/spot/monthly/klines/DOTUSDT/1d/DOTUSDT-1d-2023-12.zip,Binance Vision,1891,0b228ebee97dbbf018762753087a605e5646bd9ae2d2c871bae884782480748b,.zip,,,,,2026-07-19,first repository inventory observation; provider retrieval time is available only where a source manifest records it,indexed
data_local/raw/binance/spot/monthly/klines/DOTUSDT/1d/DOTUSDT-1d-2024-01.zip,Binance Vision,1880,0f7d3cb5615ae0586b79361f8084926b0f4075d5d70aca5a7b5e720fa84a61cf,.zip,,,,,2026-07-19,first repository inventory observation; provider retrieval time is available only where a source manifest records it,indexed
data_local/raw/binance/spot/monthly/klines/DOTUSDT/1d/DOTUSDT-1d-2024-02.zip,Binance Vision,1737,4e6526e08d88e52f8335c6951d73fce08e93c70509414e5070c1495a74ba8483,.zip,,,,,2026-07-19,first repository inventory observation; provider retrieval time is available only where a source manifest records it,indexed
data_local/raw/binance/spot/monthly/klines/DOTUSDT/1d/DOTUSDT-1d-2024-03.zip,Binance Vision,1899,44b4406fd8db6a54b13b80d0618b364170cb7d2493dd90c690e076ceae02c555,.zip,,,,,2026-07-19,first repository inventory observation; provider retrieval time is available only where a source manifest records it,indexed
data_local/raw/binance/spot/monthly/klines/DOTUSDT/1d/DOTUSDT-1d-2024-04.zip,Binance Vision,1811,eb45a3b18cbdf2cbd28c872d8805e551375429858c258cf7a9394ace0010e6b0,.zip,,,,,2026-07-19,first repository inventory observation; provider retrieval time is available only where a source manifest records it,indexed
data_local/raw/binance/spot/monthly/klines/DOTUSDT/1d/DOTUSDT-1d-2024-05.zip,Binance Vision,1834,73744411e9173f1df4b3c0f219986d2364e7745c01332cead38cff7ed6da9171,.zip,,,,,2026-07-19,first repository inventory observation; provider retrieval time is available only where a source manifest records it,indexed
data_local/raw/binance/spot/monthly/klines/DOTUSDT/1d/DOTUSDT-1d-2024-06.zip,Binance Vision,1783,33f5bf78b9819b20dcfadf96bd11aa93900884d97f56d439ee5d13050111e4ba,.zip,,,,,2026-07-19,first repository inventory observation; provider retrieval time is available only where a source manifest records it,indexed
data_local/raw/binance/spot/monthly/klines/DOTUSDT/1d/DOTUSDT-1d-2024-07.zip,Binance Vision,1845,963d07435fcd6276ef06ee5dd56140fdbf4806a9f73837f6aa36f1fbc8734af2,.zip,,,,,2026-07-19,first repository inventory observation; provider retrieval time is available only where a source manifest records it,indexed
data_local/raw/binance/spot/monthly/klines/DOTUSDT/1d/DOTUSDT-1d-2024-08.zip,Binance Vision,1815,fa9421086d91e19c15f3155e6503c11a291af00bc5d7a4787e9e1ed2f41e9bcf,.zip,,,,,2026-07-19,first repository inventory observation; provider retrieval time is available only where a source manifest records it,indexed
data_local/raw/binance/spot/monthly/klines/DOTUSDT/1d/DOTUSDT-1d-2024-09.zip,Binance Vision,1753,648ea3dc6dd5c8dfbeeb6f0bb099496e776e7e0604305ad920db16d1e8606385,.zip,,,,,2026-07-19,first repository inventory observation; provider retrieval time is available only where a source manifest records it,indexed
data_local/raw/binance/spot/monthly/klines/DOTUSDT/1d/DOTUSDT-1d-2024-10.zip,Binance Vision,1807,ea9a2dbe33c76ed07eefece72948f992b987c1692dc369b5f4cc631143576cf4,.zip,,,,,2026-07-19,first repository inventory observation; provider retrieval time is available only where a source manifest records it,indexed
data_local/raw/binance/spot/monthly/klines/DOTUSDT/1d/DOTUSDT-1d-2024-11.zip,Binance Vision,1846,676a2f9597698c434721861f809dc8ad17f1fdc3bfe5b95892de28eb7169f9ce,.zip,,,,,2026-07-19,first repository inventory observation; provider retrieval time is available only where a source manifest records it,indexed
data_local/raw/binance/spot/monthly/klines/DOTUSDT/1d/DOTUSDT-1d-2024-12.zip,Binance Vision,1928,9085b7c92f70fe59a78467b1ab14f738fd3f7bcf21a112e73ba702169f8b035d,.zip,,,,,2026-07-19,first repository inventory observation; provider retrieval time is available only where a source manifest records it,indexed
data_local/raw/binance/spot/monthly/klines/DOTUSDT/1d/DOTUSDT-1d-2025-01.zip,Binance Vision,1917,ace4f24e2eabd581de977be84a7ae06725030fd0cc436c57fd49a9f0d04e1f8c,.zip,,,,,2026-07-19,first repository inventory observation; provider retrieval time is available only where a source manifest records it,indexed
data_local/raw/binance/spot/monthly/klines/DOTUSDT/1d/DOTUSDT-1d-2025-02.zip,Binance Vision,1718,94a40a7ee37d179f3d4a58df349736b122479b5545d074afa39b3c57a37fc379,.zip,,,,,2026-07-19,first repository inventory observation; provider retrieval time is available only where a source manifest records it,indexed
data_local/raw/binance/spot/monthly/klines/DOTUSDT/1d/DOTUSDT-1d-2025-03.zip,Binance Vision,1868,8c7b9dc52ecb771f2989fa8bbc5e6d9bba9ea9e624e91cc5d4ecc222723ea5eb,.zip,,,,,2026-07-19,first repository inventory observation; provider retrieval time is available only where a source manifest records it,indexed
data_local/raw/binance/spot/monthly/klines/DOTUSDT/1d/DOTUSDT-1d-2025-04.zip,Binance Vision,1803,bc1a741c6f2426816e4b5e9b035d68beaa50df2eef84e6d13d79166982f3589d,.zip,,,,,2026-07-19,first repository inventory observation; provider retrieval time is available only where a source manifest records it,indexed
data_local/raw/binance/spot/monthly/klines/DOTUSDT/1d/DOTUSDT-1d-2025-05.zip,Binance Vision,1875,2c237389a7d2295443229738a82485a39904235f977c97a3ab8a12be313a9e1e,.zip,,,,,2026-07-19,first repository inventory observation; provider retrieval time is available only where a source manifest records it,indexed
data_local/raw/binance/spot/monthly/klines/DOTUSDT/1d/DOTUSDT-1d-2025-06.zip,Binance Vision,1807,3dd0bda771eb860ba4135193e75cecf06e3d19fce2d5e571a3dc8260e194393f,.zip,,,,,2026-07-19,first repository inventory observation; provider retrieval time is available only where a source manifest records it,indexed
data_local/raw/binance/spot/monthly/klines/DOTUSDT/1d/DOTUSDT-1d-2025-07.zip,Binance Vision,1878,eec2543b38b86878f4f72af66c84f302586676577e8f29acbe19719dd6a84ae6,.zip,,,,,2026-07-19,first repository inventory observation; provider retrieval time is available only where a source manifest records it,indexed
data_local/raw/binance/spot/monthly/klines/DOTUSDT/1d/DOTUSDT-1d-2025-08.zip,Binance Vision,1890,83b85d2802707f3e1e74a1e173a5d6b28f5d7576d191de1fc8e1ed8489dbf6aa,.zip,,,,,2026-07-19,first repository inventory observation; provider retrieval time is available only where a source manifest records it,indexed
data_local/raw/binance/spot/monthly/klines/DOTUSDT/1d/DOTUSDT-1d-2025-09.zip,Binance Vision,1826,1c4d08ba3a034d80eea42896994503e6bdc56c236c66a3ac8a6e3f7d93640ce6,.zip,,,,,2026-07-19,first repository inventory observation; provider retrieval time is available only where a source manifest records it,indexed
data_local/raw/binance/spot/monthly/klines/DOTUSDT/1d/DOTUSDT-1d-2025-10.zip,Binance Vision,1897,f76b59846f2b941764e7127e3705339b6529e3fda8942974818465755e01d81e,.zip,,,,,2026-07-19,first repository inventory observation; provider retrieval time is available only where a source manifest records it,indexed
data_local/raw/binance/spot/monthly/klines/DOTUSDT/1d/DOTUSDT-1d-2025-11.zip,Binance Vision,1815,ae33750ce0732021fee129dbe1cb5d3208d27f03372f4f35c4b6de8e62a95265,.zip,,,,,2026-07-19,first repository inventory observation; provider retrieval time is available only where a source manifest records it,indexed
data_local/raw/binance/spot/monthly/klines/DOTUSDT/1d/DOTUSDT-1d-2025-12.zip,Binance Vision,1850,7c23f6731999725344b5add94a42a5b4f4a30b4f353ed18867489aa371d70311,.zip,,,,,2026-07-19,first repository inventory observation; provider retrieval time is available only where a source manifest records it,indexed
data_local/raw/binance/spot/monthly/klines/DOTUSDT/1d/DOTUSDT-1d-2026-01.zip,Binance Vision,1849,93d058222752d52a4ab6a9b9aa0ef67be2ba4b1d39fcb9e56606c09703904143,.zip,,,,,2026-07-19,first repository inventory observation; provider retrieval time is available only where a source manifest records it,indexed
data_local/raw/binance/spot/monthly/klines/DOTUSDT/1d/DOTUSDT-1d-2026-02.zip,Binance Vision,1669,841a6fc67e4bccb609a4cae6c3e79fc4b33839655423546caf015c132f8b4090,.zip,,,,,2026-07-19,first repository inventory observation; provider retrieval time is available only where a source manifest records it,indexed
data_local/raw/binance/spot/monthly/klines/DOTUSDT/1d/DOTUSDT-1d-2026-03.zip,Binance Vision,1836,cd0d4f87f907a6e1c1a090095cb3e08577ad126fc97ddd29a88af364f3eedeba,.zip,,,,,2026-07-19,first repository inventory observation; provider retrieval time is available only where a source manifest records it,indexed
data_local/raw/binance/spot/monthly/klines/DOTUSDT/1d/DOTUSDT-1d-2026-04.zip,Binance Vision,1753,04bcd79e44cefdf24b0acfc2b1d2b21dff4a4ba286e0808790f21ab13fb0bc76,.zip,,,,,2026-07-19,first repository inventory observation; provider retrieval time is available only where a source manifest records it,indexed
data_local/raw/binance/spot/monthly/klines/DOTUSDT/1d/DOTUSDT-1d-2026-05.zip,Binance Vision,1812,385a7c2061eaa54ba48751ec62b0ce7fb08b26bb095fc3a748dc4209e2b07cb9,.zip,,,,,2026-07-19,first repository inventory observation; provider retrieval time is available only where a source manifest records it,indexed
data_local/raw/binance/spot/monthly/klines/DOTUSDT/1d/DOTUSDT-1d-2026-06.zip,Binance Vision,1756,15492a07e774a1abf6a18a8c9dd803a7560e50310c66ea158ae0a900689870d7,.zip,,,,,2026-07-19,first repository inventory observation; provider retrieval time is available only where a source manifest records it,indexed
data_local/raw/binance/spot/monthly/klines/ETHUSDT/1d/ETHUSDT-1d-2021-01.zip,Binance Vision,2214,9c077a151ad30786ffbf2d560f457fb727ea3fc4f0932e6e287e2bf22ce5ba16,.zip,,,,,2026-07-19,first repository inventory observation; provider retrieval time is available only where a source manifest records it,indexed
data_local/raw/binance/spot/monthly/klines/ETHUSDT/1d/ETHUSDT-1d-2021-02.zip,Binance Vision,2005,07b43daa2cd8487fc7a652c58237b93a7a07108e5f4d5cb9ec086d7737898d99,.zip,,,,,2026-07-19,first repository inventory observation; provider retrieval time is available only where a source manifest records it,indexed
data_local/raw/binance/spot/monthly/klines/ETHUSDT/1d/ETHUSDT-1d-2021-03.zip,Binance Vision,2195,0f3fe06236480c4aed3460eac7b2d4e0ef621ec4cc5da20445797cb682b74dc2,.zip,,,,,2026-07-19,first repository inventory observation; provider retrieval time is available only where a source manifest records it,indexed
data_local/raw/binance/spot/monthly/klines/ETHUSDT/1d/ETHUSDT-1d-2021-04.zip,Binance Vision,2115,d483115836d4c285943064b22461670ff30ef1601b1183c4034c7edb4fffeedf,.zip,,,,,2026-07-19,first repository inventory observation; provider retrieval time is available only where a source manifest records it,indexed
data_local/raw/binance/spot/monthly/klines/ETHUSDT/1d/ETHUSDT-1d-2021-05.zip,Binance Vision,2240,bc68e71360869ed2f1d06bfa07ec6599c5bdb38406d6b712635afe2c6f1df7fa,.zip,,,,,2026-07-19,first repository inventory observation; provider retrieval time is available only where a source manifest records it,indexed
data_local/raw/binance/spot/monthly/klines/ETHUSDT/1d/ETHUSDT-1d-2021-06.zip,Binance Vision,2136,b8ddb26be6c48876a04a7fddfbc3f4c8842f53b8e217613eac9dd15a55836597,.zip,,,,,2026-07-19,first repository inventory observation; provider retrieval time is available only where a source manifest records it,indexed
data_local/raw/binance/spot/monthly/klines/ETHUSDT/1d/ETHUSDT-1d-2021-07.zip,Binance Vision,2186,c33ea50dc263d559315e7bf3dd6ab87a40f12747fe6fd0c16b5dff28dbd7b58f,.zip,,,,,2026-07-19,first repository inventory observation; provider retrieval time is available only where a source manifest records it,indexed
data_local/raw/binance/spot/monthly/klines/ETHUSDT/1d/ETHUSDT-1d-2021-08.zip,Binance Vision,2200,3cffa7628cff71c9b2ec5f33085c90317fc1d9866ac701ca9742322344182397,.zip,,,,,2026-07-19,first repository inventory observation; provider retrieval time is available only where a source manifest records it,indexed
data_local/raw/binance/spot/monthly/klines/ETHUSDT/1d/ETHUSDT-1d-2021-09.zip,Binance Vision,2089,14e849630ad4d5ae2f899c289c395736c12f1b699486b9dcfd1d7e058e4fff18,.zip,,,,,2026-07-19,first repository inventory observation; provider retrieval time is available only where a source manifest records it,indexed
data_local/raw/binance/spot/monthly/klines/ETHUSDT/1d/ETHUSDT-1d-2021-10.zip,Binance Vision,2129,4f9e66dc56961d8552082782b2cdac5a149e125da90694885ab90363a63e8ff5,.zip,,,,,2026-07-19,first repository inventory observation; provider retrieval time is available only where a source manifest records it,indexed
data_local/raw/binance/spot/monthly/klines/ETHUSDT/1d/ETHUSDT-1d-2021-11.zip,Binance Vision,2080,8e9ebb3bcc07d3080db603ceafaec29fe66612bd160ad737235a3476fc8eafe9,.zip,,,,,2026-07-19,first repository inventory observation; provider retrieval time is available only where a source manifest records it,indexed
data_local/raw/binance/spot/monthly/klines/ETHUSDT/1d/ETHUSDT-1d-2021-12.zip,Binance Vision,2114,2f30c04c60988621d47afa115e2b7771785440ee3effe87355d5f7038d234361,.zip,,,,,2026-07-19,first repository inventory observation; provider retrieval time is available only where a source manifest records it,indexed
data_local/raw/binance/spot/monthly/klines/ETHUSDT/1d/ETHUSDT-1d-2022-01.zip,Binance Vision,2139,d992b05664b21cef2e104aa93ab1de487fe396f68dc9767380d87998cc7969a1,.zip,,,,,2026-07-19,first repository inventory observation; provider retrieval time is available only where a source manifest records it,indexed
data_local/raw/binance/spot/monthly/klines/ETHUSDT/1d/ETHUSDT-1d-2022-02.zip,Binance Vision,1948,2d7eeb5c0c0574ebfff2d7369f3b991e2693fe81a2defc87525c667598c3ceef,.zip,,,,,2026-07-19,first repository inventory observation; provider retrieval time is available only where a source manifest records it,indexed
data_local/raw/binance/spot/monthly/klines/ETHUSDT/1d/ETHUSDT-1d-2022-03.zip,Binance Vision,2131,0cfffeb995ad02f64b0a1235db34fbca7982aef8b104ee4bb7fd52605323ad53,.zip,,,,,2026-07-19,first repository inventory observation; provider retrieval time is available only where a source manifest records it,indexed
data_local/raw/binance/spot/monthly/klines/ETHUSDT/1d/ETHUSDT-1d-2022-04.zip,Binance Vision,2041,2e3269eb718fd3c75f41a11f03c91f3e3af91bd14815b79b216ec371a876ec57,.zip,,,,,2026-07-19,first repository inventory observation; provider retrieval time is available only where a source manifest records it,indexed
data_local/raw/binance/spot/monthly/klines/ETHUSDT/1d/ETHUSDT-1d-2022-05.zip,Binance Vision,2144,fe39dd94b5e65aced7b4979fd6357fcd3700ae556a9d03c507d9983d507a628e,.zip,,,,,2026-07-19,first repository inventory observation; provider retrieval time is available only where a source manifest records it,indexed
data_local/raw/binance/spot/monthly/klines/ETHUSDT/1d/ETHUSDT-1d-2022-06.zip,Binance Vision,2060,62633207619685b148ef58bdc910b78a33fef724ac2b507ef57e7878145516dc,.zip,,,,,2026-07-19,first repository inventory observation; provider retrieval time is available only where a source manifest records it,indexed
data_local/raw/binance/spot/monthly/klines/ETHUSDT/1d/ETHUSDT-1d-2022-07.zip,Binance Vision,2130,6b4b9bdc7b0e1e6b87b95e750343d898c0df36d9d885bfeae594ca4e29ac0981,.zip,,,,,2026-07-19,first repository inventory observation; provider retrieval time is available only where a source manifest records it,indexed
data_local/raw/binance/spot/monthly/klines/ETHUSDT/1d/ETHUSDT-1d-2022-08.zip,Binance Vision,2118,9f54ee2471795608f083a175285cbfd77f5de473cbeaa0d491b3751cf791a3a9,.zip,,,,,2026-07-19,first repository inventory observation; provider retrieval time is available only where a source manifest records it,indexed
data_local/raw/binance/spot/monthly/klines/ETHUSDT/1d/ETHUSDT-1d-2022-09.zip,Binance Vision,2022,64daaa8bedcb3e82736d5b6426974aadd814007067fc81380ae87e04e1112714,.zip,,,,,2026-07-19,first repository inventory observation; provider retrieval time is available only where a source manifest records it,indexed
data_local/raw/binance/spot/monthly/klines/ETHUSDT/1d/ETHUSDT-1d-2022-10.zip,Binance Vision,2088,01a81d5a27053ead87542d1329763bfd22978080f6c3e7ee588f189cd49ff8d6,.zip,,,,,2026-07-19,first repository inventory observation; provider retrieval time is available only where a source manifest records it,indexed
data_local/raw/binance/spot/monthly/klines/ETHUSDT/1d/ETHUSDT-1d-2022-11.zip,Binance Vision,2061,83cef6abcb76dffbac6c6ad0e2842dd218f226e1e4a1839e78e35b12dd68a015,.zip,,,,,2026-07-19,first repository inventory observation; provider retrieval time is available only where a source manifest records it,indexed
data_local/raw/binance/spot/monthly/klines/ETHUSDT/1d/ETHUSDT-1d-2022-12.zip,Binance Vision,2050,e3f2c5851ef573c35733f29293188310099683948692d8e8ba008b17fdbd508f,.zip,,,,,2026-07-19,first repository inventory observation; provider retrieval time is available only where a source manifest records it,indexed
data_local/raw/binance/spot/monthly/klines/ETHUSDT/1d/ETHUSDT-1d-2023-01.zip,Binance Vision,2087,811ff55e20735e6fff55ef37c0c3e922eb6d26d41fe84fc04b2a03c0179549ad,.zip,,,,,2026-07-19,first repository inventory observation; provider retrieval time is available only where a source manifest records it,indexed
data_local/raw/binance/spot/monthly/klines/ETHUSDT/1d/ETHUSDT-1d-2023-02.zip,Binance Vision,1916,2f6cdf5aa6613ab3621dbd730a234935e8909f980f1195f7581abf145e422cce,.zip,,,,,2026-07-19,first repository inventory observation; provider retrieval time is available only where a source manifest records it,indexed
data_local/raw/binance/spot/monthly/klines/ETHUSDT/1d/ETHUSDT-1d-2023-03.zip,Binance Vision,2098,dbfe653bf62ebac3e4e2bf5c96160de6c76bcbd76e4979ca2105d11cf2bdf77e,.zip,,,,,2026-07-19,first repository inventory observation; provider retrieval time is available only where a source manifest records it,indexed
data_local/raw/binance/spot/monthly/klines/ETHUSDT/1d/ETHUSDT-1d-2023-04.zip,Binance Vision,2019,d316aea182914c088b06d03640812bae72e889a347ed9dcc78bb8ad10ed1bdf9,.zip,,,,,2026-07-19,first repository inventory observation; provider retrieval time is available only where a source manifest records it,indexed
data_local/raw/binance/spot/monthly/klines/ETHUSDT/1d/ETHUSDT-1d-2023-05.zip,Binance Vision,2087,a86ef09c35c764e6f0066953074ffb0dc93239afe92e3d73e232fbc95cdeab51,.zip,,,,,2026-07-19,first repository inventory observation; provider retrieval time is available only where a source manifest records it,indexed
data_local/raw/binance/spot/monthly/klines/ETHUSDT/1d/ETHUSDT-1d-2023-06.zip,Binance Vision,1994,4932a5fd8853ddf99f3853a501e5f35ffad45a07a466bbf4603ddb7fb4c821ac,.zip,,,,,2026-07-19,first repository inventory observation; provider retrieval time is available only where a source manifest records it,indexed
data_local/raw/binance/spot/monthly/klines/ETHUSDT/1d/ETHUSDT-1d-2023-07.zip,Binance Vision,2036,f66293651e4a841fe9bc36cc76483bdb9c1faaa085377fbbd2fd064cd401cd5e,.zip,,,,,2026-07-19,first repository inventory observation; provider retrieval time is available only where a source manifest records it,indexed
data_local/raw/binance/spot/monthly/klines/ETHUSDT/1d/ETHUSDT-1d-2023-08.zip,Binance Vision,2058,e694749c085b888401f51002dbd21bc8cf0c4d801d2da311e72d6c1ae97627d4,.zip,,,,,2026-07-19,first repository inventory observation; provider retrieval time is available only where a source manifest records it,indexed
data_local/raw/binance/spot/monthly/klines/ETHUSDT/1d/ETHUSDT-1d-2023-09.zip,Binance Vision,1985,c1faa848529e17e15deafb208d817155576ef51e556813109cdb60c0153ac73d,.zip,,,,,2026-07-19,first repository inventory observation; provider retrieval time is available only where a source manifest records it,indexed
data_local/raw/binance/spot/monthly/klines/ETHUSDT/1d/ETHUSDT-1d-2023-10.zip,Binance Vision,2059,baadc74c685a63d7ba453531c9f4d1df81a5719200501ab229018352a1be9630,.zip,,,,,2026-07-19,first repository inventory observation; provider retrieval time is available only where a source manifest records it,indexed
data_local/raw/binance/spot/monthly/klines/ETHUSDT/1d/ETHUSDT-1d-2023-11.zip,Binance Vision,2022,8faf9f53efe268d25d01b987b3a364cd9f1983703ab2f78486192c29218b1faf,.zip,,,,,2026-07-19,first repository inventory observation; provider retrieval time is available only where a source manifest records it,indexed
data_local/raw/binance/spot/monthly/klines/ETHUSDT/1d/ETHUSDT-1d-2023-12.zip,Binance Vision,2086,1778c56d995fe5d32a0816a5214feabcd84d594f4e882315b4e225d6e86e5275,.zip,,,,,2026-07-19,first repository inventory observation; provider retrieval time is available only where a source manifest records it,indexed
data_local/raw/binance/spot/monthly/klines/ETHUSDT/1d/ETHUSDT-1d-2024-01.zip,Binance Vision,2109,49598e812edcbf446f20d21a3ffc382a6f51fc1982a7e4224b78a416dbe36e8d,.zip,,,,,2026-07-19,first repository inventory observation; provider retrieval time is available only where a source manifest records it,indexed
data_local/raw/binance/spot/monthly/klines/ETHUSDT/1d/ETHUSDT-1d-2024-02.zip,Binance Vision,1976,36ebece2c2a6fcccdc4ee2924cd037870e88fa09877208843e2cbdf5f5c93a44,.zip,,,,,2026-07-19,first repository inventory observation; provider retrieval time is available only where a source manifest records it,indexed
data_local/raw/binance/spot/monthly/klines/ETHUSDT/1d/ETHUSDT-1d-2024-03.zip,Binance Vision,2125,78f5a6edba263350c1df6d4678596570ae5ce5df38edd4e253ec89431fbddfc0,.zip,,,,,2026-07-19,first repository inventory observation; provider retrieval time is available only where a source manifest records it,indexed
data_local/raw/binance/spot/monthly/klines/ETHUSDT/1d/ETHUSDT-1d-2024-04.zip,Binance Vision,2050,d0a5088a3d49cea7269dc3bf7f29912e23a390c87fb7b14acbed210ac9be8177,.zip,,,,,2026-07-19,first repository inventory observation; provider retrieval time is available only where a source manifest records it,indexed
data_local/raw/binance/spot/monthly/klines/ETHUSDT/1d/ETHUSDT-1d-2024-05.zip,Binance Vision,2109,d0c98ff2f16913e1c1f9bb72165086056ae9923db5b07f113ca6eaf334b87bbf,.zip,,,,,2026-07-19,first repository inventory observation; provider retrieval time is available only where a source manifest records it,indexed
data_local/raw/binance/spot/monthly/klines/ETHUSDT/1d/ETHUSDT-1d-2024-06.zip,Binance Vision,2014,5198557b48b8df354f5dc07e76270e988416f9e8972e577d9c327b31d2cb1db1,.zip,,,,,2026-07-19,first repository inventory observation; provider retrieval time is available only where a source manifest records it,indexed
data_local/raw/binance/spot/monthly/klines/ETHUSDT/1d/ETHUSDT-1d-2024-07.zip,Binance Vision,2093,ae4a1a154d9c4e27bb7551293216d6824a0455fef7ecea0efb5084e145ba1ac5,.zip,,,,,2026-07-19,first repository inventory observation; provider retrieval time is available only where a source manifest records it,indexed
data_local/raw/binance/spot/monthly/klines/ETHUSDT/1d/ETHUSDT-1d-2024-08.zip,Binance Vision,2107,e41fc2dcefc5d0737fd74e943602327cfdbcde04dec40d94030cfcf01720e593,.zip,,,,,2026-07-19,first repository inventory observation; provider retrieval time is available only where a source manifest records it,indexed
data_local/raw/binance/spot/monthly/klines/ETHUSDT/1d/ETHUSDT-1d-2024-09.zip,Binance Vision,2030,6e6add68412a0d89199fb6185b88b24994c32522e4ee67ac88d02ab8b81eb1c1,.zip,,,,,2026-07-19,first repository inventory observation; provider retrieval time is available only where a source manifest records it,indexed
data_local/raw/binance/spot/monthly/klines/ETHUSDT/1d/ETHUSDT-1d-2024-10.zip,Binance Vision,2084,cc2ae0b168f8ddd7b45441a30ae9aa95f748ec9ecaa19ab3cf5e9ec21fc63783,.zip,,,,,2026-07-19,first repository inventory observation; provider retrieval time is available only where a source manifest records it,indexed
data_local/raw/binance/spot/monthly/klines/ETHUSDT/1d/ETHUSDT-1d-2024-11.zip,Binance Vision,2074,fe8b32f1ab7a3a72316b404ffc9d7002cb75801364f12dc52eddfedbb3e3af43,.zip,,,,,2026-07-19,first repository inventory observation; provider retrieval time is available only where a source manifest records it,indexed
data_local/raw/binance/spot/monthly/klines/ETHUSDT/1d/ETHUSDT-1d-2024-12.zip,Binance Vision,2128,e36880cb5d79157599878eb97db2d20a5bc10f904384501f0b3571a09c1b6bcc,.zip,,,,,2026-07-19,first repository inventory observation; provider retrieval time is available only where a source manifest records it,indexed
data_local/raw/binance/spot/monthly/klines/ETHUSDT/1d/ETHUSDT-1d-2025-01.zip,Binance Vision,2157,fb1c6329259282a4174c646629515704da03c713bff9106f8da01ec188112a09,.zip,,,,,2026-07-19,first repository inventory observation; provider retrieval time is available only where a source manifest records it,indexed
data_local/raw/binance/spot/monthly/klines/ETHUSDT/1d/ETHUSDT-1d-2025-02.zip,Binance Vision,1988,ed3cf4f55aa296a25e092d73170c6772fa33e089c8ee5bdd379198fa94675361,.zip,,,,,2026-07-19,first repository inventory observation; provider retrieval time is available only where a source manifest records it,indexed
data_local/raw/binance/spot/monthly/klines/ETHUSDT/1d/ETHUSDT-1d-2025-03.zip,Binance Vision,2172,37a2a5d88861944141de683f7584d01cfeb23c0a69ba0aa2613fa6ec14b33960,.zip,,,,,2026-07-19,first repository inventory observation; provider retrieval time is available only where a source manifest records it,indexed
data_local/raw/binance/spot/monthly/klines/ETHUSDT/1d/ETHUSDT-1d-2025-04.zip,Binance Vision,2107,88554fccbad3d445fb7aad16440ef62aeb7b5a0d0d0be26101919753a455e106,.zip,,,,,2026-07-19,first repository inventory observation; provider retrieval time is available only where a source manifest records it,indexed
data_local/raw/binance/spot/monthly/klines/ETHUSDT/1d/ETHUSDT-1d-2025-05.zip,Binance Vision,2150,05f9099dc0225439cdcd08661281bc958f4984a02c5219ff019c7988140a4511,.zip,,,,,2026-07-19,first repository inventory observation; provider retrieval time is available only where a source manifest records it,indexed
data_local/raw/binance/spot/monthly/klines/ETHUSDT/1d/ETHUSDT-1d-2025-06.zip,Binance Vision,2077,1a436c3f4e79c6ef65e06749c7be302800f2bbe84b283f36b670688f1fe8e706,.zip,,,,,2026-07-19,first repository inventory observation; provider retrieval time is available only where a source manifest records it,indexed
data_local/raw/binance/spot/monthly/klines/ETHUSDT/1d/ETHUSDT-1d-2025-07.zip,Binance Vision,2148,507452f08f6df58e28c66a56eb114c274a601908b7a36cca028f4f1fe685c5a0,.zip,,,,,2026-07-19,first repository inventory observation; provider retrieval time is available only where a source manifest records it,indexed
data_local/raw/binance/spot/monthly/klines/ETHUSDT/1d/ETHUSDT-1d-2025-08.zip,Binance Vision,2173,caaf73478addeaf0d1a1d470284448a8eea201ec8b54acbf4996327ee5fd30d3,.zip,,,,,2026-07-19,first repository inventory observation; provider retrieval time is available only where a source manifest records it,indexed
data_local/raw/binance/spot/monthly/klines/ETHUSDT/1d/ETHUSDT-1d-2025-09.zip,Binance Vision,2104,2362f78fe5ef79628fe7a16fcd720ba5e2490bd05806943d092d0c2bbc025403,.zip,,,,,2026-07-19,first repository inventory observation; provider retrieval time is available only where a source manifest records it,indexed
data_local/raw/binance/spot/monthly/klines/ETHUSDT/1d/ETHUSDT-1d-2025-10.zip,Binance Vision,2174,7ac29ddc8e5af97d63293df20ca5fe2d31952754d06fa7592992cd1b9ccc2fbb,.zip,,,,,2026-07-19,first repository inventory observation; provider retrieval time is available only where a source manifest records it,indexed
data_local/raw/binance/spot/monthly/klines/ETHUSDT/1d/ETHUSDT-1d-2025-11.zip,Binance Vision,2101,ca97638b3e43fa8fc6cfe9e01ebec4cd6b59ac5b37b694f951ae30719424bbed,.zip,,,,,2026-07-19,first repository inventory observation; provider retrieval time is available only where a source manifest records it,indexed
data_local/raw/binance/spot/monthly/klines/ETHUSDT/1d/ETHUSDT-1d-2025-12.zip,Binance Vision,2165,eaf731c713e58a6d0e7a196c9887c41c5ed6066c73de68f878dfbe4a48de05e8,.zip,,,,,2026-07-19,first repository inventory observation; provider retrieval time is available only where a source manifest records it,indexed
data_local/raw/binance/spot/monthly/klines/ETHUSDT/1d/ETHUSDT-1d-2026-01.zip,Binance Vision,2151,809eceed4a7a4eddf08f70e4c505f454ecf9d715d72269fa36db37964e4159f4,.zip,,,,,2026-07-19,first repository inventory observation; provider retrieval time is available only where a source manifest records it,indexed
data_local/raw/binance/spot/monthly/klines/ETHUSDT/1d/ETHUSDT-1d-2026-02.zip,Binance Vision,1965,c853802f359f27a9e935f9ea48cdc66207b0c7bd6d22241e7bf240722d0e1600,.zip,,,,,2026-07-19,first repository inventory observation; provider retrieval time is available only where a source manifest records it,indexed
data_local/raw/binance/spot/monthly/klines/ETHUSDT/1d/ETHUSDT-1d-2026-03.zip,Binance Vision,2149,ce8ec50be4226da6d0c7724dac25c1a35dac8d75c8f3207d5aa8a0991ee54d9a,.zip,,,,,2026-07-19,first repository inventory observation; provider retrieval time is available only where a source manifest records it,indexed
data_local/raw/binance/spot/monthly/klines/ETHUSDT/1d/ETHUSDT-1d-2026-04.zip,Binance Vision,2075,c557fd27446c4a07abbfe6afbb8ca7eac8c42ed689bc71f6eacc75764e740668,.zip,,,,,2026-07-19,first repository inventory observation; provider retrieval time is available only where a source manifest records it,indexed
data_local/raw/binance/spot/monthly/klines/ETHUSDT/1d/ETHUSDT-1d-2026-05.zip,Binance Vision,2124,68144fec96f98d4dee301b12c58de1769024de73d3675edf0897467ea1885f37,.zip,,,,,2026-07-19,first repository inventory observation; provider retrieval time is available only where a source manifest records it,indexed
data_local/raw/binance/spot/monthly/klines/ETHUSDT/1d/ETHUSDT-1d-2026-06.zip,Binance Vision,2065,d22d6b4c69773795dfa271c571814efe19b6a579366e056e7f740fe937fd408d,.zip,,,,,2026-07-19,first repository inventory observation; provider retrieval time is available only where a source manifest records it,indexed
data_local/raw/binance/spot/monthly/klines/LINKUSDT/1d/LINKUSDT-1d-2021-01.zip,Binance Vision,2082,89559f94e8144172ee98f693aa85042512253f0198ce9a88a3cc4bc722d76488,.zip,,,,,2026-07-19,first repository inventory observation; provider retrieval time is available only where a source manifest records it,indexed
data_local/raw/binance/spot/monthly/klines/LINKUSDT/1d/LINKUSDT-1d-2021-02.zip,Binance Vision,1888,07b41b7ee606907712b9ca88166dfc249a010f725447b1645a0bf716282818cb,.zip,,,,,2026-07-19,first repository inventory observation; provider retrieval time is available only where a source manifest records it,indexed
data_local/raw/binance/spot/monthly/klines/LINKUSDT/1d/LINKUSDT-1d-2021-03.zip,Binance Vision,2050,d672ff29dc5f29e3d15bb01e00e9a310fdb1a7fb8e742865b10dbe78a836ad4a,.zip,,,,,2026-07-19,first repository inventory observation; provider retrieval time is available only where a source manifest records it,indexed
data_local/raw/binance/spot/monthly/klines/LINKUSDT/1d/LINKUSDT-1d-2021-04.zip,Binance Vision,2008,40075e1d4db6547de2df4a48a60390bf3b4233b324d165fd3659684e9b2c0d46,.zip,,,,,2026-07-19,first repository inventory observation; provider retrieval time is available only where a source manifest records it,indexed
data_local/raw/binance/spot/monthly/klines/LINKUSDT/1d/LINKUSDT-1d-2021-05.zip,Binance Vision,2054,08aafdd410990dc1d21a7499e3d87aab049bbe05a4e9a03695b8296d452a74e7,.zip,,,,,2026-07-19,first repository inventory observation; provider retrieval time is available only where a source manifest records it,indexed
data_local/raw/binance/spot/monthly/klines/LINKUSDT/1d/LINKUSDT-1d-2021-06.zip,Binance Vision,1959,2f412578b828b645121f4b986d7e999700ca9710cf37a69e99035e8f0b42ea68,.zip,,,,,2026-07-19,first repository inventory observation; provider retrieval time is available only where a source manifest records it,indexed
data_local/raw/binance/spot/monthly/klines/LINKUSDT/1d/LINKUSDT-1d-2021-07.zip,Binance Vision,1995,23fb8601164fe46c14876165940e14715c304b90cf6e8b9fd923f30eb7137cf2,.zip,,,,,2026-07-19,first repository inventory observation; provider retrieval time is available only where a source manifest records it,indexed
data_local/raw/binance/spot/monthly/klines/LINKUSDT/1d/LINKUSDT-1d-2021-08.zip,Binance Vision,1995,b1d27fe4124f0c9574d4f90a64538732dd30afcf7cc2e8cb5c9e13e45f76f15b,.zip,,,,,2026-07-19,first repository inventory observation; provider retrieval time is available only where a source manifest records it,indexed
data_local/raw/binance/spot/monthly/klines/LINKUSDT/1d/LINKUSDT-1d-2021-09.zip,Binance Vision,1860,278af4f9a71eec2eb89074f66709b7b261c946f04603fa17be45dfa40deb7bd3,.zip,,,,,2026-07-19,first repository inventory observation; provider retrieval time is available only where a source manifest records it,indexed
data_local/raw/binance/spot/monthly/klines/LINKUSDT/1d/LINKUSDT-1d-2021-10.zip,Binance Vision,1863,f967c8a0f591c9f9fa459a6bc80b50eaadf274a0459a9e8afedde2e3c5b3aa39,.zip,,,,,2026-07-19,first repository inventory observation; provider retrieval time is available only where a source manifest records it,indexed
data_local/raw/binance/spot/monthly/klines/LINKUSDT/1d/LINKUSDT-1d-2021-11.zip,Binance Vision,1798,27dad5421538b244ee284627247e6598533f87384e8be78c2c436bcf5b7825fe,.zip,,,,,2026-07-19,first repository inventory observation; provider retrieval time is available only where a source manifest records it,indexed
data_local/raw/binance/spot/monthly/klines/LINKUSDT/1d/LINKUSDT-1d-2021-12.zip,Binance Vision,1838,e68a906024cc24f6e53ebad8cadc173ae699c2b0c67adde2ef7d26ee2c896cb8,.zip,,,,,2026-07-19,first repository inventory observation; provider retrieval time is available only where a source manifest records it,indexed
data_local/raw/binance/spot/monthly/klines/LINKUSDT/1d/LINKUSDT-1d-2022-01.zip,Binance Vision,1861,fa946bb644d6ec26810538f867324a0bc26fe6613174664254f939dd585ae716,.zip,,,,,2026-07-19,first repository inventory observation; provider retrieval time is available only where a source manifest records it,indexed
data_local/raw/binance/spot/monthly/klines/LINKUSDT/1d/LINKUSDT-1d-2022-02.zip,Binance Vision,1668,24f6d77e8a796d020d72bac90db9975d76b6c4d7414d27f884d7b666553217c3,.zip,,,,,2026-07-19,first repository inventory observation; provider retrieval time is available only where a source manifest records it,indexed
data_local/raw/binance/spot/monthly/klines/LINKUSDT/1d/LINKUSDT-1d-2022-03.zip,Binance Vision,1805,44ba406472b084f4dc8b4c74e1816e6d640b1154b54149653e47b8e68a2d8c99,.zip,,,,,2026-07-19,first repository inventory observation; provider retrieval time is available only where a source manifest records it,indexed
data_local/raw/binance/spot/monthly/klines/LINKUSDT/1d/LINKUSDT-1d-2022-04.zip,Binance Vision,1728,d79ae671e9f4db6c4cebf185e3afb1f0afd2d10609b93f74c703462a7c4b5da8,.zip,,,,,2026-07-19,first repository inventory observation; provider retrieval time is available only where a source manifest records it,indexed
data_local/raw/binance/spot/monthly/klines/LINKUSDT/1d/LINKUSDT-1d-2022-05.zip,Binance Vision,1802,6dd98e5e1833e5b55b6d27c44c70d9071ed6818220abab0ce18518f98de645ee,.zip,,,,,2026-07-19,first repository inventory observation; provider retrieval time is available only where a source manifest records it,indexed
data_local/raw/binance/spot/monthly/klines/LINKUSDT/1d/LINKUSDT-1d-2022-06.zip,Binance Vision,1717,b27f1472a74940a8e28599935edfa49234d9959b79d2c33793f0c727fe1786f8,.zip,,,,,2026-07-19,first repository inventory observation; provider retrieval time is available only where a source manifest records it,indexed
data_local/raw/binance/spot/monthly/klines/LINKUSDT/1d/LINKUSDT-1d-2022-07.zip,Binance Vision,1822,ccb3a71317c4134998718ce0557e074a332de0febce2eb6995577f37642d91fa,.zip,,,,,2026-07-19,first repository inventory observation; provider retrieval time is available only where a source manifest records it,indexed
data_local/raw/binance/spot/monthly/klines/LINKUSDT/1d/LINKUSDT-1d-2022-08.zip,Binance Vision,1848,ad42aef40f3193b9ee7f28076c63237716eaeb9adba1d7380a9b8880f7e4df66,.zip,,,,,2026-07-19,first repository inventory observation; provider retrieval time is available only where a source manifest records it,indexed
data_local/raw/binance/spot/monthly/klines/LINKUSDT/1d/LINKUSDT-1d-2022-09.zip,Binance Vision,1800,ae38b009e3b30402fd09f1720d3d53cc5947c9587f15ccb20366585e208f61b0,.zip,,,,,2026-07-19,first repository inventory observation; provider retrieval time is available only where a source manifest records it,indexed
data_local/raw/binance/spot/monthly/klines/LINKUSDT/1d/LINKUSDT-1d-2022-10.zip,Binance Vision,1840,19f3e0d88c1dce707c9acf0213b9d615667e24a4056db5dde0a51370991904ca,.zip,,,,,2026-07-19,first repository inventory observation; provider retrieval time is available only where a source manifest records it,indexed
data_local/raw/binance/spot/monthly/klines/LINKUSDT/1d/LINKUSDT-1d-2022-11.zip,Binance Vision,1838,5a4437504f0486cbc6eff11fdee0498dcd22a2913ac8c9db21040aa843a2fdcf,.zip,,,,,2026-07-19,first repository inventory observation; provider retrieval time is available only where a source manifest records it,indexed
data_local/raw/binance/spot/monthly/klines/LINKUSDT/1d/LINKUSDT-1d-2022-12.zip,Binance Vision,1846,abcdd22ef46373acb3f365db35505837f77362385164e70bb0d12e7bfced8e22,.zip,,,,,2026-07-19,first repository inventory observation; provider retrieval time is available only where a source manifest records it,indexed
data_local/raw/binance/spot/monthly/klines/LINKUSDT/1d/LINKUSDT-1d-2023-01.zip,Binance Vision,1845,0a59571d5e78db48a3395ed3f15c8d959c93cc272eec4e7503f86dab9270c3f2,.zip,,,,,2026-07-19,first repository inventory observation; provider retrieval time is available only where a source manifest records it,indexed
data_local/raw/binance/spot/monthly/klines/LINKUSDT/1d/LINKUSDT-1d-2023-02.zip,Binance Vision,1698,6ec598840bc87bbfe952caafcb85e675d2fb968ff59011c80b70555d3cb8c23c,.zip,,,,,2026-07-19,first repository inventory observation; provider retrieval time is available only where a source manifest records it,indexed
data_local/raw/binance/spot/monthly/klines/LINKUSDT/1d/LINKUSDT-1d-2023-03.zip,Binance Vision,1855,7e93abe56711895671185e4b311dd0954ca2bbb2fad419220a83167d3cf9c076,.zip,,,,,2026-07-19,first repository inventory observation; provider retrieval time is available only where a source manifest records it,indexed
data_local/raw/binance/spot/monthly/klines/LINKUSDT/1d/LINKUSDT-1d-2023-04.zip,Binance Vision,1790,8f6252ee7f7323152639130497e55bdbc49e01e91edc7a0e9255a752ff13c083,.zip,,,,,2026-07-19,first repository inventory observation; provider retrieval time is available only where a source manifest records it,indexed
data_local/raw/binance/spot/monthly/klines/LINKUSDT/1d/LINKUSDT-1d-2023-05.zip,Binance Vision,1805,e210744a1a50e0928b898cb332a91e2a97fa0c43ed171c19565e13613481172c,.zip,,,,,2026-07-19,first repository inventory observation; provider retrieval time is available only where a source manifest records it,indexed
data_local/raw/binance/spot/monthly/klines/LINKUSDT/1d/LINKUSDT-1d-2023-06.zip,Binance Vision,1788,f74199e27769f045f1c8c8e9a52639465e06c62bd02c4c4a51ad99ea711a5b7d,.zip,,,,,2026-07-19,first repository inventory observation; provider retrieval time is available only where a source manifest records it,indexed
data_local/raw/binance/spot/monthly/klines/LINKUSDT/1d/LINKUSDT-1d-2023-07.zip,Binance Vision,1849,0505ba4266509741672c52e41fc953151cb67c4a444cf822f36e288ea3c714f1,.zip,,,,,2026-07-19,first repository inventory observation; provider retrieval time is available only where a source manifest records it,indexed
data_local/raw/binance/spot/monthly/klines/LINKUSDT/1d/LINKUSDT-1d-2023-08.zip,Binance Vision,1832,7ad1573b7c31f13a5da1e90df312a2dff2b13f591ee01b53a1d373292986819e,.zip,,,,,2026-07-19,first repository inventory observation; provider retrieval time is available only where a source manifest records it,indexed
data_local/raw/binance/spot/monthly/klines/LINKUSDT/1d/LINKUSDT-1d-2023-09.zip,Binance Vision,1797,9db1bf15e9611970c39088a60b388b4b89f6f1f3bbc1acfd3104c16e3bad52c0,.zip,,,,,2026-07-19,first repository inventory observation; provider retrieval time is available only where a source manifest records it,indexed
data_local/raw/binance/spot/monthly/klines/LINKUSDT/1d/LINKUSDT-1d-2023-10.zip,Binance Vision,1858,208031833dc750b323d923dc9c91aee0a2067111d13a0b7f46b037d84ad4e848,.zip,,,,,2026-07-19,first repository inventory observation; provider retrieval time is available only where a source manifest records it,indexed
data_local/raw/binance/spot/monthly/klines/LINKUSDT/1d/LINKUSDT-1d-2023-11.zip,Binance Vision,1855,bc126beba5203ffceadd456cde74ddefad4d8534ed472d2cc399998c2d01a2db,.zip,,,,,2026-07-19,first repository inventory observation; provider retrieval time is available only where a source manifest records it,indexed
data_local/raw/binance/spot/monthly/klines/LINKUSDT/1d/LINKUSDT-1d-2023-12.zip,Binance Vision,1921,68c878fbb8dd94b44dbf4c347a5ded5944285ea195feeb774a716af0003186c3,.zip,,,,,2026-07-19,first repository inventory observation; provider retrieval time is available only where a source manifest records it,indexed
data_local/raw/binance/spot/monthly/klines/LINKUSDT/1d/LINKUSDT-1d-2024-01.zip,Binance Vision,1904,fb51c3585b3c3f9aeabd65df82e2cfedbff8618d550ecc1632dd916668b47ba9,.zip,,,,,2026-07-19,first repository inventory observation; provider retrieval time is available only where a source manifest records it,indexed
data_local/raw/binance/spot/monthly/klines/LINKUSDT/1d/LINKUSDT-1d-2024-02.zip,Binance Vision,1804,dcd68701ed45cadb5c1d888321b10e59e47abe790c950885f33ab00a029b04e1,.zip,,,,,2026-07-19,first repository inventory observation; provider retrieval time is available only where a source manifest records it,indexed
data_local/raw/binance/spot/monthly/klines/LINKUSDT/1d/LINKUSDT-1d-2024-03.zip,Binance Vision,1925,9d08ff3016458fb7edea5cba63aeaf647496eb1cc9413ff2540a660160abcfe1,.zip,,,,,2026-07-19,first repository inventory observation; provider retrieval time is available only where a source manifest records it,indexed
data_local/raw/binance/spot/monthly/klines/LINKUSDT/1d/LINKUSDT-1d-2024-04.zip,Binance Vision,1841,124ae82928099f3cacd1c425819ed3936f5828277709531311f4354f7928cacd,.zip,,,,,2026-07-19,first repository inventory observation; provider retrieval time is available only where a source manifest records it,indexed
data_local/raw/binance/spot/monthly/klines/LINKUSDT/1d/LINKUSDT-1d-2024-05.zip,Binance Vision,1900,a52ad7bc1a79042f52c621351507196776486c165a1a6117d3f78ad19c5521dc,.zip,,,,,2026-07-19,first repository inventory observation; provider retrieval time is available only where a source manifest records it,indexed
data_local/raw/binance/spot/monthly/klines/LINKUSDT/1d/LINKUSDT-1d-2024-06.zip,Binance Vision,1802,b91fb2de373f3afc2af4ef3a5cf40a4dc042bbf9fd12d882165bad2b792a5a31,.zip,,,,,2026-07-19,first repository inventory observation; provider retrieval time is available only where a source manifest records it,indexed
data_local/raw/binance/spot/monthly/klines/LINKUSDT/1d/LINKUSDT-1d-2024-07.zip,Binance Vision,1837,eddb70966c9be13b0b9d3e96642b0b75f3884c967c8aa323ae5abde423074d4a,.zip,,,,,2026-07-19,first repository inventory observation; provider retrieval time is available only where a source manifest records it,indexed
data_local/raw/binance/spot/monthly/klines/LINKUSDT/1d/LINKUSDT-1d-2024-08.zip,Binance Vision,1767,bdf5e1278a1981068543047e8b0496fb422d2030a6514470736ad1f27cc1db9c,.zip,,,,,2026-07-19,first repository inventory observation; provider retrieval time is available only where a source manifest records it,indexed
data_local/raw/binance/spot/monthly/klines/LINKUSDT/1d/LINKUSDT-1d-2024-09.zip,Binance Vision,1674,495eb44c5f69453d95ca8aad117e4de1e8e915037b88f8a471bdf3fd02769a74,.zip,,,,,2026-07-19,first repository inventory observation; provider retrieval time is available only where a source manifest records it,indexed
data_local/raw/binance/spot/monthly/klines/LINKUSDT/1d/LINKUSDT-1d-2024-10.zip,Binance Vision,1762,f2b37efa7f84d0c3b1ba93c3a2aca85853079b1c6eebacd85b5dfd3443b5672f,.zip,,,,,2026-07-19,first repository inventory observation; provider retrieval time is available only where a source manifest records it,indexed
data_local/raw/binance/spot/monthly/klines/LINKUSDT/1d/LINKUSDT-1d-2024-11.zip,Binance Vision,1775,c99e19b5fb1d4c8e6e2d3b1ba54b62b4dbf0f8fb596fa48bb7c0b56545b20969,.zip,,,,,2026-07-19,first repository inventory observation; provider retrieval time is available only where a source manifest records it,indexed
data_local/raw/binance/spot/monthly/klines/LINKUSDT/1d/LINKUSDT-1d-2024-12.zip,Binance Vision,1890,a87918fc398affd9a2157bedf050bcea9b392f6c21a7658bde75a722b04a93a8,.zip,,,,,2026-07-19,first repository inventory observation; provider retrieval time is available only where a source manifest records it,indexed
data_local/raw/binance/spot/monthly/klines/LINKUSDT/1d/LINKUSDT-1d-2025-01.zip,Binance Vision,1891,c692b8a5ef03281ac6f09f74e893fd387cefc65029909c99c8d26f45a27c4c42,.zip,,,,,2026-07-19,first repository inventory observation; provider retrieval time is available only where a source manifest records it,indexed
data_local/raw/binance/spot/monthly/klines/LINKUSDT/1d/LINKUSDT-1d-2025-02.zip,Binance Vision,1703,f1569de3f2717b230ae244d863bc9538df1d82b8b39b72890b1137867d5c5981,.zip,,,,,2026-07-19,first repository inventory observation; provider retrieval time is available only where a source manifest records it,indexed
data_local/raw/binance/spot/monthly/klines/LINKUSDT/1d/LINKUSDT-1d-2025-03.zip,Binance Vision,1824,3e8d76ee0fd525fe29a2c77255c4b14a6537f469c92e3326023a4c061dd65c8a,.zip,,,,,2026-07-19,first repository inventory observation; provider retrieval time is available only where a source manifest records it,indexed
data_local/raw/binance/spot/monthly/klines/LINKUSDT/1d/LINKUSDT-1d-2025-04.zip,Binance Vision,1767,576d792474617361a1ca20195fd05c7d52c61e3dcb3b9f8f5c9c44dc29ddccc6,.zip,,,,,2026-07-19,first repository inventory observation; provider retrieval time is available only where a source manifest records it,indexed
data_local/raw/binance/spot/monthly/klines/LINKUSDT/1d/LINKUSDT-1d-2025-05.zip,Binance Vision,1805,3fd793592713d62e4c99094f66cd5869d0207a78b412239577cec0bc2cc62027,.zip,,,,,2026-07-19,first repository inventory observation; provider retrieval time is available only where a source manifest records it,indexed
data_local/raw/binance/spot/monthly/klines/LINKUSDT/1d/LINKUSDT-1d-2025-06.zip,Binance Vision,1743,fb14bbd0b916a603aaebac8641698a8a22477f250f26fa11d7016bc42068ba32,.zip,,,,,2026-07-19,first repository inventory observation; provider retrieval time is available only where a source manifest records it,indexed
data_local/raw/binance/spot/monthly/klines/LINKUSDT/1d/LINKUSDT-1d-2025-07.zip,Binance Vision,1825,8fdb2f935cdab8889fee7c90f0fe9c45af24ef8c613935eefadeb5fd5ac7e219,.zip,,,,,2026-07-19,first repository inventory observation; provider retrieval time is available only where a source manifest records it,indexed
data_local/raw/binance/spot/monthly/klines/LINKUSDT/1d/LINKUSDT-1d-2025-08.zip,Binance Vision,1866,9533583171ccd2ed6baf4dbed102270355926a6fbda4c39d13e7b5443294c74b,.zip,,,,,2026-07-19,first repository inventory observation; provider retrieval time is available only where a source manifest records it,indexed
data_local/raw/binance/spot/monthly/klines/LINKUSDT/1d/LINKUSDT-1d-2025-09.zip,Binance Vision,1777,528bf6865fda1006781b8ed3f58a0ef39249e6992fc246fb0a47ec486e045c17,.zip,,,,,2026-07-19,first repository inventory observation; provider retrieval time is available only where a source manifest records it,indexed
data_local/raw/binance/spot/monthly/klines/LINKUSDT/1d/LINKUSDT-1d-2025-10.zip,Binance Vision,1852,0b3918bc56611402a182ac929beff37ca852bb70a6bb2d57593128cca9a23cb7,.zip,,,,,2026-07-19,first repository inventory observation; provider retrieval time is available only where a source manifest records it,indexed
data_local/raw/binance/spot/monthly/klines/LINKUSDT/1d/LINKUSDT-1d-2025-11.zip,Binance Vision,1794,1af7faa4c2e4c27f9796dda6423dcbf108972f1bf782c4967af685a135ad02b1,.zip,,,,,2026-07-19,first repository inventory observation; provider retrieval time is available only where a source manifest records it,indexed
data_local/raw/binance/spot/monthly/klines/LINKUSDT/1d/LINKUSDT-1d-2025-12.zip,Binance Vision,1800,d5e45f6d9a5be52a1962e87e309894898d3f347afce66f52c5f8b3720248d1f4,.zip,,,,,2026-07-19,first repository inventory observation; provider retrieval time is available only where a source manifest records it,indexed
data_local/raw/binance/spot/monthly/klines/LINKUSDT/1d/LINKUSDT-1d-2026-01.zip,Binance Vision,1788,acd22ca38f1ef24db1dfc3b64b4651d31db70db199cb2cfdcf742b94bdc1db6c,.zip,,,,,2026-07-19,first repository inventory observation; provider retrieval time is available only where a source manifest records it,indexed
data_local/raw/binance/spot/monthly/klines/LINKUSDT/1d/LINKUSDT-1d-2026-02.zip,Binance Vision,1606,0bba27fc31d2c55bb4c305ec646fa2170c2de1bda5f685d6bf14b185b818c9ed,.zip,,,,,2026-07-19,first repository inventory observation; provider retrieval time is available only where a source manifest records it,indexed
data_local/raw/binance/spot/monthly/klines/LINKUSDT/1d/LINKUSDT-1d-2026-03.zip,Binance Vision,1783,3e04bcbf73e4847cbfc8bbf161d267cbd43cf8ec88a5c8431766d664a46404b5,.zip,,,,,2026-07-19,first repository inventory observation; provider retrieval time is available only where a source manifest records it,indexed
data_local/raw/binance/spot/monthly/klines/LINKUSDT/1d/LINKUSDT-1d-2026-04.zip,Binance Vision,1699,048d7590198fddd71975912a64a1396b797fe0724472c37b7285f867fce4b10a,.zip,,,,,2026-07-19,first repository inventory observation; provider retrieval time is available only where a source manifest records it,indexed
data_local/raw/binance/spot/monthly/klines/LINKUSDT/1d/LINKUSDT-1d-2026-05.zip,Binance Vision,1828,0ba00393d4646225d8a492c199e9e8abf1b53340c405915c93dd344eb2c5a6e2,.zip,,,,,2026-07-19,first repository inventory observation; provider retrieval time is available only where a source manifest records it,indexed
data_local/raw/binance/spot/monthly/klines/LINKUSDT/1d/LINKUSDT-1d-2026-06.zip,Binance Vision,1811,6e31c2392074427c68cebc1fcef14908af5b6b5f6461919d8f4090ac3cfefc25,.zip,,,,,2026-07-19,first repository inventory observation; provider retrieval time is available only where a source manifest records it,indexed
data_local/raw/binance/spot/monthly/klines/LTCUSDT/1d/LTCUSDT-1d-2021-01.zip,Binance Vision,2125,b5d65838b8568e5c96e09558f26afb5078c049de0ecdd44703987d03c8a67d98,.zip,,,,,2026-07-19,first repository inventory observation; provider retrieval time is available only where a source manifest records it,indexed
data_local/raw/binance/spot/monthly/klines/LTCUSDT/1d/LTCUSDT-1d-2021-02.zip,Binance Vision,1918,335ff4b3c57362037da24c6e47a916a3bc16670bfbc0309745d1b05c412bdd62,.zip,,,,,2026-07-19,first repository inventory observation; provider retrieval time is available only where a source manifest records it,indexed
data_local/raw/binance/spot/monthly/klines/LTCUSDT/1d/LTCUSDT-1d-2021-03.zip,Binance Vision,2101,8b57d3cf9d3358792a1e77c5ed4fefa38533c8cabeb7a462069e954e90d5fb40,.zip,,,,,2026-07-19,first repository inventory observation; provider retrieval time is available only where a source manifest records it,indexed
data_local/raw/binance/spot/monthly/klines/LTCUSDT/1d/LTCUSDT-1d-2021-04.zip,Binance Vision,2080,113f9e06fa1b9868c1270d40bc6d37d95b16818a1f904eaf2b108dbf478e86f3,.zip,,,,,2026-07-19,first repository inventory observation; provider retrieval time is available only where a source manifest records it,indexed
data_local/raw/binance/spot/monthly/klines/LTCUSDT/1d/LTCUSDT-1d-2021-05.zip,Binance Vision,2155,0a93575ecce0edba262f975972f6c80269f8c88c1e518f44609caff6b3ad9df6,.zip,,,,,2026-07-19,first repository inventory observation; provider retrieval time is available only where a source manifest records it,indexed
data_local/raw/binance/spot/monthly/klines/LTCUSDT/1d/LTCUSDT-1d-2021-06.zip,Binance Vision,2026,bc4ab821fdecd08acf0debc9dd0c6817f2f941845ed8ad1f172fbc89ed265806,.zip,,,,,2026-07-19,first repository inventory observation; provider retrieval time is available only where a source manifest records it,indexed
data_local/raw/binance/spot/monthly/klines/LTCUSDT/1d/LTCUSDT-1d-2021-07.zip,Binance Vision,2052,9d9a793547fe2b6c3c6f2f8f1d777bff9d0b5646771c7bc043ac225cba02ba90,.zip,,,,,2026-07-19,first repository inventory observation; provider retrieval time is available only where a source manifest records it,indexed
data_local/raw/binance/spot/monthly/klines/LTCUSDT/1d/LTCUSDT-1d-2021-08.zip,Binance Vision,2051,b6ad1f355af7d4129879b536299162085f22ba755ff008f9fed44f856060e106,.zip,,,,,2026-07-19,first repository inventory observation; provider retrieval time is available only where a source manifest records it,indexed
data_local/raw/binance/spot/monthly/klines/LTCUSDT/1d/LTCUSDT-1d-2021-09.zip,Binance Vision,1879,7ff82edc458ec839d8babd8bee8230926eb7483ae44bb11c3437fd707327ae37,.zip,,,,,2026-07-19,first repository inventory observation; provider retrieval time is available only where a source manifest records it,indexed
data_local/raw/binance/spot/monthly/klines/LTCUSDT/1d/LTCUSDT-1d-2021-10.zip,Binance Vision,1843,cc0c8523c75e7938af41b44bbc7b75a2f04af720f37d0d38f27078798106fae8,.zip,,,,,2026-07-19,first repository inventory observation; provider retrieval time is available only where a source manifest records it,indexed
data_local/raw/binance/spot/monthly/klines/LTCUSDT/1d/LTCUSDT-1d-2021-11.zip,Binance Vision,1832,e22e2616af69289cf064dd29e6d0e627e11abc253d6572a34d5f3031b16c42af,.zip,,,,,2026-07-19,first repository inventory observation; provider retrieval time is available only where a source manifest records it,indexed
data_local/raw/binance/spot/monthly/klines/LTCUSDT/1d/LTCUSDT-1d-2021-12.zip,Binance Vision,1833,1f5301b67383322957a0c1feab77f42eb64118cbde64d0bdc8c0c7071fd4f076,.zip,,,,,2026-07-19,first repository inventory observation; provider retrieval time is available only where a source manifest records it,indexed
data_local/raw/binance/spot/monthly/klines/LTCUSDT/1d/LTCUSDT-1d-2022-01.zip,Binance Vision,1847,fa5fa43e2b5a696aa0aa662f61e3db59a4d9c9d6a595ffe968c4166a9f636196,.zip,,,,,2026-07-19,first repository inventory observation; provider retrieval time is available only where a source manifest records it,indexed
data_local/raw/binance/spot/monthly/klines/LTCUSDT/1d/LTCUSDT-1d-2022-02.zip,Binance Vision,1679,342d4d9ac4981a816420effe19ffb5069aaaab1ae2071589d0a8229522650c61,.zip,,,,,2026-07-19,first repository inventory observation; provider retrieval time is available only where a source manifest records it,indexed
data_local/raw/binance/spot/monthly/klines/LTCUSDT/1d/LTCUSDT-1d-2022-03.zip,Binance Vision,1812,9c8040c3e069318e871f77a1ec678dbab9185e6e16e060ac888b953baf2ef8c3,.zip,,,,,2026-07-19,first repository inventory observation; provider retrieval time is available only where a source manifest records it,indexed
data_local/raw/binance/spot/monthly/klines/LTCUSDT/1d/LTCUSDT-1d-2022-04.zip,Binance Vision,1743,8b1e923fbcda365f7e10efdbe77116839d588ad2f4e6c8873bd66a7726a91714,.zip,,,,,2026-07-19,first repository inventory observation; provider retrieval time is available only where a source manifest records it,indexed
data_local/raw/binance/spot/monthly/klines/LTCUSDT/1d/LTCUSDT-1d-2022-05.zip,Binance Vision,1827,09d131c70e66e904c89e0049230df2dc04f67ff11c9c49578cee4ea88350d86f,.zip,,,,,2026-07-19,first repository inventory observation; provider retrieval time is available only where a source manifest records it,indexed
data_local/raw/binance/spot/monthly/klines/LTCUSDT/1d/LTCUSDT-1d-2022-06.zip,Binance Vision,1823,5f003d65327c3fd4dedac03ca9b5d5ebde0081e4b58599ab5caf45032336b173,.zip,,,,,2026-07-19,first repository inventory observation; provider retrieval time is available only where a source manifest records it,indexed
data_local/raw/binance/spot/monthly/klines/LTCUSDT/1d/LTCUSDT-1d-2022-07.zip,Binance Vision,1870,ce9aa8115fb9aee09b37fba9d1b07a9034d37ad1a22f06a17689d2648dfb6122,.zip,,,,,2026-07-19,first repository inventory observation; provider retrieval time is available only where a source manifest records it,indexed
data_local/raw/binance/spot/monthly/klines/LTCUSDT/1d/LTCUSDT-1d-2022-08.zip,Binance Vision,1866,5ed2e2aa17194cc0d010ac45f624bf35484f03b268f73c2adeca15ebc6159087,.zip,,,,,2026-07-19,first repository inventory observation; provider retrieval time is available only where a source manifest records it,indexed
data_local/raw/binance/spot/monthly/klines/LTCUSDT/1d/LTCUSDT-1d-2022-09.zip,Binance Vision,1804,744a52c24ebb95bf54ac4c021cca65d91fe7a26f96e0f8eb4e537a7094641888,.zip,,,,,2026-07-19,first repository inventory observation; provider retrieval time is available only where a source manifest records it,indexed
data_local/raw/binance/spot/monthly/klines/LTCUSDT/1d/LTCUSDT-1d-2022-10.zip,Binance Vision,1803,41d5abeef21ac8c63748abb477ec8cc6d96004dda3c731df5bd3972e7eaa01eb,.zip,,,,,2026-07-19,first repository inventory observation; provider retrieval time is available only where a source manifest records it,indexed
data_local/raw/binance/spot/monthly/klines/LTCUSDT/1d/LTCUSDT-1d-2022-11.zip,Binance Vision,1866,b863b565de71d43ba032c542c0af02872495e64dd3f59ce0e222c16f409d73d7,.zip,,,,,2026-07-19,first repository inventory observation; provider retrieval time is available only where a source manifest records it,indexed
data_local/raw/binance/spot/monthly/klines/LTCUSDT/1d/LTCUSDT-1d-2022-12.zip,Binance Vision,1895,eb62cf2a911a50ef6b441f4e39d8e730c50ec556fd36cc7722b3b36eb2df26a1,.zip,,,,,2026-07-19,first repository inventory observation; provider retrieval time is available only where a source manifest records it,indexed
data_local/raw/binance/spot/monthly/klines/LTCUSDT/1d/LTCUSDT-1d-2023-01.zip,Binance Vision,1893,731d4063a90d7bc1ad6db75d26c0330d63365171e9b0d2a1d5e9db4cf5e29360,.zip,,,,,2026-07-19,first repository inventory observation; provider retrieval time is available only where a source manifest records it,indexed
data_local/raw/binance/spot/monthly/klines/LTCUSDT/1d/LTCUSDT-1d-2023-02.zip,Binance Vision,1721,2407ecca269dedc71001f68b5321b79e000652021123cf8c51354c0c575c8c05,.zip,,,,,2026-07-19,first repository inventory observation; provider retrieval time is available only where a source manifest records it,indexed
data_local/raw/binance/spot/monthly/klines/LTCUSDT/1d/LTCUSDT-1d-2023-03.zip,Binance Vision,1911,3d9969d9091a37f19b1b988e7cb96597f7c926fbca38e266c97880026feb5924,.zip,,,,,2026-07-19,first repository inventory observation; provider retrieval time is available only where a source manifest records it,indexed
data_local/raw/binance/spot/monthly/klines/LTCUSDT/1d/LTCUSDT-1d-2023-04.zip,Binance Vision,1841,157d9490ca247ce4960cb68eddd651e0e49e14a7c4853c5c2eb2419b8d2e7425,.zip,,,,,2026-07-19,first repository inventory observation; provider retrieval time is available only where a source manifest records it,indexed
data_local/raw/binance/spot/monthly/klines/LTCUSDT/1d/LTCUSDT-1d-2023-05.zip,Binance Vision,1893,a4840d3dee4e0ca9c5de100733faf0b58a26c43cede3ab81bcae03317b198381,.zip,,,,,2026-07-19,first repository inventory observation; provider retrieval time is available only where a source manifest records it,indexed
data_local/raw/binance/spot/monthly/klines/LTCUSDT/1d/LTCUSDT-1d-2023-06.zip,Binance Vision,1849,11523573eb81123a5c8da247f778598d5a024829718d742f39fd433adbe08067,.zip,,,,,2026-07-19,first repository inventory observation; provider retrieval time is available only where a source manifest records it,indexed
data_local/raw/binance/spot/monthly/klines/LTCUSDT/1d/LTCUSDT-1d-2023-07.zip,Binance Vision,1909,eab175314c839168673f3b1ff74bc5f1b1ca4d8a9aed77794dc3b26da26776ba,.zip,,,,,2026-07-19,first repository inventory observation; provider retrieval time is available only where a source manifest records it,indexed
data_local/raw/binance/spot/monthly/klines/LTCUSDT/1d/LTCUSDT-1d-2023-08.zip,Binance Vision,1877,2efa96ebee93ac7ceaaea035f8b07fecbae51e8b6e188b59de09eccc0dc735e8,.zip,,,,,2026-07-19,first repository inventory observation; provider retrieval time is available only where a source manifest records it,indexed
data_local/raw/binance/spot/monthly/klines/LTCUSDT/1d/LTCUSDT-1d-2023-09.zip,Binance Vision,1792,efaf6b1de82341cd4ceb39f6f813521f4f5f62c4fb66e78ba6ee5afa511e2436,.zip,,,,,2026-07-19,first repository inventory observation; provider retrieval time is available only where a source manifest records it,indexed
data_local/raw/binance/spot/monthly/klines/LTCUSDT/1d/LTCUSDT-1d-2023-10.zip,Binance Vision,1841,dbc21c353efb630d004e18c670d608fa8f99188bbc807d6f12a0405aa65c84fe,.zip,,,,,2026-07-19,first repository inventory observation; provider retrieval time is available only where a source manifest records it,indexed
data_local/raw/binance/spot/monthly/klines/LTCUSDT/1d/LTCUSDT-1d-2023-11.zip,Binance Vision,1794,24da3d09f3d75a442216c8df6acfa4aa7980ea69fdde66da5f80334797d984e0,.zip,,,,,2026-07-19,first repository inventory observation; provider retrieval time is available only where a source manifest records it,indexed
data_local/raw/binance/spot/monthly/klines/LTCUSDT/1d/LTCUSDT-1d-2023-12.zip,Binance Vision,1868,185a6ae11f028561d46afb50f64e4e7f2d3bbde799d6eb8f0bf4067e635003a9,.zip,,,,,2026-07-19,first repository inventory observation; provider retrieval time is available only where a source manifest records it,indexed
data_local/raw/binance/spot/monthly/klines/LTCUSDT/1d/LTCUSDT-1d-2024-01.zip,Binance Vision,1884,e884c136e4ef083a5661561dfd76d96d8a800b1b93c36a516769109bc7229c6a,.zip,,,,,2026-07-19,first repository inventory observation; provider retrieval time is available only where a source manifest records it,indexed
data_local/raw/binance/spot/monthly/klines/LTCUSDT/1d/LTCUSDT-1d-2024-02.zip,Binance Vision,1730,28e33de98c84221b6cc185e47b5ef7a77d2c189dfe4e00edaf122de9ec40c6d9,.zip,,,,,2026-07-19,first repository inventory observation; provider retrieval time is available only where a source manifest records it,indexed
data_local/raw/binance/spot/monthly/klines/LTCUSDT/1d/LTCUSDT-1d-2024-03.zip,Binance Vision,1924,30347eeffdd651fc7a4db3027c222deff3b983694bac88110f23422f64b1d319,.zip,,,,,2026-07-19,first repository inventory observation; provider retrieval time is available only where a source manifest records it,indexed
data_local/raw/binance/spot/monthly/klines/LTCUSDT/1d/LTCUSDT-1d-2024-04.zip,Binance Vision,1860,66b17737afea5aa9d6e6dc21929862fd4ed6ebf3b1e2d0610ed380efdd7d1969,.zip,,,,,2026-07-19,first repository inventory observation; provider retrieval time is available only where a source manifest records it,indexed
data_local/raw/binance/spot/monthly/klines/LTCUSDT/1d/LTCUSDT-1d-2024-05.zip,Binance Vision,1853,7419ce74c26de2b21439cf337249434b027e0eebdbf9b37e1230ef3e41b3a279,.zip,,,,,2026-07-19,first repository inventory observation; provider retrieval time is available only where a source manifest records it,indexed
data_local/raw/binance/spot/monthly/klines/LTCUSDT/1d/LTCUSDT-1d-2024-06.zip,Binance Vision,1786,9cdbe1e0d36220a1fde0caf6c1d5012fb4500011315e4430e434f2e4015028c4,.zip,,,,,2026-07-19,first repository inventory observation; provider retrieval time is available only where a source manifest records it,indexed
data_local/raw/binance/spot/monthly/klines/LTCUSDT/1d/LTCUSDT-1d-2024-07.zip,Binance Vision,1853,59e299411ad86dd200c26c435ffdb157a0afdba2287e05084e212e20b6df32c1,.zip,,,,,2026-07-19,first repository inventory observation; provider retrieval time is available only where a source manifest records it,indexed
data_local/raw/binance/spot/monthly/klines/LTCUSDT/1d/LTCUSDT-1d-2024-08.zip,Binance Vision,1860,4fd2ee9b4649638a3be297847ac7f7234cbb2e7b578e88dc463c2ac4de578585,.zip,,,,,2026-07-19,first repository inventory observation; provider retrieval time is available only where a source manifest records it,indexed
data_local/raw/binance/spot/monthly/klines/LTCUSDT/1d/LTCUSDT-1d-2024-09.zip,Binance Vision,1795,8ffdf4bbbf33355c41c66c6e85667cffe8f8ebe842363c7247c956098c411fdd,.zip,,,,,2026-07-19,first repository inventory observation; provider retrieval time is available only where a source manifest records it,indexed
data_local/raw/binance/spot/monthly/klines/LTCUSDT/1d/LTCUSDT-1d-2024-10.zip,Binance Vision,1838,d77a88201f3c39a626d550caef80c3224d269697dfb9c93cd73b4ee5e54374a9,.zip,,,,,2026-07-19,first repository inventory observation; provider retrieval time is available only where a source manifest records it,indexed
data_local/raw/binance/spot/monthly/klines/LTCUSDT/1d/LTCUSDT-1d-2024-11.zip,Binance Vision,1867,5a15d1116bd6c002c437b3358c189ae6ba4e30a47d12157db83ad64d346ff32d,.zip,,,,,2026-07-19,first repository inventory observation; provider retrieval time is available only where a source manifest records it,indexed
data_local/raw/binance/spot/monthly/klines/LTCUSDT/1d/LTCUSDT-1d-2024-12.zip,Binance Vision,1972,6edb76636582d7cad3762111b264cbb614ea124ce190081421783dfde9838b8f,.zip,,,,,2026-07-19,first repository inventory observation; provider retrieval time is available only where a source manifest records it,indexed
data_local/raw/binance/spot/monthly/klines/LTCUSDT/1d/LTCUSDT-1d-2025-01.zip,Binance Vision,1982,4677d65654d536f370bee62396a7a0c392870d5a2c2460590cc91a8e51703c73,.zip,,,,,2026-07-19,first repository inventory observation; provider retrieval time is available only where a source manifest records it,indexed
data_local/raw/binance/spot/monthly/klines/LTCUSDT/1d/LTCUSDT-1d-2025-02.zip,Binance Vision,1817,65ce94a7f1027259c3cb19c821e01ca63c1cf4f30869dae6102ba29796ef760f,.zip,,,,,2026-07-19,first repository inventory observation; provider retrieval time is available only where a source manifest records it,indexed
data_local/raw/binance/spot/monthly/klines/LTCUSDT/1d/LTCUSDT-1d-2025-03.zip,Binance Vision,1961,c15954a583c1f634345c655b0db77280ab780095b16c3f952fc3b1dcc5f03ff3,.zip,,,,,2026-07-19,first repository inventory observation; provider retrieval time is available only where a source manifest records it,indexed
data_local/raw/binance/spot/monthly/klines/LTCUSDT/1d/LTCUSDT-1d-2025-04.zip,Binance Vision,1860,6f9d351d78b38b277144bafdb80abd7fc2fcc61cf197e4c4beb2b61875d49105,.zip,,,,,2026-07-19,first repository inventory observation; provider retrieval time is available only where a source manifest records it,indexed
data_local/raw/binance/spot/monthly/klines/LTCUSDT/1d/LTCUSDT-1d-2025-05.zip,Binance Vision,1922,d00836dad3bdceef45c075e612e453b3f766c38384d95d4d76f08c2fc3dac276,.zip,,,,,2026-07-19,first repository inventory observation; provider retrieval time is available only where a source manifest records it,indexed
data_local/raw/binance/spot/monthly/klines/LTCUSDT/1d/LTCUSDT-1d-2025-06.zip,Binance Vision,1829,f4ecc2817e6a0e1dfd13451a4388f8c523a3f35bc534177b9f34b6af6a3b3b67,.zip,,,,,2026-07-19,first repository inventory observation; provider retrieval time is available only where a source manifest records it,indexed
data_local/raw/binance/spot/monthly/klines/LTCUSDT/1d/LTCUSDT-1d-2025-07.zip,Binance Vision,1937,71702b9fe83576366cfadbc94e6ea3c7e9e317e6bde06dd4c97901dbcc78cbed,.zip,,,,,2026-07-19,first repository inventory observation; provider retrieval time is available only where a source manifest records it,indexed
data_local/raw/binance/spot/monthly/klines/LTCUSDT/1d/LTCUSDT-1d-2025-08.zip,Binance Vision,1947,cbb802bc975939d5e087c3f75f19957ce6c2cf24be01bc6d75c35d15a4eadf92,.zip,,,,,2026-07-19,first repository inventory observation; provider retrieval time is available only where a source manifest records it,indexed
data_local/raw/binance/spot/monthly/klines/LTCUSDT/1d/LTCUSDT-1d-2025-09.zip,Binance Vision,1875,02c6b7e02f37f9a94a65752672fb7e92236571a1331c2a0e6c19feb4fa436039,.zip,,,,,2026-07-19,first repository inventory observation; provider retrieval time is available only where a source manifest records it,indexed
data_local/raw/binance/spot/monthly/klines/LTCUSDT/1d/LTCUSDT-1d-2025-10.zip,Binance Vision,1953,5e480f5fdb141ca4560993782282f0f32aae6230a5cb94ffdf0eed3483a8973a,.zip,,,,,2026-07-19,first repository inventory observation; provider retrieval time is available only where a source manifest records it,indexed
data_local/raw/binance/spot/monthly/klines/LTCUSDT/1d/LTCUSDT-1d-2025-11.zip,Binance Vision,1899,176535de4e3b1b90df91918ba5de4685d3d1e459b2e58b279a02dd57b4f79281,.zip,,,,,2026-07-19,first repository inventory observation; provider retrieval time is available only where a source manifest records it,indexed
data_local/raw/binance/spot/monthly/klines/LTCUSDT/1d/LTCUSDT-1d-2025-12.zip,Binance Vision,1894,c98660218f49514ebc395f461e81da339dc680ef7b0c8acf87db878f132ffb65,.zip,,,,,2026-07-19,first repository inventory observation; provider retrieval time is available only where a source manifest records it,indexed
data_local/raw/binance/spot/monthly/klines/LTCUSDT/1d/LTCUSDT-1d-2026-01.zip,Binance Vision,1904,ee130322441bcc313f1e251e5e5061571b2ddecc587bf9ab5e5211eeb62d457e,.zip,,,,,2026-07-19,first repository inventory observation; provider retrieval time is available only where a source manifest records it,indexed
data_local/raw/binance/spot/monthly/klines/LTCUSDT/1d/LTCUSDT-1d-2026-02.zip,Binance Vision,1710,ada1f9f8fb13232abeaca43a75b1e69dbe04aba3c13f3ed07f085a2e9138458e,.zip,,,,,2026-07-19,first repository inventory observation; provider retrieval time is available only where a source manifest records it,indexed
data_local/raw/binance/spot/monthly/klines/LTCUSDT/1d/LTCUSDT-1d-2026-03.zip,Binance Vision,1880,bb39bc8de87f5e536421697d6b7568682cac96a92dedaf17635df863832dd892,.zip,,,,,2026-07-19,first repository inventory observation; provider retrieval time is available only where a source manifest records it,indexed
data_local/raw/binance/spot/monthly/klines/LTCUSDT/1d/LTCUSDT-1d-2026-04.zip,Binance Vision,1775,55aa4b2ceb5b3bc1945fa3310051ecccf69ba458552090e3df64f8fcbcfaae06,.zip,,,,,2026-07-19,first repository inventory observation; provider retrieval time is available only where a source manifest records it,indexed
data_local/raw/binance/spot/monthly/klines/LTCUSDT/1d/LTCUSDT-1d-2026-05.zip,Binance Vision,1860,5fbe3c09cd7e63e423c7b67fc870f2e7682f2533d5459c73f818fec786ac7c82,.zip,,,,,2026-07-19,first repository inventory observation; provider retrieval time is available only where a source manifest records it,indexed
data_local/raw/binance/spot/monthly/klines/LTCUSDT/1d/LTCUSDT-1d-2026-06.zip,Binance Vision,1831,533b22b8c7f87266b9bd2598194479329b67332e68e5611c6933165fcce8212d,.zip,,,,,2026-07-19,first repository inventory observation; provider retrieval time is available only where a source manifest records it,indexed
data_local/raw/binance/spot/monthly/klines/SNXUSDT/1d/SNXUSDT-1d-2021-01.zip,Binance Vision,1934,862202b597f3a8b54a7c72c82fe1eee9eaad3f7b6870764d55bd957c95cee3d3,.zip,,,,,2026-07-19,first repository inventory observation; provider retrieval time is available only where a source manifest records it,indexed
data_local/raw/binance/spot/monthly/klines/SNXUSDT/1d/SNXUSDT-1d-2021-02.zip,Binance Vision,1787,8666ed6e9d7f93aa49cd59a49e289d1069309c3863d5ab1a95693bda496f8b1e,.zip,,,,,2026-07-19,first repository inventory observation; provider retrieval time is available only where a source manifest records it,indexed
data_local/raw/binance/spot/monthly/klines/SNXUSDT/1d/SNXUSDT-1d-2021-03.zip,Binance Vision,1909,af251531c7211f96292ea2243e39a1ee68cbadba844574fb91ddc96871cccd5c,.zip,,,,,2026-07-19,first repository inventory observation; provider retrieval time is available only where a source manifest records it,indexed
data_local/raw/binance/spot/monthly/klines/SNXUSDT/1d/SNXUSDT-1d-2021-04.zip,Binance Vision,1860,9720f294f23168d73d5adeca50de5a07a4f367e8faf5c418e280e0709a47fbeb,.zip,,,,,2026-07-19,first repository inventory observation; provider retrieval time is available only where a source manifest records it,indexed
data_local/raw/binance/spot/monthly/klines/SNXUSDT/1d/SNXUSDT-1d-2021-05.zip,Binance Vision,1961,44e72c9a066826cc6bce391fe7913d0441deee803a9c832345fb7b07882f32c8,.zip,,,,,2026-07-19,first repository inventory observation; provider retrieval time is available only where a source manifest records it,indexed
data_local/raw/binance/spot/monthly/klines/SNXUSDT/1d/SNXUSDT-1d-2021-06.zip,Binance Vision,1840,2071b837df7c361bd1a2d3ff71045dd8e2b93360634a7d712672296ac4f06d0c,.zip,,,,,2026-07-19,first repository inventory observation; provider retrieval time is available only where a source manifest records it,indexed
data_local/raw/binance/spot/monthly/klines/SNXUSDT/1d/SNXUSDT-1d-2021-07.zip,Binance Vision,1932,14cca922d656ddfc7c98c88ae10d172bd30d0c0baf4ce9fb3817ff6912cd3b30,.zip,,,,,2026-07-19,first repository inventory observation; provider retrieval time is available only where a source manifest records it,indexed
data_local/raw/binance/spot/monthly/klines/SNXUSDT/1d/SNXUSDT-1d-2021-08.zip,Binance Vision,1927,d757d0ad309ee961753ed3c47c7dda13268af1eba58ae3bcd3c8519382e8e3a9,.zip,,,,,2026-07-19,first repository inventory observation; provider retrieval time is available only where a source manifest records it,indexed
data_local/raw/binance/spot/monthly/klines/SNXUSDT/1d/SNXUSDT-1d-2021-09.zip,Binance Vision,1797,90ffb72e9ee3fc1f3162a2764067d7cccae5304b926196e292e5378b56dcf133,.zip,,,,,2026-07-19,first repository inventory observation; provider retrieval time is available only where a source manifest records it,indexed
data_local/raw/binance/spot/monthly/klines/SNXUSDT/1d/SNXUSDT-1d-2021-10.zip,Binance Vision,1749,15907883baaf87e69747c3b43f01ef777bd99c9e201092626d5d75a09d590756,.zip,,,,,2026-07-19,first repository inventory observation; provider retrieval time is available only where a source manifest records it,indexed
data_local/raw/binance/spot/monthly/klines/SNXUSDT/1d/SNXUSDT-1d-2021-11.zip,Binance Vision,1724,7469ca6ad798fe4f93f54d9a24dfb32f7fcfe070a2fe87ba4e2708fba1fcfaa6,.zip,,,,,2026-07-19,first repository inventory observation; provider retrieval time is available only where a source manifest records it,indexed
data_local/raw/binance/spot/monthly/klines/SNXUSDT/1d/SNXUSDT-1d-2021-12.zip,Binance Vision,1769,10d31f60ce92ad1956652d84951a6eae56b9ba8b863e6fddb657cc89509b45f8,.zip,,,,,2026-07-19,first repository inventory observation; provider retrieval time is available only where a source manifest records it,indexed
data_local/raw/binance/spot/monthly/klines/SNXUSDT/1d/SNXUSDT-1d-2022-01.zip,Binance Vision,1785,802b3ffce06245ce5f3d4f8fd9c959c7672c6edff4a8cdea25b70beebf4fcb29,.zip,,,,,2026-07-19,first repository inventory observation; provider retrieval time is available only where a source manifest records it,indexed
data_local/raw/binance/spot/monthly/klines/SNXUSDT/1d/SNXUSDT-1d-2022-02.zip,Binance Vision,1596,b5c05f832c9570ec1faeb549b0eaeacfc0db57d0d667a6d90afa90dd90473c7a,.zip,,,,,2026-07-19,first repository inventory observation; provider retrieval time is available only where a source manifest records it,indexed
data_local/raw/binance/spot/monthly/klines/SNXUSDT/1d/SNXUSDT-1d-2022-03.zip,Binance Vision,1753,8c655b40e98099afe90694d0379a44e76b4048ab9cd8582e8fbf6d6c3e619c28,.zip,,,,,2026-07-19,first repository inventory observation; provider retrieval time is available only where a source manifest records it,indexed
data_local/raw/binance/spot/monthly/klines/SNXUSDT/1d/SNXUSDT-1d-2022-04.zip,Binance Vision,1726,10f6afa60f374ea69f50d0186280b3f4ecf2585cbf2cfe315e274637250d6ae2,.zip,,,,,2026-07-19,first repository inventory observation; provider retrieval time is available only where a source manifest records it,indexed
data_local/raw/binance/spot/monthly/klines/SNXUSDT/1d/SNXUSDT-1d-2022-05.zip,Binance Vision,1746,3148b94537e1f499e43d43050f371f7ba8239395a2cbebb7f4375548bd448628,.zip,,,,,2026-07-19,first repository inventory observation; provider retrieval time is available only where a source manifest records it,indexed
data_local/raw/binance/spot/monthly/klines/SNXUSDT/1d/SNXUSDT-1d-2022-06.zip,Binance Vision,1704,a14d1422b5254a690885f054ffb26ba6a37e239b051bd1bc34a9268b51299f87,.zip,,,,,2026-07-19,first repository inventory observation; provider retrieval time is available only where a source manifest records it,indexed
data_local/raw/binance/spot/monthly/klines/SNXUSDT/1d/SNXUSDT-1d-2022-07.zip,Binance Vision,1751,034ec0138ecaa2a37cdaffd7b4d325cd73c42f8c953336c220ce8d9e8ed9ec45,.zip,,,,,2026-07-19,first repository inventory observation; provider retrieval time is available only where a source manifest records it,indexed
data_local/raw/binance/spot/monthly/klines/SNXUSDT/1d/SNXUSDT-1d-2022-08.zip,Binance Vision,1764,4f84974a61f817398c416d2acf194ecc7b476fcc5e03d654812e562e62f5a530,.zip,,,,,2026-07-19,first repository inventory observation; provider retrieval time is available only where a source manifest records it,indexed
data_local/raw/binance/spot/monthly/klines/SNXUSDT/1d/SNXUSDT-1d-2022-09.zip,Binance Vision,1641,fc839f0cdb4a5cd5efc011c5a63c2f9d61e1418dcc41f27d93f940e61e2c69d2,.zip,,,,,2026-07-19,first repository inventory observation; provider retrieval time is available only where a source manifest records it,indexed
data_local/raw/binance/spot/monthly/klines/SNXUSDT/1d/SNXUSDT-1d-2022-10.zip,Binance Vision,1700,e6f93a7dce032cfd14f35cfe88b3f9ded8c5c7e6e790406a9d186a1ab3133fcc,.zip,,,,,2026-07-19,first repository inventory observation; provider retrieval time is available only where a source manifest records it,indexed
data_local/raw/binance/spot/monthly/klines/SNXUSDT/1d/SNXUSDT-1d-2022-11.zip,Binance Vision,1655,38da7a503e7003650c19887e997c5eec0a57dd401de0879df6ed3bdc1aaf0dc8,.zip,,,,,2026-07-19,first repository inventory observation; provider retrieval time is available only where a source manifest records it,indexed
data_local/raw/binance/spot/monthly/klines/SNXUSDT/1d/SNXUSDT-1d-2022-12.zip,Binance Vision,1678,b4cab856978eabe5b73b0a5712c97eaf963f8a5106426b43db49428e8a46e106,.zip,,,,,2026-07-19,first repository inventory observation; provider retrieval time is available only where a source manifest records it,indexed
data_local/raw/binance/spot/monthly/klines/SNXUSDT/1d/SNXUSDT-1d-2023-01.zip,Binance Vision,1712,6d0dcdee73d565f136b34499ff75374e861e5fa370d9d87cb7532dce581dfe06,.zip,,,,,2026-07-19,first repository inventory observation; provider retrieval time is available only where a source manifest records it,indexed
data_local/raw/binance/spot/monthly/klines/SNXUSDT/1d/SNXUSDT-1d-2023-02.zip,Binance Vision,1584,9221030fbbd1ab5fecf167497218c7dfea6123c1efec6f9f4f90c5ac164e26a6,.zip,,,,,2026-07-19,first repository inventory observation; provider retrieval time is available only where a source manifest records it,indexed
data_local/raw/binance/spot/monthly/klines/SNXUSDT/1d/SNXUSDT-1d-2023-03.zip,Binance Vision,1800,e6ebfede1ffb51b27349dffd5ee8783da12af38ef5fd4f883088847445f81154,.zip,,,,,2026-07-19,first repository inventory observation; provider retrieval time is available only where a source manifest records it,indexed
data_local/raw/binance/spot/monthly/klines/SNXUSDT/1d/SNXUSDT-1d-2023-04.zip,Binance Vision,1677,25a153a10ee502662751e36e70f2ecd75109d8eb2ab62ae2ea9f10fa7e2becfd,.zip,,,,,2026-07-19,first repository inventory observation; provider retrieval time is available only where a source manifest records it,indexed
data_local/raw/binance/spot/monthly/klines/SNXUSDT/1d/SNXUSDT-1d-2023-05.zip,Binance Vision,1706,c68d9aad522d8db3cf9592cd03911caede9d46ff78399e26d93f3175822475ed,.zip,,,,,2026-07-19,first repository inventory observation; provider retrieval time is available only where a source manifest records it,indexed
data_local/raw/binance/spot/monthly/klines/SNXUSDT/1d/SNXUSDT-1d-2023-06.zip,Binance Vision,1661,a2da45775d26cf3a278ff2214b883bbe86264f6d8949c6a36a006c9dede0e9c6,.zip,,,,,2026-07-19,first repository inventory observation; provider retrieval time is available only where a source manifest records it,indexed
data_local/raw/binance/spot/monthly/klines/SNXUSDT/1d/SNXUSDT-1d-2023-07.zip,Binance Vision,1756,f668e3b6a5effa1421df148c25057461d97549707492620c3280bff433004789,.zip,,,,,2026-07-19,first repository inventory observation; provider retrieval time is available only where a source manifest records it,indexed
data_local/raw/binance/spot/monthly/klines/SNXUSDT/1d/SNXUSDT-1d-2023-08.zip,Binance Vision,1708,e403f09c27b4c48a47217262f57a4c06f1b5e1f4896288281340972db76d5672,.zip,,,,,2026-07-19,first repository inventory observation; provider retrieval time is available only where a source manifest records it,indexed
data_local/raw/binance/spot/monthly/klines/SNXUSDT/1d/SNXUSDT-1d-2023-09.zip,Binance Vision,1652,12a9463e29a77ab42de4313d1a326142300e6956c2c8b80faadd9fddf93f30ba,.zip,,,,,2026-07-19,first repository inventory observation; provider retrieval time is available only where a source manifest records it,indexed
data_local/raw/binance/spot/monthly/klines/SNXUSDT/1d/SNXUSDT-1d-2023-10.zip,Binance Vision,1687,6728e40ffdf8846eb8624cb76d3b1848cf484e9a1f161bb96024bc82f286f448,.zip,,,,,2026-07-19,first repository inventory observation; provider retrieval time is available only where a source manifest records it,indexed
data_local/raw/binance/spot/monthly/klines/SNXUSDT/1d/SNXUSDT-1d-2023-11.zip,Binance Vision,1717,0d5d372ecead6240e71c8e427e6c32636d8e82b39193375e86aa50f4b8f9b787,.zip,,,,,2026-07-19,first repository inventory observation; provider retrieval time is available only where a source manifest records it,indexed
data_local/raw/binance/spot/monthly/klines/SNXUSDT/1d/SNXUSDT-1d-2023-12.zip,Binance Vision,1746,9916c72f62294041130a6843c289289bf6e6f885dd30f37e959a180fb53a9348,.zip,,,,,2026-07-19,first repository inventory observation; provider retrieval time is available only where a source manifest records it,indexed
data_local/raw/binance/spot/monthly/klines/SNXUSDT/1d/SNXUSDT-1d-2024-01.zip,Binance Vision,1733,fff01e243895d4be6bc46a8827d4359bd1a12042d6b69c20fd500500d9ef6047,.zip,,,,,2026-07-19,first repository inventory observation; provider retrieval time is available only where a source manifest records it,indexed
data_local/raw/binance/spot/monthly/klines/SNXUSDT/1d/SNXUSDT-1d-2024-02.zip,Binance Vision,1617,3b77fcd885bd0395dacb8f41a3d864bcf80d77911bc08c14690c556f2b4d3fef,.zip,,,,,2026-07-19,first repository inventory observation; provider retrieval time is available only where a source manifest records it,indexed
data_local/raw/binance/spot/monthly/klines/SNXUSDT/1d/SNXUSDT-1d-2024-03.zip,Binance Vision,1769,fb70a40345b8abc5f416654e5a6ccf5e1ecf1da7ef4040d030bb2e76f9b6ec0a,.zip,,,,,2026-07-19,first repository inventory observation; provider retrieval time is available only where a source manifest records it,indexed
data_local/raw/binance/spot/monthly/klines/SNXUSDT/1d/SNXUSDT-1d-2024-04.zip,Binance Vision,1670,2ae77a90209324bc7d7fb2f891a7467ee435acbaf1cd64509d5b4184dfb93217,.zip,,,,,2026-07-19,first repository inventory observation; provider retrieval time is available only where a source manifest records it,indexed
data_local/raw/binance/spot/monthly/klines/SNXUSDT/1d/SNXUSDT-1d-2024-05.zip,Binance Vision,1712,57d03e29b6f2a007f436f143dfdc854955ad1dd4570e03b665b69b1f0b580f8c,.zip,,,,,2026-07-19,first repository inventory observation; provider retrieval time is available only where a source manifest records it,indexed
data_local/raw/binance/spot/monthly/klines/SNXUSDT/1d/SNXUSDT-1d-2024-06.zip,Binance Vision,1645,16f224e1a148dfd9436ff2199d9eb2d3d58154af7576761a2109e3d4413f2861,.zip,,,,,2026-07-19,first repository inventory observation; provider retrieval time is available only where a source manifest records it,indexed
data_local/raw/binance/spot/monthly/klines/SNXUSDT/1d/SNXUSDT-1d-2024-07.zip,Binance Vision,1678,dfa4fcfc051246216f0f79482045d3dee83435e2805170c63adb438bc0954834,.zip,,,,,2026-07-19,first repository inventory observation; provider retrieval time is available only where a source manifest records it,indexed
data_local/raw/binance/spot/monthly/klines/SNXUSDT/1d/SNXUSDT-1d-2024-08.zip,Binance Vision,1677,ae8a9563c3080bbe05beb66f0e295901348bfaa8bd054a0d99fcb16e5951255e,.zip,,,,,2026-07-19,first repository inventory observation; provider retrieval time is available only where a source manifest records it,indexed
data_local/raw/binance/spot/monthly/klines/SNXUSDT/1d/SNXUSDT-1d-2024-09.zip,Binance Vision,1633,c0a4abb15d87df36238f3a3609437559ed3a9f39580dc082d4cc5aeb66a53f51,.zip,,,,,2026-07-19,first repository inventory observation; provider retrieval time is available only where a source manifest records it,indexed
data_local/raw/binance/spot/monthly/klines/SNXUSDT/1d/SNXUSDT-1d-2024-10.zip,Binance Vision,1673,d85f6b6e16e213ddd25f9942644d37887906b8f02761ac3c2bfd5834b6c0942b,.zip,,,,,2026-07-19,first repository inventory observation; provider retrieval time is available only where a source manifest records it,indexed
data_local/raw/binance/spot/monthly/klines/SNXUSDT/1d/SNXUSDT-1d-2024-11.zip,Binance Vision,1665,d06d7fb8c1dd934865de237b97af400156f07430aa618ad3766850fcf87319fb,.zip,,,,,2026-07-19,first repository inventory observation; provider retrieval time is available only where a source manifest records it,indexed
data_local/raw/binance/spot/monthly/klines/SNXUSDT/1d/SNXUSDT-1d-2024-12.zip,Binance Vision,1759,bba8206a0da60d32190d726d5cc39dfeb2303f743889b665067d62fc770c99e4,.zip,,,,,2026-07-19,first repository inventory observation; provider retrieval time is available only where a source manifest records it,indexed
data_local/raw/binance/spot/monthly/klines/SNXUSDT/1d/SNXUSDT-1d-2025-01.zip,Binance Vision,1737,29c949f99b352e4ad768d309611a7f810bed3ab4e7ae0881be14b4953e4cc1cb,.zip,,,,,2026-07-19,first repository inventory observation; provider retrieval time is available only where a source manifest records it,indexed
data_local/raw/binance/spot/monthly/klines/SNXUSDT/1d/SNXUSDT-1d-2025-02.zip,Binance Vision,1600,65d7e92e5dbc1ab90d0359da130e83ab423882c10b33aeb0c18676f51a46de40,.zip,,,,,2026-07-19,first repository inventory observation; provider retrieval time is available only where a source manifest records it,indexed
data_local/raw/binance/spot/monthly/klines/SNXUSDT/1d/SNXUSDT-1d-2025-03.zip,Binance Vision,1702,76ae61ca36aca67ecd7d04de358392ab9588568ad630b41eaaba4bf4b4956477,.zip,,,,,2026-07-19,first repository inventory observation; provider retrieval time is available only where a source manifest records it,indexed
data_local/raw/binance/spot/monthly/klines/SNXUSDT/1d/SNXUSDT-1d-2025-04.zip,Binance Vision,1648,48f5a8abe07ba7f64471d049cfb8b9d4792c10efe745a7687c9e186965c72f23,.zip,,,,,2026-07-19,first repository inventory observation; provider retrieval time is available only where a source manifest records it,indexed
data_local/raw/binance/spot/monthly/klines/SNXUSDT/1d/SNXUSDT-1d-2025-05.zip,Binance Vision,1710,559783ce62ce51c2c0d2847bc9144ce355ff5e0b9accbcba648ea5f8fc030bbf,.zip,,,,,2026-07-19,first repository inventory observation; provider retrieval time is available only where a source manifest records it,indexed
data_local/raw/binance/spot/monthly/klines/SNXUSDT/1d/SNXUSDT-1d-2025-06.zip,Binance Vision,1629,f5380b38aef7334768d3e25eda757e5beedeb7c3a42d6d3475534c3d4bac0573,.zip,,,,,2026-07-19,first repository inventory observation; provider retrieval time is available only where a source manifest records it,indexed
data_local/raw/binance/spot/monthly/klines/SNXUSDT/1d/SNXUSDT-1d-2025-07.zip,Binance Vision,1672,b33a0a38b192d87195e04b44094657d1b00f5a9aa58ade9443d1a865a38ad8ca,.zip,,,,,2026-07-19,first repository inventory observation; provider retrieval time is available only where a source manifest records it,indexed
data_local/raw/binance/spot/monthly/klines/SNXUSDT/1d/SNXUSDT-1d-2025-08.zip,Binance Vision,1706,2c400ef04d6fc6f0c0d20c0d6e5a1a9569d4e9baba2179a16d76869d496c5139,.zip,,,,,2026-07-19,first repository inventory observation; provider retrieval time is available only where a source manifest records it,indexed
data_local/raw/binance/spot/monthly/klines/SNXUSDT/1d/SNXUSDT-1d-2025-09.zip,Binance Vision,1645,fe6016a767ac2ee7039cf832a8dbda52436c2b913faddbe7eeb02a314e0082e5,.zip,,,,,2026-07-19,first repository inventory observation; provider retrieval time is available only where a source manifest records it,indexed
data_local/raw/binance/spot/monthly/klines/SNXUSDT/1d/SNXUSDT-1d-2025-10.zip,Binance Vision,1814,a619679843b2f45d8ce889e07a8ac5a1227062838b229914478251b9fa241dca,.zip,,,,,2026-07-19,first repository inventory observation; provider retrieval time is available only where a source manifest records it,indexed
data_local/raw/binance/spot/monthly/klines/SNXUSDT/1d/SNXUSDT-1d-2025-11.zip,Binance Vision,1685,ff78054de8aa18ece20cab1353c81da70716b31a917ba8bca17177be0fac3be4,.zip,,,,,2026-07-19,first repository inventory observation; provider retrieval time is available only where a source manifest records it,indexed
data_local/raw/binance/spot/monthly/klines/SNXUSDT/1d/SNXUSDT-1d-2025-12.zip,Binance Vision,1668,285c4dfb6ae10e9a8895b88fee63e75bc2d967b182b205af2ab9388ea150b044,.zip,,,,,2026-07-19,first repository inventory observation; provider retrieval time is available only where a source manifest records it,indexed
data_local/raw/binance/spot/monthly/klines/SNXUSDT/1d/SNXUSDT-1d-2026-01.zip,Binance Vision,1656,30581cd4120e4531ce17e0caf514e0f67631f51f709d1fc3865e57a832a0c1db,.zip,,,,,2026-07-19,first repository inventory observation; provider retrieval time is available only where a source manifest records it,indexed
data_local/raw/binance/spot/monthly/klines/SNXUSDT/1d/SNXUSDT-1d-2026-02.zip,Binance Vision,1563,563ca7ac2f6647dcf8162b98c3e71c84c23ec2455cae4e63f740d71ab01b014f,.zip,,,,,2026-07-19,first repository inventory observation; provider retrieval time is available only where a source manifest records it,indexed
data_local/raw/binance/spot/monthly/klines/SNXUSDT/1d/SNXUSDT-1d-2026-03.zip,Binance Vision,1627,761863ae9cd689f04cbca316c3e5bc76fc38aaebe254ef971960882cb98404db,.zip,,,,,2026-07-19,first repository inventory observation; provider retrieval time is available only where a source manifest records it,indexed
data_local/raw/binance/spot/monthly/klines/SNXUSDT/1d/SNXUSDT-1d-2026-04.zip,Binance Vision,1565,12527ce3d47a062ae80629bd3aee088fd3bb03aeb59d0ee676b66850023ee462,.zip,,,,,2026-07-19,first repository inventory observation; provider retrieval time is available only where a source manifest records it,indexed
data_local/raw/binance/spot/monthly/klines/SNXUSDT/1d/SNXUSDT-1d-2026-05.zip,Binance Vision,1638,d80cfc870e739f557d6488374c54f1d20610295c81abde792b2e02e112071ea4,.zip,,,,,2026-07-19,first repository inventory observation; provider retrieval time is available only where a source manifest records it,indexed
data_local/raw/binance/spot/monthly/klines/SNXUSDT/1d/SNXUSDT-1d-2026-06.zip,Binance Vision,1568,a742a869685cdce412512d3ceacfdd639412df3bd1c7570db989b1898bcd983a,.zip,,,,,2026-07-19,first repository inventory observation; provider retrieval time is available only where a source manifest records it,indexed
data_local/raw/binance/spot/monthly/klines/UNIUSDT/1d/UNIUSDT-1d-2021-01.zip,Binance Vision,2030,574f3a70ed47aff0193add812988ba0ed962069635cf7a18a0371b35ff7002e9,.zip,,,,,2026-07-19,first repository inventory observation; provider retrieval time is available only where a source manifest records it,indexed
data_local/raw/binance/spot/monthly/klines/UNIUSDT/1d/UNIUSDT-1d-2021-02.zip,Binance Vision,1861,d1b9b88484c0d44237dd36cf833f058ad754a4dea82f022ccee350eecb77d47c,.zip,,,,,2026-07-19,first repository inventory observation; provider retrieval time is available only where a source manifest records it,indexed
data_local/raw/binance/spot/monthly/klines/UNIUSDT/1d/UNIUSDT-1d-2021-03.zip,Binance Vision,2055,352a82b8a4eccb22c535c996b6ec7152e2d8df25e893fcafbd3c007bb45bf738,.zip,,,,,2026-07-19,first repository inventory observation; provider retrieval time is available only where a source manifest records it,indexed
data_local/raw/binance/spot/monthly/klines/UNIUSDT/1d/UNIUSDT-1d-2021-04.zip,Binance Vision,1987,4d7491added68304f4426b723e5f1f915a9842be60fe131f5c2af8e425d09f17,.zip,,,,,2026-07-19,first repository inventory observation; provider retrieval time is available only where a source manifest records it,indexed
data_local/raw/binance/spot/monthly/klines/UNIUSDT/1d/UNIUSDT-1d-2021-05.zip,Binance Vision,2040,f82020230710febf8e62470fe207563686f1d1064bb8876d44bb61c4992d09aa,.zip,,,,,2026-07-19,first repository inventory observation; provider retrieval time is available only where a source manifest records it,indexed
data_local/raw/binance/spot/monthly/klines/UNIUSDT/1d/UNIUSDT-1d-2021-06.zip,Binance Vision,1915,ed3e076701639f26486f9be30668bfbe9daad28db703c37fd1a4133628ee1f3f,.zip,,,,,2026-07-19,first repository inventory observation; provider retrieval time is available only where a source manifest records it,indexed
data_local/raw/binance/spot/monthly/klines/UNIUSDT/1d/UNIUSDT-1d-2021-07.zip,Binance Vision,1961,1cd793aea58c2935cc224075b6a5a40706a200de746074d3672d16218b9baeb8,.zip,,,,,2026-07-19,first repository inventory observation; provider retrieval time is available only where a source manifest records it,indexed
data_local/raw/binance/spot/monthly/klines/UNIUSDT/1d/UNIUSDT-1d-2021-08.zip,Binance Vision,1966,1aefb8dff00c42bffea06d24d51471874e37a138e59935a9187948872cda7b9e,.zip,,,,,2026-07-19,first repository inventory observation; provider retrieval time is available only where a source manifest records it,indexed
data_local/raw/binance/spot/monthly/klines/UNIUSDT/1d/UNIUSDT-1d-2021-09.zip,Binance Vision,1802,6b4a1b3f6eba15b353afa36474eb55390014fe7f033f59ba226380bd3cb6294f,.zip,,,,,2026-07-19,first repository inventory observation; provider retrieval time is available only where a source manifest records it,indexed
data_local/raw/binance/spot/monthly/klines/UNIUSDT/1d/UNIUSDT-1d-2021-10.zip,Binance Vision,1804,47e3249889a5e06ad00058947eb9d92548d3edfd32cea71bf2b6527da2b71d4b,.zip,,,,,2026-07-19,first repository inventory observation; provider retrieval time is available only where a source manifest records it,indexed
data_local/raw/binance/spot/monthly/klines/UNIUSDT/1d/UNIUSDT-1d-2021-11.zip,Binance Vision,1733,3b78c977db523392a0d7ff9b5691b441d895e9989b66c76a06bd71d0e2d57d68,.zip,,,,,2026-07-19,first repository inventory observation; provider retrieval time is available only where a source manifest records it,indexed
data_local/raw/binance/spot/monthly/klines/UNIUSDT/1d/UNIUSDT-1d-2021-12.zip,Binance Vision,1781,d04a3b8e08e039a2a10e06b36218b5f1843f6ba5cf1db80138f3631ba06e358f,.zip,,,,,2026-07-19,first repository inventory observation; provider retrieval time is available only where a source manifest records it,indexed
data_local/raw/binance/spot/monthly/klines/UNIUSDT/1d/UNIUSDT-1d-2022-01.zip,Binance Vision,1778,a5eefe363f81d8fdc61b19ef9cbd167480ff12fddcccb0716ddb213840940b2a,.zip,,,,,2026-07-19,first repository inventory observation; provider retrieval time is available only where a source manifest records it,indexed
data_local/raw/binance/spot/monthly/klines/UNIUSDT/1d/UNIUSDT-1d-2022-02.zip,Binance Vision,1609,1f716e4e0186017cc888155b1603afecb6eb754fe502933521c5109cb8fe43be,.zip,,,,,2026-07-19,first repository inventory observation; provider retrieval time is available only where a source manifest records it,indexed
data_local/raw/binance/spot/monthly/klines/UNIUSDT/1d/UNIUSDT-1d-2022-03.zip,Binance Vision,1752,49c87ac3ed754696e2b25d526f0e9b648c08725b33329312c78f869ca50000c9,.zip,,,,,2026-07-19,first repository inventory observation; provider retrieval time is available only where a source manifest records it,indexed
data_local/raw/binance/spot/monthly/klines/UNIUSDT/1d/UNIUSDT-1d-2022-04.zip,Binance Vision,1665,55837649ea741d15cdacc8f27606eb39a33ec110789a8bcdf493b38b291ea403,.zip,,,,,2026-07-19,first repository inventory observation; provider retrieval time is available only where a source manifest records it,indexed
data_local/raw/binance/spot/monthly/klines/UNIUSDT/1d/UNIUSDT-1d-2022-05.zip,Binance Vision,1760,255c45bdcd036423833a4a0831e21735f48b8584733d9db191ad077e7eac37be,.zip,,,,,2026-07-19,first repository inventory observation; provider retrieval time is available only where a source manifest records it,indexed
data_local/raw/binance/spot/monthly/klines/UNIUSDT/1d/UNIUSDT-1d-2022-06.zip,Binance Vision,1683,653dc117c1ebcabfbe2b35ca2a32e23a99e94b4346d25654f93a9ac10ced4ba3,.zip,,,,,2026-07-19,first repository inventory observation; provider retrieval time is available only where a source manifest records it,indexed
data_local/raw/binance/spot/monthly/klines/UNIUSDT/1d/UNIUSDT-1d-2022-07.zip,Binance Vision,1774,b6f99081516b9ae2ef9d6dc6dcdb3b66a513a31739623a1ce0a0b164843a6f37,.zip,,,,,2026-07-19,first repository inventory observation; provider retrieval time is available only where a source manifest records it,indexed
data_local/raw/binance/spot/monthly/klines/UNIUSDT/1d/UNIUSDT-1d-2022-08.zip,Binance Vision,1729,4fdee2fc32876ef1ee65864e654743dfd05ed7f0f88feebc6f200a037a29751f,.zip,,,,,2026-07-19,first repository inventory observation; provider retrieval time is available only where a source manifest records it,indexed
data_local/raw/binance/spot/monthly/klines/UNIUSDT/1d/UNIUSDT-1d-2022-09.zip,Binance Vision,1669,598b480ad23ab0ee01f50bba5e7b055d14b88f2ab629173123b34288fc9bb982,.zip,,,,,2026-07-19,first repository inventory observation; provider retrieval time is available only where a source manifest records it,indexed
data_local/raw/binance/spot/monthly/klines/UNIUSDT/1d/UNIUSDT-1d-2022-10.zip,Binance Vision,1726,12ac4275db07ea4934611cff7e0dd7d2b8ae4d312c690904190941291cfd1af7,.zip,,,,,2026-07-19,first repository inventory observation; provider retrieval time is available only where a source manifest records it,indexed
data_local/raw/binance/spot/monthly/klines/UNIUSDT/1d/UNIUSDT-1d-2022-11.zip,Binance Vision,1682,1eaf477281e3993a280b96bf9a3a782b550726ce8d1768a48d64b769b4d3aca9,.zip,,,,,2026-07-19,first repository inventory observation; provider retrieval time is available only where a source manifest records it,indexed
data_local/raw/binance/spot/monthly/klines/UNIUSDT/1d/UNIUSDT-1d-2022-12.zip,Binance Vision,1759,4eadf4c476596577704eb1e89a7cdf8c336fbee8daf0624565b8cec84efa6b05,.zip,,,,,2026-07-19,first repository inventory observation; provider retrieval time is available only where a source manifest records it,indexed
data_local/raw/binance/spot/monthly/klines/UNIUSDT/1d/UNIUSDT-1d-2023-01.zip,Binance Vision,1815,7849765f18b520a19c3a0620495698b7f2a009e3bab53717634b5b184f42d857,.zip,,,,,2026-07-19,first repository inventory observation; provider retrieval time is available only where a source manifest records it,indexed
data_local/raw/binance/spot/monthly/klines/UNIUSDT/1d/UNIUSDT-1d-2023-02.zip,Binance Vision,1674,f68ef441c0a1ef8788934f494a322a67669bf91f3d116c00d997d68133b60db3,.zip,,,,,2026-07-19,first repository inventory observation; provider retrieval time is available only where a source manifest records it,indexed
data_local/raw/binance/spot/monthly/klines/UNIUSDT/1d/UNIUSDT-1d-2023-03.zip,Binance Vision,1832,d632ca8c29ffafbb11026b9e3fd757d123bc212f3595def7a7bb9ce5590a3143,.zip,,,,,2026-07-19,first repository inventory observation; provider retrieval time is available only where a source manifest records it,indexed
data_local/raw/binance/spot/monthly/klines/UNIUSDT/1d/UNIUSDT-1d-2023-04.zip,Binance Vision,1730,57b8e7cf73ce665b656928cc56fddb240e4e3f9af1e681446cca56ae27f9a863,.zip,,,,,2026-07-19,first repository inventory observation; provider retrieval time is available only where a source manifest records it,indexed
data_local/raw/binance/spot/monthly/klines/UNIUSDT/1d/UNIUSDT-1d-2023-05.zip,Binance Vision,1758,48dcc440479ae8c7c3d746d6c7dbdc3b38b85d35e6f427a05e45f3257f5962bf,.zip,,,,,2026-07-19,first repository inventory observation; provider retrieval time is available only where a source manifest records it,indexed
data_local/raw/binance/spot/monthly/klines/UNIUSDT/1d/UNIUSDT-1d-2023-06.zip,Binance Vision,1735,2f03c02834d84511ff977f630914eb3c143c7635cd232081f55845758b6421c4,.zip,,,,,2026-07-19,first repository inventory observation; provider retrieval time is available only where a source manifest records it,indexed
data_local/raw/binance/spot/monthly/klines/UNIUSDT/1d/UNIUSDT-1d-2023-07.zip,Binance Vision,1813,0ace6129ceaa407479c107160acdfd84ec7c5e6f4b3b0206efa1959acdb66cc6,.zip,,,,,2026-07-19,first repository inventory observation; provider retrieval time is available only where a source manifest records it,indexed
data_local/raw/binance/spot/monthly/klines/UNIUSDT/1d/UNIUSDT-1d-2023-08.zip,Binance Vision,1795,8614010c1ca2179154514e04cc690405ecaef0765e59f0cfd7488ad4dd7eb9a0,.zip,,,,,2026-07-19,first repository inventory observation; provider retrieval time is available only where a source manifest records it,indexed
data_local/raw/binance/spot/monthly/klines/UNIUSDT/1d/UNIUSDT-1d-2023-09.zip,Binance Vision,1693,2ef2f0124b487d53e1d5ba9d5face244bdd8c417be9d4aa925a01fbb122c0a33,.zip,,,,,2026-07-19,first repository inventory observation; provider retrieval time is available only where a source manifest records it,indexed
data_local/raw/binance/spot/monthly/klines/UNIUSDT/1d/UNIUSDT-1d-2023-10.zip,Binance Vision,1788,62f6868e79b344d4419f658f5edf7537223513f392ca376a4543b78b24fe73f3,.zip,,,,,2026-07-19,first repository inventory observation; provider retrieval time is available only where a source manifest records it,indexed
data_local/raw/binance/spot/monthly/klines/UNIUSDT/1d/UNIUSDT-1d-2023-11.zip,Binance Vision,1796,92855ea189cfdcf68e83fc670329c2fa56632fe50913222fdbe8bad8a8a01001,.zip,,,,,2026-07-19,first repository inventory observation; provider retrieval time is available only where a source manifest records it,indexed
data_local/raw/binance/spot/monthly/klines/UNIUSDT/1d/UNIUSDT-1d-2023-12.zip,Binance Vision,1854,5e5c801b3149b632a91da20f1acca85d8bff0d233638d7fc67682a448f35ac89,.zip,,,,,2026-07-19,first repository inventory observation; provider retrieval time is available only where a source manifest records it,indexed
data_local/raw/binance/spot/monthly/klines/UNIUSDT/1d/UNIUSDT-1d-2024-01.zip,Binance Vision,1832,39001c7d08ed5358bde1db00a0b16c227a8e709d115dc3496e5dae0ff92ea381,.zip,,,,,2026-07-19,first repository inventory observation; provider retrieval time is available only where a source manifest records it,indexed
data_local/raw/binance/spot/monthly/klines/UNIUSDT/1d/UNIUSDT-1d-2024-02.zip,Binance Vision,1738,efe8e78599e57ff646ba9d414f62bfb67062f91184731a478b8b39343fa681af,.zip,,,,,2026-07-19,first repository inventory observation; provider retrieval time is available only where a source manifest records it,indexed
data_local/raw/binance/spot/monthly/klines/UNIUSDT/1d/UNIUSDT-1d-2024-03.zip,Binance Vision,1895,58356fa6c7e3f531706b051c5b093667aaa15efae271068732024d3be440ba71,.zip,,,,,2026-07-19,first repository inventory observation; provider retrieval time is available only where a source manifest records it,indexed
data_local/raw/binance/spot/monthly/klines/UNIUSDT/1d/UNIUSDT-1d-2024-04.zip,Binance Vision,1827,2beaa5e3f95b9482e5e3cbc6958dd8a68429780349842e5986a1c3ae82de1eb3,.zip,,,,,2026-07-19,first repository inventory observation; provider retrieval time is available only where a source manifest records it,indexed
data_local/raw/binance/spot/monthly/klines/UNIUSDT/1d/UNIUSDT-1d-2024-05.zip,Binance Vision,1858,b3d9d84f160f5d95b75c187b4e29e3e9352524c756e0f14fb5971258d6006ce1,.zip,,,,,2026-07-19,first repository inventory observation; provider retrieval time is available only where a source manifest records it,indexed
data_local/raw/binance/spot/monthly/klines/UNIUSDT/1d/UNIUSDT-1d-2024-06.zip,Binance Vision,1829,46a2d3765c4be351fc9286e6fd3d5185823fa6301f2499232d3cb041f7fc8c53,.zip,,,,,2026-07-19,first repository inventory observation; provider retrieval time is available only where a source manifest records it,indexed
data_local/raw/binance/spot/monthly/klines/UNIUSDT/1d/UNIUSDT-1d-2024-07.zip,Binance Vision,1806,6d09a6652871e0e929eab3e44d62fbd67f686123078d14261fe7b6e6922dc7ff,.zip,,,,,2026-07-19,first repository inventory observation; provider retrieval time is available only where a source manifest records it,indexed
data_local/raw/binance/spot/monthly/klines/UNIUSDT/1d/UNIUSDT-1d-2024-08.zip,Binance Vision,1836,22dcb856e330457dc04815165c95c91551d1dd64d297d26edeb6b8aabf3bdfb5,.zip,,,,,2026-07-19,first repository inventory observation; provider retrieval time is available only where a source manifest records it,indexed
data_local/raw/binance/spot/monthly/klines/UNIUSDT/1d/UNIUSDT-1d-2024-09.zip,Binance Vision,1765,1dba8342f7bc18dee22c42211ac0f7abbfa3d96e3164c72f0ab7082253700f37,.zip,,,,,2026-07-19,first repository inventory observation; provider retrieval time is available only where a source manifest records it,indexed
data_local/raw/binance/spot/monthly/klines/UNIUSDT/1d/UNIUSDT-1d-2024-10.zip,Binance Vision,1854,c9df6dbe7eda17558810989e5964483a403f378b5eb43b2c338c0bfda45a48ce,.zip,,,,,2026-07-19,first repository inventory observation; provider retrieval time is available only where a source manifest records it,indexed
data_local/raw/binance/spot/monthly/klines/UNIUSDT/1d/UNIUSDT-1d-2024-11.zip,Binance Vision,1856,8a5879367ffce4ccfcdd8c675b99085d97bf547a970fb0ff5a50fc00f68048ea,.zip,,,,,2026-07-19,first repository inventory observation; provider retrieval time is available only where a source manifest records it,indexed
data_local/raw/binance/spot/monthly/klines/UNIUSDT/1d/UNIUSDT-1d-2024-12.zip,Binance Vision,1924,5e45623c39491272f5dce1bbd502d1365e6b750113faf094999936a866fd76f9,.zip,,,,,2026-07-19,first repository inventory observation; provider retrieval time is available only where a source manifest records it,indexed
data_local/raw/binance/spot/monthly/klines/UNIUSDT/1d/UNIUSDT-1d-2025-01.zip,Binance Vision,1935,060be413513d079d483dba94e5e0d4cf4175e0bfa65a1c2b985b47a015fee2dc,.zip,,,,,2026-07-19,first repository inventory observation; provider retrieval time is available only where a source manifest records it,indexed
data_local/raw/binance/spot/monthly/klines/UNIUSDT/1d/UNIUSDT-1d-2025-02.zip,Binance Vision,1750,4e535cc247426215f6b502aa6f04088a2c587ace50ebfe8d1f557ce7a211a93c,.zip,,,,,2026-07-19,first repository inventory observation; provider retrieval time is available only where a source manifest records it,indexed
data_local/raw/binance/spot/monthly/klines/UNIUSDT/1d/UNIUSDT-1d-2025-03.zip,Binance Vision,1874,aa10550d6a9a88857878ae29360d398e2d2738d25acc14247ebec12e2bd1b429,.zip,,,,,2026-07-19,first repository inventory observation; provider retrieval time is available only where a source manifest records it,indexed
data_local/raw/binance/spot/monthly/klines/UNIUSDT/1d/UNIUSDT-1d-2025-04.zip,Binance Vision,1813,4c29f5b474e1ba042492826f9f50dec7b296c5c2640e7a76c721f95b9fd52f49,.zip,,,,,2026-07-19,first repository inventory observation; provider retrieval time is available only where a source manifest records it,indexed
data_local/raw/binance/spot/monthly/klines/UNIUSDT/1d/UNIUSDT-1d-2025-05.zip,Binance Vision,1897,f3c219d10567e0c934c3f3f8501f1db4c62a875c77bb466bf311937d5d19ad58,.zip,,,,,2026-07-19,first repository inventory observation; provider retrieval time is available only where a source manifest records it,indexed
data_local/raw/binance/spot/monthly/klines/UNIUSDT/1d/UNIUSDT-1d-2025-06.zip,Binance Vision,1871,64923b081d8a3b0ba6c3defceb02ae42fe032c179d253da819feb604b6b90dd8,.zip,,,,,2026-07-19,first repository inventory observation; provider retrieval time is available only where a source manifest records it,indexed
data_local/raw/binance/spot/monthly/klines/UNIUSDT/1d/UNIUSDT-1d-2025-07.zip,Binance Vision,1940,3df232d5d282ae2cda09ed9a81053d5fb636d591792fc15eef99aa1bc8e8e321,.zip,,,,,2026-07-19,first repository inventory observation; provider retrieval time is available only where a source manifest records it,indexed
data_local/raw/binance/spot/monthly/klines/UNIUSDT/1d/UNIUSDT-1d-2025-08.zip,Binance Vision,1929,9b7e460f49bb36b10aebc3269e7e6a8d634d259ec0f1c40cef4bdf511f99694b,.zip,,,,,2026-07-19,first repository inventory observation; provider retrieval time is available only where a source manifest records it,indexed
data_local/raw/binance/spot/monthly/klines/UNIUSDT/1d/UNIUSDT-1d-2025-09.zip,Binance Vision,1822,cbf639e2b1ece1d4a6b6816cf5b335df39481c7fca5e7c655abbf0699aa6dfcd,.zip,,,,,2026-07-19,first repository inventory observation; provider retrieval time is available only where a source manifest records it,indexed
data_local/raw/binance/spot/monthly/klines/UNIUSDT/1d/UNIUSDT-1d-2025-10.zip,Binance Vision,1912,bec6b68a4db99ce55d388df5abed1570c463ff0562dd466be3b0eb67e0b06181,.zip,,,,,2026-07-19,first repository inventory observation; provider retrieval time is available only where a source manifest records it,indexed
data_local/raw/binance/spot/monthly/klines/UNIUSDT/1d/UNIUSDT-1d-2025-11.zip,Binance Vision,1877,3aba89777d6bb4d33a43ea32ba5438c0308cf45bcbda71c22e1322d58cf7ba36,.zip,,,,,2026-07-19,first repository inventory observation; provider retrieval time is available only where a source manifest records it,indexed
data_local/raw/binance/spot/monthly/klines/UNIUSDT/1d/UNIUSDT-1d-2025-12.zip,Binance Vision,1899,6178cbf760d076691c9621d34c0ca151bc5f2a6ba0d4e6de76012f15cc2e3dd4,.zip,,,,,2026-07-19,first repository inventory observation; provider retrieval time is available only where a source manifest records it,indexed
data_local/raw/binance/spot/monthly/klines/UNIUSDT/1d/UNIUSDT-1d-2026-01.zip,Binance Vision,1878,ae5b9ddb38929b326f36fafaa0abd53bd5184ebdcdb0034132d3d2790897252e,.zip,,,,,2026-07-19,first repository inventory observation; provider retrieval time is available only where a source manifest records it,indexed
data_local/raw/binance/spot/monthly/klines/UNIUSDT/1d/UNIUSDT-1d-2026-02.zip,Binance Vision,1693,124feb273110bc86becfc8041f8ddf132b8b98c9c68708b1bd79c3b1ffa46279,.zip,,,,,2026-07-19,first repository inventory observation; provider retrieval time is available only where a source manifest records it,indexed
data_local/raw/binance/spot/monthly/klines/UNIUSDT/1d/UNIUSDT-1d-2026-03.zip,Binance Vision,1840,cc371b4033e37e3074b6955b448e90906ef61c860f4a513bdd26701dcc604eac,.zip,,,,,2026-07-19,first repository inventory observation; provider retrieval time is available only where a source manifest records it,indexed
data_local/raw/binance/spot/monthly/klines/UNIUSDT/1d/UNIUSDT-1d-2026-04.zip,Binance Vision,1782,a8e21af0acf89d7e0341ed0eb8e22ed7351ff328d73cc1717dbb5296f33fca6d,.zip,,,,,2026-07-19,first repository inventory observation; provider retrieval time is available only where a source manifest records it,indexed
data_local/raw/binance/spot/monthly/klines/UNIUSDT/1d/UNIUSDT-1d-2026-05.zip,Binance Vision,1852,f35fb6622e83aa8c0b3705f08f04b3ea523991f1281e3c9eececec248d754fe5,.zip,,,,,2026-07-19,first repository inventory observation; provider retrieval time is available only where a source manifest records it,indexed
data_local/raw/binance/spot/monthly/klines/UNIUSDT/1d/UNIUSDT-1d-2026-06.zip,Binance Vision,1795,11563cbc5eca3d4c6b7ab9f34b47a628c5a3ea8d2e7788ecff1e869ae41c9968,.zip,,,,,2026-07-19,first repository inventory observation; provider retrieval time is available only where a source manifest records it,indexed
data_local/raw/binance/spot/monthly/klines/XLMUSDT/1d/XLMUSDT-1d-2021-01.zip,Binance Vision,2026,6471dd580e9e31b42a0d5d453ab201ef69d5f186a9d6057d44616d4f27be180e,.zip,,,,,2026-07-19,first repository inventory observation; provider retrieval time is available only where a source manifest records it,indexed
data_local/raw/binance/spot/monthly/klines/XLMUSDT/1d/XLMUSDT-1d-2021-02.zip,Binance Vision,1886,2d48f77dd472cd72a33d2645fb2ec49daaf18a4dc06964581285eb2d78502d1b,.zip,,,,,2026-07-19,first repository inventory observation; provider retrieval time is available only where a source manifest records it,indexed
data_local/raw/binance/spot/monthly/klines/XLMUSDT/1d/XLMUSDT-1d-2021-03.zip,Binance Vision,1995,ad7efd456150a20b52d392b6886eabb3395c504e39ff021e98dd6f2de62218b6,.zip,,,,,2026-07-19,first repository inventory observation; provider retrieval time is available only where a source manifest records it,indexed
data_local/raw/binance/spot/monthly/klines/XLMUSDT/1d/XLMUSDT-1d-2021-04.zip,Binance Vision,1977,15b878c3d207f1b71f5146d5f0debe1f3282ab2425d8abe2f37322cdbcbc2d54,.zip,,,,,2026-07-19,first repository inventory observation; provider retrieval time is available only where a source manifest records it,indexed
data_local/raw/binance/spot/monthly/klines/XLMUSDT/1d/XLMUSDT-1d-2021-05.zip,Binance Vision,2047,6e0af067bd6217b694e749f328af0c356ff06dc09648e91a2c8d1ab72258b20d,.zip,,,,,2026-07-19,first repository inventory observation; provider retrieval time is available only where a source manifest records it,indexed
data_local/raw/binance/spot/monthly/klines/XLMUSDT/1d/XLMUSDT-1d-2021-06.zip,Binance Vision,1921,aae7e28d96b1aed3ca50a60c775ad3e01320066dea74bacb4891c3c27749e110,.zip,,,,,2026-07-19,first repository inventory observation; provider retrieval time is available only where a source manifest records it,indexed
data_local/raw/binance/spot/monthly/klines/XLMUSDT/1d/XLMUSDT-1d-2021-07.zip,Binance Vision,1934,cac6df62890e1a1e82955581bd5a4cffbe67a844bb5b259df2c5778dc942769d,.zip,,,,,2026-07-19,first repository inventory observation; provider retrieval time is available only where a source manifest records it,indexed
data_local/raw/binance/spot/monthly/klines/XLMUSDT/1d/XLMUSDT-1d-2021-08.zip,Binance Vision,1973,73c333fe47f9b0aa6490a691809110a7e6c51f274e9807b418c9c0ea8433539f,.zip,,,,,2026-07-19,first repository inventory observation; provider retrieval time is available only where a source manifest records it,indexed
data_local/raw/binance/spot/monthly/klines/XLMUSDT/1d/XLMUSDT-1d-2021-09.zip,Binance Vision,1784,c22c0126b26192fce604f4a6bdc76a124abd2bb46e65bce1d21c4ec93fb598ca,.zip,,,,,2026-07-19,first repository inventory observation; provider retrieval time is available only where a source manifest records it,indexed
data_local/raw/binance/spot/monthly/klines/XLMUSDT/1d/XLMUSDT-1d-2021-10.zip,Binance Vision,1805,00cb7568e71eeaa460e5b6460b0281014457ea169d53f139481629ec1e3626d5,.zip,,,,,2026-07-19,first repository inventory observation; provider retrieval time is available only where a source manifest records it,indexed
data_local/raw/binance/spot/monthly/klines/XLMUSDT/1d/XLMUSDT-1d-2021-11.zip,Binance Vision,1749,0556a7ba41f6e4c2a2f02427acee9d87d309e19c40916acb33a4ff541760c573,.zip,,,,,2026-07-19,first repository inventory observation; provider retrieval time is available only where a source manifest records it,indexed
data_local/raw/binance/spot/monthly/klines/XLMUSDT/1d/XLMUSDT-1d-2021-12.zip,Binance Vision,1779,d8af442003130f132211311d69eb451fc73cb6f128eb2ceb6d19eab97e51a9a2,.zip,,,,,2026-07-19,first repository inventory observation; provider retrieval time is available only where a source manifest records it,indexed
data_local/raw/binance/spot/monthly/klines/XLMUSDT/1d/XLMUSDT-1d-2022-01.zip,Binance Vision,1771,caa04223f3116ae25fdd6462d96bc5e06d81966f4f7d30270722067320298b4e,.zip,,,,,2026-07-19,first repository inventory observation; provider retrieval time is available only where a source manifest records it,indexed
data_local/raw/binance/spot/monthly/klines/XLMUSDT/1d/XLMUSDT-1d-2022-02.zip,Binance Vision,1587,b9a067da631cd118517b9a224f1bcc99d6bb5f4379048d50cdcdff1fb3ba14e4,.zip,,,,,2026-07-19,first repository inventory observation; provider retrieval time is available only where a source manifest records it,indexed
data_local/raw/binance/spot/monthly/klines/XLMUSDT/1d/XLMUSDT-1d-2022-03.zip,Binance Vision,1750,eadf4d1476b074ccd2c2f84b4039e28d37081e1d51358da084a2126410c64d74,.zip,,,,,2026-07-19,first repository inventory observation; provider retrieval time is available only where a source manifest records it,indexed
data_local/raw/binance/spot/monthly/klines/XLMUSDT/1d/XLMUSDT-1d-2022-04.zip,Binance Vision,1685,44267aac57cbb298ecc4432cb1e79367858d325d7124af641429dcdf73024e71,.zip,,,,,2026-07-19,first repository inventory observation; provider retrieval time is available only where a source manifest records it,indexed
data_local/raw/binance/spot/monthly/klines/XLMUSDT/1d/XLMUSDT-1d-2022-05.zip,Binance Vision,1748,6dce3bf321ad4a9e5c19511a265d75c82be4cdc0dc74e4e7477cdd6dc85dcf3c,.zip,,,,,2026-07-19,first repository inventory observation; provider retrieval time is available only where a source manifest records it,indexed
data_local/raw/binance/spot/monthly/klines/XLMUSDT/1d/XLMUSDT-1d-2022-06.zip,Binance Vision,1676,95fa96d21e6cf5a471f60b93563dd935592b1078f7ea3af86ef41fe182280cca,.zip,,,,,2026-07-19,first repository inventory observation; provider retrieval time is available only where a source manifest records it,indexed
data_local/raw/binance/spot/monthly/klines/XLMUSDT/1d/XLMUSDT-1d-2022-07.zip,Binance Vision,1705,9cc795d751586aec7e53c4a834f99f06f1dfa345a9b92ab02d9379310f509172,.zip,,,,,2026-07-19,first repository inventory observation; provider retrieval time is available only where a source manifest records it,indexed
data_local/raw/binance/spot/monthly/klines/XLMUSDT/1d/XLMUSDT-1d-2022-08.zip,Binance Vision,1706,b64c2bff243670637180674a8f2a8df2d694d1800419f50ad4d837173931f2af,.zip,,,,,2026-07-19,first repository inventory observation; provider retrieval time is available only where a source manifest records it,indexed
data_local/raw/binance/spot/monthly/klines/XLMUSDT/1d/XLMUSDT-1d-2022-09.zip,Binance Vision,1646,a38fa67e7bd770e726df3e638c2b554891f6dfdeae64360690a67ca45ad4076d,.zip,,,,,2026-07-19,first repository inventory observation; provider retrieval time is available only where a source manifest records it,indexed
data_local/raw/binance/spot/monthly/klines/XLMUSDT/1d/XLMUSDT-1d-2022-10.zip,Binance Vision,1689,633f79623c68982a96ed29b2cf5ff75060a3d41421bcb80d507a760fb17cb771,.zip,,,,,2026-07-19,first repository inventory observation; provider retrieval time is available only where a source manifest records it,indexed
data_local/raw/binance/spot/monthly/klines/XLMUSDT/1d/XLMUSDT-1d-2022-11.zip,Binance Vision,1649,741449986c27d3870c218f534f5db60531e247f3382c3b0fe6975aa1d80958ef,.zip,,,,,2026-07-19,first repository inventory observation; provider retrieval time is available only where a source manifest records it,indexed
data_local/raw/binance/spot/monthly/klines/XLMUSDT/1d/XLMUSDT-1d-2022-12.zip,Binance Vision,1649,e10b78aa0e5e0a0ad52dc49d796ace429683287d3d97f5718f2d560c909f6eb5,.zip,,,,,2026-07-19,first repository inventory observation; provider retrieval time is available only where a source manifest records it,indexed
data_local/raw/binance/spot/monthly/klines/XLMUSDT/1d/XLMUSDT-1d-2023-01.zip,Binance Vision,1681,1bfb9f4073941ef161ccf737a6093223a831625760b0b2cb08f3ed7b7d156870,.zip,,,,,2026-07-19,first repository inventory observation; provider retrieval time is available only where a source manifest records it,indexed
data_local/raw/binance/spot/monthly/klines/XLMUSDT/1d/XLMUSDT-1d-2023-02.zip,Binance Vision,1524,bbebb6a7f54f34847f60b01c1139c822ab3c38fb2147da28b0afdb816008e306,.zip,,,,,2026-07-19,first repository inventory observation; provider retrieval time is available only where a source manifest records it,indexed
data_local/raw/binance/spot/monthly/klines/XLMUSDT/1d/XLMUSDT-1d-2023-03.zip,Binance Vision,1703,ceafedb0796079ef9b28acfd1adeccbc8526c215b097a3f21b8605cd07ec14e9,.zip,,,,,2026-07-19,first repository inventory observation; provider retrieval time is available only where a source manifest records it,indexed
data_local/raw/binance/spot/monthly/klines/XLMUSDT/1d/XLMUSDT-1d-2023-04.zip,Binance Vision,1618,01126f53a7806fc12aeb9f5d8f976abc31f4bb923c0550168aba9f12c8f39b89,.zip,,,,,2026-07-19,first repository inventory observation; provider retrieval time is available only where a source manifest records it,indexed
data_local/raw/binance/spot/monthly/klines/XLMUSDT/1d/XLMUSDT-1d-2023-05.zip,Binance Vision,1610,5747684c9e5a2c4a9888c59150fafe008f176d4bbc94cb9df1a5d4045a3416da,.zip,,,,,2026-07-19,first repository inventory observation; provider retrieval time is available only where a source manifest records it,indexed
data_local/raw/binance/spot/monthly/klines/XLMUSDT/1d/XLMUSDT-1d-2023-06.zip,Binance Vision,1627,9c1d20742ea012d0dab9cfc1fc7a62a3ae0edbb3d511e3bcebf25032a0cd5308,.zip,,,,,2026-07-19,first repository inventory observation; provider retrieval time is available only where a source manifest records it,indexed
data_local/raw/binance/spot/monthly/klines/XLMUSDT/1d/XLMUSDT-1d-2023-07.zip,Binance Vision,1756,3e32b198ea1efcbcdd88a9b84e3d9738e9c1c47cd27e132fbcb5148ea8a4abfe,.zip,,,,,2026-07-19,first repository inventory observation; provider retrieval time is available only where a source manifest records it,indexed
data_local/raw/binance/spot/monthly/klines/XLMUSDT/1d/XLMUSDT-1d-2023-08.zip,Binance Vision,1693,a615ae5912ad34eb89e6dce458fea04bf0b0160f2cfc506e528a777ea0fabf00,.zip,,,,,2026-07-19,first repository inventory observation; provider retrieval time is available only where a source manifest records it,indexed
data_local/raw/binance/spot/monthly/klines/XLMUSDT/1d/XLMUSDT-1d-2023-09.zip,Binance Vision,1652,b29193e37be7bb30f89f6bc043e79d3964e56e1d61787dd8c450682cd37ca222,.zip,,,,,2026-07-19,first repository inventory observation; provider retrieval time is available only where a source manifest records it,indexed
data_local/raw/binance/spot/monthly/klines/XLMUSDT/1d/XLMUSDT-1d-2023-10.zip,Binance Vision,1666,0f9c1d10a067e7a98cbf313ba8139215d7cc79925e63d27d384d5dcbf30e3c22,.zip,,,,,2026-07-19,first repository inventory observation; provider retrieval time is available only where a source manifest records it,indexed
data_local/raw/binance/spot/monthly/klines/XLMUSDT/1d/XLMUSDT-1d-2023-11.zip,Binance Vision,1641,96ad4e5895bc837fdd856e6896e83988d6bf7e04204ace00bb92d658eb142032,.zip,,,,,2026-07-19,first repository inventory observation; provider retrieval time is available only where a source manifest records it,indexed
data_local/raw/binance/spot/monthly/klines/XLMUSDT/1d/XLMUSDT-1d-2023-12.zip,Binance Vision,1693,ddaaf5d3e98ea7503f9a286f1a2709f8fd694e571f913d3354f904fd378fdf65,.zip,,,,,2026-07-19,first repository inventory observation; provider retrieval time is available only where a source manifest records it,indexed
data_local/raw/binance/spot/monthly/klines/XLMUSDT/1d/XLMUSDT-1d-2024-01.zip,Binance Vision,1699,53861387cd99d37ab3581a73472b77460aa67a2a23e5f53052f0641fc69a1128,.zip,,,,,2026-07-19,first repository inventory observation; provider retrieval time is available only where a source manifest records it,indexed
data_local/raw/binance/spot/monthly/klines/XLMUSDT/1d/XLMUSDT-1d-2024-02.zip,Binance Vision,1577,74338a4ee5627815c13f670ad01eea7671ed513d71d2bfff35138cd854c5b1ce,.zip,,,,,2026-07-19,first repository inventory observation; provider retrieval time is available only where a source manifest records it,indexed
data_local/raw/binance/spot/monthly/klines/XLMUSDT/1d/XLMUSDT-1d-2024-03.zip,Binance Vision,1760,b5a81827621b49cc73096a31d2844010d3f6caf88e066b54e77553d7339ca711,.zip,,,,,2026-07-19,first repository inventory observation; provider retrieval time is available only where a source manifest records it,indexed
data_local/raw/binance/spot/monthly/klines/XLMUSDT/1d/XLMUSDT-1d-2024-04.zip,Binance Vision,1665,d96356dc0e9bb499775a26f4ae40f750895be4c2e62841662dad9278be1d109b,.zip,,,,,2026-07-19,first repository inventory observation; provider retrieval time is available only where a source manifest records it,indexed
data_local/raw/binance/spot/monthly/klines/XLMUSDT/1d/XLMUSDT-1d-2024-05.zip,Binance Vision,1662,d6ad4a81c3c90627e863a280e106dc64d823eb3add98aa6a8411b06506b551cc,.zip,,,,,2026-07-19,first repository inventory observation; provider retrieval time is available only where a source manifest records it,indexed
data_local/raw/binance/spot/monthly/klines/XLMUSDT/1d/XLMUSDT-1d-2024-06.zip,Binance Vision,1615,948eb6855ea3b46d40eab83664243f5139d4279e4aedb462c2dc1f93701e2f3d,.zip,,,,,2026-07-19,first repository inventory observation; provider retrieval time is available only where a source manifest records it,indexed
data_local/raw/binance/spot/monthly/klines/XLMUSDT/1d/XLMUSDT-1d-2024-07.zip,Binance Vision,1692,c10bcd9f0a68495ebd6c00ab6bad353e9e9a5b872c713d3d8741c86b52b8ccf3,.zip,,,,,2026-07-19,first repository inventory observation; provider retrieval time is available only where a source manifest records it,indexed
data_local/raw/binance/spot/monthly/klines/XLMUSDT/1d/XLMUSDT-1d-2024-08.zip,Binance Vision,1681,b86c2f7a70650764c6d93eb8dde166e8e28a800f4fa95defbaa41067a3a23b99,.zip,,,,,2026-07-19,first repository inventory observation; provider retrieval time is available only where a source manifest records it,indexed
data_local/raw/binance/spot/monthly/klines/XLMUSDT/1d/XLMUSDT-1d-2024-09.zip,Binance Vision,1598,6a634cd55f2bd756ecca7a9d07ba1e03809dfac93e21e1629bd4348d53af6d7a,.zip,,,,,2026-07-19,first repository inventory observation; provider retrieval time is available only where a source manifest records it,indexed
data_local/raw/binance/spot/monthly/klines/XLMUSDT/1d/XLMUSDT-1d-2024-10.zip,Binance Vision,1649,12fa1aee1fea5d538d8da9d01359551705124018436c0b0660d323962c057817,.zip,,,,,2026-07-19,first repository inventory observation; provider retrieval time is available only where a source manifest records it,indexed
data_local/raw/binance/spot/monthly/klines/XLMUSDT/1d/XLMUSDT-1d-2024-11.zip,Binance Vision,1783,f5d443fb5ea279c302d2ed275f1959c7d635e58e9b34dfcf99a574ddcd1504b0,.zip,,,,,2026-07-19,first repository inventory observation; provider retrieval time is available only where a source manifest records it,indexed
data_local/raw/binance/spot/monthly/klines/XLMUSDT/1d/XLMUSDT-1d-2024-12.zip,Binance Vision,1845,35a99ea86cd13333248f0ce8865eac8a13186cc36915e6fcc6d828c155a4e558,.zip,,,,,2026-07-19,first repository inventory observation; provider retrieval time is available only where a source manifest records it,indexed
data_local/raw/binance/spot/monthly/klines/XLMUSDT/1d/XLMUSDT-1d-2025-01.zip,Binance Vision,1851,ae12e63a99fb053a54ffda556b8ec6d0943d329c3391aa74b6fa355f4d8aa42b,.zip,,,,,2026-07-19,first repository inventory observation; provider retrieval time is available only where a source manifest records it,indexed
data_local/raw/binance/spot/monthly/klines/XLMUSDT/1d/XLMUSDT-1d-2025-02.zip,Binance Vision,1647,2d7f22218b6d5252053f068d31f4d0401cf50699a01a70c05dc6673cc6101a29,.zip,,,,,2026-07-19,first repository inventory observation; provider retrieval time is available only where a source manifest records it,indexed
data_local/raw/binance/spot/monthly/klines/XLMUSDT/1d/XLMUSDT-1d-2025-03.zip,Binance Vision,1788,acae17c44f12204fe95c0b4ad34e3115bfa34a515fe50bb3468740c9a9fcc4bb,.zip,,,,,2026-07-19,first repository inventory observation; provider retrieval time is available only where a source manifest records it,indexed
data_local/raw/binance/spot/monthly/klines/XLMUSDT/1d/XLMUSDT-1d-2025-04.zip,Binance Vision,1711,3102a4fc047e6ab46ae8dbad80ea169529980f2bf870f7fbe809c5c9c27b8b63,.zip,,,,,2026-07-19,first repository inventory observation; provider retrieval time is available only where a source manifest records it,indexed
data_local/raw/binance/spot/monthly/klines/XLMUSDT/1d/XLMUSDT-1d-2025-05.zip,Binance Vision,1782,3a63def8e3c30980f41994110ee29792a956b4f5a45e15ec0e1aa6cd2aba8578,.zip,,,,,2026-07-19,first repository inventory observation; provider retrieval time is available only where a source manifest records it,indexed
data_local/raw/binance/spot/monthly/klines/XLMUSDT/1d/XLMUSDT-1d-2025-06.zip,Binance Vision,1690,8b04f326451ad98c2169d4eca0c7d6df0032cf3a85675994077b1ee6f0381d51,.zip,,,,,2026-07-19,first repository inventory observation; provider retrieval time is available only where a source manifest records it,indexed
data_local/raw/binance/spot/monthly/klines/XLMUSDT/1d/XLMUSDT-1d-2025-07.zip,Binance Vision,1822,55c757859fc5e6de176ad40fccb3380cc7dabc0735eec84184bac5a7c5e00c05,.zip,,,,,2026-07-19,first repository inventory observation; provider retrieval time is available only where a source manifest records it,indexed
data_local/raw/binance/spot/monthly/klines/XLMUSDT/1d/XLMUSDT-1d-2025-08.zip,Binance Vision,1818,c69ffdccebe828be98ab64debf590d5e087160399769f4e0aa79daa26f8ce5fd,.zip,,,,,2026-07-19,first repository inventory observation; provider retrieval time is available only where a source manifest records it,indexed
data_local/raw/binance/spot/monthly/klines/XLMUSDT/1d/XLMUSDT-1d-2025-09.zip,Binance Vision,1696,01acd1ce892439b16ebdf1d55b1937e6033bb803a9207d5097fc883f098134e6,.zip,,,,,2026-07-19,first repository inventory observation; provider retrieval time is available only where a source manifest records it,indexed
data_local/raw/binance/spot/monthly/klines/XLMUSDT/1d/XLMUSDT-1d-2025-10.zip,Binance Vision,1781,049d9ea27229c8b4d2a3e07dcf1bec1c8424a5539e4ff903276e5c85d71dac32,.zip,,,,,2026-07-19,first repository inventory observation; provider retrieval time is available only where a source manifest records it,indexed
data_local/raw/binance/spot/monthly/klines/XLMUSDT/1d/XLMUSDT-1d-2025-11.zip,Binance Vision,1732,53ac007abe624c0aa1e240aeaa9b08d77fdb9d7da392b697bb495e280b60020a,.zip,,,,,2026-07-19,first repository inventory observation; provider retrieval time is available only where a source manifest records it,indexed
data_local/raw/binance/spot/monthly/klines/XLMUSDT/1d/XLMUSDT-1d-2025-12.zip,Binance Vision,1730,acee0a6cc06195fffc1c41feb52bd3efa2239766b106fd4b832bf43584f09f77,.zip,,,,,2026-07-19,first repository inventory observation; provider retrieval time is available only where a source manifest records it,indexed
data_local/raw/binance/spot/monthly/klines/XLMUSDT/1d/XLMUSDT-1d-2026-01.zip,Binance Vision,1744,bb1d2cfd58179e7c1287f1acb7bbdff9709abd9decd0bec3db18ebf4d1ff092a,.zip,,,,,2026-07-19,first repository inventory observation; provider retrieval time is available only where a source manifest records it,indexed
data_local/raw/binance/spot/monthly/klines/XLMUSDT/1d/XLMUSDT-1d-2026-02.zip,Binance Vision,1591,5743396d46a3696eee8f9b59d71aa0c379805123539b7a6fe8004dffe22cc0fd,.zip,,,,,2026-07-19,first repository inventory observation; provider retrieval time is available only where a source manifest records it,indexed
data_local/raw/binance/spot/monthly/klines/XLMUSDT/1d/XLMUSDT-1d-2026-03.zip,Binance Vision,1718,78a4e33b4766b204d2d1c7841c53b7ba9f0afec643bf55c7904ade2a2009bb9c,.zip,,,,,2026-07-19,first repository inventory observation; provider retrieval time is available only where a source manifest records it,indexed
data_local/raw/binance/spot/monthly/klines/XLMUSDT/1d/XLMUSDT-1d-2026-04.zip,Binance Vision,1669,7c18134cdc995887d36196a0d0ebb74cf91f621f2aee0114aa57a3765fa499ed,.zip,,,,,2026-07-19,first repository inventory observation; provider retrieval time is available only where a source manifest records it,indexed
data_local/raw/binance/spot/monthly/klines/XLMUSDT/1d/XLMUSDT-1d-2026-05.zip,Binance Vision,1748,e20054c23b93b3da8387dd532dbbbd0881e7b51962c47eaf4bb5bf3d939bc787,.zip,,,,,2026-07-19,first repository inventory observation; provider retrieval time is available only where a source manifest records it,indexed
data_local/raw/binance/spot/monthly/klines/XLMUSDT/1d/XLMUSDT-1d-2026-06.zip,Binance Vision,1751,91591c1e49b087a3e764b97600c52ee74993fbc231e080418378316e1c133f48,.zip,,,,,2026-07-19,first repository inventory observation; provider retrieval time is available only where a source manifest records it,indexed
data_local/raw/binance/spot/monthly/klines/XRPUSDT/1d/XRPUSDT-1d-2021-01.zip,Binance Vision,2040,53b2af75344e28cf5b87c6b88451cff0c5155c511ebd776a357a38b60aa7511b,.zip,,,,,2026-07-19,first repository inventory observation; provider retrieval time is available only where a source manifest records it,indexed
data_local/raw/binance/spot/monthly/klines/XRPUSDT/1d/XRPUSDT-1d-2021-02.zip,Binance Vision,1887,c307b2f377c74b15aaabc2fe147f4b6828a0347233ca73c6c263c46b55769119,.zip,,,,,2026-07-19,first repository inventory observation; provider retrieval time is available only where a source manifest records it,indexed
data_local/raw/binance/spot/monthly/klines/XRPUSDT/1d/XRPUSDT-1d-2021-03.zip,Binance Vision,2040,3c3e4b7aaa07ba8f43ffc5fe9b0079d56f00fafcd7848870ff5149571cf091f9,.zip,,,,,2026-07-19,first repository inventory observation; provider retrieval time is available only where a source manifest records it,indexed
data_local/raw/binance/spot/monthly/klines/XRPUSDT/1d/XRPUSDT-1d-2021-04.zip,Binance Vision,2075,9c7051467d928c789f00ecd81b417539e2d57252278f24a4b3075fbae5d9ca4f,.zip,,,,,2026-07-19,first repository inventory observation; provider retrieval time is available only where a source manifest records it,indexed
data_local/raw/binance/spot/monthly/klines/XRPUSDT/1d/XRPUSDT-1d-2021-05.zip,Binance Vision,2091,c21aade0e23847c36447bc7484bbb74f730d7e584779e5069e9b2d6e5a8db0db,.zip,,,,,2026-07-19,first repository inventory observation; provider retrieval time is available only where a source manifest records it,indexed
data_local/raw/binance/spot/monthly/klines/XRPUSDT/1d/XRPUSDT-1d-2021-06.zip,Binance Vision,1984,c6ea29b2ee938d6cd69355c5dc5651be1cd5b186f417a19c7660d1191b8564ae,.zip,,,,,2026-07-19,first repository inventory observation; provider retrieval time is available only where a source manifest records it,indexed
data_local/raw/binance/spot/monthly/klines/XRPUSDT/1d/XRPUSDT-1d-2021-07.zip,Binance Vision,2018,6b7489a4ee06c0e8caa6c6895ef26d289c2f6f6a43169f177e85c90fca2ccc89,.zip,,,,,2026-07-19,first repository inventory observation; provider retrieval time is available only where a source manifest records it,indexed
data_local/raw/binance/spot/monthly/klines/XRPUSDT/1d/XRPUSDT-1d-2021-08.zip,Binance Vision,2064,9dd6d014a6b4e12e10fdec3d26197141a49d3a23bd5a451fe8abdf552062f611,.zip,,,,,2026-07-19,first repository inventory observation; provider retrieval time is available only where a source manifest records it,indexed
data_local/raw/binance/spot/monthly/klines/XRPUSDT/1d/XRPUSDT-1d-2021-09.zip,Binance Vision,1885,b5ed02c6aa63dbbaa255e84887fe9b6eac1d54225b94c8c258218ffafc0ad63e,.zip,,,,,2026-07-19,first repository inventory observation; provider retrieval time is available only where a source manifest records it,indexed
data_local/raw/binance/spot/monthly/klines/XRPUSDT/1d/XRPUSDT-1d-2021-10.zip,Binance Vision,1871,7f5a25774455bd74ccc0cd9d7e233c8ecf0167f366140936f0edc9d6a607752b,.zip,,,,,2026-07-19,first repository inventory observation; provider retrieval time is available only where a source manifest records it,indexed
data_local/raw/binance/spot/monthly/klines/XRPUSDT/1d/XRPUSDT-1d-2021-11.zip,Binance Vision,1838,ef825d7243a3f7871af370cc6d3a63e159254d3e03d7b7a5e908ec59afdc9ca0,.zip,,,,,2026-07-19,first repository inventory observation; provider retrieval time is available only where a source manifest records it,indexed
data_local/raw/binance/spot/monthly/klines/XRPUSDT/1d/XRPUSDT-1d-2021-12.zip,Binance Vision,1871,a2c2348f54a0da8cd1d90fbba6bb90cfd8d5adcc5c71656b898cd3e5677c8ae2,.zip,,,,,2026-07-19,first repository inventory observation; provider retrieval time is available only where a source manifest records it,indexed
data_local/raw/binance/spot/monthly/klines/XRPUSDT/1d/XRPUSDT-1d-2022-01.zip,Binance Vision,1850,41ebf5ea4b08c2b5eff9cedc9a7f1a94c82b8b2714d7328dc38bd28b37e83f1c,.zip,,,,,2026-07-19,first repository inventory observation; provider retrieval time is available only where a source manifest records it,indexed
data_local/raw/binance/spot/monthly/klines/XRPUSDT/1d/XRPUSDT-1d-2022-02.zip,Binance Vision,1698,6ed8b24c43e0c27d5d2f55d17e065060c1acdb193b48b37a59b8a341f49e80ba,.zip,,,,,2026-07-19,first repository inventory observation; provider retrieval time is available only where a source manifest records it,indexed
data_local/raw/binance/spot/monthly/klines/XRPUSDT/1d/XRPUSDT-1d-2022-03.zip,Binance Vision,1868,f24700067ee73f7a6332324dafa793cee60c211652b958abb6af5dbb58474f30,.zip,,,,,2026-07-19,first repository inventory observation; provider retrieval time is available only where a source manifest records it,indexed
data_local/raw/binance/spot/monthly/klines/XRPUSDT/1d/XRPUSDT-1d-2022-04.zip,Binance Vision,1776,9365367487e1839d85fb09553cb049ef36053fc33393c8baa4eaf84421dd7e75,.zip,,,,,2026-07-19,first repository inventory observation; provider retrieval time is available only where a source manifest records it,indexed
data_local/raw/binance/spot/monthly/klines/XRPUSDT/1d/XRPUSDT-1d-2022-05.zip,Binance Vision,1873,2c75f5fb14c7d7bb261c88bbec05089e0930a95f31152893b291a6f3312016d3,.zip,,,,,2026-07-19,first repository inventory observation; provider retrieval time is available only where a source manifest records it,indexed
data_local/raw/binance/spot/monthly/klines/XRPUSDT/1d/XRPUSDT-1d-2022-06.zip,Binance Vision,1780,0ab3e8fd000fae80b1de3eb1d929fa83c2509dc419428e98e1219dff520f1564,.zip,,,,,2026-07-19,first repository inventory observation; provider retrieval time is available only where a source manifest records it,indexed
data_local/raw/binance/spot/monthly/klines/XRPUSDT/1d/XRPUSDT-1d-2022-07.zip,Binance Vision,1815,8890abf0a4ad78adb010a73bec02345a089b37594fe7288a22c42382934fb45b,.zip,,,,,2026-07-19,first repository inventory observation; provider retrieval time is available only where a source manifest records it,indexed
data_local/raw/binance/spot/monthly/klines/XRPUSDT/1d/XRPUSDT-1d-2022-08.zip,Binance Vision,1782,ce580f5537079389719850790799957109fb66cfeef6f75c9ce83d5b0516dc6e,.zip,,,,,2026-07-19,first repository inventory observation; provider retrieval time is available only where a source manifest records it,indexed
data_local/raw/binance/spot/monthly/klines/XRPUSDT/1d/XRPUSDT-1d-2022-09.zip,Binance Vision,1789,8da4fa67267f0c3951dd6e2a26e086cb13a8bdbb26e07eaee95c5376e00098ec,.zip,,,,,2026-07-19,first repository inventory observation; provider retrieval time is available only where a source manifest records it,indexed
data_local/raw/binance/spot/monthly/klines/XRPUSDT/1d/XRPUSDT-1d-2022-10.zip,Binance Vision,1827,a05c1ef9219d4a75652b657974b33a7f58f4bce6679e0016fd3eeb7bff0b8534,.zip,,,,,2026-07-19,first repository inventory observation; provider retrieval time is available only where a source manifest records it,indexed
data_local/raw/binance/spot/monthly/klines/XRPUSDT/1d/XRPUSDT-1d-2022-11.zip,Binance Vision,1785,0164f972460dc83b469bcb60b31fa314141f6aa6706001fc42ded8073bde9463,.zip,,,,,2026-07-19,first repository inventory observation; provider retrieval time is available only where a source manifest records it,indexed
data_local/raw/binance/spot/monthly/klines/XRPUSDT/1d/XRPUSDT-1d-2022-12.zip,Binance Vision,1788,202fed22611f52fb7c8e7459a15482136de30cfb6f9aa3b6f7172ebc204e2156,.zip,,,,,2026-07-19,first repository inventory observation; provider retrieval time is available only where a source manifest records it,indexed
data_local/raw/binance/spot/monthly/klines/XRPUSDT/1d/XRPUSDT-1d-2023-01.zip,Binance Vision,1825,8be26490687e21718f03fc24138a2b2369b67eed27cd2a4df2341bd9de1ff8f1,.zip,,,,,2026-07-19,first repository inventory observation; provider retrieval time is available only where a source manifest records it,indexed
data_local/raw/binance/spot/monthly/klines/XRPUSDT/1d/XRPUSDT-1d-2023-02.zip,Binance Vision,1632,3980f23c45e2512de04b3b35dfd3c74847397544c3878a5aa577aee7f0400e6c,.zip,,,,,2026-07-19,first repository inventory observation; provider retrieval time is available only where a source manifest records it,indexed
data_local/raw/binance/spot/monthly/klines/XRPUSDT/1d/XRPUSDT-1d-2023-03.zip,Binance Vision,1845,00dc37357422723ce04e7871d05d89454f7ac16758a29b5d6eb990ed8d647589,.zip,,,,,2026-07-19,first repository inventory observation; provider retrieval time is available only where a source manifest records it,indexed
data_local/raw/binance/spot/monthly/klines/XRPUSDT/1d/XRPUSDT-1d-2023-04.zip,Binance Vision,1782,9ae8857bfcda35413ece8f8d038ab0ad7a6b810bef0552a008ab162c393d251a,.zip,,,,,2026-07-19,first repository inventory observation; provider retrieval time is available only where a source manifest records it,indexed
data_local/raw/binance/spot/monthly/klines/XRPUSDT/1d/XRPUSDT-1d-2023-05.zip,Binance Vision,1809,4d407d9b06d7b8af4263cb6a02dd72d762b82b3fac747044407095661cc4b0a2,.zip,,,,,2026-07-19,first repository inventory observation; provider retrieval time is available only where a source manifest records it,indexed
data_local/raw/binance/spot/monthly/klines/XRPUSDT/1d/XRPUSDT-1d-2023-06.zip,Binance Vision,1777,fc2055e68aff582d847adbfdc2fbca7cb9fcbae4811e5068a5f5a41d81212db9,.zip,,,,,2026-07-19,first repository inventory observation; provider retrieval time is available only where a source manifest records it,indexed
data_local/raw/binance/spot/monthly/klines/XRPUSDT/1d/XRPUSDT-1d-2023-07.zip,Binance Vision,1851,2e9c69ad1ac561bb0884f934d6a15a87be3d8b657b5852d5a78e7f9119f4f194,.zip,,,,,2026-07-19,first repository inventory observation; provider retrieval time is available only where a source manifest records it,indexed
data_local/raw/binance/spot/monthly/klines/XRPUSDT/1d/XRPUSDT-1d-2023-08.zip,Binance Vision,1834,7265881181ea7542fd0fc7c765256a53ad26c0e9ed219be4ee616991b58c5f84,.zip,,,,,2026-07-19,first repository inventory observation; provider retrieval time is available only where a source manifest records it,indexed
data_local/raw/binance/spot/monthly/klines/XRPUSDT/1d/XRPUSDT-1d-2023-09.zip,Binance Vision,1745,480c0f760cd26249c93f8df3939376e27df741fd40052f627a1272e00eb1d236,.zip,,,,,2026-07-19,first repository inventory observation; provider retrieval time is available only where a source manifest records it,indexed
data_local/raw/binance/spot/monthly/klines/XRPUSDT/1d/XRPUSDT-1d-2023-10.zip,Binance Vision,1830,9c5280a4bee20f99e1c5b808a7eb321768370e82d49c706c71225aa9d2587733,.zip,,,,,2026-07-19,first repository inventory observation; provider retrieval time is available only where a source manifest records it,indexed
data_local/raw/binance/spot/monthly/klines/XRPUSDT/1d/XRPUSDT-1d-2023-11.zip,Binance Vision,1791,7c88be1782d857618087bd828bbfd45e828dc9cc7e6e64eda0fa0b70dc107508,.zip,,,,,2026-07-19,first repository inventory observation; provider retrieval time is available only where a source manifest records it,indexed
data_local/raw/binance/spot/monthly/klines/XRPUSDT/1d/XRPUSDT-1d-2023-12.zip,Binance Vision,1818,92de6e8836a3f349b485a13664305526a597b90eecc1be9fc1f4cbee51d48f78,.zip,,,,,2026-07-19,first repository inventory observation; provider retrieval time is available only where a source manifest records it,indexed
data_local/raw/binance/spot/monthly/klines/XRPUSDT/1d/XRPUSDT-1d-2024-01.zip,Binance Vision,1855,8f7f49bd9983bb41300d1e34b9f1f2c8f71eb83a59e8f80e4e8dc0f25be398e5,.zip,,,,,2026-07-19,first repository inventory observation; provider retrieval time is available only where a source manifest records it,indexed
data_local/raw/binance/spot/monthly/klines/XRPUSDT/1d/XRPUSDT-1d-2024-02.zip,Binance Vision,1719,a9397519b2c63d7975647cc25da8e0402d681daa40f1ffa53abd72ff4339518f,.zip,,,,,2026-07-19,first repository inventory observation; provider retrieval time is available only where a source manifest records it,indexed
data_local/raw/binance/spot/monthly/klines/XRPUSDT/1d/XRPUSDT-1d-2024-03.zip,Binance Vision,1875,bb59eb280b27bb4b8f53fb451a371be2d5792de73a3ba5855fef9f06036ae2df,.zip,,,,,2026-07-19,first repository inventory observation; provider retrieval time is available only where a source manifest records it,indexed
data_local/raw/binance/spot/monthly/klines/XRPUSDT/1d/XRPUSDT-1d-2024-04.zip,Binance Vision,1814,c01cebab808784c9ace45e07f4fa0a0eebcfab9ac2434ba91e4ba10e0bd12e59,.zip,,,,,2026-07-19,first repository inventory observation; provider retrieval time is available only where a source manifest records it,indexed
data_local/raw/binance/spot/monthly/klines/XRPUSDT/1d/XRPUSDT-1d-2024-05.zip,Binance Vision,1811,f41ee9027a174e557c1e77864565d98fa3657661eccefd378cbb31b6aa0fff0c,.zip,,,,,2026-07-19,first repository inventory observation; provider retrieval time is available only where a source manifest records it,indexed
data_local/raw/binance/spot/monthly/klines/XRPUSDT/1d/XRPUSDT-1d-2024-06.zip,Binance Vision,1750,67373424c870228cc94683da6a3f8cf502a9ed9d862881bd3f76b0cabee71e97,.zip,,,,,2026-07-19,first repository inventory observation; provider retrieval time is available only where a source manifest records it,indexed
data_local/raw/binance/spot/monthly/klines/XRPUSDT/1d/XRPUSDT-1d-2024-07.zip,Binance Vision,1852,614caa7bf49eef199b9ac2aca0584b1c867378d0be244711f33a41bf62dbd8f3,.zip,,,,,2026-07-19,first repository inventory observation; provider retrieval time is available only where a source manifest records it,indexed
data_local/raw/binance/spot/monthly/klines/XRPUSDT/1d/XRPUSDT-1d-2024-08.zip,Binance Vision,1837,ff037823bd6a03610bf098d3fd1424a19e6685c649045dd450e08d2cc288b951,.zip,,,,,2026-07-19,first repository inventory observation; provider retrieval time is available only where a source manifest records it,indexed
data_local/raw/binance/spot/monthly/klines/XRPUSDT/1d/XRPUSDT-1d-2024-09.zip,Binance Vision,1772,93486c5b023b290da8fb1f46d8960d43bb0fa728ba0760bb27233bfc61d0de22,.zip,,,,,2026-07-19,first repository inventory observation; provider retrieval time is available only where a source manifest records it,indexed
data_local/raw/binance/spot/monthly/klines/XRPUSDT/1d/XRPUSDT-1d-2024-10.zip,Binance Vision,1809,8412c6971d6c3086dae895bd8d5653ab1af3509e7760ac0e57cf1183e3d5c912,.zip,,,,,2026-07-19,first repository inventory observation; provider retrieval time is available only where a source manifest records it,indexed
data_local/raw/binance/spot/monthly/klines/XRPUSDT/1d/XRPUSDT-1d-2024-11.zip,Binance Vision,1883,c1cbca9c5727d3534e3d31702f2e05bbbe3be7787f30bd9cafc1cb0902d44c1e,.zip,,,,,2026-07-19,first repository inventory observation; provider retrieval time is available only where a source manifest records it,indexed
data_local/raw/binance/spot/monthly/klines/XRPUSDT/1d/XRPUSDT-1d-2024-12.zip,Binance Vision,1972,60a2b7c038950663a77d9a278966bc47a78eac9655d563f89e9f2412efcfea29,.zip,,,,,2026-07-19,first repository inventory observation; provider retrieval time is available only where a source manifest records it,indexed
data_local/raw/binance/spot/monthly/klines/XRPUSDT/1d/XRPUSDT-1d-2025-01.zip,Binance Vision,1957,ec7b1875fced8764e68cc1d30aeead27c561edfad363d5df6ef3f028f9f5389b,.zip,,,,,2026-07-19,first repository inventory observation; provider retrieval time is available only where a source manifest records it,indexed
data_local/raw/binance/spot/monthly/klines/XRPUSDT/1d/XRPUSDT-1d-2025-02.zip,Binance Vision,1753,9a6c5c28897cb6e86cb61fe4cb7db39280c1e70b3ef5656bf5cbedc13186dbd7,.zip,,,,,2026-07-19,first repository inventory observation; provider retrieval time is available only where a source manifest records it,indexed
data_local/raw/binance/spot/monthly/klines/XRPUSDT/1d/XRPUSDT-1d-2025-03.zip,Binance Vision,1905,c69e081f70180dd104d4b2450df50a82929a68b0624fc8d62be284f81c1c70a9,.zip,,,,,2026-07-19,first repository inventory observation; provider retrieval time is available only where a source manifest records it,indexed
data_local/raw/binance/spot/monthly/klines/XRPUSDT/1d/XRPUSDT-1d-2025-04.zip,Binance Vision,1888,79a74d1c7983e25e16fcf94b593bf4a4b320a89646c6074408e3a9fa49b1016c,.zip,,,,,2026-07-19,first repository inventory observation; provider retrieval time is available only where a source manifest records it,indexed
data_local/raw/binance/spot/monthly/klines/XRPUSDT/1d/XRPUSDT-1d-2025-05.zip,Binance Vision,1971,a0a07682d6614ce92e17311faf4b8f0380432ea542f180c3dd0368c99555345d,.zip,,,,,2026-07-19,first repository inventory observation; provider retrieval time is available only where a source manifest records it,indexed
data_local/raw/binance/spot/monthly/klines/XRPUSDT/1d/XRPUSDT-1d-2025-06.zip,Binance Vision,1903,b24e70d686bab388e6ceb1488d123b945b5d5d8d2e2a6fbd0d45b19798a85625,.zip,,,,,2026-07-19,first repository inventory observation; provider retrieval time is available only where a source manifest records it,indexed
data_local/raw/binance/spot/monthly/klines/XRPUSDT/1d/XRPUSDT-1d-2025-07.zip,Binance Vision,2013,637fbc9a81405f5ef9b5f3ab446f26783c569455e41c36cff0a66926a976d0a1,.zip,,,,,2026-07-19,first repository inventory observation; provider retrieval time is available only where a source manifest records it,indexed
data_local/raw/binance/spot/monthly/klines/XRPUSDT/1d/XRPUSDT-1d-2025-08.zip,Binance Vision,1992,01eca9b56f8fe903c55fbcb449cc7abadb3a7723ef5cfe41acc1f3be28b669e4,.zip,,,,,2026-07-19,first repository inventory observation; provider retrieval time is available only where a source manifest records it,indexed
data_local/raw/binance/spot/monthly/klines/XRPUSDT/1d/XRPUSDT-1d-2025-09.zip,Binance Vision,1911,29ddd4180a24851c64aeee16214d4dd97e2539efc60696005a9ea5f94dd3da84,.zip,,,,,2026-07-19,first repository inventory observation; provider retrieval time is available only where a source manifest records it,indexed
data_local/raw/binance/spot/monthly/klines/XRPUSDT/1d/XRPUSDT-1d-2025-10.zip,Binance Vision,1989,d367e308d78f7932b613871fec1845061b084a684cce1c2c2ebccd4a65746aca,.zip,,,,,2026-07-19,first repository inventory observation; provider retrieval time is available only where a source manifest records it,indexed
data_local/raw/binance/spot/monthly/klines/XRPUSDT/1d/XRPUSDT-1d-2025-11.zip,Binance Vision,1919,97ff3244f1e2f998cdf7e025c5e55cb611d02700a93a66ce19fbcbd27fd9b1d7,.zip,,,,,2026-07-19,first repository inventory observation; provider retrieval time is available only where a source manifest records it,indexed
data_local/raw/binance/spot/monthly/klines/XRPUSDT/1d/XRPUSDT-1d-2025-12.zip,Binance Vision,1937,b8b6dba0b895fe69b0e08a8df63200cada6763402646ca514db9879135492fd5,.zip,,,,,2026-07-19,first repository inventory observation; provider retrieval time is available only where a source manifest records it,indexed
data_local/raw/binance/spot/monthly/klines/XRPUSDT/1d/XRPUSDT-1d-2026-01.zip,Binance Vision,1954,5e509b6df000fa932495848e1e7dd9540bc65879502ad175307df8fa7a07a54a,.zip,,,,,2026-07-19,first repository inventory observation; provider retrieval time is available only where a source manifest records it,indexed
data_local/raw/binance/spot/monthly/klines/XRPUSDT/1d/XRPUSDT-1d-2026-02.zip,Binance Vision,1781,3ecee16915d6a58fc70225e8756fda99690a0f4ef8d9c96947d930d6a5a2aaa8,.zip,,,,,2026-07-19,first repository inventory observation; provider retrieval time is available only where a source manifest records it,indexed
data_local/raw/binance/spot/monthly/klines/XRPUSDT/1d/XRPUSDT-1d-2026-03.zip,Binance Vision,1927,8d15e07dad962b89650b801ee36cb31a0b24fa14991cf0b2c6074610b4d39aa6,.zip,,,,,2026-07-19,first repository inventory observation; provider retrieval time is available only where a source manifest records it,indexed
data_local/raw/binance/spot/monthly/klines/XRPUSDT/1d/XRPUSDT-1d-2026-04.zip,Binance Vision,1865,a83d0eb3caf4ce5176abe56bc1c2a38dc4ce8fd3af17f744c6f7a4714ca954d8,.zip,,,,,2026-07-19,first repository inventory observation; provider retrieval time is available only where a source manifest records it,indexed
data_local/raw/binance/spot/monthly/klines/XRPUSDT/1d/XRPUSDT-1d-2026-05.zip,Binance Vision,1922,69c62dd8ddd541c940a6a4407f7c9d1ba62bea66197a42b0047b32568f04f981,.zip,,,,,2026-07-19,first repository inventory observation; provider retrieval time is available only where a source manifest records it,indexed
data_local/raw/binance/spot/monthly/klines/XRPUSDT/1d/XRPUSDT-1d-2026-06.zip,Binance Vision,1870,a35b38fde8c3f1e43111f093780b24a5f53a0c3ddf97ddcd28897d92bcf6ed22,.zip,,,,,2026-07-19,first repository inventory observation; provider retrieval time is available only where a source manifest records it,indexed
data_local/raw/cftc/fut_fin_txt_2017.zip,cftc,395830,e6e2dd537efcc57cdd6cdcc4e45e567fd47e65d8afc8369d8383bf09195ae7f5,.zip,,,,,2026-07-19,first repository inventory observation; provider retrieval time is available only where a source manifest records it,indexed
data_local/raw/cftc/fut_fin_txt_2018.zip,cftc,458570,6843d130a25a17c6248df67463810f02077ef4eeafdd629299d21c18f5125e40,.zip,,,,,2026-07-19,first repository inventory observation; provider retrieval time is available only where a source manifest records it,indexed
data_local/raw/cftc/fut_fin_txt_2019.zip,cftc,454803,631b31880d513072aa50d63117c896184dd35db3cc8fcdd6debd80197ee7a661,.zip,,,,,2026-07-19,first repository inventory observation; provider retrieval time is available only where a source manifest records it,indexed
data_local/raw/cftc/fut_fin_txt_2020.zip,cftc,430721,c90d98d94db708772d669f263fb8061c75f8a7f681ba231fb21247e5c9798e6b,.zip,,,,,2026-07-19,first repository inventory observation; provider retrieval time is available only where a source manifest records it,indexed
data_local/raw/cftc/fut_fin_txt_2021.zip,cftc,466549,5c929991038c70ae2501661b6d442b9e784d3c29d3166ceac2e21b45ac93d56a,.zip,,,,,2026-07-19,first repository inventory observation; provider retrieval time is available only where a source manifest records it,indexed
data_local/raw/cftc/fut_fin_txt_2022.zip,cftc,494559,94c9c1fdee9dfbe377a09923ddfe26b88d3460605dd076081f221ad367d88601,.zip,,,,,2026-07-19,first repository inventory observation; provider retrieval time is available only where a source manifest records it,indexed
data_local/raw/cftc/fut_fin_txt_2023.zip,cftc,506931,43c3dbdd4d01fceefad5e457003751cdc0974c7cf46097b322e26e9e2fe44d7a,.zip,,,,,2026-07-19,first repository inventory observation; provider retrieval time is available only where a source manifest records it,indexed
data_local/raw/cftc/fut_fin_txt_2024.zip,cftc,563591,3f00585741a7cf76c207df640951d644dd91ff22a1106b38ca37a2469c765637,.zip,,,,,2026-07-19,first repository inventory observation; provider retrieval time is available only where a source manifest records it,indexed
data_local/raw/cftc/fut_fin_txt_2025.zip,cftc,627068,2ea0cda6395f7dd6501c27422be3763e1f2f5b41b768cfd36b871f092a07d438,.zip,,,,,2026-07-19,first repository inventory observation; provider retrieval time is available only where a source manifest records it,indexed
data_local/raw/cftc/fut_fin_txt_2026.zip,cftc,389968,db36c1e1a727610d5ad896f38ec1081d3b8f503b74fecc63bc7c4e5d7fce7211,.zip,,,,,2026-07-19,first repository inventory observation; provider retrieval time is available only where a source manifest records it,indexed
data_local/raw/cryptoquant/BTC/Addresses/Bitcoin Active Addresses - Day.csv,CryptoQuant,116837,c4fc29ebb22d2536ee75dd147a3ace82312b4921280cc4ae61a897e7766a9106,.csv,6307,2,2009-01-03,2026-04-10,2026-07-19,first repository inventory observation; provider retrieval time is available only where a source manifest records it,indexed
data_local/raw/cryptoquant/BTC/Addresses/Bitcoin Active Receiving Addresses - Day.csv,CryptoQuant,116222,56d793b78b2fd8087fe82ea37afc31865e26c7449f9a5f8874cde29a1ea68234,.csv,6307,2,2009-01-03,2026-04-10,2026-07-19,first repository inventory observation; provider retrieval time is available only where a source manifest records it,indexed
data_local/raw/cryptoquant/BTC/Addresses/Bitcoin Active Sending Addresses - Day.csv,CryptoQuant,115335,f2229d986daaf899feee8b305bf7db5b4102547b8de1588a88802af88a22ed0e,.csv,6307,2,2009-01-03,2026-04-10,2026-07-19,first repository inventory observation; provider retrieval time is available only where a source manifest records it,indexed
data_local/raw/cryptoquant/BTC/Addresses/README.md,CryptoQuant,2098,031b20fc6158662101ccdd1080eac1d2a0b3a9db989ef6a5475308caf3241fa7,.md,,,,,2026-07-19,first repository inventory observation; provider retrieval time is available only where a source manifest records it,indexed
data_local/raw/cryptoquant/BTC/BTC_Metrics.txt,CryptoQuant,18510,c08325c10d43f81f42098ca47613ea32e9997cb397fb90501d603abeb5072fe2,.txt,,,,,2026-07-19,first repository inventory observation; provider retrieval time is available only where a source manifest records it,indexed
data_local/raw/cryptoquant/BTC/Derivatives/Bitcoin Estimated Leverage Ratio - All Exchanges - Day.csv,CryptoQuant,58803,0d492c831dd6f1442834eabe44e2c96d4540eeca0bb0df3eb3bdc28160708c10,.csv,2569,2,2019-03-30,2026-04-10,2026-07-19,first repository inventory observation; provider retrieval time is available only where a source manifest records it,indexed
data_local/raw/cryptoquant/BTC/Derivatives/Bitcoin Funding Rates - All Exchanges - Day.csv,CryptoQuant,105246,d68462b725298bf94332d30c9ff3f80e53f5c139b0fe8e58918cd2cfc8ed53f3,.csv,3619,2,2016-05-15,2026-04-11,2026-07-19,first repository inventory observation; provider retrieval time is available only where a source manifest records it,indexed
"data_local/raw/cryptoquant/BTC/Derivatives/Bitcoin Futures Taker CVD(Cumulative Volume Delta, 90-day) - Day.csv",CryptoQuant,63765,7aacd3f5da910fa76ce963eeed4736d10e832e67ecd21537a88948ae4455549a,.csv,2646,4,2019-01-13,2026-04-11,2026-07-19,first repository inventory observation; provider retrieval time is available only where a source manifest records it,indexed
"data_local/raw/cryptoquant/BTC/Derivatives/Bitcoin Long Liquidations - All Exchanges, All Symbol - Day.csv",CryptoQuant,67228,a7f137b67c7cab4c2b16ccdc87af251d3eaaf2983c6b93a8d44293ec432ae748,.csv,2670,2,2018-12-20,2026-04-11,2026-07-19,first repository inventory observation; provider retrieval time is available only where a source manifest records it,indexed
"data_local/raw/cryptoquant/BTC/Derivatives/Bitcoin Long Liquidations USD - All Exchanges, All Symbol - Day.csv",CryptoQuant,74914,4011b881823d4f2e0e6258497b95e87307cac324a75ad6c6822e1801cd9b1e0e,.csv,2670,2,2018-12-20,2026-04-11,2026-07-19,first repository inventory observation; provider retrieval time is available only where a source manifest records it,indexed
"data_local/raw/cryptoquant/BTC/Derivatives/Bitcoin Open Interest - All Exchanges, All Symbol - Day.csv",CryptoQuant,75895,fe5a9beba7db785078147d4174b2b68a4bfba23a4e9eb3190adbd40c27f0ef9d,.csv,2570,2,2019-03-30,2026-04-11,2026-07-19,first repository inventory observation; provider retrieval time is available only where a source manifest records it,indexed
"data_local/raw/cryptoquant/BTC/Derivatives/Bitcoin Short Liquidations - All Exchanges, All Symbol - Day.csv",CryptoQuant,66917,b7978526dd831c6eadc364e9b8e2f0ce85c94c80f48f255b74c79b7add6d86d2,.csv,2670,2,2018-12-20,2026-04-11,2026-07-19,first repository inventory observation; provider retrieval time is available only where a source manifest records it,indexed
"data_local/raw/cryptoquant/BTC/Derivatives/Bitcoin Short Liquidations USD - All Exchanges, All Symbol - Day.csv",CryptoQuant,74492,1dce8fe3ab113e7c99bb5d31f52765c92ed14513414faf5cd1923e72473f60a1,.csv,2670,2,2018-12-20,2026-04-11,2026-07-19,first repository inventory observation; provider retrieval time is available only where a source manifest records it,indexed
data_local/raw/cryptoquant/BTC/Derivatives/README.md,CryptoQuant,3797,39e446af7a3f6588ca51b3f2e77c465c400dc5a9eba4340a62d331be1d201cca,.md,,,,,2026-07-19,first repository inventory observation; provider retrieval time is available only where a source manifest records it,indexed
data_local/raw/cryptoquant/BTC/Exchange Flows/Bitcoin Exchange Depositing Addresses - All Exchanges - Day.csv,CryptoQuant,107726,43aff910d4faf1a6aa595b692b8f19cc23b263df0dcc4e1bf037c8f6e483347f,.csv,6310,2,2009-01-01,2026-04-11,2026-07-19,first repository inventory observation; provider retrieval time is available only where a source manifest records it,indexed
data_local/raw/cryptoquant/BTC/Exchange Flows/Bitcoin Exchange Depositing Transactions - All Exchanges - Day.csv,CryptoQuant,106809,23d51f3d77ab7735799e492e6e46eee20a894e0617a20a9c5cfac0813c9feaa4,.csv,6310,2,2009-01-01,2026-04-11,2026-07-19,first repository inventory observation; provider retrieval time is available only where a source manifest records it,indexed
data_local/raw/cryptoquant/BTC/Exchange Flows/Bitcoin Exchange In-House Flow (Mean) - All Exchanges - Day.csv,CryptoQuant,138713,a2f02a8f49cee1dbf9dcb292e34fab8453fc521ec32794931c0488f125da5b9a,.csv,6310,2,2009-01-01,2026-04-11,2026-07-19,first repository inventory observation; provider retrieval time is available only where a source manifest records it,indexed
data_local/raw/cryptoquant/BTC/Exchange Flows/Bitcoin Exchange In-House Flow (Total) - All Exchanges - Day.csv,CryptoQuant,154984,946caa41b00486f5554e14fb049db4eb3f4a7a2e080345eb4d416b1c23e21a94,.csv,6310,2,2009-01-01,2026-04-11,2026-07-19,first repository inventory observation; provider retrieval time is available only where a source manifest records it,indexed
data_local/raw/cryptoquant/BTC/Exchange Flows/Bitcoin Exchange In-House Transactions - All Exchanges - Day.csv,CryptoQuant,102397,91edd191568e24060bd4a47f6fa59df6bb6c88e14babc82062cf5f5dde676f21,.csv,6310,2,2009-01-01,2026-04-11,2026-07-19,first repository inventory observation; provider retrieval time is available only where a source manifest records it,indexed
data_local/raw/cryptoquant/BTC/Exchange Flows/Bitcoin Exchange Inflow (Mean) - All Exchanges - Day.csv,CryptoQuant,135970,a9a883ae36519caeb9f35f1a14b286285c35002deaa38da4f9f0afac7ed6bc6b,.csv,6310,2,2009-01-01,2026-04-11,2026-07-19,first repository inventory observation; provider retrieval time is available only where a source manifest records it,indexed
data_local/raw/cryptoquant/BTC/Exchange Flows/Bitcoin Exchange Inflow (Top10) - All Exchanges - Day.csv,CryptoQuant,154175,93ed35360ef8e4a465662b8d4ab912fa65c02dbb3680e5cf515a739831c128bf,.csv,6310,2,2009-01-01,2026-04-11,2026-07-19,first repository inventory observation; provider retrieval time is available only where a source manifest records it,indexed
data_local/raw/cryptoquant/BTC/Exchange Flows/Bitcoin Exchange Inflow (Total) - All Exchanges - Day.csv,CryptoQuant,154262,1210a31aa495833afc537ad6433cb205c0c10f3f52c108b34859aaed8aa8291b,.csv,6310,2,2009-01-01,2026-04-11,2026-07-19,first repository inventory observation; provider retrieval time is available only where a source manifest records it,indexed
data_local/raw/cryptoquant/BTC/Exchange Flows/Bitcoin Exchange Inflow - Spent Output Age Bands - All Exchanges - Day.csv,CryptoQuant,776525,45b81084e9832a9af5de7331258b3c5f596c08806b7110742006739e1ed10d25,.csv,5122,14,2012-04-02,2026-04-10,2026-07-19,first repository inventory observation; provider retrieval time is available only where a source manifest records it,indexed
data_local/raw/cryptoquant/BTC/Exchange Flows/Bitcoin Exchange Inflow - Spent Output Value Bands - All Exchanges - Day.csv,CryptoQuant,556551,3f7bd50755bf39574216867ab0f93712cf0bf03a0edd72e2330bf7ab56e5404a,.csv,5122,9,2012-04-02,2026-04-10,2026-07-19,first repository inventory observation; provider retrieval time is available only where a source manifest records it,indexed
data_local/raw/cryptoquant/BTC/Exchange Flows/Bitcoin Exchange Netflow (Total) - All Exchanges - Day.csv,CryptoQuant,151230,7bf664014095a82594bc0a99ba3f74ee52ae96797b79cc33f9470f0de70e496a,.csv,6310,2,2009-01-01,2026-04-11,2026-07-19,first repository inventory observation; provider retrieval time is available only where a source manifest records it,indexed
data_local/raw/cryptoquant/BTC/Exchange Flows/Bitcoin Exchange Outflow (Mean) - All Exchanges - Day.csv,CryptoQuant,135705,9846ec6f8e8f16088cbcec677ec7e1f548f2bf5998d79f026b5de9d6715abf57,.csv,6310,2,2009-01-01,2026-04-11,2026-07-19,first repository inventory observation; provider retrieval time is available only where a source manifest records it,indexed
data_local/raw/cryptoquant/BTC/Exchange Flows/Bitcoin Exchange Outflow (Top10) - All Exchanges - Day.csv,CryptoQuant,153323,6e4d78c5de5feecbe655187bf72450e52f5b7927e05eb1b4fea984d6856e4456,.csv,6310,2,2009-01-01,2026-04-11,2026-07-19,first repository inventory observation; provider retrieval time is available only where a source manifest records it,indexed
data_local/raw/cryptoquant/BTC/Exchange Flows/Bitcoin Exchange Outflow (Total) - All Exchanges - Day.csv,CryptoQuant,153389,d26358109d248f95b735643c67d6532d83c546cf6eaeabcc86a611b2c637de8f,.csv,6310,2,2009-01-01,2026-04-11,2026-07-19,first repository inventory observation; provider retrieval time is available only where a source manifest records it,indexed
data_local/raw/cryptoquant/BTC/Exchange Flows/Bitcoin Exchange Reserve - All Exchanges - Day.csv,CryptoQuant,237614,c372128810599f8a96fba3de18b648d602614b034a47fdfa8db8ae01c8e47310,.csv,5123,3,2012-04-02,2026-04-11,2026-07-19,first repository inventory observation; provider retrieval time is available only where a source manifest records it,indexed
data_local/raw/cryptoquant/BTC/Exchange Flows/Bitcoin Exchange Reserve USD - All Exchanges - Day.csv,CryptoQuant,150724,26c0e04da34fa52ee85ae81b217d022bc5d2ab52833cdc24b44b679610cbdeb0,.csv,5123,2,2012-04-02,2026-04-11,2026-07-19,first repository inventory observation; provider retrieval time is available only where a source manifest records it,indexed
data_local/raw/cryptoquant/BTC/Exchange Flows/Bitcoin Exchange Withdrawing Addresses - All Exchanges - Day.csv,CryptoQuant,107044,599b989929bca896a85e360a30b8332761f7e1c7fb78eb1c287ae28b083709bc,.csv,6310,2,2009-01-01,2026-04-11,2026-07-19,first repository inventory observation; provider retrieval time is available only where a source manifest records it,indexed
data_local/raw/cryptoquant/BTC/Exchange Flows/Bitcoin Exchange Withdrawing Transactions - All Exchanges - Day.csv,CryptoQuant,103542,3a96c59ec4a50d8003e03ac10c71c6f0fc5b73801e9d3a5c570d1ed2c0886af1,.csv,6310,2,2009-01-01,2026-04-11,2026-07-19,first repository inventory observation; provider retrieval time is available only where a source manifest records it,indexed
data_local/raw/cryptoquant/BTC/Exchange Flows/README.md,CryptoQuant,6580,ebb2e9b2f3891474b736ae5c821ef88817f3c7fea2c188b881b25754c8b562b0,.md,,,,,2026-07-19,first repository inventory observation; provider retrieval time is available only where a source manifest records it,indexed
data_local/raw/cryptoquant/BTC/Fees And Revenue/Bitcoin Block Rewards - Day.csv,CryptoQuant,156891,a4d331235d56b75320f3c261a8715f7a57aaea3caec4a77dd6176c09180773f7,.csv,6307,2,2009-01-03,2026-04-10,2026-07-19,first repository inventory observation; provider retrieval time is available only where a source manifest records it,indexed
data_local/raw/cryptoquant/BTC/Fees And Revenue/Bitcoin Block Rewards USD - Day.csv,CryptoQuant,175989,349abcfeee8096f793ca89dd757e8757f7bff5ce89a89d37b96dc1df711e5b57,.csv,6307,2,2009-01-03,2026-04-10,2026-07-19,first repository inventory observation; provider retrieval time is available only where a source manifest records it,indexed
data_local/raw/cryptoquant/BTC/Fees And Revenue/Bitcoin Fees (Total) - Day.csv,CryptoQuant,144744,7cdc59a773c67ee06a809bb3de79478d66671e878470ee9c2ad8f8798bb43e04,.csv,6307,2,2009-01-03,2026-04-10,2026-07-19,first repository inventory observation; provider retrieval time is available only where a source manifest records it,indexed
data_local/raw/cryptoquant/BTC/Fees And Revenue/Bitcoin Fees per Block (Mean) - Day.csv,CryptoQuant,140015,2ed50b8ca1fe792c1af7e624479f02e576ea91dc52ed93e1af5380ee2c3212f4,.csv,6307,2,2009-01-03,2026-04-10,2026-07-19,first repository inventory observation; provider retrieval time is available only where a source manifest records it,indexed
data_local/raw/cryptoquant/BTC/Fees And Revenue/Bitcoin Fees per Block USD (Mean) - Day.csv,CryptoQuant,152204,338065f59ad27cac97285867962c94c7e2de0e449d636ee9e36341bb7fad2cda,.csv,6307,2,2009-01-03,2026-04-10,2026-07-19,first repository inventory observation; provider retrieval time is available only where a source manifest records it,indexed
data_local/raw/cryptoquant/BTC/Fees And Revenue/Bitcoin Fees per Transaction (Mean) - Day.csv,CryptoQuant,137008,46a9d66a89a89058819b9ee3aad8b2bedc401d23326aa5cbdba2674002c54f03,.csv,6307,2,2009-01-03,2026-04-10,2026-07-19,first repository inventory observation; provider retrieval time is available only where a source manifest records it,indexed
data_local/raw/cryptoquant/BTC/Fees And Revenue/Bitcoin Fees per Transaction (Median) - Day.csv,CryptoQuant,125423,be00579bd88c7d7f00b5682d5715fffc916fb0f48435fb205a1977941a132440,.csv,6307,2,2009-01-03,2026-04-10,2026-07-19,first repository inventory observation; provider retrieval time is available only where a source manifest records it,indexed
data_local/raw/cryptoquant/BTC/Fees And Revenue/Bitcoin Fees per Transaction USD (Mean) - Day.csv,CryptoQuant,139377,c0dc41ab95a4718789e32be241b3f065fbd229695800756b14595035d7041bf9,.csv,6307,2,2009-01-03,2026-04-10,2026-07-19,first repository inventory observation; provider retrieval time is available only where a source manifest records it,indexed
data_local/raw/cryptoquant/BTC/Fees And Revenue/Bitcoin Fees per Transaction USD (Median) - Day.csv,CryptoQuant,133299,9fe87ec154a03cdd826e6353e41a98ea8c886cee659240818ae7ee422fbf37a7,.csv,6307,2,2009-01-03,2026-04-10,2026-07-19,first repository inventory observation; provider retrieval time is available only where a source manifest records it,indexed
data_local/raw/cryptoquant/BTC/Fees And Revenue/Bitcoin Fees to Reward Ratio - Day.csv,CryptoQuant,139866,20d0cf8cab081922ead1356c710b0c27cd52988bb5a9a05ea8e20f0faf7d5fd9,.csv,6307,2,2009-01-03,2026-04-10,2026-07-19,first repository inventory observation; provider retrieval time is available only where a source manifest records it,indexed
data_local/raw/cryptoquant/BTC/Fees And Revenue/Bitcoin Fees USD (Total) - Day.csv,CryptoQuant,163350,b7392ee477ad71ec3770b714f6676d62cb04509b421ef03deecf9de20662a13e,.csv,6307,2,2009-01-03,2026-04-10,2026-07-19,first repository inventory observation; provider retrieval time is available only where a source manifest records it,indexed
data_local/raw/cryptoquant/BTC/Fees And Revenue/README.md,CryptoQuant,4052,f807b08b822cb0c988669510e1d7b9dcf09b6274e08ca3674c30d2e21ab79376,.md,,,,,2026-07-19,first repository inventory observation; provider retrieval time is available only where a source manifest records it,indexed
data_local/raw/cryptoquant/BTC/Flow Indicator/Bitcoin Exchange Inflow CDD - All Exchanges - Day.csv,CryptoQuant,140074,34044e337a07ac67d91ff8e86a7d7fb71d0472bdcc2c01fde95eb40c486f9a7f,.csv,5122,2,2012-04-02,2026-04-10,2026-07-19,first repository inventory observation; provider retrieval time is available only where a source manifest records it,indexed
data_local/raw/cryptoquant/BTC/Flow Indicator/Bitcoin Exchange Stablecoins Ratio - All Exchanges - Day.csv,CryptoQuant,21917,b02ae420da760267cc86531962c82c1e1edacac2f13d0d736c4b1d7c7713d034,.csv,1000,2,2023-07-16,2026-04-10,2026-07-19,first repository inventory observation; provider retrieval time is available only where a source manifest records it,indexed
data_local/raw/cryptoquant/BTC/Flow Indicator/Bitcoin Exchange Stablecoins Ratio USD - All Exchanges - Day.csv,CryptoQuant,22913,34ad1931da8fb73f7e1abb2b8ef3709a14399d272168875de3b687209aae4ba6,.csv,1000,2,2023-07-16,2026-04-10,2026-07-19,first repository inventory observation; provider retrieval time is available only where a source manifest records it,indexed
data_local/raw/cryptoquant/BTC/Flow Indicator/Bitcoin Exchange Supply Ratio - All Exchanges - Day.csv,CryptoQuant,136027,737e591278a08541865421c86e517320c84018d9f968fde23d07c53995433236,.csv,6307,2,2009-01-03,2026-04-10,2026-07-19,first repository inventory observation; provider retrieval time is available only where a source manifest records it,indexed
data_local/raw/cryptoquant/BTC/Flow Indicator/Bitcoin Exchange Whale Ratio - All Exchanges - Day.csv,CryptoQuant,116595,1d66ddcbab425dc89cc9cc81c3e33b515ffbba7e97df927cac545dcf12d67dc4,.csv,5122,2,2012-04-02,2026-04-10,2026-07-19,first repository inventory observation; provider retrieval time is available only where a source manifest records it,indexed
data_local/raw/cryptoquant/BTC/Flow Indicator/Bitcoin Fund Flow Ratio - All Exchanges - Day.csv,CryptoQuant,134559,a52f59bdbbed95aa39e050ac1400298617cb4d23dffbc91fccb01c8bfd6edae2,.csv,6307,2,2009-01-03,2026-04-10,2026-07-19,first repository inventory observation; provider retrieval time is available only where a source manifest records it,indexed
data_local/raw/cryptoquant/BTC/Flow Indicator/Bitcoin Stablecoin Supply Ratio (SSR) - Day.csv,CryptoQuant,45369,234e705dc0958ef1fbbc713b2fc587e52d0469280807ee067731a6c0c2005971,.csv,1927,2,2020-12-31,2026-04-10,2026-07-19,first repository inventory observation; provider retrieval time is available only where a source manifest records it,indexed
data_local/raw/cryptoquant/BTC/Flow Indicator/README.md,CryptoQuant,3445,f45c2a667a13fb9d9ad37f8a8455959fb9686667009d060628bc695ff33a1128,.md,,,,,2026-07-19,first repository inventory observation; provider retrieval time is available only where a source manifest records it,indexed
data_local/raw/cryptoquant/BTC/Fund Data/Bitcoin Coinbase Premium Gap - Day.csv,CryptoQuant,56766,c85b7de21d12a49f166d3eac28927801ebce8f2559b1ff2db245bd9bbbf1e252,.csv,3159,2,2017-08-17,2026-04-10,2026-07-19,first repository inventory observation; provider retrieval time is available only where a source manifest records it,indexed
data_local/raw/cryptoquant/BTC/Fund Data/Bitcoin Coinbase Premium Index - Day.csv,CryptoQuant,73524,b7550fa6e96453a065f0b0d63a55a145064e68445631ac9a05bd97e5fa5d408d,.csv,3159,2,2017-08-17,2026-04-10,2026-07-19,first repository inventory observation; provider retrieval time is available only where a source manifest records it,indexed
data_local/raw/cryptoquant/BTC/Fund Data/Bitcoin Fund Holdings - All Symbol - Day.csv,CryptoQuant,63964,5e4745edf4c9ca77252eba4bb1870432596833f7a60622029fbf99be33c44fc3,.csv,2131,2,2020-06-09,2026-04-09,2026-07-19,first repository inventory observation; provider retrieval time is available only where a source manifest records it,indexed
data_local/raw/cryptoquant/BTC/Fund Data/Bitcoin Fund Market Premium - All Symbol - Day.csv,CryptoQuant,47037,c4a821b7c182a8cd8da09919d82c4e7a1393082f2f359681667b7a7d79636375,.csv,1506,2,2020-06-09,2026-04-09,2026-07-19,first repository inventory observation; provider retrieval time is available only where a source manifest records it,indexed
data_local/raw/cryptoquant/BTC/Fund Data/Bitcoin Fund Price (USD) - GBTC - Day.csv,CryptoQuant,54817,2cbb952310ac1241d7b031fe101ed33b06f6234cfd64b817e373c62c3365742c,.csv,2746,2,2015-05-04,2026-04-02,2026-07-19,first repository inventory observation; provider retrieval time is available only where a source manifest records it,indexed
data_local/raw/cryptoquant/BTC/Fund Data/Bitcoin Fund Volume - All Symbol - Day.csv,CryptoQuant,54882,91a95bd1e90c1dbfda7d49f4e867fc84c7f0e9bec9069dcbc0999e8e9f01ea08,.csv,2792,2,2015-05-04,2026-04-09,2026-07-19,first repository inventory observation; provider retrieval time is available only where a source manifest records it,indexed
data_local/raw/cryptoquant/BTC/Fund Data/Bitcoin Korea Premium Index - Day.csv,CryptoQuant,35797,4cb8b70c435f6825407f61ae2d2981e587c1f4cecd60ec7956f16f8cdc2332b6,.csv,2095,2,2020-07-16,2026-04-10,2026-07-19,first repository inventory observation; provider retrieval time is available only where a source manifest records it,indexed
data_local/raw/cryptoquant/BTC/Fund Data/README.md,CryptoQuant,3188,b0ebff971eed187da17dd03b3b848c1b5204730e6d0142aff7e194b919a3f853,.md,,,,,2026-07-19,first repository inventory observation; provider retrieval time is available only where a source manifest records it,indexed
"data_local/raw/cryptoquant/BTC/Inter Entity Flows/Bitcoin Exchange to Exchange Flow (Mean) - All Exchanges, Spot Exchanges - Day.csv",CryptoQuant,131872,f040f21a48de933104eda992ceaf6245f94c97e2b4cfb23b20cd3ce9f5007486,.csv,6310,2,2009-01-01,2026-04-11,2026-07-19,first repository inventory observation; provider retrieval time is available only where a source manifest records it,indexed
"data_local/raw/cryptoquant/BTC/Inter Entity Flows/Bitcoin Exchange to Exchange Flow (Total) - All Exchanges, Spot Exchanges - Day.csv",CryptoQuant,144247,f0c8cbbd61eaf3689f3024c8c4ff1fa07f4b200190d536c2f507261d5e5db442,.csv,6310,2,2009-01-01,2026-04-11,2026-07-19,first repository inventory observation; provider retrieval time is available only where a source manifest records it,indexed
"data_local/raw/cryptoquant/BTC/Inter Entity Flows/Bitcoin Exchange to Exchange Transactions - All Exchanges, Spot Exchanges - Day.csv",CryptoQuant,99498,4418ac644fbae295a1e1511511d3fcd669c57e6d6c0387c17585407dc14c39ab,.csv,6310,2,2009-01-01,2026-04-11,2026-07-19,first repository inventory observation; provider retrieval time is available only where a source manifest records it,indexed
"data_local/raw/cryptoquant/BTC/Inter Entity Flows/Bitcoin Miner to Miner Flow (Mean) - All Miners, 1THash - Day.csv",CryptoQuant,32651,028603a949e31cc03b30d77e291f260e802ed02aa7b2d5c7db1ce7fcf7593437,.csv,1903,2,2021-01-24,2026-04-10,2026-07-19,first repository inventory observation; provider retrieval time is available only where a source manifest records it,indexed
"data_local/raw/cryptoquant/BTC/Inter Entity Flows/Bitcoin Miner to Miner Flow (Total) - All Miners, 1THash - Day.csv",CryptoQuant,32654,2e35ede99bc40bf11d6f2c389aeb863db7bd27cc3916aa6e14f17dd632892e28,.csv,1903,2,2021-01-24,2026-04-10,2026-07-19,first repository inventory observation; provider retrieval time is available only where a source manifest records it,indexed
"data_local/raw/cryptoquant/BTC/Inter Entity Flows/Bitcoin Miner to Miner Transactions - All Miners, 1THash - Day.csv",CryptoQuant,26677,3b52070a7a5840a03cf0ba7862420458a04bffc4a52cc057fc89373d4e7ff177,.csv,1903,2,2021-01-24,2026-04-10,2026-07-19,first repository inventory observation; provider retrieval time is available only where a source manifest records it,indexed
data_local/raw/cryptoquant/BTC/Inter Entity Flows/README.md,CryptoQuant,3633,df2936ba9d9faf29a31cac731e4ead1a9fbed69713a420619b82a6165dcda08c,.md,,,,,2026-07-19,first repository inventory observation; provider retrieval time is available only where a source manifest records it,indexed
data_local/raw/cryptoquant/BTC/Market Data/Bitcoin Average Cap - Day.csv,CryptoQuant,184768,d058c78576aefefdea718a6dcc192675a3f58deb21a49d4f45250cfbaa50c9ab,.csv,6307,2,2009-01-03,2026-04-10,2026-07-19,first repository inventory observation; provider retrieval time is available only where a source manifest records it,indexed
data_local/raw/cryptoquant/BTC/Market Data/Bitcoin Delta Cap - Day.csv,CryptoQuant,183774,80aa3ebd9970df96a621438d3d1a09b68ff48cb5ea297994d5d0ffaa1555e6b3,.csv,6307,2,2009-01-03,2026-04-10,2026-07-19,first repository inventory observation; provider retrieval time is available only where a source manifest records it,indexed
data_local/raw/cryptoquant/BTC/Market Data/Bitcoin Exchange Supply - Day.csv,CryptoQuant,647809,5cbe80871571a117d66f0b035fd026865abd41b6ed5fc4fc684bf53b60b73b41,.csv,6307,7,2009-01-03,2026-04-10,2026-07-19,first repository inventory observation; provider retrieval time is available only where a source manifest records it,indexed
data_local/raw/cryptoquant/BTC/Market Data/Bitcoin Geographical Supply Distribution by Entities - Day.csv,CryptoQuant,384413,0b6247772139fc7d83c775313a377c078e05cb1fc06ccf4edff527ab9f7ccfcc,.csv,7305,4,2006-04-11,2026-04-10,2026-07-19,first repository inventory observation; provider retrieval time is available only where a source manifest records it,indexed
data_local/raw/cryptoquant/BTC/Market Data/Bitcoin Market Cap - Day.csv,CryptoQuant,182875,449f074d7d4b237b549de6342a64f38dbab2e6646fc5c4df8ba636d77b2f8294,.csv,6307,2,2009-01-03,2026-04-10,2026-07-19,first repository inventory observation; provider retrieval time is available only where a source manifest records it,indexed
"data_local/raw/cryptoquant/BTC/Market Data/Bitcoin Price & Volume - Spot, All Exchanges, BTC-USD - Day.csv",CryptoQuant,453258,fdd735ea8648182c2bc7939f2688adc036fd19e2f9d1c5ed6c4ea85b1eff3d77,.csv,6308,6,2009-01-03,2026-04-11,2026-07-19,first repository inventory observation; provider retrieval time is available only where a source manifest records it,indexed
data_local/raw/cryptoquant/BTC/Market Data/Bitcoin Price & Volume KRW - Spot - Day.csv,CryptoQuant,398861,bbe2dd60571b9adc1a8257f1969d5ede65d4f6d080b4d09c8f7493759cedb7f7,.csv,4594,6,2013-09-03,2026-04-10,2026-07-19,first repository inventory observation; provider retrieval time is available only where a source manifest records it,indexed
data_local/raw/cryptoquant/BTC/Market Data/Bitcoin Realized Cap - Day.csv,CryptoQuant,183951,28406b27195cd2afd879104cf57dafce079c9006a608fbfc187df8fe117a6163,.csv,6307,2,2009-01-03,2026-04-10,2026-07-19,first repository inventory observation; provider retrieval time is available only where a source manifest records it,indexed
data_local/raw/cryptoquant/BTC/Market Data/Bitcoin Realized Cap - UTXO Age Bands (%) - Day.csv,CryptoQuant,303310,2b95463570c6c6f82f60ec64c3f1012e7206a63fc2d89af58ad832c47a1779a6,.csv,1927,14,2020-12-31,2026-04-10,2026-07-19,first repository inventory observation; provider retrieval time is available only where a source manifest records it,indexed
data_local/raw/cryptoquant/BTC/Market Data/Bitcoin Realized Cap - UTXO Age Bands USD - Day.csv,CryptoQuant,1296047,60943257f8f7034ddae42b011916c0283a535e9db17d492068e11152bbc61b17,.csv,6307,14,2009-01-03,2026-04-10,2026-07-19,first repository inventory observation; provider retrieval time is available only where a source manifest records it,indexed
data_local/raw/cryptoquant/BTC/Market Data/Bitcoin Realized Cap - UTXO Value Bands (%) - Day.csv,CryptoQuant,195233,e126423dc0c667285195a34083fb1326b726303e92dd74dfea68839a2fe307a3,.csv,1927,9,2020-12-31,2026-04-10,2026-07-19,first repository inventory observation; provider retrieval time is available only where a source manifest records it,indexed
data_local/raw/cryptoquant/BTC/Market Data/Bitcoin Realized Cap - UTXO Value Bands USD - Day.csv,CryptoQuant,870733,6c744042f00968a6a93f54e90949a58b1ab3cb685fce0bdf587d42305440dabe,.csv,6307,9,2009-01-03,2026-04-10,2026-07-19,first repository inventory observation; provider retrieval time is available only where a source manifest records it,indexed
data_local/raw/cryptoquant/BTC/Market Data/Bitcoin Taker Buy Ratio - All Exchanges - Day.csv,CryptoQuant,88214,6589ae6e162f05b71357db1499faf6c2323d5bbce4c03b97596d6c394fff85c1,.csv,3851,2,2015-09-26,2026-04-11,2026-07-19,first repository inventory observation; provider retrieval time is available only where a source manifest records it,indexed
data_local/raw/cryptoquant/BTC/Market Data/Bitcoin Taker Buy Sell Ratio - All Exchanges - Day.csv,CryptoQuant,88176,a16b36c96eb9fe380d11d350038172fde5c06ad52401f9336200a15c9b189ac8,.csv,3851,2,2015-09-26,2026-04-11,2026-07-19,first repository inventory observation; provider retrieval time is available only where a source manifest records it,indexed
data_local/raw/cryptoquant/BTC/Market Data/Bitcoin Taker Buy Volume - All Exchanges - Day.csv,CryptoQuant,103223,69450a786308d002eabd556d9ccb5b71977114a5a0ed98d06124822ae7f68c27,.csv,3851,2,2015-09-26,2026-04-11,2026-07-19,first repository inventory observation; provider retrieval time is available only where a source manifest records it,indexed
data_local/raw/cryptoquant/BTC/Market Data/Bitcoin Taker Sell Ratio - All Exchanges - Day.csv,CryptoQuant,88215,402c942ff7104019d1f473f416c3e23658358121f62816eb98140ada46b2559a,.csv,3851,2,2015-09-26,2026-04-11,2026-07-19,first repository inventory observation; provider retrieval time is available only where a source manifest records it,indexed
data_local/raw/cryptoquant/BTC/Market Data/Bitcoin Taker Sell Volume - All Exchanges - Day.csv,CryptoQuant,103288,f318b6bcab182612bcbf81df7af412d5e5f31a76ce59d1782cdf0f0b34ac6e97,.csv,3851,2,2015-09-26,2026-04-11,2026-07-19,first repository inventory observation; provider retrieval time is available only where a source manifest records it,indexed
data_local/raw/cryptoquant/BTC/Market Data/Bitcoin Thermo Cap - Day.csv,CryptoQuant,184332,1d88359a79ba73d2ab562109ad6357dc3de43d68de5fa1c91c6c6fbfdfafd5a3,.csv,6307,2,2009-01-03,2026-04-10,2026-07-19,first repository inventory observation; provider retrieval time is available only where a source manifest records it,indexed
data_local/raw/cryptoquant/BTC/Market Data/Bitcoin Trading Volume (KYC VS. Non-KYC) - Day.csv,CryptoQuant,212713,ab9cc2a974e340061c149b0511b78555d1375e5f5f50ca9ec7eeafe4c65558f7,.csv,4555,3,2013-10-21,2026-04-10,2026-07-19,first repository inventory observation; provider retrieval time is available only where a source manifest records it,indexed
data_local/raw/cryptoquant/BTC/Market Data/Bitcoin Trading Volume (Spot VS. Derivative) - Day.csv,CryptoQuant,207719,45edebb8bed8286b7a84c13c635f920f729a75db2f1ceef2e9fcee4cded6bbb5,.csv,4555,3,2013-10-21,2026-04-10,2026-07-19,first repository inventory observation; provider retrieval time is available only where a source manifest records it,indexed
data_local/raw/cryptoquant/BTC/Market Data/README.md,CryptoQuant,6884,373f61d32cd54bffce648b74edafa763b9e7411961632d914425ef206a594e49,.md,,,,,2026-07-19,first repository inventory observation; provider retrieval time is available only where a source manifest records it,indexed
data_local/raw/cryptoquant/BTC/Market Indicator/Bitcoin Adjusted SOPR (aSOPR) - Day.csv,CryptoQuant,140004,1cbebd3c487571d2c132bb2281acb01b20d04d7385ba3afe2d3061574b251fb8,.csv,6307,2,2009-01-03,2026-04-10,2026-07-19,first repository inventory observation; provider retrieval time is available only where a source manifest records it,indexed
data_local/raw/cryptoquant/BTC/Market Indicator/Bitcoin Average Dormancy - Day.csv,CryptoQuant,44970,55e973007ff0eaf17bbadeddf4783a1fd7aa55e804393d112972426057aa8096,.csv,1927,2,2020-12-31,2026-04-10,2026-07-19,first repository inventory observation; provider retrieval time is available only where a source manifest records it,indexed
data_local/raw/cryptoquant/BTC/Market Indicator/Bitcoin Average Supply-Adjusted CDD - Day.csv,CryptoQuant,44153,909e0b2a6677be24fa1b73ff9fba12433421a827a22b6d3372f7a39167d4fe56,.csv,1927,2,2020-12-31,2026-04-10,2026-07-19,first repository inventory observation; provider retrieval time is available only where a source manifest records it,indexed
data_local/raw/cryptoquant/BTC/Market Indicator/Bitcoin Binary CDD - Day.csv,CryptoQuant,88315,18b1454ab15a915aaa5ad9e0b074632021dd2b36ef6793b09a06db1e8720148e,.csv,6307,2,2009-01-03,2026-04-10,2026-07-19,first repository inventory observation; provider retrieval time is available only where a source manifest records it,indexed
data_local/raw/cryptoquant/BTC/Market Indicator/Bitcoin Long Term Holder SOPR - Day.csv,CryptoQuant,139008,ae307f9756ba4cc1ca2c5685457aaee148d913efd77b1cce87e4fba4cdda0a64,.csv,6307,2,2009-01-03,2026-04-10,2026-07-19,first repository inventory observation; provider retrieval time is available only where a source manifest records it,indexed
data_local/raw/cryptoquant/BTC/Market Indicator/Bitcoin Mean Coin Age - Day.csv,CryptoQuant,49913,9b83cf4e84da7feea4c591c00d512d1275ae9505dce9f906e5d5c602c1f20020,.csv,1927,2,2020-12-31,2026-04-10,2026-07-19,first repository inventory observation; provider retrieval time is available only where a source manifest records it,indexed
data_local/raw/cryptoquant/BTC/Market Indicator/Bitcoin Mean Coin Dollar Age - Day.csv,CryptoQuant,56855,5c28e78642b0f193873b88b4ea636b75201dba74b800ce5c16eab60fb7e8dea7,.csv,1927,2,2020-12-31,2026-04-10,2026-07-19,first repository inventory observation; provider retrieval time is available only where a source manifest records it,indexed
data_local/raw/cryptoquant/BTC/Market Indicator/Bitcoin MVRV Ratio - Day.csv,CryptoQuant,141743,f2a7995061635dedabc0bee7b4552930d98ee46cdfb98ff1429cc5921a2064e7,.csv,6307,2,2009-01-03,2026-04-10,2026-07-19,first repository inventory observation; provider retrieval time is available only where a source manifest records it,indexed
data_local/raw/cryptoquant/BTC/Market Indicator/Bitcoin Net Unrealized Loss (NUL) - Day.csv,CryptoQuant,44041,456bda946394879ec2445dba2d095f213deb859b976351aaefafc7f2bea7d207,.csv,1927,2,2020-12-31,2026-04-10,2026-07-19,first repository inventory observation; provider retrieval time is available only where a source manifest records it,indexed
data_local/raw/cryptoquant/BTC/Market Indicator/Bitcoin Net Unrealized Profit (NUP) - Day.csv,CryptoQuant,44164,ff8212c8b8f368fa69958826991a29257954438fc48c5d9d2bdaa2d945c20900,.csv,1927,2,2020-12-31,2026-04-10,2026-07-19,first repository inventory observation; provider retrieval time is available only where a source manifest records it,indexed
data_local/raw/cryptoquant/BTC/Market Indicator/Bitcoin Net Unrealized Profit_Loss (NUPL) - Day.csv,CryptoQuant,44320,aa736cc770f6fde91f65a11f461b432b485233e7418364683f18641795793176,.csv,1927,2,2020-12-31,2026-04-10,2026-07-19,first repository inventory observation; provider retrieval time is available only where a source manifest records it,indexed
data_local/raw/cryptoquant/BTC/Market Indicator/Bitcoin NVM Ratio - Day.csv,CryptoQuant,44112,fb2ea7b7f9c66611c8b6e596eceb3d0700f7f6e63cb07677ae03ba6e0174fb72,.csv,1927,2,2020-12-31,2026-04-10,2026-07-19,first repository inventory observation; provider retrieval time is available only where a source manifest records it,indexed
data_local/raw/cryptoquant/BTC/Market Indicator/Bitcoin NVT Golden Cross - Day.csv,CryptoQuant,60115,7f44c2a2db8aa3cc23510bdee0be6ebcdcb3b10f87dcf373d3854f4da892c0d3,.csv,1927,2,2020-12-31,2026-04-10,2026-07-19,first repository inventory observation; provider retrieval time is available only where a source manifest records it,indexed
data_local/raw/cryptoquant/BTC/Market Indicator/Bitcoin NVT Ratio - Day.csv,CryptoQuant,45528,38b5111317a7a66418ef2fc4cf1a697b53785f370f72ce2645066c6cdc21291b,.csv,1927,2,2020-12-31,2026-04-10,2026-07-19,first repository inventory observation; provider retrieval time is available only where a source manifest records it,indexed
data_local/raw/cryptoquant/BTC/Market Indicator/Bitcoin Puell Multiple - Day.csv,CryptoQuant,59227,e3a7c7a6e51c6c2f4f6c88c695c780c3bb7bdc1caf53250cd4a9fd2836948e6c,.csv,1927,2,2020-12-31,2026-04-10,2026-07-19,first repository inventory observation; provider retrieval time is available only where a source manifest records it,indexed
data_local/raw/cryptoquant/BTC/Market Indicator/Bitcoin Realized Price - Day.csv,CryptoQuant,51848,aba9d3c3e79c6474e199c1958824fd674e39100e9b70d94cf4d5a9b45693dbf0,.csv,1927,2,2020-12-31,2026-04-10,2026-07-19,first repository inventory observation; provider retrieval time is available only where a source manifest records it,indexed
data_local/raw/cryptoquant/BTC/Market Indicator/Bitcoin Realized Price - UTXO Age Bands - Day.csv,CryptoQuant,1018169,f0eebcfd59767ad156f55cbc411085e943c475864f9751410de7c9ecc50e39a7,.csv,6307,14,2009-01-03,2026-04-10,2026-07-19,first repository inventory observation; provider retrieval time is available only where a source manifest records it,indexed
data_local/raw/cryptoquant/BTC/Market Indicator/Bitcoin Short Term Holder SOPR - Day.csv,CryptoQuant,139929,39eb6009df66697c9d372ee39e7370853ed37cd6f0885010ea9b49d41fc8bfd2,.csv,6307,2,2009-01-03,2026-04-10,2026-07-19,first repository inventory observation; provider retrieval time is available only where a source manifest records it,indexed
data_local/raw/cryptoquant/BTC/Market Indicator/Bitcoin SOPR Ratio (LTH-SOPR_STH-SOPR) - Day.csv,CryptoQuant,181543,1bc03c4affa9bba4b8314fd1b2648ac3aae52d3d0fa653e0409d50833be84b75,.csv,6307,2,2009-01-03,2026-04-10,2026-07-19,first repository inventory observation; provider retrieval time is available only where a source manifest records it,indexed
data_local/raw/cryptoquant/BTC/Market Indicator/Bitcoin Spent Output Age Bands (%) - Day.csv,CryptoQuant,840266,0329f9908f9ec5781b49fdd4ac144db793d8d71aea6281ce678e7ddd2566a8fb,.csv,6307,14,2009-01-03,2026-04-10,2026-07-19,first repository inventory observation; provider retrieval time is available only where a source manifest records it,indexed
data_local/raw/cryptoquant/BTC/Market Indicator/Bitcoin Spent Output Age Bands - Day.csv,CryptoQuant,363279,95da1cd9eb39497f7d38331521c4663aea10a75b31ee5795ec8af9412a74067b,.csv,1927,14,2020-12-31,2026-04-10,2026-07-19,first repository inventory observation; provider retrieval time is available only where a source manifest records it,indexed
data_local/raw/cryptoquant/BTC/Market Indicator/Bitcoin Spent Output Age Bands USD - Day.csv,CryptoQuant,1118100,efc0ee7c9d36e86bc5c9aff2baa075eb426c8a1d261620129f7426aeffcefdeb,.csv,6307,14,2009-01-03,2026-04-10,2026-07-19,first repository inventory observation; provider retrieval time is available only where a source manifest records it,indexed
data_local/raw/cryptoquant/BTC/Market Indicator/Bitcoin Spent Output Profit Ratio (SOPR) - Day.csv,CryptoQuant,140033,5c16613a32737dc093d8239e4f5810b4393854523a01b6a6ecead59fdfa3e97e,.csv,6307,2,2009-01-03,2026-04-10,2026-07-19,first repository inventory observation; provider retrieval time is available only where a source manifest records it,indexed
data_local/raw/cryptoquant/BTC/Market Indicator/Bitcoin Spent Output Value Bands (%) - Day.csv,CryptoQuant,196780,ab8d1dc7b1428594624a1b603c4e14ef82633cd7a782f128b458eeb8af7650bc,.csv,1927,9,2020-12-31,2026-04-10,2026-07-19,first repository inventory observation; provider retrieval time is available only where a source manifest records it,indexed
data_local/raw/cryptoquant/BTC/Market Indicator/Bitcoin Spent Output Value Bands - Day.csv,CryptoQuant,254499,3298cb04c8d3d1177062edacb94ed295bc9a485aca7b265c65e17547f7f61b35,.csv,1927,9,2020-12-31,2026-04-10,2026-07-19,first repository inventory observation; provider retrieval time is available only where a source manifest records it,indexed
data_local/raw/cryptoquant/BTC/Market Indicator/Bitcoin Spent Output Value Bands USD - Day.csv,CryptoQuant,292162,a282168aa33532e92d99e78f4c35ed5339fc829873e02fb957eb28ac8f063884,.csv,1927,9,2020-12-31,2026-04-10,2026-07-19,first repository inventory observation; provider retrieval time is available only where a source manifest records it,indexed
"data_local/raw/cryptoquant/BTC/Market Indicator/Bitcoin Spot Taker CVD(Cumulative Volume Delta, 90-day) - Day.csv",CryptoQuant,87799,68a53b8b5b01d5baddf45ef13767d77ffbc3f99ae26a0440ef8108ac9ef78f00,.csv,3388,4,2017-01-01,2026-04-11,2026-07-19,first repository inventory observation; provider retrieval time is available only where a source manifest records it,indexed
data_local/raw/cryptoquant/BTC/Market Indicator/Bitcoin Stock-to-Flow Ratio - Day.csv,CryptoQuant,51845,5afcf55cffcb560a37581e58e0710f8425ace2f9e0fca838b3cbc65198687ee7,.csv,1927,2,2020-12-31,2026-04-10,2026-07-19,first repository inventory observation; provider retrieval time is available only where a source manifest records it,indexed
data_local/raw/cryptoquant/BTC/Market Indicator/Bitcoin Stock-to-Flow Reversion - Day.csv,CryptoQuant,44126,39cb336d10f9bb561b5b7851e4913f493c18e1dc20ff0acdf64fbb89cfbc6b35,.csv,1927,2,2020-12-31,2026-04-10,2026-07-19,first repository inventory observation; provider retrieval time is available only where a source manifest records it,indexed
data_local/raw/cryptoquant/BTC/Market Indicator/Bitcoin Sum Coin Age - Day.csv,CryptoQuant,58473,2ebb3d59f0c8000fe5919e5526ce236604c56606142bea0cca942b8c20d9d175,.csv,1927,2,2020-12-31,2026-04-10,2026-07-19,first repository inventory observation; provider retrieval time is available only where a source manifest records it,indexed
data_local/raw/cryptoquant/BTC/Market Indicator/Bitcoin Sum Coin Age Distribution (%) - Day.csv,CryptoQuant,913030,4c7db9979680fadbe4f193d9454f2cff3296ea591724841a6417e9f502dfb94f,.csv,6307,14,2009-01-03,2026-04-10,2026-07-19,first repository inventory observation; provider retrieval time is available only where a source manifest records it,indexed
data_local/raw/cryptoquant/BTC/Market Indicator/Bitcoin Sum Coin Age Distribution - Day.csv,CryptoQuant,469999,2d83369cce4fa78bb847aad6f30a4a5f70f9697cb6a0a00639e8e37a52cdd5fa,.csv,1927,14,2020-12-31,2026-04-10,2026-07-19,first repository inventory observation; provider retrieval time is available only where a source manifest records it,indexed
data_local/raw/cryptoquant/BTC/Market Indicator/Bitcoin Sum Coin Dollar Age - Day.csv,CryptoQuant,58524,48ff95606a73dcd5e3eacedfbee8acb305489ea2e509ada1c73ad6309ef9a5f2,.csv,1927,2,2020-12-31,2026-04-10,2026-07-19,first repository inventory observation; provider retrieval time is available only where a source manifest records it,indexed
data_local/raw/cryptoquant/BTC/Market Indicator/Bitcoin Supply Adjusted Dormancy - Day.csv,CryptoQuant,38084,3ebce2a19c81dc127efe5dd0b4c50530c9b6e077b6bb664c192798f6e888036b,.csv,1927,2,2020-12-31,2026-04-10,2026-07-19,first repository inventory observation; provider retrieval time is available only where a source manifest records it,indexed
data_local/raw/cryptoquant/BTC/Market Indicator/Bitcoin Supply in Loss (%) - Day.csv,CryptoQuant,45569,71bc88ed120afab0651806041973e3fac040782baad3edf9372952ccc75516db,.csv,1927,2,2020-12-31,2026-04-10,2026-07-19,first repository inventory observation; provider retrieval time is available only where a source manifest records it,indexed
data_local/raw/cryptoquant/BTC/Market Indicator/Bitcoin Supply in Loss - Day.csv,CryptoQuant,55391,0f5f83924432a3d6c47768085dd0b38fc12d98f09e874aedb502a6fb12945964,.csv,1927,2,2020-12-31,2026-04-10,2026-07-19,first repository inventory observation; provider retrieval time is available only where a source manifest records it,indexed
data_local/raw/cryptoquant/BTC/Market Indicator/Bitcoin Supply in Profit (%) - Day.csv,CryptoQuant,46097,5a2e3c126e20d1c1c6a121d935627de40c21f68a172c6cee6edbcfc05c4bf601,.csv,1927,2,2020-12-31,2026-04-10,2026-07-19,first repository inventory observation; provider retrieval time is available only where a source manifest records it,indexed
data_local/raw/cryptoquant/BTC/Market Indicator/Bitcoin Supply in Profit - Day.csv,CryptoQuant,57550,4998aa9c646f78915e08d1a09083e54a1e4cbdc7fdea9525fb035a072918f6ba,.csv,1927,2,2020-12-31,2026-04-10,2026-07-19,first repository inventory observation; provider retrieval time is available only where a source manifest records it,indexed
data_local/raw/cryptoquant/BTC/Market Indicator/Bitcoin Supply-Adjusted CDD - Day.csv,CryptoQuant,44132,e142d0c0a2915d3f77fde440e8750414e9644b517c0c1ab276b185199cbb19fa,.csv,1927,2,2020-12-31,2026-04-10,2026-07-19,first repository inventory observation; provider retrieval time is available only where a source manifest records it,indexed
data_local/raw/cryptoquant/BTC/Market Indicator/README.md,CryptoQuant,8550,1ce3238a325139ba8b5862fa309e1c0e375e0d12e823943cd89b686a1ece5d95,.md,,,,,2026-07-19,first repository inventory observation; provider retrieval time is available only where a source manifest records it,indexed
"data_local/raw/cryptoquant/BTC/Miner Flows/Bitcoin Exchange to Miner Flow (Mean) - All Exchanges, All Miners - Day.csv",CryptoQuant,112776,9fc76e4629a757e418e2fb7d1a5790d679148395309ce6d53b963f96ee6eca6e,.csv,5023,2,2012-07-11,2026-04-11,2026-07-19,first repository inventory observation; provider retrieval time is available only where a source manifest records it,indexed
"data_local/raw/cryptoquant/BTC/Miner Flows/Bitcoin Exchange to Miner Flow (Total) - All Exchanges, All Miners - Day.csv",CryptoQuant,122596,cf81a32343691eb4a52c8047a943cd5746bd566c7c8a26d916b894ed11bd599f,.csv,5023,2,2012-07-11,2026-04-11,2026-07-19,first repository inventory observation; provider retrieval time is available only where a source manifest records it,indexed
"data_local/raw/cryptoquant/BTC/Miner Flows/Bitcoin Exchange to Miner Transactions - All Exchanges, All Miners - Day.csv",CryptoQuant,80121,f3f9943327138478aa2c95c249543fc86be291eb31d5db3dc72155db668402e7,.csv,5023,2,2012-07-11,2026-04-11,2026-07-19,first repository inventory observation; provider retrieval time is available only where a source manifest records it,indexed
data_local/raw/cryptoquant/BTC/Miner Flows/Bitcoin Miner Depositing Addresses - All Miners - Day.csv,CryptoQuant,108132,b7f4652f8f3cd7d6cb23f6b2bb39472e1e3e8085317295f8e656ab74577db8eb,.csv,6302,2,2009-01-09,2026-04-11,2026-07-19,first repository inventory observation; provider retrieval time is available only where a source manifest records it,indexed
data_local/raw/cryptoquant/BTC/Miner Flows/Bitcoin Miner Depositing Transactions - All Miners - Day.csv,CryptoQuant,107757,19d82989f25df4fe015df4de7eef66db13a96666fc29a923ffd62f3394d3331e,.csv,6302,2,2009-01-09,2026-04-11,2026-07-19,first repository inventory observation; provider retrieval time is available only where a source manifest records it,indexed
data_local/raw/cryptoquant/BTC/Miner Flows/Bitcoin Miner In-House Flow (Mean) - All Miners - Day.csv,CryptoQuant,143593,930d942e32d5b554247347c72607f809864bf7b46922c59726bd0b83774db6ab,.csv,6299,2,2009-01-12,2026-04-11,2026-07-19,first repository inventory observation; provider retrieval time is available only where a source manifest records it,indexed
data_local/raw/cryptoquant/BTC/Miner Flows/Bitcoin Miner In-House Flow (Total) - All Miners - Day.csv,CryptoQuant,158458,b0cdacd2411ddb8ee6564f74940434920077c4aad0a84bd3b2265a52f4c9c8ce,.csv,6299,2,2009-01-12,2026-04-11,2026-07-19,first repository inventory observation; provider retrieval time is available only where a source manifest records it,indexed
data_local/raw/cryptoquant/BTC/Miner Flows/Bitcoin Miner In-House Transactions - All Miners - Day.csv,CryptoQuant,103095,c3a52240cbe9309b23a2d44d253113cdf00b511c60d9b3b4a3327d33eb234c41,.csv,6299,2,2009-01-12,2026-04-11,2026-07-19,first repository inventory observation; provider retrieval time is available only where a source manifest records it,indexed
data_local/raw/cryptoquant/BTC/Miner Flows/Bitcoin Miner Inflow (Mean) - All Miners - Day.csv,CryptoQuant,142920,50cc93ef2d50679a334bd58112fc76acba318caab873048ec338a854ab0c001a,.csv,6302,2,2009-01-09,2026-04-11,2026-07-19,first repository inventory observation; provider retrieval time is available only where a source manifest records it,indexed
data_local/raw/cryptoquant/BTC/Miner Flows/Bitcoin Miner Inflow (Top10) - All Miners - Day.csv,CryptoQuant,158061,407b98f1f395049001ae2fb67a72093ebd9a86903df2c6a1b2052d18b93d7922,.csv,6302,2,2009-01-09,2026-04-11,2026-07-19,first repository inventory observation; provider retrieval time is available only where a source manifest records it,indexed
data_local/raw/cryptoquant/BTC/Miner Flows/Bitcoin Miner Inflow (Total) - All Miners - Day.csv,CryptoQuant,161052,10c1fde1a4a5a04a7676f9721d6f73ba2a84c081a7b9dbf3e8fd093101e735eb,.csv,6302,2,2009-01-09,2026-04-11,2026-07-19,first repository inventory observation; provider retrieval time is available only where a source manifest records it,indexed
data_local/raw/cryptoquant/BTC/Miner Flows/Bitcoin Miner Netflow Total - All Miners - Day.csv,CryptoQuant,181985,4aaeccb57113b14b47407cb076831725ec3d450f944c4c8f87775ecaab94156e,.csv,6302,2,2009-01-09,2026-04-11,2026-07-19,first repository inventory observation; provider retrieval time is available only where a source manifest records it,indexed
data_local/raw/cryptoquant/BTC/Miner Flows/Bitcoin Miner Outflow (Mean) - All Miners - Day.csv,CryptoQuant,143089,fb98efc594bb4ee7ba455bde68bc2b89dd62c199e728402078216d0b7460f81b,.csv,6302,2,2009-01-09,2026-04-11,2026-07-19,first repository inventory observation; provider retrieval time is available only where a source manifest records it,indexed
data_local/raw/cryptoquant/BTC/Miner Flows/Bitcoin Miner Outflow (Top10) - All Miners - Day.csv,CryptoQuant,157748,6792541d4f0d777433d6d17081eed826b2ea018671e1b56e60e0780dc1f7d847,.csv,6302,2,2009-01-09,2026-04-11,2026-07-19,first repository inventory observation; provider retrieval time is available only where a source manifest records it,indexed
data_local/raw/cryptoquant/BTC/Miner Flows/Bitcoin Miner Outflow (Total) - All Miners - Day.csv,CryptoQuant,159678,a210ae863e67f3f916a283b4580d4bbfda729e52bff42a7b2eaf324a51da556d,.csv,6302,2,2009-01-09,2026-04-11,2026-07-19,first repository inventory observation; provider retrieval time is available only where a source manifest records it,indexed
data_local/raw/cryptoquant/BTC/Miner Flows/Bitcoin Miner Reserve - All Miners - Day.csv,CryptoQuant,178151,ce30d95cf1e3e739c7d11bae886d30f94614df40473df04f4c7788b63fb28d53,.csv,6302,2,2009-01-09,2026-04-11,2026-07-19,first repository inventory observation; provider retrieval time is available only where a source manifest records it,indexed
data_local/raw/cryptoquant/BTC/Miner Flows/Bitcoin Miner Reserve USD - All Miners - Day.csv,CryptoQuant,185013,21ca507449501f9c166eceb1a91c0d17c64a864c7ceb597625e57ba2b4ee35ca,.csv,6302,2,2009-01-09,2026-04-11,2026-07-19,first repository inventory observation; provider retrieval time is available only where a source manifest records it,indexed
data_local/raw/cryptoquant/BTC/Miner Flows/Bitcoin Miner Supply Ratio - All Miners - Day.csv,CryptoQuant,144313,09514a918a1cf51cd5631017f480af233987cebfa1be5c1809c05d1144f10859,.csv,6307,2,2009-01-03,2026-04-10,2026-07-19,first repository inventory observation; provider retrieval time is available only where a source manifest records it,indexed
"data_local/raw/cryptoquant/BTC/Miner Flows/Bitcoin Miner to Exchange Flow (Mean) - All Miners, All Exchanges - Day.csv",CryptoQuant,116488,78cd07ff648465191e7e0af86d57735b286bbc8048afef7126703222bb50cf43,.csv,5100,2,2012-04-25,2026-04-11,2026-07-19,first repository inventory observation; provider retrieval time is available only where a source manifest records it,indexed
"data_local/raw/cryptoquant/BTC/Miner Flows/Bitcoin Miner to Exchange Flow (Total) - All Miners, All Exchanges - Day.csv",CryptoQuant,127567,2c6c1846d46bf928877c0068db8b5fc6e1d6253a5a02afd9413d48a062ada4f1,.csv,5100,2,2012-04-25,2026-04-11,2026-07-19,first repository inventory observation; provider retrieval time is available only where a source manifest records it,indexed
"data_local/raw/cryptoquant/BTC/Miner Flows/Bitcoin Miner to Exchange Transactions - All Miners, All Exchanges - Day.csv",CryptoQuant,81261,82d04ffe88048b440599d1102410fff73f2468b41ce4f3708060f976761b67ee,.csv,5100,2,2012-04-25,2026-04-11,2026-07-19,first repository inventory observation; provider retrieval time is available only where a source manifest records it,indexed
data_local/raw/cryptoquant/BTC/Miner Flows/Bitcoin Miner Withdrawing Addresses - All Miners - Day.csv,CryptoQuant,107281,ef312547bda1b11b9e543481e5ba971a1414d5ff0002c4f89e0a8a1eb6270b71,.csv,6302,2,2009-01-09,2026-04-11,2026-07-19,first repository inventory observation; provider retrieval time is available only where a source manifest records it,indexed
data_local/raw/cryptoquant/BTC/Miner Flows/Bitcoin Miner Withdrawing Transactions - All Miners - Day.csv,CryptoQuant,103837,ed3951cb9625059699459c44c62148525ed470c73f27c40c34c87ad253b681ec,.csv,6302,2,2009-01-09,2026-04-11,2026-07-19,first repository inventory observation; provider retrieval time is available only where a source manifest records it,indexed
data_local/raw/cryptoquant/BTC/Miner Flows/Bitcoin Miners' Position Index (MPI) - Day.csv,CryptoQuant,175358,b6abeab80ac33cde4f17915ab906e7afbb6134275251076ba34ca5c4e4c32961,.csv,5573,2,2011-01-07,2026-04-10,2026-07-19,first repository inventory observation; provider retrieval time is available only where a source manifest records it,indexed
data_local/raw/cryptoquant/BTC/Miner Flows/README.md,CryptoQuant,7694,bba50b567b6bdfaed51b25ebeac444bcf27035351a5abb64c9d4fbd9c2aac2f9,.md,,,,,2026-07-19,first repository inventory observation; provider retrieval time is available only where a source manifest records it,indexed
data_local/raw/cryptoquant/BTC/Network Indicator/Bitcoin Coin Days Destroyed (CDD) - Day.csv,CryptoQuant,56470,59ebc32c709cb788aef22fad1c669cf11bf19b987bd3f644a8d415597819c988,.csv,1927,2,2020-12-31,2026-04-10,2026-07-19,first repository inventory observation; provider retrieval time is available only where a source manifest records it,indexed
data_local/raw/cryptoquant/BTC/Network Indicator/Bitcoin UTXO Age Bands (%) - Day.csv,CryptoQuant,917679,76d704d5d89e0cde58de057c3c7367a647b93c92bcc6ac2fa7d5bf5aabaf8d83,.csv,6307,14,2009-01-03,2026-04-10,2026-07-19,first repository inventory observation; provider retrieval time is available only where a source manifest records it,indexed
data_local/raw/cryptoquant/BTC/Network Indicator/Bitcoin UTXO Age Bands - Day.csv,CryptoQuant,1236862,6bcdf3ec41324fcdced56518417ee38a209c2bf3ee443117b92c4587f9cb98b3,.csv,6307,14,2009-01-03,2026-04-10,2026-07-19,first repository inventory observation; provider retrieval time is available only where a source manifest records it,indexed
data_local/raw/cryptoquant/BTC/Network Indicator/Bitcoin UTXO Age Bands USD - Day.csv,CryptoQuant,1321146,c8a7c79278cbac60ffa134215513ebef579e03cd17154c6ce26b52c55f971e0f,.csv,6307,14,2009-01-03,2026-04-10,2026-07-19,first repository inventory observation; provider retrieval time is available only where a source manifest records it,indexed
data_local/raw/cryptoquant/BTC/Network Indicator/Bitcoin UTXO Count - Age Bands (%) - Day.csv,CryptoQuant,917461,ced34e25a25e14f43fa1d6b03000f5632db9545a9079c80e195c570a2d800298,.csv,6307,14,2009-01-03,2026-04-10,2026-07-19,first repository inventory observation; provider retrieval time is available only where a source manifest records it,indexed
data_local/raw/cryptoquant/BTC/Network Indicator/Bitcoin UTXO Count - Age Bands - Day.csv,CryptoQuant,636227,8b70ed953e3416af137f0928b9fb659006bac7b7f49ff739cf61463fe2473e90,.csv,6307,14,2009-01-03,2026-04-10,2026-07-19,first repository inventory observation; provider retrieval time is available only where a source manifest records it,indexed
data_local/raw/cryptoquant/BTC/Network Indicator/Bitcoin UTXO Count - Value Bands (%) - Day.csv,CryptoQuant,625578,c462438968b129fbea8305c3adc34ee9325d236d35b44335a904648098245da9,.csv,6307,9,2009-01-03,2026-04-10,2026-07-19,first repository inventory observation; provider retrieval time is available only where a source manifest records it,indexed
data_local/raw/cryptoquant/BTC/Network Indicator/Bitcoin UTXO Count - Value Bands - Day.csv,CryptoQuant,128668,17a30a3e2a73c7279ee149e3512c925dc3b8e271934f0e0d9710b3261fb5caa0,.csv,1927,9,2020-12-31,2026-04-10,2026-07-19,first repository inventory observation; provider retrieval time is available only where a source manifest records it,indexed
data_local/raw/cryptoquant/BTC/Network Indicator/Bitcoin UTXO Value Bands (%) - Day.csv,CryptoQuant,198776,ab481f25fad574e63b34df3ebe433ae5aeabe006a981c0605a594427d5366f6a,.csv,1927,9,2020-12-31,2026-04-10,2026-07-19,first repository inventory observation; provider retrieval time is available only where a source manifest records it,indexed
data_local/raw/cryptoquant/BTC/Network Indicator/Bitcoin UTXO Value Bands - Day.csv,CryptoQuant,277384,174c7edb7b634c4f6ec058e5069de90b31ed7ae362440d21a93b30233b969b0d,.csv,1927,9,2020-12-31,2026-04-10,2026-07-19,first repository inventory observation; provider retrieval time is available only where a source manifest records it,indexed
data_local/raw/cryptoquant/BTC/Network Indicator/Bitcoin UTXOs in Loss (%) - Day.csv,CryptoQuant,45300,05c47242e2d220a5f4ad06079d15583483e40d7148e68d679361c5c0fddc991b,.csv,1927,2,2020-12-31,2026-04-10,2026-07-19,first repository inventory observation; provider retrieval time is available only where a source manifest records it,indexed
data_local/raw/cryptoquant/BTC/Network Indicator/Bitcoin UTXOs in Loss - Day.csv,CryptoQuant,39911,447ab2b3a0bace1e522f8d69ea292a9ed8d21a02a0d9db9b904080296f075406,.csv,1927,2,2020-12-31,2026-04-10,2026-07-19,first repository inventory observation; provider retrieval time is available only where a source manifest records it,indexed
data_local/raw/cryptoquant/BTC/Network Indicator/Bitcoin UTXOs in Profit (%) - Day.csv,CryptoQuant,46090,5d3503112191d89b71fc58388af7b2f59c0412a153389ee6cd3dc7bf1a8c6aad,.csv,1927,2,2020-12-31,2026-04-10,2026-07-19,first repository inventory observation; provider retrieval time is available only where a source manifest records it,indexed
data_local/raw/cryptoquant/BTC/Network Indicator/Bitcoin UTXOs in Profit - Day.csv,CryptoQuant,42233,d13d7e585e8815f41e3c592890fbd0c636852afeaa1c5ea5c7b201091026c5e2,.csv,1927,2,2020-12-31,2026-04-10,2026-07-19,first repository inventory observation; provider retrieval time is available only where a source manifest records it,indexed
data_local/raw/cryptoquant/BTC/Network Indicator/README.md,CryptoQuant,6396,c5520d63aea06ff8c52a501c7941e46063a734fb91739d1173ff5e64e9107469,.md,,,,,2026-07-19,first repository inventory observation; provider retrieval time is available only where a source manifest records it,indexed
data_local/raw/cryptoquant/BTC/Network Stats/Bitcoin Block Interval (Mean) - Day.csv,CryptoQuant,154893,a4e17c55af745b0c1c0efc250fa6cfe2038f26d47013526bea9d25bb200ca1d6,.csv,6307,2,2009-01-03,2026-04-10,2026-07-19,first repository inventory observation; provider retrieval time is available only where a source manifest records it,indexed
data_local/raw/cryptoquant/BTC/Network Stats/Bitcoin Block Size (Mean) - Day.csv,CryptoQuant,173323,e192a68af816c22c4e835ac8b7082aa9b22dab2909a9f65f090f7d45ea73b1c0,.csv,6307,2,2009-01-03,2026-04-10,2026-07-19,first repository inventory observation; provider retrieval time is available only where a source manifest records it,indexed
data_local/raw/cryptoquant/BTC/Network Stats/Bitcoin Blocks Mined - Day.csv,CryptoQuant,100690,a607023434124594307ecdb3e162417c63412b8c42dc6eb8793a17ad3e1854d1,.csv,6307,2,2009-01-03,2026-04-10,2026-07-19,first repository inventory observation; provider retrieval time is available only where a source manifest records it,indexed
data_local/raw/cryptoquant/BTC/Network Stats/Bitcoin Difficulty - Day.csv,CryptoQuant,183708,f3aa98896b3f664a86003951e19212d1b7c4adbd444e2d8a8ae9f800f2b5e2ee,.csv,6307,2,2009-01-03,2026-04-10,2026-07-19,first repository inventory observation; provider retrieval time is available only where a source manifest records it,indexed
data_local/raw/cryptoquant/BTC/Network Stats/Bitcoin Hashrate - Day.csv,CryptoQuant,181680,cb4e8131a73c41806df0323b69aa67e1bb5f25e4a980675db0ced8baefc12e47,.csv,6307,2,2009-01-03,2026-04-10,2026-07-19,first repository inventory observation; provider retrieval time is available only where a source manifest records it,indexed
data_local/raw/cryptoquant/BTC/Network Stats/Bitcoin UTXO Count - Day.csv,CryptoQuant,129714,56fd95045f0c5a709638ca07713df8ac6d98b712540e4a6d09909423127dcff3,.csv,6307,2,2009-01-03,2026-04-10,2026-07-19,first repository inventory observation; provider retrieval time is available only where a source manifest records it,indexed
data_local/raw/cryptoquant/BTC/Network Stats/Bitcoin Velocity - Day.csv,CryptoQuant,137084,7ee6efb82fa5bac560ee5a23370c97886e0d921a1c35997d22964381f6558fa3,.csv,6307,2,2009-01-03,2026-04-10,2026-07-19,first repository inventory observation; provider retrieval time is available only where a source manifest records it,indexed
data_local/raw/cryptoquant/BTC/Network Stats/README.md,CryptoQuant,2931,8c9f94288d714a2b65386a157be936604505b3ae1dae07b263e65abc21c444d8,.md,,,,,2026-07-19,first repository inventory observation; provider retrieval time is available only where a source manifest records it,indexed
data_local/raw/cryptoquant/BTC/Supply/Bitcoin New Supply - Day.csv,CryptoQuant,121039,b603c9eab31e357d440b90f647faa1b4bf848c0afdd12cd33a61e09272aae7ba,.csv,6307,2,2009-01-03,2026-04-10,2026-07-19,first repository inventory observation; provider retrieval time is available only where a source manifest records it,indexed
data_local/raw/cryptoquant/BTC/Supply/Bitcoin Total Supply - Day.csv,CryptoQuant,181451,af55def6e5ecaf7fef64a7de994cf6c0dd043f162d9b963e54afc0a94bc455e5,.csv,6307,2,2009-01-03,2026-04-10,2026-07-19,first repository inventory observation; provider retrieval time is available only where a source manifest records it,indexed
data_local/raw/cryptoquant/BTC/Supply/README.md,CryptoQuant,1755,bdb96de5bcd6d75cce02fdcb9b9b966d112808f1cb620ea40374134ae219b33e,.md,,,,,2026-07-19,first repository inventory observation; provider retrieval time is available only where a source manifest records it,indexed
data_local/raw/cryptoquant/BTC/Transactions/Bitcoin Tokens Transferred (Mean) - Day.csv,CryptoQuant,144572,f61961488aa981ac14ffd0fb315a40507ed61e8cfd920400ceda2ddf8e84c404,.csv,6307,2,2009-01-03,2026-04-10,2026-07-19,first repository inventory observation; provider retrieval time is available only where a source manifest records it,indexed
data_local/raw/cryptoquant/BTC/Transactions/Bitcoin Tokens Transferred (Median) - Day.csv,CryptoQuant,135898,b4c4643ce27336994cf189af18b9fb33b98f8d05e98a5ba84f47aad492c0a900,.csv,6307,2,2009-01-03,2026-04-10,2026-07-19,first repository inventory observation; provider retrieval time is available only where a source manifest records it,indexed
data_local/raw/cryptoquant/BTC/Transactions/Bitcoin Tokens Transferred (Total) - Day.csv,CryptoQuant,174289,96b3405828fa004c674f01fb31038fbcc3cb6ab51e13722c44643aceae962980,.csv,6307,2,2009-01-03,2026-04-10,2026-07-19,first repository inventory observation; provider retrieval time is available only where a source manifest records it,indexed
data_local/raw/cryptoquant/BTC/Transactions/Bitcoin Transaction Count (Mean) - Day.csv,CryptoQuant,155109,4897c73accfce08f7b8927ba88a07438b542f10362e21484c9cd0f5ffe47e302,.csv,6307,2,2009-01-03,2026-04-10,2026-07-19,first repository inventory observation; provider retrieval time is available only where a source manifest records it,indexed
data_local/raw/cryptoquant/BTC/Transactions/Bitcoin Transaction Count (Total) - Day.csv,CryptoQuant,114655,c786cfee795cca2ea9cf756b9cd1e8619dcdb19e34e89884fa1806c419d093e1,.csv,6307,2,2009-01-03,2026-04-10,2026-07-19,first repository inventory observation; provider retrieval time is available only where a source manifest records it,indexed
data_local/raw/cryptoquant/BTC/Transactions/README.md,CryptoQuant,2740,f8dbf5123a391518dd8d34c15790735a602ba6df28f205e0931d6cb27aeffee7,.md,,,,,2026-07-19,first repository inventory observation; provider retrieval time is available only where a source manifest records it,indexed
data_local/raw/cryptoquant/ETH/Addresses/Ethereum Active Addresses - Day.csv,CryptoQuant,37763,d40515f86d507c1a9f45c6546a441c25eddedf73de127a4c32c0933d0c225b03,.csv,1986,2,2020-11-02,2026-04-10,2026-07-19,first repository inventory observation; provider retrieval time is available only where a source manifest records it,indexed
"data_local/raw/cryptoquant/ETH/Addresses/Ethereum Active Addresses - Internal, External, EOA - Day.csv",CryptoQuant,41819,9f4b76c8cd2df402dd1e2b6d770a6719b4f804d2f24cb254ab135cab47c26928,.csv,1986,4,2020-11-02,2026-04-10,2026-07-19,first repository inventory observation; provider retrieval time is available only where a source manifest records it,indexed
data_local/raw/cryptoquant/ETH/Addresses/Ethereum Active Receiving Addresses - Day.csv,CryptoQuant,37767,8429fe10e0fc06b52ca0f361e80415bc9fc211432467c99e23affd745189da4f,.csv,1986,2,2020-11-02,2026-04-10,2026-07-19,first repository inventory observation; provider retrieval time is available only where a source manifest records it,indexed
"data_local/raw/cryptoquant/ETH/Addresses/Ethereum Active Receiving Addresses - Internal, External, EOA - Day.csv",CryptoQuant,41765,75ddbf69c9b864a2eba414789d0f962993010716c4e634e80bf2a83e1a1de18e,.csv,1986,4,2020-11-02,2026-04-10,2026-07-19,first repository inventory observation; provider retrieval time is available only where a source manifest records it,indexed
data_local/raw/cryptoquant/ETH/Addresses/Ethereum Active Sending Addresses - Day.csv,CryptoQuant,37766,c889966b7d22b3254b54ef91099bd9395407aea56b13860563c85f9f7647077d,.csv,1986,2,2020-11-02,2026-04-10,2026-07-19,first repository inventory observation; provider retrieval time is available only where a source manifest records it,indexed
"data_local/raw/cryptoquant/ETH/Addresses/Ethereum Active Sending Addresses - Internal, External, EOA - Day.csv",CryptoQuant,41786,2096e6d1a5868560e94f5820e9f703a6dc478223f5ce61b36034bb12e6780042,.csv,1986,4,2020-11-02,2026-04-10,2026-07-19,first repository inventory observation; provider retrieval time is available only where a source manifest records it,indexed
data_local/raw/cryptoquant/ETH/Addresses/README.md,CryptoQuant,3290,98f0ef20584fecfeaac4f32ca38ff6fdae4c351bf01d4491f959c8bbe951383b,.md,,,,,2026-07-19,first repository inventory observation; provider retrieval time is available only where a source manifest records it,indexed
data_local/raw/cryptoquant/ETH/Derivatives/Ethereum Estimated Leverage Ratio - All Exchanges - Day.csv,CryptoQuant,58826,730e5735a6170ff997835261742b7772bce2e16806ba3e39222530e94b21c200,.csv,2569,2,2019-03-30,2026-04-10,2026-07-19,first repository inventory observation; provider retrieval time is available only where a source manifest records it,indexed
data_local/raw/cryptoquant/ETH/Derivatives/Ethereum Funding Rates - All Exchanges - Day.csv,CryptoQuant,64523,cc9694d65803fa16f2e2f2fedfe5487290b50cee0cc7dc7b21215f133a0b42cb,.csv,2810,2,2018-08-02,2026-04-11,2026-07-19,first repository inventory observation; provider retrieval time is available only where a source manifest records it,indexed
"data_local/raw/cryptoquant/ETH/Derivatives/Ethereum Futures Taker CVD(Cumulative Volume Delta, 90-day) - Day.csv",CryptoQuant,65630,2f20c7fac1df66e1528b3e45ab81231cb55e67e78e0a384a670e8c152da7574a,.csv,2646,4,2019-01-13,2026-04-11,2026-07-19,first repository inventory observation; provider retrieval time is available only where a source manifest records it,indexed
"data_local/raw/cryptoquant/ETH/Derivatives/Ethereum Long Liquidations - All Exchanges, All Symbol - Day.csv",CryptoQuant,72492,6c8964cbbf69270d41342470748a74f427a3b769163062a1a049edde1f7df0c8,.csv,2662,2,2018-12-28,2026-04-11,2026-07-19,first repository inventory observation; provider retrieval time is available only where a source manifest records it,indexed
"data_local/raw/cryptoquant/ETH/Derivatives/Ethereum Long Liquidations USD - All Exchanges, All Symbol - Day.csv",CryptoQuant,78297,f701cfaf1879c10645ba43a88fa2e145d2f12ee8fb9caf4a776633aa9b174b4d,.csv,2662,2,2018-12-28,2026-04-11,2026-07-19,first repository inventory observation; provider retrieval time is available only where a source manifest records it,indexed
"data_local/raw/cryptoquant/ETH/Derivatives/Ethereum Open Interest - All Exchanges, All Symbol - Day.csv",CryptoQuant,77444,e501a08e454ab97d2c2f12c11bc159efe3d941dbe7cb797c5fffcc3d5b328cac,.csv,2570,2,2019-03-30,2026-04-11,2026-07-19,first repository inventory observation; provider retrieval time is available only where a source manifest records it,indexed
"data_local/raw/cryptoquant/ETH/Derivatives/Ethereum Short Liquidations - All Exchanges, All Symbol - Day.csv",CryptoQuant,72256,e26adc29556259aa3f56d5d7958ef5a89753346d1f31a6cf15aa346871e378bf,.csv,2662,2,2018-12-28,2026-04-11,2026-07-19,first repository inventory observation; provider retrieval time is available only where a source manifest records it,indexed
"data_local/raw/cryptoquant/ETH/Derivatives/Ethereum Short Liquidations USD - All Exchanges, All Symbol - Day.csv",CryptoQuant,78151,7f2cdee5a000da23cdfa990f9639b413563dcad93d2601e56dddc194bcdefa60,.csv,2662,2,2018-12-28,2026-04-11,2026-07-19,first repository inventory observation; provider retrieval time is available only where a source manifest records it,indexed
data_local/raw/cryptoquant/ETH/Derivatives/README.md,CryptoQuant,3850,416b48a3f45335ca447943c9ac1d3407a2710630fa348dd4bc8de0915a678cf2,.md,,,,,2026-07-19,first repository inventory observation; provider retrieval time is available only where a source manifest records it,indexed
data_local/raw/cryptoquant/ETH/ETH 2.0/Ethereum Cumulative TXs to ETH 2.0 Contract - Day.csv,CryptoQuant,38454,d75949a040b5d4f82bc82943ffddc7d72cdea2c223eacb04c84725cf1784c06d,.csv,1981,2,2020-11-03,2026-04-06,2026-07-19,first repository inventory observation; provider retrieval time is available only where a source manifest records it,indexed
data_local/raw/cryptoquant/ETH/ETH 2.0/Ethereum ETH 2.0 Staking Rate (%) - Day.csv,CryptoQuant,35051,7d982c46755ea9cc799f405952ea7e3741ac4dce9a7d823fd4153cf0f7417560,.csv,1985,2,2020-11-03,2026-04-10,2026-07-19,first repository inventory observation; provider retrieval time is available only where a source manifest records it,indexed
data_local/raw/cryptoquant/ETH/ETH 2.0/Ethereum New Depositors - Day.csv,CryptoQuant,32462,ba97d08eae76686738d39cc6f42b28ebebab7cd70020f7552d00906d012d9e64,.csv,1981,2,2020-11-03,2026-04-06,2026-07-19,first repository inventory observation; provider retrieval time is available only where a source manifest records it,indexed
data_local/raw/cryptoquant/ETH/ETH 2.0/Ethereum Number of ETH 2.0 Deposits - Day.csv,CryptoQuant,32528,dfed71890018b1cc9e4c2a84481ffc2bbe1ac2bc8ab191a85db57c50e12f3ac0,.csv,1981,2,2020-11-03,2026-04-06,2026-07-19,first repository inventory observation; provider retrieval time is available only where a source manifest records it,indexed
data_local/raw/cryptoquant/ETH/ETH 2.0/Ethereum Number of Unique Depositors - Day.csv,CryptoQuant,38426,4ad9d590602f7a1dfe6dc7816d1c3f69a2b51c44fc2127ac305886bb6a0f6199,.csv,1981,2,2020-11-03,2026-04-06,2026-07-19,first repository inventory observation; provider retrieval time is available only where a source manifest records it,indexed
data_local/raw/cryptoquant/ETH/ETH 2.0/Ethereum Phase 0 Success Rate (%) - Day.csv,CryptoQuant,39709,13905cc632f3bd7a10eea941a39f92b8b6e7b88199e7a6dcdef4fce2150dd2da,.csv,1981,2,2020-11-03,2026-04-06,2026-07-19,first repository inventory observation; provider retrieval time is available only where a source manifest records it,indexed
data_local/raw/cryptoquant/ETH/ETH 2.0/Ethereum Staking Inflow Total - Day.csv,CryptoQuant,41502,ca20661735578e2fc6cfbc78c8824917cc86b4451a5f46c5e0f57f875a7b4631,.csv,1981,2,2020-11-03,2026-04-06,2026-07-19,first repository inventory observation; provider retrieval time is available only where a source manifest records it,indexed
data_local/raw/cryptoquant/ETH/ETH 2.0/Ethereum Total Value Staked - Day.csv,CryptoQuant,59773,53c38ef91da10d9ee6f7b8dd413f6dd053a3bfc338d0df94f8d953380e07222b,.csv,1985,2,2020-11-03,2026-04-10,2026-07-19,first repository inventory observation; provider retrieval time is available only where a source manifest records it,indexed
data_local/raw/cryptoquant/ETH/ETH 2.0/README.md,CryptoQuant,3602,8cfb4343b1a535d4bd4ef2ebeccbbda71b06dc0f53604cecd2f6674a4c6cd41c,.md,,,,,2026-07-19,first repository inventory observation; provider retrieval time is available only where a source manifest records it,indexed
data_local/raw/cryptoquant/ETH/ETH_Metrics.txt,CryptoQuant,12157,b3057a53e1f52f9e23c06521510a00c147f1851437aa3b1186d7b736b64f827f,.txt,,,,,2026-07-19,first repository inventory observation; provider retrieval time is available only where a source manifest records it,indexed
data_local/raw/cryptoquant/ETH/Exchange Flows/Ethereum Exchange Depositing Addresses - All Exchanges - Day.csv,CryptoQuant,69581,3bbef2d1189a950eec9fe5b26e9da9436736703fa2d636aa999293e2af4ba277,.csv,3901,2,2015-08-07,2026-04-11,2026-07-19,first repository inventory observation; provider retrieval time is available only where a source manifest records it,indexed
data_local/raw/cryptoquant/ETH/Exchange Flows/Ethereum Exchange Depositing Transactions - All Exchanges - Day.csv,CryptoQuant,70124,282dc861dcc82880feca4ea2d4c6b0f30b11b68f9b9307d6a6ac0935a73dc653,.csv,3901,2,2015-08-07,2026-04-11,2026-07-19,first repository inventory observation; provider retrieval time is available only where a source manifest records it,indexed
data_local/raw/cryptoquant/ETH/Exchange Flows/Ethereum Exchange Inflow (Mean) - All Exchanges - Day.csv,CryptoQuant,92565,aa1e4c5dc090596c86df29390b8ebe46e07d2e7c70a6c5022e35daacd2078584,.csv,3895,2,2015-08-13,2026-04-11,2026-07-19,first repository inventory observation; provider retrieval time is available only where a source manifest records it,indexed
data_local/raw/cryptoquant/ETH/Exchange Flows/Ethereum Exchange Inflow (Top10) - All Exchanges - Day.csv,CryptoQuant,112597,73bd27cd6392ff1a336e052a5d717e16cba8f95e9b72055f2a82d755faa27e00,.csv,3895,2,2015-08-13,2026-04-11,2026-07-19,first repository inventory observation; provider retrieval time is available only where a source manifest records it,indexed
data_local/raw/cryptoquant/ETH/Exchange Flows/Ethereum Exchange Inflow (Total) - All Exchanges - Day.csv,CryptoQuant,117612,cc56c45bd0b639456f618cc13a1d859cb3a6b6c7fb6942f88aa23d48f35f28d0,.csv,3895,2,2015-08-13,2026-04-11,2026-07-19,first repository inventory observation; provider retrieval time is available only where a source manifest records it,indexed
data_local/raw/cryptoquant/ETH/Exchange Flows/Ethereum Exchange Netflow (Total) - All Exchanges - Day.csv,CryptoQuant,120166,fb64821f98237fffe27f1ac0184efed14854e0f5681d24793a329fffd619ce52,.csv,3901,2,2015-08-07,2026-04-11,2026-07-19,first repository inventory observation; provider retrieval time is available only where a source manifest records it,indexed
data_local/raw/cryptoquant/ETH/Exchange Flows/Ethereum Exchange Outflow (Mean) - All Exchanges - Day.csv,CryptoQuant,90635,f8d28fd01904103cf9c74a4769c4762de919b5825f6df9dc2427eebc908ba4ab,.csv,3895,2,2015-08-13,2026-04-11,2026-07-19,first repository inventory observation; provider retrieval time is available only where a source manifest records it,indexed
data_local/raw/cryptoquant/ETH/Exchange Flows/Ethereum Exchange Outflow (Top10) - All Exchanges - Day.csv,CryptoQuant,111240,023def4e83004665d44fdf0995ecefcc6f4e245707e5e13ae9bfade049080205,.csv,3895,2,2015-08-13,2026-04-11,2026-07-19,first repository inventory observation; provider retrieval time is available only where a source manifest records it,indexed
data_local/raw/cryptoquant/ETH/Exchange Flows/Ethereum Exchange Outflow (Total) - All Exchanges - Day.csv,CryptoQuant,117588,098beaeb678135b3059719766acd38bc94871d1733447be27fec03fd7eeb7d49,.csv,3895,2,2015-08-13,2026-04-11,2026-07-19,first repository inventory observation; provider retrieval time is available only where a source manifest records it,indexed
data_local/raw/cryptoquant/ETH/Exchange Flows/Ethereum Exchange Reserve - All Exchanges - Day.csv,CryptoQuant,118475,72e4d15978cbd61d4d99f30e32f971d82e4191ff796ee5aae9232d100c204067,.csv,3901,2,2015-08-07,2026-04-11,2026-07-19,first repository inventory observation; provider retrieval time is available only where a source manifest records it,indexed
data_local/raw/cryptoquant/ETH/Exchange Flows/Ethereum Exchange Reserve USD - All Exchanges - Day.csv,CryptoQuant,117663,733bdbb2ed274740f136ab7998e4b576cd71a0aae10ce623714c9f1f501370e6,.csv,3901,2,2015-08-07,2026-04-11,2026-07-19,first repository inventory observation; provider retrieval time is available only where a source manifest records it,indexed
data_local/raw/cryptoquant/ETH/Exchange Flows/Ethereum Exchange Withdrawing Addresses - All Exchanges - Day.csv,CryptoQuant,69375,73a6b5df233f7468777d95b60eacfbb9a08aeb3c2e848fce9a84ea52fcea850c,.csv,3901,2,2015-08-07,2026-04-11,2026-07-19,first repository inventory observation; provider retrieval time is available only where a source manifest records it,indexed
data_local/raw/cryptoquant/ETH/Exchange Flows/Ethereum Exchange Withdrawing Transactions - All Exchanges - Day.csv,CryptoQuant,72216,84f5a4ffa0f49273ddaff39065bf2cca080560caf18c1163680581e0a2e2c9d0,.csv,3901,2,2015-08-07,2026-04-11,2026-07-19,first repository inventory observation; provider retrieval time is available only where a source manifest records it,indexed
data_local/raw/cryptoquant/ETH/Exchange Flows/README.md,CryptoQuant,5557,e41fac715a869cbcf02c12692f3aa5ecf755d7968315d4d6246135a324e62e32,.md,,,,,2026-07-19,first repository inventory observation; provider retrieval time is available only where a source manifest records it,indexed
data_local/raw/cryptoquant/ETH/Fees And Revenue/Ethereum Fees (Total) - Day.csv,CryptoQuant,60199,ad399b90fde795cb29de6ace67fe3356a2616c3a5b64a20761436733baecbf5d,.csv,1986,2,2020-11-02,2026-04-10,2026-07-19,first repository inventory observation; provider retrieval time is available only where a source manifest records it,indexed
data_local/raw/cryptoquant/ETH/Fees And Revenue/Ethereum Fees Burnt (Total) - Day.csv,CryptoQuant,55417,6460c5cdb6dcb0a0673f24fc8dc9f5058d8cfc8ade404c678f51776dcd7ee8bc,.csv,1986,2,2020-11-02,2026-04-10,2026-07-19,first repository inventory observation; provider retrieval time is available only where a source manifest records it,indexed
data_local/raw/cryptoquant/ETH/Fees And Revenue/Ethereum Fees Burnt per Transaction (Mean) - Day.csv,CryptoQuant,56037,d004d50786c3279a3ba1f584cbf83a6fe32e4ce4737f2f7da757de7d74e26c96,.csv,1986,2,2020-11-02,2026-04-10,2026-07-19,first repository inventory observation; provider retrieval time is available only where a source manifest records it,indexed
data_local/raw/cryptoquant/ETH/Fees And Revenue/Ethereum Fees Burnt per Transaction (Median) - Day.csv,CryptoQuant,55584,ea627170c014a06be810a0d9a9666685c554e338313db782db77d8cf1428be42,.csv,1986,2,2020-11-02,2026-04-10,2026-07-19,first repository inventory observation; provider retrieval time is available only where a source manifest records it,indexed
data_local/raw/cryptoquant/ETH/Fees And Revenue/Ethereum Fees Burnt per Transaction USD (Mean) - Day.csv,CryptoQuant,55686,abcad40c9ec006b8efb791236d89fad6e9a00aad2ae707a4b42aa20accf67cf3,.csv,1986,2,2020-11-02,2026-04-10,2026-07-19,first repository inventory observation; provider retrieval time is available only where a source manifest records it,indexed
data_local/raw/cryptoquant/ETH/Fees And Revenue/Ethereum Fees Burnt per Transaction USD (Median) - Day.csv,CryptoQuant,55945,c54b34ea4f336069e9ae48a1f83f40ba196123226d7bbf8e9d1b73d900877ec9,.csv,1986,2,2020-11-02,2026-04-10,2026-07-19,first repository inventory observation; provider retrieval time is available only where a source manifest records it,indexed
data_local/raw/cryptoquant/ETH/Fees And Revenue/Ethereum Fees Burnt USD (Total) - Day.csv,CryptoQuant,55387,7f5b8be5ec316490c1ae084efed4228ba61e1fca56ea6c6f10452ad82e686972,.csv,1986,2,2020-11-02,2026-04-10,2026-07-19,first repository inventory observation; provider retrieval time is available only where a source manifest records it,indexed
data_local/raw/cryptoquant/ETH/Fees And Revenue/Ethereum Fees per Transaction (Mean) - Day.csv,CryptoQuant,61253,5a501d0d766dfa8a29fd04fb071af92f88abd23a0e0cad4a14d121be417b9645,.csv,1986,2,2020-11-02,2026-04-10,2026-07-19,first repository inventory observation; provider retrieval time is available only where a source manifest records it,indexed
data_local/raw/cryptoquant/ETH/Fees And Revenue/Ethereum Fees per Transaction USD (Mean) - Day.csv,CryptoQuant,60335,f995945955f5dfaa510151ce5943296e7bcfd753accee16d0badd38b3ec34e70,.csv,1986,2,2020-11-02,2026-04-10,2026-07-19,first repository inventory observation; provider retrieval time is available only where a source manifest records it,indexed
data_local/raw/cryptoquant/ETH/Fees And Revenue/README.md,CryptoQuant,3766,0b27358afea54b68f865fe3763c833c1a8d40093c29c08dd65f700295e2e6fc6,.md,,,,,2026-07-19,first repository inventory observation; provider retrieval time is available only where a source manifest records it,indexed
data_local/raw/cryptoquant/ETH/Flow Indicator/Ethereum Exchange Supply Ratio - All Exchanges - Day.csv,CryptoQuant,89393,749bba47d3b30277c61bcdc658cd00f124178aa0763aa45a94ac4b49e15eaa78,.csv,3908,2,2015-07-30,2026-04-10,2026-07-19,first repository inventory observation; provider retrieval time is available only where a source manifest records it,indexed
data_local/raw/cryptoquant/ETH/Flow Indicator/README.md,CryptoQuant,1614,448f9b60d4921990718a84f65f9fd2d498aa67a7bb5895012a17100b5d6ce4f3,.md,,,,,2026-07-19,first repository inventory observation; provider retrieval time is available only where a source manifest records it,indexed
data_local/raw/cryptoquant/ETH/Fund Data/Ethereum Coinbase Premium Gap - Day.csv,CryptoQuant,54730,4e748f3d2486410e3f6acf106c1c9c48764ade7d04a98e629918bac99b0af330,.csv,3159,2,2017-08-17,2026-04-10,2026-07-19,first repository inventory observation; provider retrieval time is available only where a source manifest records it,indexed
data_local/raw/cryptoquant/ETH/Fund Data/Ethereum Coinbase Premium Index - Day.csv,CryptoQuant,73504,f79d82bc4f7273e3cc53e3eb1725a0c5d469051b0a8a2d6f2e1047c78a128594,.csv,3159,2,2017-08-17,2026-04-10,2026-07-19,first repository inventory observation; provider retrieval time is available only where a source manifest records it,indexed
data_local/raw/cryptoquant/ETH/Fund Data/Ethereum Fund Holdings - All Symbol - Day.csv,CryptoQuant,55890,27255267708157916c007bc9439ce4286ccc98effe9f49f763512906a4497868,.csv,1983,2,2020-11-04,2026-04-09,2026-07-19,first repository inventory observation; provider retrieval time is available only where a source manifest records it,indexed
data_local/raw/cryptoquant/ETH/Fund Data/Ethereum Fund Market Premium - All Symbol - Day.csv,CryptoQuant,43116,807648fce0df21cf83b548c7cd214956785a82297c4239d8c3a0d0b56606757b,.csv,1379,2,2020-11-04,2026-04-09,2026-07-19,first repository inventory observation; provider retrieval time is available only where a source manifest records it,indexed
data_local/raw/cryptoquant/ETH/Fund Data/Ethereum Fund Price (USD) - ETHE - Day.csv,CryptoQuant,33335,b542bbdd6557b97b035bd4f8784c019f6296899522a0262b3d1346e7025f2002,.csv,1710,2,2019-06-14,2026-04-02,2026-07-19,first repository inventory observation; provider retrieval time is available only where a source manifest records it,indexed
data_local/raw/cryptoquant/ETH/Fund Data/Ethereum Fund Volume - All Symbol - Day.csv,CryptoQuant,34397,607412de042a6703a2d94b156590c5e81ba1a0a78fd00042d2774369e54b47a9,.csv,1738,2,2019-06-14,2026-04-09,2026-07-19,first repository inventory observation; provider retrieval time is available only where a source manifest records it,indexed
data_local/raw/cryptoquant/ETH/Fund Data/Ethereum Korea Premium Index - Day.csv,CryptoQuant,35761,6aa9171dbc1839207b1473b0a81efae4440f96dab39e2587a675cb43d24c74ed,.csv,2095,2,2020-07-16,2026-04-10,2026-07-19,first repository inventory observation; provider retrieval time is available only where a source manifest records it,indexed
data_local/raw/cryptoquant/ETH/Fund Data/README.md,CryptoQuant,3186,b5febe20aa46f71d2da4d278a28ed20b448d19b1dff0f7f0774b92f0f3a1f90d,.md,,,,,2026-07-19,first repository inventory observation; provider retrieval time is available only where a source manifest records it,indexed
data_local/raw/cryptoquant/ETH/Market Data/Ethereum Market Cap - Day.csv,CryptoQuant,117889,058e6f4f6e900ae214699f4f5510299f34fa1301076c5d33bc9c3166e9e6b952,.csv,3900,2,2015-08-07,2026-04-10,2026-07-19,first repository inventory observation; provider retrieval time is available only where a source manifest records it,indexed
"data_local/raw/cryptoquant/ETH/Market Data/Ethereum Price & Volume - Spot, All Exchanges, ETH-USD - Day.csv",CryptoQuant,311480,fc2d1701d6a9540b7cbb49d26fe95a84714dfda60ff59bb09d1974e4a1c5dd21,.csv,3896,6,2015-08-07,2026-04-11,2026-07-19,first repository inventory observation; provider retrieval time is available only where a source manifest records it,indexed
data_local/raw/cryptoquant/ETH/Market Data/Ethereum Price & Volume KRW - Spot - Day.csv,CryptoQuant,321352,479a2b9557739b10499de34b7ea9b2af95469815dae74cdca7d61bc346778ed6,.csv,3654,6,2016-04-08,2026-04-10,2026-07-19,first repository inventory observation; provider retrieval time is available only where a source manifest records it,indexed
data_local/raw/cryptoquant/ETH/Market Data/Ethereum Taker Buy Ratio - All Exchanges - Day.csv,CryptoQuant,63655,867694c0de4911f1395d9d6ff08442e159068683a03d862ffc549280b2f94ab8,.csv,2780,2,2018-09-01,2026-04-11,2026-07-19,first repository inventory observation; provider retrieval time is available only where a source manifest records it,indexed
data_local/raw/cryptoquant/ETH/Market Data/Ethereum Taker Buy Sell Ratio - All Exchanges - Day.csv,CryptoQuant,63643,523afb6c5084e620dabcea9c760ee09503c7320763f36147a4747152314707e2,.csv,2780,2,2018-09-01,2026-04-11,2026-07-19,first repository inventory observation; provider retrieval time is available only where a source manifest records it,indexed
data_local/raw/cryptoquant/ETH/Market Data/Ethereum Taker Buy Volume - All Exchanges - Day.csv,CryptoQuant,83941,549f594b956b261e9155180eb6a3769b27ab93cdc7e5f639291d658f22c1ae3b,.csv,2780,2,2018-09-01,2026-04-11,2026-07-19,first repository inventory observation; provider retrieval time is available only where a source manifest records it,indexed
data_local/raw/cryptoquant/ETH/Market Data/Ethereum Taker Sell Ratio - All Exchanges - Day.csv,CryptoQuant,63656,5f50a4c7537f28bf2024d353ae9190b9eb85e300ec82391b3a3fd0d30786b0b2,.csv,2780,2,2018-09-01,2026-04-11,2026-07-19,first repository inventory observation; provider retrieval time is available only where a source manifest records it,indexed
data_local/raw/cryptoquant/ETH/Market Data/Ethereum Taker Sell Volume - All Exchanges - Day.csv,CryptoQuant,83954,a999925c1770ba662837407812a6767dadc9216d692f23996ed3531b929e9687,.csv,2780,2,2018-09-01,2026-04-11,2026-07-19,first repository inventory observation; provider retrieval time is available only where a source manifest records it,indexed
data_local/raw/cryptoquant/ETH/Market Data/README.md,CryptoQuant,3734,97f18e0e418d096da1d5d7b89169674fbb455c5e1b13b97d5acd40295715cfbb,.md,,,,,2026-07-19,first repository inventory observation; provider retrieval time is available only where a source manifest records it,indexed
data_local/raw/cryptoquant/ETH/Network Stats/Ethereum Destroyed Contracts - Day.csv,CryptoQuant,33305,e8119b16412b505806d030a992c6052918b4a26708be8af6f7ab2028dd265a1d,.csv,1986,2,2020-11-02,2026-04-10,2026-07-19,first repository inventory observation; provider retrieval time is available only where a source manifest records it,indexed
data_local/raw/cryptoquant/ETH/Network Stats/Ethereum New Contracts - Day.csv,CryptoQuant,35244,cb192a6c858488c2bd397499981c2f8943dd504dff6710996e16f3d0a7a56411,.csv,1986,2,2020-11-02,2026-04-10,2026-07-19,first repository inventory observation; provider retrieval time is available only where a source manifest records it,indexed
data_local/raw/cryptoquant/ETH/Network Stats/Ethereum Number of Contracts - Day.csv,CryptoQuant,41732,169b26f25fb2905685264bd2c20e22a6dd19dda6d7b4c44d55f96a2aceb00db5,.csv,1986,2,2020-11-02,2026-04-10,2026-07-19,first repository inventory observation; provider retrieval time is available only where a source manifest records it,indexed
data_local/raw/cryptoquant/ETH/Network Stats/README.md,CryptoQuant,2095,d7ac50e274c73f14ab3bd6d3add35d32f0171166e0e66dca9cb6866d73717e52,.md,,,,,2026-07-19,first repository inventory observation; provider retrieval time is available only where a source manifest records it,indexed
data_local/raw/cryptoquant/ETH/Transactions/Ethereum Contract Calls (Mean) - Day.csv,CryptoQuant,96297,3dd4da710e9019119dbce40628983d20b2559a42d1d4aa886397ab9c3e205dfb,.csv,3908,2,2015-07-30,2026-04-10,2026-07-19,first repository inventory observation; provider retrieval time is available only where a source manifest records it,indexed
data_local/raw/cryptoquant/ETH/Transactions/Ethereum Contract Calls (Total) - Day.csv,CryptoQuant,7570,2a6b08053fed2071d30a8cd59b15bdceca815b8636aa194e8e2a967c4895e169,.csv,365,2,2025-04-11,2026-04-10,2026-07-19,first repository inventory observation; provider retrieval time is available only where a source manifest records it,indexed
data_local/raw/cryptoquant/ETH/Transactions/Ethereum External Contract Calls (Mean) - Day.csv,CryptoQuant,9098,1133ec2b8fea0e08d0de23f2710f3e3e262078adb99116b053440a514342b8c4,.csv,365,2,2025-04-11,2026-04-10,2026-07-19,first repository inventory observation; provider retrieval time is available only where a source manifest records it,indexed
data_local/raw/cryptoquant/ETH/Transactions/Ethereum External Contract Calls (Total) - Day.csv,CryptoQuant,7185,560366a555658767710228dc7eb12baa8a611503161eacf76c0007f3e91f34e1,.csv,365,2,2025-04-11,2026-04-10,2026-07-19,first repository inventory observation; provider retrieval time is available only where a source manifest records it,indexed
data_local/raw/cryptoquant/ETH/Transactions/Ethereum Tokens Transferred (Mean) - Day.csv,CryptoQuant,11146,5dd3e6098629747730bfa5920f55401744b7ee8dc2651198c7a994e574e31e72,.csv,365,2,2025-04-11,2026-04-10,2026-07-19,first repository inventory observation; provider retrieval time is available only where a source manifest records it,indexed
data_local/raw/cryptoquant/ETH/Transactions/Ethereum Tokens Transferred (Median) - Day.csv,CryptoQuant,9713,5121c79c32f1e911538904f5dbd9d09f0b13fbc411bcb402fe237b8e26a1b988,.csv,365,2,2025-04-11,2026-04-10,2026-07-19,first repository inventory observation; provider retrieval time is available only where a source manifest records it,indexed
data_local/raw/cryptoquant/ETH/Transactions/Ethereum Tokens Transferred (Total) - Day.csv,CryptoQuant,11114,fd054f3120f18520657acf935402e4f67d69ffbec11b8f784a14990a65e46c7e,.csv,365,2,2025-04-11,2026-04-10,2026-07-19,first repository inventory observation; provider retrieval time is available only where a source manifest records it,indexed
"data_local/raw/cryptoquant/ETH/Transactions/Ethereum Tokens Transferred - Internal, External, EOA (Mean) - Day.csv",CryptoQuant,11906,fca9421be2827d1c6f83ee0e1af27f0b42f90f804c8985d47addd239742d2483,.csv,365,4,2025-04-11,2026-04-10,2026-07-19,first repository inventory observation; provider retrieval time is available only where a source manifest records it,indexed
"data_local/raw/cryptoquant/ETH/Transactions/Ethereum Tokens Transferred - Internal, External, EOA (Median) - Day.csv",CryptoQuant,10563,956702eb0e55b2cc787da3005971db0aa14b7fda7a23616927b18c5edb73b5b2,.csv,365,4,2025-04-11,2026-04-10,2026-07-19,first repository inventory observation; provider retrieval time is available only where a source manifest records it,indexed
"data_local/raw/cryptoquant/ETH/Transactions/Ethereum Tokens Transferred - Internal, External, EOA (Total) - Day.csv",CryptoQuant,11843,4946784bc772d8b6b01a743eab6e4149c20ce6bcacaf183afc2fdfbd8ea9017b,.csv,365,4,2025-04-11,2026-04-10,2026-07-19,first repository inventory observation; provider retrieval time is available only where a source manifest records it,indexed
data_local/raw/cryptoquant/ETH/Transactions/Ethereum Tokens Transferred Between EOA (Mean) - Day.csv,CryptoQuant,11132,6d3fe6145a2b259699be8dfccc32b3b1418be5389cd883b4524bd27755d07f7b,.csv,365,2,2025-04-11,2026-04-10,2026-07-19,first repository inventory observation; provider retrieval time is available only where a source manifest records it,indexed
data_local/raw/cryptoquant/ETH/Transactions/Ethereum Tokens Transferred Between EOA (Total) - Day.csv,CryptoQuant,11135,5f4be74fb244f196b83edc69b9eacd40f9e94df40f2a0456f164656f40ffdf3f,.csv,365,2,2025-04-11,2026-04-10,2026-07-19,first repository inventory observation; provider retrieval time is available only where a source manifest records it,indexed
data_local/raw/cryptoquant/ETH/Transactions/Ethereum Tokens Transferred Between EOA USD (Mean) - Day.csv,CryptoQuant,11080,d32da962e1dbf2f9ba9a785981fb3209558c8a871025c31bb961b70434d033b8,.csv,365,2,2025-04-11,2026-04-10,2026-07-19,first repository inventory observation; provider retrieval time is available only where a source manifest records it,indexed
data_local/raw/cryptoquant/ETH/Transactions/Ethereum Tokens Transferred Between EOA USD (Median) - Day.csv,CryptoQuant,10875,55a19f21d3fad9a5f1336903783e68c3e21ed6f0aca217021197c7989d10bab6,.csv,365,2,2025-04-11,2026-04-10,2026-07-19,first repository inventory observation; provider retrieval time is available only where a source manifest records it,indexed
data_local/raw/cryptoquant/ETH/Transactions/Ethereum Tokens Transferred Between EOA USD (Total) - Day.csv,CryptoQuant,118065,64a4b3c6f02670827cc78bef52901f4db739dcb6222f7a39332b302087e3281a,.csv,3908,2,2015-07-30,2026-04-10,2026-07-19,first repository inventory observation; provider retrieval time is available only where a source manifest records it,indexed
data_local/raw/cryptoquant/ETH/Transactions/Ethereum Tokens Transferred by Contract Calls (Mean) - Day.csv,CryptoQuant,11199,477ae457e82c0dea64ff842050f7bf41a02a6caa43edec816865e9198ef80323,.csv,365,2,2025-04-11,2026-04-10,2026-07-19,first repository inventory observation; provider retrieval time is available only where a source manifest records it,indexed
data_local/raw/cryptoquant/ETH/Transactions/Ethereum Tokens Transferred by Contract Calls (Median) - Day.csv,CryptoQuant,9852,41424450a8d4ed882a48113aba44dce506680ed42ba7f439418067e4675e8f99,.csv,365,2,2025-04-11,2026-04-10,2026-07-19,first repository inventory observation; provider retrieval time is available only where a source manifest records it,indexed
data_local/raw/cryptoquant/ETH/Transactions/Ethereum Tokens Transferred by Contract Calls (Total) - Day.csv,CryptoQuant,11178,eeba3077fe89c484934b70d2852ceed64a3eaa3d82e16c3b15c91765ced34fe8,.csv,365,2,2025-04-11,2026-04-10,2026-07-19,first repository inventory observation; provider retrieval time is available only where a source manifest records it,indexed
data_local/raw/cryptoquant/ETH/Transactions/Ethereum Tokens Transferred by Contract Calls USD (Mean) - Day.csv,CryptoQuant,11063,663141129b1800859d74ffd3a9df5a9bda68ccec648ff71b612ea1e3078f792b,.csv,365,2,2025-04-11,2026-04-10,2026-07-19,first repository inventory observation; provider retrieval time is available only where a source manifest records it,indexed
data_local/raw/cryptoquant/ETH/Transactions/Ethereum Tokens Transferred by Contract Calls USD (Median) - Day.csv,CryptoQuant,10863,65e46b3d40bb56ac4892dfcaac638af326adc7ee8065934c1f13241b18632e6d,.csv,365,2,2025-04-11,2026-04-10,2026-07-19,first repository inventory observation; provider retrieval time is available only where a source manifest records it,indexed
data_local/raw/cryptoquant/ETH/Transactions/Ethereum Tokens Transferred by Contract Calls USD (Total) - Day.csv,CryptoQuant,11058,e6a5ba268f395aee0c6833a3584113de8f59e25496638633b25d871224a50604,.csv,365,2,2025-04-11,2026-04-10,2026-07-19,first repository inventory observation; provider retrieval time is available only where a source manifest records it,indexed
data_local/raw/cryptoquant/ETH/Transactions/Ethereum Tokens Transferred by External Contract Calls (Mean) - Day.csv,CryptoQuant,11191,bb7f9c0bab6631bf2bc1d8f332976eef5d3c636a35e19e8f7675fb0643354009,.csv,365,2,2025-04-11,2026-04-10,2026-07-19,first repository inventory observation; provider retrieval time is available only where a source manifest records it,indexed
data_local/raw/cryptoquant/ETH/Transactions/Ethereum Tokens Transferred by External Contract Calls (Median) - Day.csv,CryptoQuant,9238,9590bfc95ccfe28415e3d177ec376309cdd22924975bdf4debfd1b158449cb6d,.csv,365,2,2025-04-11,2026-04-10,2026-07-19,first repository inventory observation; provider retrieval time is available only where a source manifest records it,indexed
data_local/raw/cryptoquant/ETH/Transactions/Ethereum Tokens Transferred by External Contract Calls (Total) - Day.csv,CryptoQuant,11086,225ca2d82cb822ce753eb290d4718e70adb27f710adfc32711d2df2100269a54,.csv,365,2,2025-04-11,2026-04-10,2026-07-19,first repository inventory observation; provider retrieval time is available only where a source manifest records it,indexed
data_local/raw/cryptoquant/ETH/Transactions/Ethereum Tokens Transferred by External Contract Calls USD (Mean) - Day.csv,CryptoQuant,11064,81d36dfee51812138e286b6a65ef9f87a72908ff3abfd574ea271b4747a4c4e0,.csv,365,2,2025-04-11,2026-04-10,2026-07-19,first repository inventory observation; provider retrieval time is available only where a source manifest records it,indexed
data_local/raw/cryptoquant/ETH/Transactions/Ethereum Tokens Transferred by External Contract Calls USD (Median) - Day.csv,CryptoQuant,16233,27b4bffee198b35fbc1052fb207e8061a2cd7ab3d917099c400b9375c4b87562,.csv,566,2,2024-09-22,2026-04-10,2026-07-19,first repository inventory observation; provider retrieval time is available only where a source manifest records it,indexed
data_local/raw/cryptoquant/ETH/Transactions/Ethereum Tokens Transferred by External Contract Calls USD (Total) - Day.csv,CryptoQuant,11106,ddf2217750e93d685e470db6b632e55d0f8c81a09721470ffcc8a4705d846fe7,.csv,365,2,2025-04-11,2026-04-10,2026-07-19,first repository inventory observation; provider retrieval time is available only where a source manifest records it,indexed
data_local/raw/cryptoquant/ETH/Transactions/Ethereum Tokens Transferred USD (Mean) - Day.csv,CryptoQuant,11081,050d99b56d6be4c143cc04d774592140f94faa06ddfb600f85d38dba6ccbc16b,.csv,365,2,2025-04-11,2026-04-10,2026-07-19,first repository inventory observation; provider retrieval time is available only where a source manifest records it,indexed
data_local/raw/cryptoquant/ETH/Transactions/Ethereum Tokens Transferred USD (Median) - Day.csv,CryptoQuant,10875,32cfb50e9fdcea5d921fac237a6ee15289e159d64323b5168aafd72fef670911,.csv,365,2,2025-04-11,2026-04-10,2026-07-19,first repository inventory observation; provider retrieval time is available only where a source manifest records it,indexed
data_local/raw/cryptoquant/ETH/Transactions/Ethereum Tokens Transferred USD (Total) - Day.csv,CryptoQuant,11054,906cc2858f68c91bf7b85bba3340945699a914a9fc1db7492fd06a559a9701e4,.csv,365,2,2025-04-11,2026-04-10,2026-07-19,first repository inventory observation; provider retrieval time is available only where a source manifest records it,indexed
"data_local/raw/cryptoquant/ETH/Transactions/Ethereum Tokens Transferred USD - Internal, External, EOA (Mean) - Day.csv",CryptoQuant,11832,9eb3c4eda0860e13fb83b95d2ba372ef142b47dd6702e9ca7db5f7259c4b4826,.csv,365,4,2025-04-11,2026-04-10,2026-07-19,first repository inventory observation; provider retrieval time is available only where a source manifest records it,indexed
"data_local/raw/cryptoquant/ETH/Transactions/Ethereum Tokens Transferred USD - Internal, External, EOA (Median) - Day.csv",CryptoQuant,11645,9111783838a1893ee951ae2065ef20cb4e9876f9b19fdb1b8e6176ffd1e9eabf,.csv,365,4,2025-04-11,2026-04-10,2026-07-19,first repository inventory observation; provider retrieval time is available only where a source manifest records it,indexed
"data_local/raw/cryptoquant/ETH/Transactions/Ethereum Tokens Transferred USD - Internal, External, EOA (Total) - Day.csv",CryptoQuant,11835,0f14baa159c80add90696370af630f8013f61c297446ae12dd19ad4e5fb67a72,.csv,365,4,2025-04-11,2026-04-10,2026-07-19,first repository inventory observation; provider retrieval time is available only where a source manifest records it,indexed
data_local/raw/cryptoquant/ETH/Transactions/Ethereum Transaction Count (Mean) - Day.csv,CryptoQuant,49475,f652dd30579aef5b89b202021fe4f95065b4d8d2f107175c376a3114ce086c6e,.csv,1986,2,2020-11-02,2026-04-10,2026-07-19,first repository inventory observation; provider retrieval time is available only where a source manifest records it,indexed
data_local/raw/cryptoquant/ETH/Transactions/Ethereum Transaction Count (Total) - Day.csv,CryptoQuant,39619,2ec1f9de719f10c82e73397feb3b29932a3278cd69e1d6c496696c15b7a67ce1,.csv,1986,2,2020-11-02,2026-04-10,2026-07-19,first repository inventory observation; provider retrieval time is available only where a source manifest records it,indexed
"data_local/raw/cryptoquant/ETH/Transactions/Ethereum Transaction Count - Internal, External, EOA (Total) - Day.csv",CryptoQuant,44010,f8121f37b2357c90252789c29869e63d46a5744cfad6bd8108094d4e98c757bf,.csv,1986,4,2020-11-02,2026-04-10,2026-07-19,first repository inventory observation; provider retrieval time is available only where a source manifest records it,indexed
data_local/raw/cryptoquant/ETH/Transactions/Ethereum Transactions Between EOA (Mean) - Day.csv,CryptoQuant,47560,26e05507fb27dc30a3d88fa4654fc49a7b16418ed8a84dac868da18bc72bec0f,.csv,1986,2,2020-11-02,2026-04-10,2026-07-19,first repository inventory observation; provider retrieval time is available only where a source manifest records it,indexed
data_local/raw/cryptoquant/ETH/Transactions/Ethereum Transactions Between EOA (Total) - Day.csv,CryptoQuant,37817,38612ea3022a2c8744e1151e5b3e06b1dc950a1e40b68f250b04cf1ed43fa48c,.csv,1986,2,2020-11-02,2026-04-10,2026-07-19,first repository inventory observation; provider retrieval time is available only where a source manifest records it,indexed
"data_local/raw/cryptoquant/ETH/Transactions/Ethereum Transfer Count - Internal, External, EOA (Mean) - Day.csv",CryptoQuant,9871,00da35a6868c7ec0f0098510ed50ae7f39681433eb7333963cf097b8fad81c11,.csv,365,4,2025-04-11,2026-04-10,2026-07-19,first repository inventory observation; provider retrieval time is available only where a source manifest records it,indexed
"data_local/raw/cryptoquant/ETH/Transactions/Ethereum Transfer Count - Internal, External, EOA (Total) - Day.csv",CryptoQuant,8071,b94707aea640485a2571f644600163a9a9f8aa226b4664744dad02f833f56ad2,.csv,365,4,2025-04-11,2026-04-10,2026-07-19,first repository inventory observation; provider retrieval time is available only where a source manifest records it,indexed
data_local/raw/cryptoquant/ETH/Transactions/Ethereum Transfers Between EOA (Mean) - Day.csv,CryptoQuant,8820,3bfc17e1f0e3b0709cafc2fa3d34b27c815ef66ce6fc6fac0fd8aa64963a6a4f,.csv,365,2,2025-04-11,2026-04-10,2026-07-19,first repository inventory observation; provider retrieval time is available only where a source manifest records it,indexed
data_local/raw/cryptoquant/ETH/Transactions/Ethereum Transfers Between EOA (Total) - Day.csv,CryptoQuant,7010,095f9299b62576bad48d72205f9df37039a0d250fd4c2b319bdcd27e5c7e3ddd,.csv,365,2,2025-04-11,2026-04-10,2026-07-19,first repository inventory observation; provider retrieval time is available only where a source manifest records it,indexed
data_local/raw/cryptoquant/ETH/Transactions/Ethereum Transfers by Contract Calls (Mean) - Day.csv,CryptoQuant,9069,c0e61a3305e6f03930515b288b3cba993b945fd37f5f5bf29185ce25df03cfd2,.csv,365,2,2025-04-11,2026-04-10,2026-07-19,first repository inventory observation; provider retrieval time is available only where a source manifest records it,indexed
data_local/raw/cryptoquant/ETH/Transactions/Ethereum Transfers by External Contract Calls (Mean) - Day.csv,CryptoQuant,8778,699f78d31f2a836c8de3d933ff74b451fe2fafe282c3192fc23dda9ccf82a054,.csv,365,2,2025-04-11,2026-04-10,2026-07-19,first repository inventory observation; provider retrieval time is available only where a source manifest records it,indexed
data_local/raw/cryptoquant/ETH/Transactions/Ethereum Transfers by External Contract Calls (Total) - Day.csv,CryptoQuant,6986,3cb3c4ccb5550861f2ea78c16cb8f67fa46158aabee8a4b767fdb7692d2afe03,.csv,365,2,2025-04-11,2026-04-10,2026-07-19,first repository inventory observation; provider retrieval time is available only where a source manifest records it,indexed
data_local/raw/cryptoquant/ETH/Transactions/README.md,CryptoQuant,12138,d82c4dd3aa77e89ffebe9268ed966a4e7a03f71866e748fc07523bb7f684c90f,.md,,,,,2026-07-19,first repository inventory observation; provider retrieval time is available only where a source manifest records it,indexed
data_local/raw/cryptoquant/USDC/Addresses/README.md,CryptoQuant,2852,5b06f250e831dc2fc3ef83d9fa9da593a8ac07d376205cb71d52805aa4cf45c5,.md,,,,,2026-07-19,first repository inventory observation; provider retrieval time is available only where a source manifest records it,indexed
data_local/raw/cryptoquant/USDC/Addresses/USD Coin(ERC20) Active Addresses - Day.csv,CryptoQuant,49071,0584b7574a758056668f5bea248e064c729f23efe5b8c0b496342b9b44d84024,.csv,2761,2,2018-09-10,2026-04-11,2026-07-19,first repository inventory observation; provider retrieval time is available only where a source manifest records it,indexed
data_local/raw/cryptoquant/USDC/Addresses/USD Coin(ERC20) Active Receiving Addresses (%) - Day.csv,CryptoQuant,65911,b5cea047d6fd81dde4d53e2529337c4f6deacf1e1e4b94ad4e1ea95b54965aaa,.csv,2761,2,2018-09-10,2026-04-11,2026-07-19,first repository inventory observation; provider retrieval time is available only where a source manifest records it,indexed
data_local/raw/cryptoquant/USDC/Addresses/USD Coin(ERC20) Active Receiving Addresses - Day.csv,CryptoQuant,48935,da5f1c877dac8c5ff6554c33177ccca83ccc31ac2cc2680d8938108a3e8b879d,.csv,2761,2,2018-09-10,2026-04-11,2026-07-19,first repository inventory observation; provider retrieval time is available only where a source manifest records it,indexed
data_local/raw/cryptoquant/USDC/Addresses/USD Coin(ERC20) Active Sending Addresses (%) - Day.csv,CryptoQuant,65852,a5d35f0b7e0df22c61c78906163664ea0fed6b2b394b07dc080f60bec257b746,.csv,2761,2,2018-09-10,2026-04-11,2026-07-19,first repository inventory observation; provider retrieval time is available only where a source manifest records it,indexed
data_local/raw/cryptoquant/USDC/Addresses/USD Coin(ERC20) Active Sending Addresses - Day.csv,CryptoQuant,48852,1e1e56765e52b8b4ad940e9215576028a089642942d1f7c765883203cd426dbb,.csv,2761,2,2018-09-10,2026-04-11,2026-07-19,first repository inventory observation; provider retrieval time is available only where a source manifest records it,indexed
data_local/raw/cryptoquant/USDC/Exchange Flows/README.md,CryptoQuant,5306,c095c7dd2d0bc214a2fb49989854f32c40a34e747d8605aca0adf7e35134110c,.md,,,,,2026-07-19,first repository inventory observation; provider retrieval time is available only where a source manifest records it,indexed
data_local/raw/cryptoquant/USDC/Exchange Flows/USD Coin(ERC20) Exchange Depositing Addresses - All Exchanges - Day.csv,CryptoQuant,46646,41192e2089c056b6bfc881a6add2ecc8f23ef64c86997b29d9e2475238923ac0,.csv,2770,2,2018-09-12,2026-04-12,2026-07-19,first repository inventory observation; provider retrieval time is available only where a source manifest records it,indexed
data_local/raw/cryptoquant/USDC/Exchange Flows/USD Coin(ERC20) Exchange Depositing Transactions - All Exchanges - Day.csv,CryptoQuant,46831,f5af105f8dbe9f945f7e980b3b6fbc31586ed9856440ee261834bf54130beda5,.csv,2770,2,2018-09-12,2026-04-12,2026-07-19,first repository inventory observation; provider retrieval time is available only where a source manifest records it,indexed
data_local/raw/cryptoquant/USDC/Exchange Flows/USD Coin(ERC20) Exchange Inflow (Mean) - All Exchanges - Day.csv,CryptoQuant,75214,5ba13f04f1474ad52f69bf266f2d600cf963d079d147403de3b649694894f286,.csv,2770,2,2018-09-12,2026-04-12,2026-07-19,first repository inventory observation; provider retrieval time is available only where a source manifest records it,indexed
data_local/raw/cryptoquant/USDC/Exchange Flows/USD Coin(ERC20) Exchange Inflow (Top10) - All Exchanges - Day.csv,CryptoQuant,79020,628cf07c77e4ea0ff2438213cf62eaa1673a0bc7d59625be7c4e27b799beca6f,.csv,2770,2,2018-09-12,2026-04-12,2026-07-19,first repository inventory observation; provider retrieval time is available only where a source manifest records it,indexed
data_local/raw/cryptoquant/USDC/Exchange Flows/USD Coin(ERC20) Exchange Inflow (Total) - All Exchanges - Day.csv,CryptoQuant,79221,0571cb0af40121c23a441d9e45964598ea14ef7823dbe4d31c4a7247d769acea,.csv,2769,2,2018-09-12,2026-04-11,2026-07-19,first repository inventory observation; provider retrieval time is available only where a source manifest records it,indexed
data_local/raw/cryptoquant/USDC/Exchange Flows/USD Coin(ERC20) Exchange Netflow (Total) - All Exchanges - Day.csv,CryptoQuant,78008,d1e29b5cf73d4728832061f9c4120fc6d2e90e591dd127be25aa482351e5dea4,.csv,2770,2,2018-09-12,2026-04-12,2026-07-19,first repository inventory observation; provider retrieval time is available only where a source manifest records it,indexed
data_local/raw/cryptoquant/USDC/Exchange Flows/USD Coin(ERC20) Exchange Outflow (Mean) - All Exchanges - Day.csv,CryptoQuant,74942,2fe6434b932b5045b350bb72d3b8b5cc45ebb908839f874b765e8d536f9b89ea,.csv,2770,2,2018-09-12,2026-04-12,2026-07-19,first repository inventory observation; provider retrieval time is available only where a source manifest records it,indexed
data_local/raw/cryptoquant/USDC/Exchange Flows/USD Coin(ERC20) Exchange Outflow (Top10) - All Exchanges - Day.csv,CryptoQuant,78826,828c370893c1121cc0d1c9522e3e7ed4f83330843a7d6a3213b3780e2460014a,.csv,2770,2,2018-09-12,2026-04-12,2026-07-19,first repository inventory observation; provider retrieval time is available only where a source manifest records it,indexed
data_local/raw/cryptoquant/USDC/Exchange Flows/USD Coin(ERC20) Exchange Outflow (Total) - All Exchanges - Day.csv,CryptoQuant,79253,93066c02797e049d4ce4b64c024a8f7cea86a0ae269f7d0b3baa2c771fcd328f,.csv,2769,2,2018-09-12,2026-04-11,2026-07-19,first repository inventory observation; provider retrieval time is available only where a source manifest records it,indexed
data_local/raw/cryptoquant/USDC/Exchange Flows/USD Coin(ERC20) Exchange Reserve - All Exchanges - Day.csv,CryptoQuant,83383,5589a7097c9446d4e55a6e56565a1ce04b815f4bf240f5515a5132e0a18e4e11,.csv,2769,2,2018-09-12,2026-04-11,2026-07-19,first repository inventory observation; provider retrieval time is available only where a source manifest records it,indexed
data_local/raw/cryptoquant/USDC/Exchange Flows/USD Coin(ERC20) Exchange Withdrawing Addresses - All Exchanges - Day.csv,CryptoQuant,46905,232fa6f971541703031565752571e696a07f13f5b048eff2ed4dc8c09017acae,.csv,2770,2,2018-09-12,2026-04-12,2026-07-19,first repository inventory observation; provider retrieval time is available only where a source manifest records it,indexed
data_local/raw/cryptoquant/USDC/Exchange Flows/USD Coin(ERC20) Exchange Withdrawing Transactions - All Exchanges - Day.csv,CryptoQuant,47164,fa7e0a3f29cf35aca88db926355c9e9d6a6e13b2060c35478e2d3dee29c434dd,.csv,2770,2,2018-09-12,2026-04-12,2026-07-19,first repository inventory observation; provider retrieval time is available only where a source manifest records it,indexed
data_local/raw/cryptoquant/USDC/Flow Indicator/README.md,CryptoQuant,1636,faf7425dc7aab4e4f2f5368e3855a440030864ecbb7f408e914f0935121509d6,.md,,,,,2026-07-19,first repository inventory observation; provider retrieval time is available only where a source manifest records it,indexed
data_local/raw/cryptoquant/USDC/Flow Indicator/USD Coin(ERC20) Exchange Supply Ratio - All Exchanges - Day.csv,CryptoQuant,63378,05fbca7b3df6e7d6cd4d6a65a9bd5cdd74518b79a61127bbdaad23bf53123625,.csv,2771,2,2018-09-10,2026-04-11,2026-07-19,first repository inventory observation; provider retrieval time is available only where a source manifest records it,indexed
data_local/raw/cryptoquant/USDC/Transactions/README.md,CryptoQuant,2223,891087ab74ab00f546b71c93a7e049e4cba67a9f8e01ec492b53d1dc6a359bea,.md,,,,,2026-07-19,first repository inventory observation; provider retrieval time is available only where a source manifest records it,indexed
data_local/raw/cryptoquant/USDC/Transactions/USD Coin(ERC20) Tokens Transferred (Mean) - Day.csv,CryptoQuant,75131,75ae16c9ba4a1d9a3eece0d954c5784ce1f291b0313fc89533693c39a81af372,.csv,2761,2,2018-09-10,2026-04-11,2026-07-19,first repository inventory observation; provider retrieval time is available only where a source manifest records it,indexed
data_local/raw/cryptoquant/USDC/Transactions/USD Coin(ERC20) Tokens Transferred (Total) - Day.csv,CryptoQuant,81701,46a4fd8127fcb2b977f02e1ef1724bbfc7bedd4ea372d081654a817a5d737c69,.csv,2761,2,2018-09-10,2026-04-11,2026-07-19,first repository inventory observation; provider retrieval time is available only where a source manifest records it,indexed
data_local/raw/cryptoquant/USDC/Transactions/USD Coin(ERC20) Transfer Event Count - Day.csv,CryptoQuant,49612,59a4a55d742e90ceb741c4758debf550dfbe6774b79ebc094bbd1b1034c8db15,.csv,2761,2,2018-09-10,2026-04-11,2026-07-19,first repository inventory observation; provider retrieval time is available only where a source manifest records it,indexed
data_local/raw/cryptoquant/USDC/USDC_Metrics.txt,CryptoQuant,2355,f5e86be0a2ed46fd2d3cf39dc05c5d5a0f4776b0a8343ec8b272ea26356c89d5,.txt,,,,,2026-07-19,first repository inventory observation; provider retrieval time is available only where a source manifest records it,indexed
data_local/raw/cryptoquant/USDT (TRX)/Addresses/README.md,CryptoQuant,2863,f2cbda62bab08d4eed4d36bf3b529229659b17a1232b9809aaec97899817d8d1,.md,,,,,2026-07-19,first repository inventory observation; provider retrieval time is available only where a source manifest records it,indexed
data_local/raw/cryptoquant/USDT (TRX)/Addresses/Tether USD(TRC20) Active Addresses - Day.csv,CryptoQuant,46595,f893e3bffbf1ffaadc78f83c75c1bcc10ae583d28833b6bc7742a0810cd9ad1f,.csv,2474,2,2019-07-01,2026-04-08,2026-07-19,first repository inventory observation; provider retrieval time is available only where a source manifest records it,indexed
data_local/raw/cryptoquant/USDT (TRX)/Addresses/Tether USD(TRC20) Active Receiving Addresses (%) - Day.csv,CryptoQuant,56522,b10ccd63fb792371dc985eb09a28484df3b0348ecb828ca3b68a19ec184bb32c,.csv,2474,2,2019-07-01,2026-04-08,2026-07-19,first repository inventory observation; provider retrieval time is available only where a source manifest records it,indexed
data_local/raw/cryptoquant/USDT (TRX)/Addresses/Tether USD(TRC20) Active Receiving Addresses - Day.csv,CryptoQuant,46092,d2feff8ec6c4a181f2cc0d8a6b431e4aeb878c3311a240867acc11f48f04aca9,.csv,2474,2,2019-07-01,2026-04-08,2026-07-19,first repository inventory observation; provider retrieval time is available only where a source manifest records it,indexed
data_local/raw/cryptoquant/USDT (TRX)/Addresses/Tether USD(TRC20) Active Sending Addresses (%) - Day.csv,CryptoQuant,56525,2106306f313c49e0e0cb70fc2c2156a7bf8aa1ddd07c0bdb3ca6d05fb8e3bbfc,.csv,2474,2,2019-07-01,2026-04-08,2026-07-19,first repository inventory observation; provider retrieval time is available only where a source manifest records it,indexed
data_local/raw/cryptoquant/USDT (TRX)/Addresses/Tether USD(TRC20) Active Sending Addresses - Day.csv,CryptoQuant,45782,1d7837e687b25d7cae1dda8cd0713ab3072f03acf0372f3d652c663e6fd1128f,.csv,2474,2,2019-07-01,2026-04-08,2026-07-19,first repository inventory observation; provider retrieval time is available only where a source manifest records it,indexed
data_local/raw/cryptoquant/USDT (TRX)/Exchange Flows/README.md,CryptoQuant,4387,11cab975a81236f3118f89c0be8429968f6b59658da05c7235948e667898dcb7,.md,,,,,2026-07-19,first repository inventory observation; provider retrieval time is available only where a source manifest records it,indexed
data_local/raw/cryptoquant/USDT (TRX)/Exchange Flows/Tether USD(TRC20) Exchange Depositing Transactions - All Exchanges - Day.csv,CryptoQuant,44786,0ca5954fb4b48a32022dafddbfcaa3689ffa7ad6187b18da28a8f74c40499b05,.csv,2459,2,2019-07-17,2026-04-09,2026-07-19,first repository inventory observation; provider retrieval time is available only where a source manifest records it,indexed
data_local/raw/cryptoquant/USDT (TRX)/Exchange Flows/Tether USD(TRC20) Exchange Inflow (Mean) - All Exchanges - Day.csv,CryptoQuant,65699,d5663588b0ca7edbea9361760f4455343e43e5fdf8073562187094e2be44370e,.csv,2459,2,2019-07-17,2026-04-09,2026-07-19,first repository inventory observation; provider retrieval time is available only where a source manifest records it,indexed
data_local/raw/cryptoquant/USDT (TRX)/Exchange Flows/Tether USD(TRC20) Exchange Inflow (Top10) - All Exchanges - Day.csv,CryptoQuant,71571,64c22452ab24331444bd6c5cc8cd99fed98f955434e1d923789d0ed15a939843,.csv,2459,2,2019-07-17,2026-04-09,2026-07-19,first repository inventory observation; provider retrieval time is available only where a source manifest records it,indexed
data_local/raw/cryptoquant/USDT (TRX)/Exchange Flows/Tether USD(TRC20) Exchange Inflow (Total) - All Exchanges - Day.csv,CryptoQuant,73723,afb14a381dd80af13ba270f4ab26b472fcd742a231cb8d837e5b390fd810acb1,.csv,2459,2,2019-07-17,2026-04-09,2026-07-19,first repository inventory observation; provider retrieval time is available only where a source manifest records it,indexed
data_local/raw/cryptoquant/USDT (TRX)/Exchange Flows/Tether USD(TRC20) Exchange Netflow (Total) - All Exchanges - Day.csv,CryptoQuant,74518,3904af0072bbeb31552ee7f0bfd6bc78f9740ca683f1cadf0b6a4f93e50862c8,.csv,2459,2,2019-07-17,2026-04-09,2026-07-19,first repository inventory observation; provider retrieval time is available only where a source manifest records it,indexed
data_local/raw/cryptoquant/USDT (TRX)/Exchange Flows/Tether USD(TRC20) Exchange Outflow (Mean) - All Exchanges - Day.csv,CryptoQuant,64274,5aa3067d5e791d32b225c2c570747c0ddb9136c1c74df0805a4393a8cfa0c45b,.csv,2459,2,2019-07-17,2026-04-09,2026-07-19,first repository inventory observation; provider retrieval time is available only where a source manifest records it,indexed
data_local/raw/cryptoquant/USDT (TRX)/Exchange Flows/Tether USD(TRC20) Exchange Outflow (Top10) - All Exchanges - Day.csv,CryptoQuant,71188,68c1946b7ace5330e9b620a33fe52dfe7ddbebb738972530e950ca92fa81b70a,.csv,2459,2,2019-07-17,2026-04-09,2026-07-19,first repository inventory observation; provider retrieval time is available only where a source manifest records it,indexed
data_local/raw/cryptoquant/USDT (TRX)/Exchange Flows/Tether USD(TRC20) Exchange Reserve - All Exchanges - Day.csv,CryptoQuant,74196,a25433a8d6d493757faf81d9449cef9d8b877a4baaa5f7dddc67483a49f7b652,.csv,2459,2,2019-07-17,2026-04-09,2026-07-19,first repository inventory observation; provider retrieval time is available only where a source manifest records it,indexed
data_local/raw/cryptoquant/USDT (TRX)/Exchange Flows/Tether USD(TRC20) Exchange Withdrawing Transactions - All Exchanges - Day.csv,CryptoQuant,45298,c6bacf45a603adce9f9db015092169cfa63f1c0bfc2724e3cc2707a1fabfb99d,.csv,2459,2,2019-07-17,2026-04-09,2026-07-19,first repository inventory observation; provider retrieval time is available only where a source manifest records it,indexed
data_local/raw/cryptoquant/USDT (TRX)/USDT_TRX_Metrics.txt,CryptoQuant,1569,f2dfda96e9ff90e27a14c3954009b468be17cebd75a8e37ae25fb8bef97f54d5,.txt,,,,,2026-07-19,first repository inventory observation; provider retrieval time is available only where a source manifest records it,indexed
data_local/raw/cryptoquant/USDT ETH/Addresses/README.md,CryptoQuant,2870,8d748398d65658715b5f7f0db81df172747263cb479d7d395a9060bc00b6a70c,.md,,,,,2026-07-19,first repository inventory observation; provider retrieval time is available only where a source manifest records it,indexed
data_local/raw/cryptoquant/USDT ETH/Addresses/Tether USD(ERC20) Active Addresses - Day.csv,CryptoQuant,53690,15b29092552648d7971c3369ac3dffce63e18136f57e051e11b887a3140fb74f,.csv,3008,2,2017-11-28,2026-04-11,2026-07-19,first repository inventory observation; provider retrieval time is available only where a source manifest records it,indexed
data_local/raw/cryptoquant/USDT ETH/Addresses/Tether USD(ERC20) Active Receiving Addresses (%) - Day.csv,CryptoQuant,71507,a83d0026f3aa662ea85f496d550cd44c228c815992dfa589be0a5dcf87ed57ab,.csv,3008,2,2017-11-28,2026-04-11,2026-07-19,first repository inventory observation; provider retrieval time is available only where a source manifest records it,indexed
data_local/raw/cryptoquant/USDT ETH/Addresses/Tether USD(ERC20) Active Receiving Addresses - Day.csv,CryptoQuant,53204,4f64f200a7a9042661f56369e115b4aa7479a2dc24d84ba6611e22a7b4516ac6,.csv,3008,2,2017-11-28,2026-04-11,2026-07-19,first repository inventory observation; provider retrieval time is available only where a source manifest records it,indexed
data_local/raw/cryptoquant/USDT ETH/Addresses/Tether USD(ERC20) Active Sending Addresses (%) - Day.csv,CryptoQuant,71506,708c53eb12dd38df1f5a4fb34ad0e0a2ff0f639ff69e35a0d7a68ea51631b67f,.csv,3008,2,2017-11-28,2026-04-11,2026-07-19,first repository inventory observation; provider retrieval time is available only where a source manifest records it,indexed
data_local/raw/cryptoquant/USDT ETH/Addresses/Tether USD(ERC20) Active Sending Addresses - Day.csv,CryptoQuant,53000,6ab46e6a7f990713487c63d6a6132df454b75ccad9a2c6177e3c960e9367fb4f,.csv,3008,2,2017-11-28,2026-04-11,2026-07-19,first repository inventory observation; provider retrieval time is available only where a source manifest records it,indexed
data_local/raw/cryptoquant/USDT ETH/Exchange Flows/README.md,CryptoQuant,5385,7778221ff9bad8d15960a935f286f420c0d0ef63133a79ad8a772380c4615dd4,.md,,,,,2026-07-19,first repository inventory observation; provider retrieval time is available only where a source manifest records it,indexed
data_local/raw/cryptoquant/USDT ETH/Exchange Flows/Tether USD(ERC20) Exchange Depositing Addresses - All Exchanges - Day.csv,CryptoQuant,52349,6e16b6bee776c02cdf193fa1e25efddce0a16574058f512e4f50745b824fd2bc,.csv,3027,2,2017-12-28,2026-04-11,2026-07-19,first repository inventory observation; provider retrieval time is available only where a source manifest records it,indexed
data_local/raw/cryptoquant/USDT ETH/Exchange Flows/Tether USD(ERC20) Exchange Depositing Transactions - All Exchanges - Day.csv,CryptoQuant,52587,88883a806d00ec26f468cb213478dc70435301121d9d3f861778da5ffd58dff3,.csv,3027,2,2017-12-28,2026-04-11,2026-07-19,first repository inventory observation; provider retrieval time is available only where a source manifest records it,indexed
data_local/raw/cryptoquant/USDT ETH/Exchange Flows/Tether USD(ERC20) Exchange Inflow (Mean) - All Exchanges - Day.csv,CryptoQuant,80792,741e0a7c7f2b46a9a2e75657dd2dfa23d39ea5065840e1c7a162e49c00a5ed5a,.csv,3027,2,2017-12-28,2026-04-11,2026-07-19,first repository inventory observation; provider retrieval time is available only where a source manifest records it,indexed
data_local/raw/cryptoquant/USDT ETH/Exchange Flows/Tether USD(ERC20) Exchange Inflow (Top10) - All Exchanges - Day.csv,CryptoQuant,85876,65a03a4ef7038b3a337d4be9baf34b9fa76405bebc509a07922f69352be55a8f,.csv,3027,2,2017-12-28,2026-04-11,2026-07-19,first repository inventory observation; provider retrieval time is available only where a source manifest records it,indexed
data_local/raw/cryptoquant/USDT ETH/Exchange Flows/Tether USD(ERC20) Exchange Inflow (Total) - All Exchanges - Day.csv,CryptoQuant,86010,2a8bf6a164e4cfe43fb73a23f7c49f51ca85f35a8c0cc1e6fa500cbe5d602435,.csv,3027,2,2017-12-28,2026-04-11,2026-07-19,first repository inventory observation; provider retrieval time is available only where a source manifest records it,indexed
data_local/raw/cryptoquant/USDT ETH/Exchange Flows/Tether USD(ERC20) Exchange Netflow (Total) - All Exchanges - Day.csv,CryptoQuant,84931,d9505ecfc36215ff9b4779adba2594c8e2312da500167a2edf401e9357d176a0,.csv,3027,2,2017-12-28,2026-04-11,2026-07-19,first repository inventory observation; provider retrieval time is available only where a source manifest records it,indexed
data_local/raw/cryptoquant/USDT ETH/Exchange Flows/Tether USD(ERC20) Exchange Outflow (Mean) - All Exchanges - Day.csv,CryptoQuant,80246,6042d8e190342035b38ef4e9cc97f1c90eb068c5d7c9eb9694020c7af5083929,.csv,3027,2,2017-12-28,2026-04-11,2026-07-19,first repository inventory observation; provider retrieval time is available only where a source manifest records it,indexed
data_local/raw/cryptoquant/USDT ETH/Exchange Flows/Tether USD(ERC20) Exchange Outflow (Top10) - All Exchanges - Day.csv,CryptoQuant,85609,1768bd9a54c58a0c17f4211f9b0762ae401731847559b986ec2288e54f0c1d4a,.csv,3027,2,2017-12-28,2026-04-11,2026-07-19,first repository inventory observation; provider retrieval time is available only where a source manifest records it,indexed
data_local/raw/cryptoquant/USDT ETH/Exchange Flows/Tether USD(ERC20) Exchange Outflow (Total) - All Exchanges - Day.csv,CryptoQuant,86268,906cd8c605462e912fbe7d200dccd1b7cdb20fc84e1915087ac7ebba3b68adbc,.csv,3027,2,2017-12-28,2026-04-11,2026-07-19,first repository inventory observation; provider retrieval time is available only where a source manifest records it,indexed
data_local/raw/cryptoquant/USDT ETH/Exchange Flows/Tether USD(ERC20) Exchange Reserve - All Exchanges - Day.csv,CryptoQuant,90353,0b70eaed48f75f4e98d7a945df632122dfd402f7fe54dde011dc9d8676f44a50,.csv,3027,2,2017-12-28,2026-04-11,2026-07-19,first repository inventory observation; provider retrieval time is available only where a source manifest records it,indexed
data_local/raw/cryptoquant/USDT ETH/Exchange Flows/Tether USD(ERC20) Exchange Withdrawing Addresses - All Exchanges - Day.csv,CryptoQuant,52812,34ef4c892fe15ddee96ed63d1327bb15a5c37d2dcd7bd17519da2e2e9e069f3f,.csv,3027,2,2017-12-28,2026-04-11,2026-07-19,first repository inventory observation; provider retrieval time is available only where a source manifest records it,indexed
data_local/raw/cryptoquant/USDT ETH/Exchange Flows/Tether USD(ERC20) Exchange Withdrawing Transactions - All Exchanges - Day.csv,CryptoQuant,52910,51279dd86fc9f66e4089ff4957382543ce1637ac970aaac54c49f4be97e61e01,.csv,3027,2,2017-12-28,2026-04-11,2026-07-19,first repository inventory observation; provider retrieval time is available only where a source manifest records it,indexed
data_local/raw/cryptoquant/USDT ETH/Flow Indicator/README.md,CryptoQuant,1646,da27166dbd5c3e784d189aaba6e642a34478e7ff46a58b471d54d304290bf0d5,.md,,,,,2026-07-19,first repository inventory observation; provider retrieval time is available only where a source manifest records it,indexed
data_local/raw/cryptoquant/USDT ETH/Flow Indicator/Tether USD(ERC20) Exchange Supply Ratio - All Exchanges - Day.csv,CryptoQuant,69732,4a206221c984e165bb1c84a6524f3715b4114f26bd20332b63d44f66a6577e59,.csv,3056,2,2017-11-28,2026-04-10,2026-07-19,first repository inventory observation; provider retrieval time is available only where a source manifest records it,indexed
data_local/raw/cryptoquant/USDT ETH/Market Data/README.md,CryptoQuant,1535,20c76dbd25b2e2a517cf1c1feda574aa3353764ac31a7cd1a0a7ed3d2ee12968,.md,,,,,2026-07-19,first repository inventory observation; provider retrieval time is available only where a source manifest records it,indexed
data_local/raw/cryptoquant/USDT ETH/Market Data/Tether USD(ERC20) Market Cap - Day.csv,CryptoQuant,88786,3a9acc157faf35f710055fca7c1f0bb46103ea73c8acfbbde6092c11e2c09e2d,.csv,3008,2,2017-11-28,2026-04-11,2026-07-19,first repository inventory observation; provider retrieval time is available only where a source manifest records it,indexed
data_local/raw/cryptoquant/USDT ETH/Supply/README.md,CryptoQuant,1564,16f900bbaaa3a060caba3748c58b21994b7a862604d5b0e627024570eaffbe5c,.md,,,,,2026-07-19,first repository inventory observation; provider retrieval time is available only where a source manifest records it,indexed
data_local/raw/cryptoquant/USDT ETH/Supply/Tether USD(ERC20) Total Supply - Day.csv,CryptoQuant,81941,cf126b72af0a87d60425680d153012820cc3dc1698b311cb086241b611ccdb1e,.csv,3057,2,2017-11-28,2026-04-11,2026-07-19,first repository inventory observation; provider retrieval time is available only where a source manifest records it,indexed
data_local/raw/cryptoquant/USDT ETH/Transactions/README.md,CryptoQuant,1923,519cc34fd6e38e9aec82499905b8aed606dad30f3b2ba2a199d3d6112ad8456a,.md,,,,,2026-07-19,first repository inventory observation; provider retrieval time is available only where a source manifest records it,indexed
data_local/raw/cryptoquant/USDT ETH/Transactions/Tether USD(ERC20) Tokens Transferred (Total) - Day.csv,CryptoQuant,88265,7f4f3b06ba3384e23fe3c57a2a13a5f71b39c3f4b63eb22018741093f4eb5402,.csv,3008,2,2017-11-28,2026-04-11,2026-07-19,first repository inventory observation; provider retrieval time is available only where a source manifest records it,indexed
data_local/raw/cryptoquant/USDT ETH/Transactions/Tether USD(ERC20) Transfer Event Count - Day.csv,CryptoQuant,54912,61aff012efbb9dd76d731217df85579d874225e603e775b053e4a585887b3b71,.csv,3008,2,2017-11-28,2026-04-11,2026-07-19,first repository inventory observation; provider retrieval time is available only where a source manifest records it,indexed
data_local/raw/cryptoquant/USDT ETH/USDT_ETH_Metrics.txt,CryptoQuant,2422,3b3b2f5998d991bb7ae04b225f51e0da0f2e0feaef2a974ef1185f0f738e421b,.txt,,,,,2026-07-19,first repository inventory observation; provider retrieval time is available only where a source manifest records it,indexed
data_local/raw/cryptoquant/WBTC/Addresses/README.md,CryptoQuant,2131,56f1e639c43caf36ff7a94c994a5a9d935ec062bdd6b863371c522d998ba0d6a,.md,,,,,2026-07-19,first repository inventory observation; provider retrieval time is available only where a source manifest records it,indexed
data_local/raw/cryptoquant/WBTC/Addresses/Wrapped BTC Active Addresses - Day.csv,CryptoQuant,44280,b804dd35920bae6bde4ad7484b02339bc49f38d3844d5906a20b49d1216b170b,.csv,2696,2,2018-11-24,2026-04-11,2026-07-19,first repository inventory observation; provider retrieval time is available only where a source manifest records it,indexed
data_local/raw/cryptoquant/WBTC/Addresses/Wrapped BTC Active Receiving Addresses - Day.csv,CryptoQuant,43899,a1509544b0e6b1cdcd360264ffdf43b0e0c7ba4b31e2c0ec44ac793acfe4f7f6,.csv,2696,2,2018-11-24,2026-04-11,2026-07-19,first repository inventory observation; provider retrieval time is available only where a source manifest records it,indexed
data_local/raw/cryptoquant/WBTC/Addresses/Wrapped BTC Active Sending Addresses - Day.csv,CryptoQuant,43766,e363168067d5c56d94186ed0c42da63985a5881862f1fed239e6f0fd9e76382f,.csv,2696,2,2018-11-24,2026-04-11,2026-07-19,first repository inventory observation; provider retrieval time is available only where a source manifest records it,indexed
data_local/raw/cryptoquant/WBTC/Transactions/README.md,CryptoQuant,3095,df607a8a17dd9d57ac8e85f1df0f5b5c34b6662171a3bbb99ffe68eeb3634479,.md,,,,,2026-07-19,first repository inventory observation; provider retrieval time is available only where a source manifest records it,indexed
data_local/raw/cryptoquant/WBTC/Transactions/Wrapped BTC Tokens Transferred (Mean) - Day.csv,CryptoQuant,80890,5b83fb5647fbb1b19400de41b9b6b788ddf0a96c71c8ce91b92b15c5bb9070d0,.csv,2696,2,2018-11-24,2026-04-11,2026-07-19,first repository inventory observation; provider retrieval time is available only where a source manifest records it,indexed
data_local/raw/cryptoquant/WBTC/Transactions/Wrapped BTC Tokens Transferred (Median) - Day.csv,CryptoQuant,60217,9c54c3d2f5ee73d31071590cbd1284c859ecc4cbc0bee78c1a0575a297d987eb,.csv,2696,2,2018-11-24,2026-04-11,2026-07-19,first repository inventory observation; provider retrieval time is available only where a source manifest records it,indexed
data_local/raw/cryptoquant/WBTC/Transactions/Wrapped BTC Tokens Transferred (Total) - Day.csv,CryptoQuant,70161,1a1818dd6b2e817fdf1fdee5779aceb0363995be4b223ef87ecbfdf053fb9547,.csv,2696,2,2018-11-24,2026-04-11,2026-07-19,first repository inventory observation; provider retrieval time is available only where a source manifest records it,indexed
data_local/raw/cryptoquant/WBTC/Transactions/Wrapped BTC Transaction Count (Mean) - Day.csv,CryptoQuant,61206,e6e444c50f5c1a7085a39ca601aaaf72a78409318a4821f199c4fa4ea02528aa,.csv,2696,2,2018-11-24,2026-04-11,2026-07-19,first repository inventory observation; provider retrieval time is available only where a source manifest records it,indexed
data_local/raw/cryptoquant/WBTC/Transactions/Wrapped BTC Transaction Count (Total) - Day.csv,CryptoQuant,45775,46be3f14010d638af61ccea3f93e75340ede8564308dd18e46f1a331e5384315,.csv,2696,2,2018-11-24,2026-04-11,2026-07-19,first repository inventory observation; provider retrieval time is available only where a source manifest records it,indexed
data_local/raw/cryptoquant/WBTC/Transactions/Wrapped BTC Transfer Count (Total) - Day.csv,CryptoQuant,45674,af007163f97810e940cdd2eced3d73745c6a93ce3fe71478c7e4fd6317846b88,.csv,2696,2,2018-11-24,2026-04-11,2026-07-19,first repository inventory observation; provider retrieval time is available only where a source manifest records it,indexed
data_local/raw/cryptoquant/WBTC/WBTC_Metrics.txt,CryptoQuant,899,9ffad2abf99cd1e9f40b7ddb0ea2f55c409051447b846502a8b0167b99ed363c,.txt,,,,,2026-07-19,first repository inventory observation; provider retrieval time is available only where a source manifest records it,indexed
data_local/raw/defillama/_raw_parts/cex_inflows/cex-inflows-chart_combined_2026-04-17 part 1.csv,DefiLlama,247511,7e5c1c3613aa6a80264f3325fe259482681006b70ff6765463efba063d530ff1,.csv,1253,26,2022-11-12,2026-04-17,2026-07-19,first repository inventory observation; provider retrieval time is available only where a source manifest records it,indexed
data_local/raw/defillama/_raw_parts/cex_inflows/cex-inflows-chart_combined_2026-04-17 part 2.csv,DefiLlama,113115,2b0961d5e118bbda876456a3ce542219061a9778261331f1db845ff86fa7854d,.csv,1037,26,2023-06-16,2026-04-17,2026-07-19,first repository inventory observation; provider retrieval time is available only where a source manifest records it,indexed
data_local/raw/defillama/_raw_parts/cex_inflows/cex-inflows-chart_combined_2026-04-17 part 3.csv,DefiLlama,148013,9549f2c8e8446d2e6062c04686b9936884446fffe17f8ea44ef096a29d127d22,.csv,1243,26,2022-11-22,2026-04-17,2026-07-19,first repository inventory observation; provider retrieval time is available only where a source manifest records it,indexed
data_local/raw/defillama/_raw_parts/duplicates/all_metrics_2026-04-17 (1) volume.csv,DefiLlama,904499,c4d279bb5a345ae6275df5b99e1a015de0dd45b988f0c8ca6d0a670a52319194,.csv,3644,38,2016-04-19,2026-04-17,2026-07-19,first repository inventory observation; provider retrieval time is available only where a source manifest records it,indexed
data_local/raw/defillama/_raw_parts/duplicates/ethereum_metrics_2026-04-17 (1).csv,DefiLlama,1017157,a990e245d5841909f09300a2ddec8a0363cbf39d58542f61d79e3164aa0ba590,.csv,3125,48,2017-09-27,2026-04-17,2026-07-19,first repository inventory observation; provider retrieval time is available only where a source manifest records it,indexed
data_local/raw/defillama/_raw_parts/duplicates/ethereum_metrics_2026-04-17 Fees and revenue.csv,DefiLlama,1017157,cbcf8e7844f8d33ac5d328fe7dabec8ffd123c44c10fccf8d319a711676230b1,.csv,3125,48,2017-09-27,2026-04-17,2026-07-19,first repository inventory observation; provider retrieval time is available only where a source manifest records it,indexed
data_local/raw/defillama/_raw_parts/duplicates/rwa-time-series-chart-active-mcap-all-2026-04-14.csv,DefiLlama,190595,9f7754b18e2e88279d3607c3bdfe0a2fe5b54e90515a3fa719ca34b1ec30d978,.csv,1684,19,2021-09-04,2026-04-14,2026-07-19,first repository inventory observation; provider retrieval time is available only where a source manifest records it,indexed
data_local/raw/defillama/_raw_parts/duplicates/rwa-time-series-chart-onchain-mcap-all-2026-04-14.csv,DefiLlama,224131,eaa1552ee987c5560fcee0847bef83ca9a4d24418a833f01dbb563c1c6fcb898,.csv,1684,22,2021-09-04,2026-04-14,2026-07-19,first repository inventory observation; provider retrieval time is available only where a source manifest records it,indexed
data_local/raw/defillama/_raw_parts/README.md,DefiLlama,301,aec11e894dfee9d919218c16a2c38ff41b195ee240721cf04d39be279c98c6f1,.md,,,,,2026-07-19,first repository inventory observation; provider retrieval time is available only where a source manifest records it,indexed
data_local/raw/defillama/_raw_parts/stablecoin_mcap/stablecoin-mcap-chart_combined_2026-04-17 (1) part 5.csv,DefiLlama,237346,a325f9d801df529247c4af009b3a8c636670654b03722e9c465b308b6e948673,.csv,1981,26,2020-11-14,2026-04-17,2026-07-19,first repository inventory observation; provider retrieval time is available only where a source manifest records it,indexed
data_local/raw/defillama/_raw_parts/stablecoin_mcap/stablecoin-mcap-chart_combined_2026-04-17 (1) part 6.csv,DefiLlama,246351,94c758a6872b8129b820d9163b8be08f2c02239f6e684ca5f7f7ddde14dc0819,.csv,2102,26,2020-07-16,2026-04-17,2026-07-19,first repository inventory observation; provider retrieval time is available only where a source manifest records it,indexed
data_local/raw/defillama/_raw_parts/stablecoin_mcap/stablecoin-mcap-chart_combined_2026-04-17 (1) part 7.csv,DefiLlama,216871,dafd941e745a4b1acf38bfa4ba2a8eb19e93c7c6b0820d0f637fa6b4daf41a5a,.csv,1934,26,2020-12-31,2026-04-17,2026-07-19,first repository inventory observation; provider retrieval time is available only where a source manifest records it,indexed
data_local/raw/defillama/_raw_parts/stablecoin_mcap/stablecoin-mcap-chart_combined_2026-04-17 part 1.csv,DefiLlama,348599,4e311c7934a6f3735804db69cdbd671d37135b311e19a6e96b9b35956b4ae8fb,.csv,3062,26,2017-11-29,2026-04-17,2026-07-19,first repository inventory observation; provider retrieval time is available only where a source manifest records it,indexed
data_local/raw/defillama/_raw_parts/stablecoin_mcap/stablecoin-mcap-chart_combined_2026-04-17 part 2.csv,DefiLlama,204324,7e0937d361b2634e15fc025209ea15cae881967548f16bfa08f64febb10c1ca1,.csv,1963,26,2020-12-02,2026-04-17,2026-07-19,first repository inventory observation; provider retrieval time is available only where a source manifest records it,indexed
data_local/raw/defillama/_raw_parts/stablecoin_mcap/stablecoin-mcap-chart_combined_2026-04-17 part 3.csv,DefiLlama,177017,083a20011fdee5bedc68bd5cfc05f34590e1d0f087fb34a08af2d7384e53532e,.csv,2296,26,2020-01-04,2026-04-17,2026-07-19,first repository inventory observation; provider retrieval time is available only where a source manifest records it,indexed
data_local/raw/defillama/_raw_parts/stablecoin_mcap/stablecoin-mcap-chart_combined_2026-04-17 part 4.csv,DefiLlama,288009,6b8d1cbe10701947a51a7d55aa45891999f76e3c3535fa9a7a1c96f3cb4f3b93,.csv,2776,26,2018-09-11,2026-04-17,2026-07-19,first repository inventory observation; provider retrieval time is available only where a source manifest records it,indexed
data_local/raw/defillama/_raw_parts/stablecoin_mcap/stablecoin-mcap-chart_combined_2026-04-17.csv,DefiLlama,232295,b0139a6d6799c1fe8a130d51375d0ea62cae25722c22c5c356aef1dd0f086ded,.csv,1962,26,2020-12-03,2026-04-17,2026-07-19,first repository inventory observation; provider retrieval time is available only where a source manifest records it,indexed
data_local/raw/defillama/CEX/cex_net_inflows_by_exchange__daily.csv,DefiLlama,589805,df0cb7314aef7e2c9ff391ff970a8e81549af31bea07236db152816eb2112b77,.csv,1253,76,2022-11-12,2026-04-17,2026-07-19,first repository inventory observation; provider retrieval time is available only where a source manifest records it,indexed
data_local/raw/defillama/CEX/README.md,DefiLlama,2250,b69ad3e73497675d58e45e49b152d53ea27708ded38c1ed4e6487a4ac2dfdc0d,.md,,,,,2026-07-19,first repository inventory observation; provider retrieval time is available only where a source manifest records it,indexed
data_local/raw/defillama/ChainMetrics/all_chains_metrics__daily.csv,DefiLlama,939491,c19334e50b9336ab25bda3d038282ff1f7b2e992f7c12bb6d2cab731b2540ebf,.csv,3644,40,2016-04-19,2026-04-17,2026-07-19,first repository inventory observation; provider retrieval time is available only where a source manifest records it,indexed
data_local/raw/defillama/ChainMetrics/all_chains_perp_volume_by_protocol__daily.csv,DefiLlama,1141579,b6bf90d47d3b8dc0d01b549eac54006fc325965bea301b15ebea52d21c811c4d,.csv,1878,180,2021-02-25,2026-04-17,2026-07-19,first repository inventory observation; provider retrieval time is available only where a source manifest records it,indexed
data_local/raw/defillama/ChainMetrics/all_dex_metrics__daily.csv,DefiLlama,194927,a35de8966ef5a4d6e9ee0ad38fb6bde74b5aaa8da2d0f3502066b7d402438921,.csv,3644,5,2016-04-19,2026-04-17,2026-07-19,first repository inventory observation; provider retrieval time is available only where a source manifest records it,indexed
data_local/raw/defillama/ChainMetrics/chain_revenue_combined__daily.csv,DefiLlama,54363,c7116a0aa4664c7e864d7849d65ea5133b6d314481068ee7877b07ee43344b26,.csv,2793,2,2018-08-18,2026-04-17,2026-07-19,first repository inventory observation; provider retrieval time is available only where a source manifest records it,indexed
data_local/raw/defillama/ChainMetrics/chain_tvl_dominance__daily.csv,DefiLlama,1975428,8d3593ba4d46ccde2ddb5c9a402740816ad3d2676ed6f6e0923bf651a5f2eace,.csv,521,457,2020-08-04,2026-04-15,2026-07-19,first repository inventory observation; provider retrieval time is available only where a source manifest records it,indexed
data_local/raw/defillama/ChainMetrics/ethereum_metrics__daily.csv,DefiLlama,1017168,f1f2f5dae555b0ae273705d6d5b08fdd35ccdb867382707bff0f6e9a3a907c73,.csv,3125,48,2017-09-27,2026-04-17,2026-07-19,first repository inventory observation; provider retrieval time is available only where a source manifest records it,indexed
data_local/raw/defillama/ChainMetrics/README.md,DefiLlama,4287,eec64c9d013a939a3b208950ababbf29342c8e5f3124e18f09c388b16534cb78,.md,,,,,2026-07-19,first repository inventory observation; provider retrieval time is available only where a source manifest records it,indexed
data_local/raw/defillama/ChainMetrics/solana_metrics__daily.csv,DefiLlama,501639,9c3e17b3225811da6176eee4107feb833926c9aeab8b60d3a7c3f6f40687654a,.csv,1857,38,2021-03-18,2026-04-17,2026-07-19,first repository inventory observation; provider retrieval time is available only where a source manifest records it,indexed
data_local/raw/defillama/DATs/dat-institutions.csv,DefiLlama,36421,8dfbd11fa3dde7cb42c94c285ebbdf46d7c5245437e3afa6be200d011faecec3,.csv,86,11,,,2026-07-19,first repository inventory observation; provider retrieval time is available only where a source manifest records it,indexed:no_declared_observation_column
data_local/raw/defillama/DATs/README.md,DefiLlama,2473,2b5037dbf812e178c5d996af1cded1fcafc6a1c166d638d718705d8907c99b88,.md,,,,,2026-07-19,first repository inventory observation; provider retrieval time is available only where a source manifest records it,indexed
data_local/raw/defillama/ETFs/etf-history.csv,DefiLlama,17014,3e89aa72624eb7c3942aed944af58ac922dc5793991ef3152068c14d1b916641,.csv,565,3,2024-01-11,2026-04-14,2026-07-19,first repository inventory observation; provider retrieval time is available only where a source manifest records it,indexed
data_local/raw/defillama/ETFs/etf-overview.csv,DefiLlama,1326,7f4f308b97ec2fb735370a6d32220cc939c0a2b450048497403c84f45dff2d05,.csv,25,6,,,2026-07-19,first repository inventory observation; provider retrieval time is available only where a source manifest records it,indexed:no_declared_observation_column
data_local/raw/defillama/ETFs/README.md,DefiLlama,2361,96f5c387ff2cb69e058c311728a914046515677df1fde7f787ff7296dba93430,.md,,,,,2026-07-19,first repository inventory observation; provider retrieval time is available only where a source manifest records it,indexed
data_local/raw/defillama/RWA/README.md,DefiLlama,4070,f84600ded22f251deec7b41a91b55b58cf3079b3dac45b2a20cb3f000cdf93d9,.md,,,,,2026-07-19,first repository inventory observation; provider retrieval time is available only where a source manifest records it,indexed
data_local/raw/defillama/RWA/rwa_active_mcap_all__daily.csv,DefiLlama,218988,d3f7953e723f7a720c936f17cee3401a82505baa3a0fa0c5a2c34ba425e96b2c,.csv,1687,22,2021-09-04,2026-04-17,2026-07-19,first repository inventory observation; provider retrieval time is available only where a source manifest records it,indexed
data_local/raw/defillama/RWA/rwa_defi_active_tvl_all__daily.csv,DefiLlama,165531,3b2eb155b703ec6667ed126908be1790b33e243b3ddc1205189b755c4863103a,.csv,1633,19,2021-10-25,2026-04-14,2026-07-19,first repository inventory observation; provider retrieval time is available only where a source manifest records it,indexed
data_local/raw/defillama/RWA/rwa_mcap_by_category__daily.csv,DefiLlama,188350,0529d11ebdae4b6c891b81d4df8cd470b52723ed548f0c6d5d932e5e80e2d4ec,.csv,1687,13,2021-09-04,2026-04-17,2026-07-19,first repository inventory observation; provider retrieval time is available only where a source manifest records it,indexed
data_local/raw/defillama/RWA/rwa_onchain_mcap_all__daily.csv,DefiLlama,243841,20e9b3c04809701a178e711d599f2a308ce31f06dc038d0f6b99552354505bb7,.csv,1687,24,2021-09-04,2026-04-17,2026-07-19,first repository inventory observation; provider retrieval time is available only where a source manifest records it,indexed
data_local/raw/defillama/RWA/rwa_onchain_mcap_by_platform__daily.csv,DefiLlama,502408,f38833e1381c9a73d423880850e84cba27a5661c5c315a27162ee83a78521762,.csv,1687,63,2021-09-04,2026-04-17,2026-07-19,first repository inventory observation; provider retrieval time is available only where a source manifest records it,indexed
data_local/raw/defillama/Stablecoins/README.md,DefiLlama,3333,119128df0f4d9aeead93b5f51fc8bfe9e1a04578511925d5979f0f0cf74b5e5a,.md,,,,,2026-07-19,first repository inventory observation; provider retrieval time is available only where a source manifest records it,indexed
data_local/raw/defillama/Stablecoins/stablecoin_mcap_by_defillama_id__daily.csv,DefiLlama,2245801,fa0007fc6bab137bcc4766820d20aa188673de920addcf4278e975ff32fbc32d,.csv,3062,201,2017-11-29,2026-04-17,2026-07-19,first repository inventory observation; provider retrieval time is available only where a source manifest records it,indexed
data_local/raw/defillama/Stablecoins/stablecoin_mcap_id_to_name.csv,DefiLlama,1574,832b0277c4557a65e7174d430c191c0c7882385ce7c15f948be33be8445dc7d4,.csv,200,4,,,2026-07-19,first repository inventory observation; provider retrieval time is available only where a source manifest records it,indexed:no_declared_observation_column
data_local/raw/defillama/Stablecoins/stablecoins-chains.csv,DefiLlama,5180,c9343e9f1425dac79830a9a883e919d7712e020f0bcc501868907fb19836456c,.csv,175,3,,,2026-07-19,first repository inventory observation; provider retrieval time is available only where a source manifest records it,indexed:no_declared_observation_column
data_local/raw/defillama/Stablecoins/stablecoins.csv,DefiLlama,83248,970c0791b71aea74bc880584870a3f8c673fe2cb47220204cf97f94815d8af72,.csv,360,10,,,2026-07-19,first repository inventory observation; provider retrieval time is available only where a source manifest records it,indexed:no_declared_observation_column
data_local/raw/defillama/TVL/Daily/README.md,DefiLlama,2585,12801e9d5874bd15428681c2702f6639590f0c5a3c61383456519282fa2925ed,.md,,,,,2026-07-19,first repository inventory observation; provider retrieval time is available only where a source manifest records it,indexed
data_local/raw/defillama/TVL/Daily/tvl_all_chains_daily.csv,DefiLlama,72055,b21bdda855167cb6be9b3b77ebbed5e8d46283b138f906cb949dae4dbf684a02,.csv,3122,2,2017-09-27,2026-04-14,2026-07-19,first repository inventory observation; provider retrieval time is available only where a source manifest records it,indexed
data_local/raw/defillama/TVL/Daily/tvl_by_chain_long_daily.csv,DefiLlama,11389216,0e4e46c63bf3c76e4528dd00443102b17c5af5eeb1b784aeda967e64cec746a0,.csv,419303,3,2017-09-27,2026-04-14,2026-07-19,first repository inventory observation; provider retrieval time is available only where a source manifest records it,indexed
data_local/raw/defillama/TVL/Daily/tvl_by_chain_wide_daily.csv,DefiLlama,4917390,27f0e0b65bf314d8b7ab8af8d6f8f00209a10d0dcaa282cbc4331aa9da506096,.csv,3122,440,2017-09-27,2026-04-14,2026-07-19,first repository inventory observation; provider retrieval time is available only where a source manifest records it,indexed
data_local/raw/defillama/TVL/Snapshot/README.md,DefiLlama,2703,1bd4548feb1be88bbd461aa26dcd145d59a6b0162e091d9b18b49542b339fd30,.md,,,,,2026-07-19,first repository inventory observation; provider retrieval time is available only where a source manifest records it,indexed
data_local/raw/defillama/TVL/Snapshot/tvl_chains_current.csv,DefiLlama,20023,7668362522c5cda8e5b041977f09a4f8d965aa14f43142e8317c4989cb3257ee,.csv,440,6,,,2026-07-19,first repository inventory observation; provider retrieval time is available only where a source manifest records it,indexed:no_declared_observation_column
data_local/raw/defillama/TVL/Snapshot/tvl_protocols_current.csv,DefiLlama,5566948,75b1b5a82d59892540a365282c0c57635a24c313a33a0d3402919d9cd76aa2ce,.csv,7317,56,,,2026-07-19,first repository inventory observation; provider retrieval time is available only where a source manifest records it,indexed:no_declared_observation_column
data_local/raw/defillama/TVL/Weekly/README.md,DefiLlama,2596,874e33367acc3ed15b704efe40a3b0b66c5f3a08c45045dcf077040b4fa073ad,.md,,,,,2026-07-19,first repository inventory observation; provider retrieval time is available only where a source manifest records it,indexed
data_local/raw/defillama/TVL/Weekly/tvl_all_chains_weekly.csv,DefiLlama,10326,b364da33d5ab5c9fb656f1334c26eeea5ddd0929bd3038f13e44e172c99dfbad,.csv,447,2,2017-10-01,2026-04-19,2026-07-19,first repository inventory observation; provider retrieval time is available only where a source manifest records it,indexed
data_local/raw/defillama/TVL/Weekly/tvl_by_chain_long_weekly.csv,DefiLlama,1639917,169a42855bb4788f8fb52c20d86788283a66ccda80d1e7a806048fbb457e6f2b,.csv,60392,3,2017-10-01,2026-04-19,2026-07-19,first repository inventory observation; provider retrieval time is available only where a source manifest records it,indexed
data_local/raw/defillama/TVL/Weekly/tvl_by_chain_wide_weekly.csv,DefiLlama,709525,70b3b0b56652adc2c644d008cb8e2d0901424db62cc0304cdbb5d1dc17a733b7,.csv,447,440,2017-10-01,2026-04-19,2026-07-19,first repository inventory observation; provider retrieval time is available only where a source manifest records it,indexed
data_local/raw/farside/farside_btc_etf_flows__daily.csv,Farside ETF Data,39725,b1bce4537220d903fa5da1ea60db0ddeb6868fcd5e62e42e2667db37626d33ba,.csv,579,14,2024-01-11,2026-04-10,2026-07-19,first repository inventory observation; provider retrieval time is available only where a source manifest records it,indexed
data_local/raw/farside/Farside_ETF_Data_Summary.txt,Farside ETF Data,2549,91cc5d7d146c245b422e2834da2baa9a877c8488f605a75ec74437a175220011,.txt,,,,,2026-07-19,first repository inventory observation; provider retrieval time is available only where a source manifest records it,indexed
data_local/raw/farside/farside_eth_etf_flows__daily.csv,Farside ETF Data,25573,bca5a054c4e8595ce08fe3aa61f4af59463c44edc349b9c5b0016ed4ab7c942c,.csv,441,12,2024-07-23,2026-04-10,2026-07-19,first repository inventory observation; provider retrieval time is available only where a source manifest records it,indexed
data_local/raw/farside/farside_sol_etf_flows__daily.csv,Farside ETF Data,541,ba37bdc690448f10e3149995a9d220b54ac7ccc6437d0e4ce6a09cd5e2cc27b0,.csv,12,8,2026-03-25,2026-04-10,2026-07-19,first repository inventory observation; provider retrieval time is available only where a source manifest records it,indexed
data_local/raw/farside/README.md,Farside ETF Data,1959,4482ced0af4278e8a5725b3d239dc060aef623bf0c29d5f73c9bc4ab989a873a,.md,,,,,2026-07-19,first repository inventory observation; provider retrieval time is available only where a source manifest records it,indexed
data_local/raw/fred/_fetch_status.json,FRED,95,8d2b580ef3d7a6a2cc28f92f97b0e9a7ac295bc4238a1142fcf819278cb4e855,.json,,,,,2026-07-19,first repository inventory observation; provider retrieval time is available only where a source manifest records it,indexed
data_local/raw/fred/ANFCI__weekly.csv,FRED,53647,82d3fb1ccd2f119b049f8d470c24cc94ab269784dee15e1bf929c9f6c3e1dd85,.csv,2884,2,1971-01-08,2026-04-10,2026-07-19,first repository inventory observation; provider retrieval time is available only where a source manifest records it,indexed
data_local/raw/fred/BAMLH0A0HYM2__daily.csv,FRED,13417,f0a3df41778c71a25eb7c0865455679f2afda4c99e63fae8475c7d66efb03a8f,.csv,795,2,2023-04-18,2026-04-16,2026-07-19,first repository inventory observation; provider retrieval time is available only where a source manifest records it,indexed
data_local/raw/fred/CPIAUCSL__monthly.csv,FRED,17345,31cb319960a32a33e9675677864ede1566c99d67d08178fd132050f1f3185d3a,.csv,951,2,1947-01-01,2026-03-01,2026-07-19,first repository inventory observation; provider retrieval time is available only where a source manifest records it,indexed
data_local/raw/fred/DCOILWTICO__daily.csv,FRED,186763,e71a55a980e7f505739b5dbc38e4b6cc5d1a29b1fc9624a83cb270749a80302f,.csv,10508,2,1986-01-02,2026-04-13,2026-07-19,first repository inventory observation; provider retrieval time is available only where a source manifest records it,indexed
data_local/raw/fred/DFF__daily.csv,FRED,442010,2e727b8988696e24691eb1ed17b4593bca96931fba50ac0b685572f73630fb11,.csv,26223,2,1954-07-01,2026-04-16,2026-07-19,first repository inventory observation; provider retrieval time is available only where a source manifest records it,indexed
data_local/raw/fred/DFII10__daily.csv,FRED,102682,a7d6faa3e25a8aa5ba0f34c503993b8a8856531855ac8f0143b0f181dee12855,.csv,6076,2,2003-01-02,2026-04-16,2026-07-19,first repository inventory observation; provider retrieval time is available only where a source manifest records it,indexed
data_local/raw/fred/DGS10__daily.csv,FRED,282094,0efcc8de38918a7916d67eb584096edbbe77fcfd234d2609b784c8c21faa3bc9,.csv,16773,2,1962-01-02,2026-04-16,2026-07-19,first repository inventory observation; provider retrieval time is available only where a source manifest records it,indexed
data_local/raw/fred/DGS2__daily.csv,FRED,218952,2b7f79556a6bd1da685e033bb0828582cf1c50e97a33bc25074d72fa84e949da,.csv,13013,2,1976-06-01,2026-04-16,2026-07-19,first repository inventory observation; provider retrieval time is available only where a source manifest records it,indexed
data_local/raw/fred/DGS30__daily.csv,FRED,216175,addc466f76fa5a921d95b1f5cad22d4034d3441f875f36fdda4b731fcb513395,.csv,12828,2,1977-02-15,2026-04-16,2026-07-19,first repository inventory observation; provider retrieval time is available only where a source manifest records it,indexed
data_local/raw/fred/DTWEXBGS__daily.csv,FRED,106768,bc712b35a7669746b3121381ab91dc1b7f8a41f0a5868f4f12437b1b4a701acb,.csv,5290,2,2006-01-02,2026-04-10,2026-07-19,first repository inventory observation; provider retrieval time is available only where a source manifest records it,indexed
data_local/raw/fred/fred_macro_panel__daily.csv,FRED,999198,51cc9a91b5976ab804c9219b00a3505fc7eb112686917a01d8ff04c473abf02f,.csv,18732,14,1954-07-01,2026-04-17,2026-07-19,first repository inventory observation; provider retrieval time is available only where a source manifest records it,indexed
data_local/raw/fred/fred_series_metadata.csv,FRED,12016,f7c14ed0611ba9ff93505ed2e6ded97035cf4b1748fdb2ed4b060df2e58f8acc,.csv,19,13,,,2026-07-19,first repository inventory observation; provider retrieval time is available only where a source manifest records it,indexed:no_declared_observation_column
data_local/raw/fred/NFCI__weekly.csv,FRED,53641,b8c17c248172b57df1cc0154011e053ae187f469b86d87ecbd43109e2141838b,.csv,2884,2,1971-01-08,2026-04-10,2026-07-19,first repository inventory observation; provider retrieval time is available only where a source manifest records it,indexed
data_local/raw/fred/README.md,FRED,5438,41b1556ab89b6f3367981dfd0bfa1573fe80f598c2bed7e0986c1b7295d30cc6,.md,,,,,2026-07-19,first repository inventory observation; provider retrieval time is available only where a source manifest records it,indexed
data_local/raw/fred/RRPONTSYD__daily.csv,FRED,98595,aff41424bf097d86235587e11cb528b8ac85edc6b42c43bd5e3dcee38d9a013c,.csv,6051,2,2003-02-07,2026-04-17,2026-07-19,first repository inventory observation; provider retrieval time is available only where a source manifest records it,indexed
data_local/raw/fred/SOFR__daily.csv,FRED,35052,b69476414064e5ba9203f39d239db0a3dd5b12bad10308e5268feeaaa30385ff,.csv,2098,2,2018-04-03,2026-04-16,2026-07-19,first repository inventory observation; provider retrieval time is available only where a source manifest records it,indexed
data_local/raw/fred/STLFSI4__weekly.csv,FRED,32925,2e8199143e3d9933911d8bcdd7f9e56c76839e698f76eddb6a6ce8a58b588337,.csv,1685,2,1993-12-31,2026-04-10,2026-07-19,first repository inventory observation; provider retrieval time is available only where a source manifest records it,indexed
data_local/raw/fred/T10Y2Y__daily.csv,FRED,219907,212b1f69013aa15d3583ff62fd80167bdd98dca676aa3f9587096e5c4799f35f,.csv,13014,2,1976-06-01,2026-04-17,2026-07-19,first repository inventory observation; provider retrieval time is available only where a source manifest records it,indexed
data_local/raw/fred/UNRATE__monthly.csv,FRED,15048,4c51b91d86bf63f7d2d49792f2aca47bb3fa81c32e0eb484fb942068fbe6f48e,.csv,939,2,1948-01-01,2026-03-01,2026-07-19,first repository inventory observation; provider retrieval time is available only where a source manifest records it,indexed
data_local/raw/fred/USEPUINDXD__daily.csv,FRED,276653,e5b55da7200b6322aeac6ac6d9a968654f23c9d0dda0b3ea19d5871539350937,.csv,15080,2,1985-01-01,2026-04-15,2026-07-19,first repository inventory observation; provider retrieval time is available only where a source manifest records it,indexed
data_local/raw/fred/VIXCLS__daily.csv,FRED,167962,db0cac4f0c4afbdc23b61430fbce1bf96fa02c3a518475fc39672ab7287f0a09,.csv,9468,2,1990-01-02,2026-04-16,2026-07-19,first repository inventory observation; provider retrieval time is available only where a source manifest records it,indexed
data_local/raw/fred/WALCL__weekly.csv,FRED,26507,a52283586203c99a9f96f0f41b47b704f0e9315b937aaeabaeb408a1c84c19c1,.csv,1218,2,2002-12-18,2026-04-15,2026-07-19,first repository inventory observation; provider retrieval time is available only where a source manifest records it,indexed
data_local/raw/market_structure/Binance/README.md,MarketStructure,263,a19d10405d51dea8ca903c41a68f2707a895c6e01df0325a730bb8ff8d437d5b,.md,,,,,2026-07-19,first repository inventory observation; provider retrieval time is available only where a source manifest records it,indexed
data_local/raw/market_structure/CoinMarketCap/cmc_fear_greed__daily.csv,MarketStructure,39620,8880386be2d79bc0831a62a3e6f3fb41a88a6517d0c922abe4716b1ef87b9540,.csv,1086,4,2023-06-29,2026-06-18,2026-07-19,first repository inventory observation; provider retrieval time is available only where a source manifest records it,indexed
data_local/raw/market_structure/CoinMarketCap/README.md,MarketStructure,257,006dc1380aa953bbe40780c8b5819debcf879293c9e30b9af3028662f1078813,.md,,,,,2026-07-19,first repository inventory observation; provider retrieval time is available only where a source manifest records it,indexed
data_local/raw/market_structure/DefiLlama/crypto_constituents_daily_ohlcv_top50_current_2020_2026.csv,MarketStructure,21534442,eefa1a1ecaa4e85d65ae929f2da535f0707ee0f9d3ba9517697fbd7dbd4cf65e,.csv,50449,15,2022-12-31,2026-06-16,2026-07-19,first repository inventory observation; provider retrieval time is available only where a source manifest records it,indexed
data_local/raw/market_structure/DefiLlama/crypto_universe_monthly_2020_2026.csv,MarketStructure,2483567,6d4cdf7e38045140b9b0cb40db7905bbef3e5e9aef742a206797619a7c75cddb,.csv,15600,13,2020-01-31,2026-06-16,2026-07-19,first repository inventory observation; provider retrieval time is available only where a source manifest records it,indexed
data_local/raw/market_structure/DefiLlama/defillama_existing_inventory.csv,MarketStructure,31351,b3729ded983b5e909c2919341182fcc0f639d2ebe375d39899484e543d9d37d8,.csv,44,12,,,2026-07-19,first repository inventory observation; provider retrieval time is available only where a source manifest records it,indexed:no_declared_observation_column
data_local/raw/market_structure/DefiLlama/README.md,MarketStructure,876,e8a0df2543dec25600c743d7c638e5ed043006dd1c749f2c7f227456a345caa3,.md,,,,,2026-07-19,first repository inventory observation; provider retrieval time is available only where a source manifest records it,indexed
data_local/raw/market_structure/README.md,MarketStructure,364,e67887a71dfafd24e3c8f8f642aaa99853ffe97b07317bf2117d635f83f635e3,.md,,,,,2026-07-19,first repository inventory observation; provider retrieval time is available only where a source manifest records it,indexed
data_local/raw/market_structure/Sentiment/fear_greed_altme_pre_cmc_post__daily.csv,MarketStructure,328478,e4108982c568be141424ea491766902d55c0d05aa0898b113ed3df42cb261fe2,.csv,3057,6,2018-02-01,2026-06-18,2026-07-19,first repository inventory observation; provider retrieval time is available only where a source manifest records it,indexed
data_local/raw/market_structure/Sentiment/fear_greed_source_overlap__daily.csv,MarketStructure,45064,861302f76095aa4278d9a408c7bf82d929bc252472e59d8a41a1ec0cb87d0efd,.csv,1023,8,2023-06-29,2026-04-17,2026-07-19,first repository inventory observation; provider retrieval time is available only where a source manifest records it,indexed
data_local/raw/market_structure/Sentiment/fear_greed_source_overlap_summary.csv,MarketStructure,737,927ca2a0b7d1d07db0e2af590a4a60a6db10492b01094dc7806c19f3a3929be5,.csv,17,3,,,2026-07-19,first repository inventory observation; provider retrieval time is available only where a source manifest records it,indexed:no_declared_observation_column
data_local/raw/market_structure/Sentiment/README.md,MarketStructure,249,35a186e5038a1741a15cfce71a29084ee31c782c8b8358dcce03d988a507c828,.md,,,,,2026-07-19,first repository inventory observation; provider retrieval time is available only where a source manifest records it,indexed
data_local/raw/market_structure/SourceRegistry/market_structure_cache_status.csv,MarketStructure,248,9b872bae9a8032883b4fd11f97a2437203427448b30256853e56693cd59f879a,.csv,4,2,,,2026-07-19,first repository inventory observation; provider retrieval time is available only where a source manifest records it,indexed:no_declared_observation_column
data_local/raw/market_structure/SourceRegistry/market_structure_endpoint_capabilities.csv,MarketStructure,3208,cade4eb07672d281fbc5d239ea82c76c6feadd645145738f309604955b39c408,.csv,25,8,,,2026-07-19,first repository inventory observation; provider retrieval time is available only where a source manifest records it,indexed:no_declared_observation_column
data_local/raw/market_structure/SourceRegistry/market_structure_source_registry.csv,MarketStructure,811,9ea85c5161d498c3063ceac7e0e2e0a1a5048f6e6d91b889ef16b6fec73e1b78,.csv,4,6,,,2026-07-19,first repository inventory observation; provider retrieval time is available only where a source manifest records it,indexed:no_declared_observation_column
data_local/raw/tradingview/Daily/ARKK_innovation_etf__daily.csv,Tradingview,141905,b295da09567434c0eadfb729714ec82942017f63f181aa7b023f822997a1a17b,.csv,2873,11,2014-10-31,2026-04-17,2026-07-19,first repository inventory observation; provider retrieval time is available only where a source manifest records it,indexed
data_local/raw/tradingview/Daily/CME_BTC_front_month_futures__daily.csv,Tradingview,104567,f0de6385e74d292846c288419df918767cf0f1dced0efb927190c8b936475f76,.csv,2096,11,2017-12-17,2026-04-15,2026-07-19,first repository inventory observation; provider retrieval time is available only where a source manifest records it,indexed
data_local/raw/tradingview/Daily/CME_BTC_futures_minus_SPOT_BTC_basis__daily.csv,Tradingview,218883,69ca3f390f36944dd81218156bd15ee20973872e0baa0e776b6ea24a8076ebe8,.csv,2102,11,2017-12-17,2026-04-15,2026-07-19,first repository inventory observation; provider retrieval time is available only where a source manifest records it,indexed
data_local/raw/tradingview/Daily/CME_BTC_futures_over_SPOT_BTC_ratio__daily.csv,Tradingview,224972,73adf3bc865ee21e6095a24197f530cf2d2c253e18a1707db896249e71e079f2,.csv,2102,11,2017-12-17,2026-04-15,2026-07-19,first repository inventory observation; provider retrieval time is available only where a source manifest records it,indexed
data_local/raw/tradingview/Daily/CME_ETH_front_month_futures__daily.csv,Tradingview,71570,690e5c5465a30f05e5bea6773549b88a703754db126f5db1b0fea6309932ee79,.csv,1307,11,2021-02-04,2026-04-15,2026-07-19,first repository inventory observation; provider retrieval time is available only where a source manifest records it,indexed
data_local/raw/tradingview/Daily/CME_ETH_futures_minus_SPOT_ETH_basis__daily.csv,Tradingview,137542,ecfa12b397f9c10e91babb75a8532e4ea867b072e2f99f3efe2555c6628712cb,.csv,1308,11,2021-02-04,2026-04-15,2026-07-19,first repository inventory observation; provider retrieval time is available only where a source manifest records it,indexed
data_local/raw/tradingview/Daily/CME_ETH_futures_over_SPOT_ETH_ratio__daily.csv,Tradingview,141043,07c741a86eed6dc10ab594097054aff36f2a937aa0d0fa974d33473c9a485a7a,.csv,1308,11,2021-02-04,2026-04-15,2026-07-19,first repository inventory observation; provider retrieval time is available only where a source manifest records it,indexed
data_local/raw/tradingview/Daily/CME_Micro_Bitcoin_futures__daily.csv,Tradingview,91754,e051770afdad5b2dad298e3544e1cf7dcf4293169e489f0ea528a7c4071b237b,.csv,1685,11,2018-03-25,2026-04-15,2026-07-19,first repository inventory observation; provider retrieval time is available only where a source manifest records it,indexed
data_local/raw/tradingview/Daily/CME_Micro_Ether_futures__daily.csv,Tradingview,61532,7c70166f926bf003b41a3f11203841b61e0685d505cf379fce1cdbc42384859a,.csv,1099,11,2021-12-01,2026-04-15,2026-07-19,first repository inventory observation; provider retrieval time is available only where a source manifest records it,indexed
data_local/raw/tradingview/Daily/CME_Solana_futures__daily.csv,Tradingview,14166,aa5f40b5f52d53e6e3249321c93a7f48643971157e793a4728c49e108bbaafff,.csv,274,11,2025-03-16,2026-04-15,2026-07-19,first repository inventory observation; provider retrieval time is available only where a source manifest records it,indexed
data_local/raw/tradingview/Daily/COIN_coinbase_stock__daily.csv,Tradingview,65935,e782d451d7d3ef842cb38176c56b83849c62019b0b6f66fe57836bec3907c440,.csv,1259,11,2021-04-14,2026-04-17,2026-07-19,first repository inventory observation; provider retrieval time is available only where a source manifest records it,indexed
data_local/raw/tradingview/Daily/CRCL_circle_stock__daily.csv,Tradingview,11433,e67de7a9e122178749c5dd97c0bb530245bbb6b68f29eae037a2c3330183a695,.csv,218,11,2025-06-05,2026-04-17,2026-07-19,first repository inventory observation; provider retrieval time is available only where a source manifest records it,indexed
data_local/raw/tradingview/Daily/CRYPTOCAP_BTC_dominance__daily.csv,Tradingview,392897,8fb22070e9e2332cdb76d178fc7e1736c72366aace34cf391eed31f0188032de,.csv,4399,11,2014-04-01,2026-04-19,2026-07-19,first repository inventory observation; provider retrieval time is available only where a source manifest records it,indexed
data_local/raw/tradingview/Daily/CRYPTOCAP_ETH_dominance__daily.csv,Tradingview,292201,18f05749bb6d88561b87cc465f8e6104418ca4ef10eb18d76746b20036e29773,.csv,3202,11,2017-07-14,2026-04-19,2026-07-19,first repository inventory observation; provider retrieval time is available only where a source manifest records it,indexed
data_local/raw/tradingview/Daily/CRYPTOCAP_TOTAL3__daily.csv,Tradingview,254924,e0f51da15839f63f84df36b4e525089301ef4ffa24b2d6b85a6746b83afe9c5c,.csv,3202,11,2017-07-14,2026-04-19,2026-07-19,first repository inventory observation; provider retrieval time is available only where a source manifest records it,indexed
data_local/raw/tradingview/Daily/Deribit_BTC_volatility_index_DVOL__daily.csv,Tradingview,66133,89a77b6a1f0782d8552d242d15b7051656ecb669e3e7c56da2cb6cd25a1fc06d,.csv,1850,5,2021-03-24,2026-04-16,2026-07-19,first repository inventory observation; provider retrieval time is available only where a source manifest records it,indexed
data_local/raw/tradingview/Daily/DXY_us_dollar_index__daily.csv,Tradingview,220487,5f736df21c569d7348484fb22ee1a53103b9ac6c6ef1cdd1156848b63c505bcf,.csv,4768,11,2007-06-13,2026-04-16,2026-07-19,first repository inventory observation; provider retrieval time is available only where a source manifest records it,indexed
data_local/raw/tradingview/Daily/ETHA_ETF_over_SPOT_ETH__daily.csv,Tradingview,48036,380939665b21720ee4cb6bfa38e757eb9538d0a045bcf41f894bf1f4b7ff3c2d,.csv,435,11,2024-07-23,2026-04-16,2026-07-19,first repository inventory observation; provider retrieval time is available only where a source manifest records it,indexed
data_local/raw/tradingview/Daily/GLD_gold_etf__daily.csv,Tradingview,259707,e6b4f144683996a4a353378a0f13ba77a6e3c78d8f5b6900ef77ac7f82ecf4c8,.csv,4798,11,2007-03-23,2026-04-17,2026-07-19,first repository inventory observation; provider retrieval time is available only where a source manifest records it,indexed
data_local/raw/tradingview/Daily/IBIT_ETF_over_SPOT_BTC__daily.csv,Tradingview,62772,85ec0597c9d27384f81d5a8e198e38ecaf0f49fa81729df2c9464eac07c690c7,.csv,567,11,2024-01-11,2026-04-16,2026-07-19,first repository inventory observation; provider retrieval time is available only where a source manifest records it,indexed
data_local/raw/tradingview/Daily/IWM_russell2000_etf__daily.csv,Tradingview,233745,5f82a8c088ba358791a62344442fe748b92400f7c9cb85108d13281e858d8a41,.csv,4330,11,2009-01-30,2026-04-17,2026-07-19,first repository inventory observation; provider retrieval time is available only where a source manifest records it,indexed
data_local/raw/tradingview/Daily/MARA_marathon_miner_stock__daily.csv,Tradingview,157531,110f70b6ecf8ef23033d73ec7af8822acc83658c4c2bc018d2e7f9974926e488,.csv,3351,11,2012-02-09,2026-04-17,2026-07-19,first repository inventory observation; provider retrieval time is available only where a source manifest records it,indexed
data_local/raw/tradingview/Daily/MSTR_microstrategy_stock__daily.csv,Tradingview,208066,ab7364c813817197b4d6ca3482b31c4d7d4443d44391954f0b0e5fea2b94efe2,.csv,3926,11,2010-09-08,2026-04-17,2026-07-19,first repository inventory observation; provider retrieval time is available only where a source manifest records it,indexed
data_local/raw/tradingview/Daily/QQQ_nasdaq100_etf__daily.csv,Tradingview,254358,2bed79fa632671be2982d4d87a321ed2253b3a550973f190c37a696f20140fd3,.csv,4716,11,2007-07-20,2026-04-17,2026-07-19,first repository inventory observation; provider retrieval time is available only where a source manifest records it,indexed
data_local/raw/tradingview/Daily/README.md,Tradingview,9192,e134d6800f021f8150885c6415f4e090596303c6f7f315f6575603607dad8698,.md,,,,,2026-07-19,first repository inventory observation; provider retrieval time is available only where a source manifest records it,indexed
data_local/raw/tradingview/Daily/RIOT_riot_miner_stock__daily.csv,Tradingview,177017,6536d52afa767e3866ae395ea1b0346fc9a28ef6d9b7e3d992ea5da36d7abcf8,.csv,3797,11,2011-03-14,2026-04-17,2026-07-19,first repository inventory observation; provider retrieval time is available only where a source manifest records it,indexed
data_local/raw/tradingview/Daily/SMH_vaneck_semiconductor_etf__daily.csv,Tradingview,228104,d85850da182a869ec1d5a0b7c0c69b24ac152661af470f6e1cbde46225d8488b,.csv,4330,11,2009-01-29,2026-04-17,2026-07-19,first repository inventory observation; provider retrieval time is available only where a source manifest records it,indexed
data_local/raw/tradingview/Daily/SOXX_ishares_semiconductor_etf__daily.csv,Tradingview,303152,0759a8e74ae6852e94b16f04b83d25bbc279faa0388c7ad983862b825f14aa6d,.csv,4766,11,2007-05-09,2026-04-17,2026-07-19,first repository inventory observation; provider retrieval time is available only where a source manifest records it,indexed
data_local/raw/tradingview/Daily/SPY_sp500_etf__daily.csv,Tradingview,192217,f65e8b69c6e34525af826b331d42b64f06c2a1840e5bb58050bb18e3a548a709,.csv,3512,11,2012-04-30,2026-04-17,2026-07-19,first repository inventory observation; provider retrieval time is available only where a source manifest records it,indexed
data_local/raw/tradingview/Daily/XAUUSD_gold_spot__daily.csv,Tradingview,70025,284c3a7e01e1455ca64cc334d70306088379b13816f92644dffed49d2ee53c4b,.csv,1216,11,2021-08-01,2026-04-16,2026-07-19,first repository inventory observation; provider retrieval time is available only where a source manifest records it,indexed
data_local/raw/tradingview/Daily/XLK_tech_sector_etf__daily.csv,Tradingview,258686,491e1cc287a17b90369b194bae34d78c54ab3c8d2ce5b08213167c8992dc2aef,.csv,4808,11,2007-03-09,2026-04-17,2026-07-19,first repository inventory observation; provider retrieval time is available only where a source manifest records it,indexed
data_local/raw/tradingview/README.md,Tradingview,2688,88de73b912bac93998a963159709f738f83b2bf93201faa7692d13d0c8eda2aa,.md,,,,,2026-07-19,first repository inventory observation; provider retrieval time is available only where a source manifest records it,indexed
data_local/raw/tradingview/Weekly/CME_BTC1_continuous_futures__weekly.csv,Tradingview,22132,70b6d4e1e3e2a2c77193d88b3efa1744a84aa2cb435f5c64eb0ff4fd2659f706,.csv,435,11,2017-12-17,2026-04-12,2026-07-19,first repository inventory observation; provider retrieval time is available only where a source manifest records it,indexed
data_local/raw/tradingview/Weekly/CME_ETH1_continuous_futures__weekly.csv,Tradingview,15199,fc6b9f76af5f8de2ac01082d8521882bd8b451a219a02a2b12240359264ff2da,.csv,272,11,2021-01-31,2026-04-12,2026-07-19,first repository inventory observation; provider retrieval time is available only where a source manifest records it,indexed
data_local/raw/tradingview/Weekly/CME_Micro_Bitcoin_MBT1_continuous__weekly.csv,Tradingview,19366,e7a4001c512d7169a36b7b0c895f3bc5fea490fa0d9975f677001bfcfced1705,.csv,350,11,2018-03-25,2026-04-12,2026-07-19,first repository inventory observation; provider retrieval time is available only where a source manifest records it,indexed
data_local/raw/tradingview/Weekly/CME_Micro_Ether_MET1_continuous__weekly.csv,Tradingview,13072,d9bbd26ecdf8ed04e6de3cce85947fd502d9b2a16ea3e548630525f990ccbe66,.csv,229,11,2021-11-28,2026-04-12,2026-07-19,first repository inventory observation; provider retrieval time is available only where a source manifest records it,indexed
data_local/raw/tradingview/Weekly/COIN_coinbase_stock__weekly.csv,Tradingview,14023,bc2a952573fe4ffc2d952eb48ce286fb51d5f6f271b25174ffab12241c811747,.csv,262,11,2021-04-12,2026-04-13,2026-07-19,first repository inventory observation; provider retrieval time is available only where a source manifest records it,indexed
data_local/raw/tradingview/Weekly/CRYPTOCAP_BTC_dominance__weekly.csv,Tradingview,56308,caae766d9bfb79446b5066457267f2f3aa58aaef4c29c35f8a08ccbc57902100,.csv,629,11,2014-03-31,2026-04-13,2026-07-19,first repository inventory observation; provider retrieval time is available only where a source manifest records it,indexed
data_local/raw/tradingview/Weekly/CRYPTOCAP_ETH_dominance__weekly.csv,Tradingview,41932,e5d7b42363aaddb3543508131a598fd409ffad8697a0c7132c44b8a44f058a38,.csv,458,11,2017-07-10,2026-04-13,2026-07-19,first repository inventory observation; provider retrieval time is available only where a source manifest records it,indexed
data_local/raw/tradingview/Weekly/CRYPTOCAP_TOTAL3__weekly.csv,Tradingview,36576,024e34f2c0b014ebe87f8b958dddba30e1308db9bd3d77c03f950e0c3bfa112d,.csv,458,11,2017-07-10,2026-04-13,2026-07-19,first repository inventory observation; provider retrieval time is available only where a source manifest records it,indexed
data_local/raw/tradingview/Weekly/DXY_us_dollar_index__weekly.csv,Tradingview,137417,f01b0e03069e8d1118cde9901d1238f88d52b0fd2428250f974e199bdb72f4f8,.csv,2933,11,1967-01-29,2026-04-12,2026-07-19,first repository inventory observation; provider retrieval time is available only where a source manifest records it,indexed
data_local/raw/tradingview/Weekly/MSTR_microstrategy_stock__weekly.csv,Tradingview,41426,150352dbbc47a89110c3da3b3d1b1a68df512c70c4b56e3a7a2095b1c4e6eb3c,.csv,771,11,2011-07-11,2026-04-13,2026-07-19,first repository inventory observation; provider retrieval time is available only where a source manifest records it,indexed
data_local/raw/tradingview/Weekly/QQQ_nasdaq100_etf__weekly.csv,Tradingview,58620,8ef668dad2f4bd4f01361d07a5c7438fd272973a2ad0f0185e6414b2c490e108,.csv,1070,11,2005-10-17,2026-04-13,2026-07-19,first repository inventory observation; provider retrieval time is available only where a source manifest records it,indexed
data_local/raw/tradingview/Weekly/README.md,Tradingview,6964,dee7fb012b5f1032f0a40b1c1434234590d08fa66df4c8166638c4114f91fd25,.md,,,,,2026-07-19,first repository inventory observation; provider retrieval time is available only where a source manifest records it,indexed
data_local/raw/tradingview/Weekly/RIOT_riot_miner_stock__weekly.csv,Tradingview,56704,f3cbbe4de9c0aa6f9918f0ddb5054edab762cfab9981f5e0e1e0bafdad0d1f1c,.csv,1204,11,2003-01-21,2026-04-13,2026-07-19,first repository inventory observation; provider retrieval time is available only where a source manifest records it,indexed
data_local/raw/tradingview/Weekly/SPY_sp500_etf__weekly.csv,Tradingview,99231,f8b11e48e4a936c680f41da1f5e58471a5ca16cb9a59ee85b56b959966ddcd61,.csv,1734,11,1993-01-25,2026-04-13,2026-07-19,first repository inventory observation; provider retrieval time is available only where a source manifest records it,indexed
data_local/raw/tradingview/Weekly/XAUUSD_gold_spot__weekly.csv,Tradingview,90950,48257deb7ac0959990fdd755121cd2dcd485ca22c545fedd736e7758de201b74,.csv,1748,11,1992-04-19,2026-04-12,2026-07-19,first repository inventory observation; provider retrieval time is available only where a source manifest records it,indexed
