sample_id,asset,included,reason,first_date,last_date,observations,expected_observations,coverage,period
S1,BTC,True,BTC/ETH anchor,2020-01-02,2026-04-14,2295,2295,1,
S1,ETH,True,BTC/ETH anchor,2020-01-02,2026-04-14,2295,2295,1,
S2,AAVE,True,"passes PIT, history, coverage, and identity rules",2021-01-01,2026-06-30,2007,2007,1,
S2,ADA,True,"passes PIT, history, coverage, and identity rules",2021-01-01,2026-06-30,2007,2007,1,
S2,BCH,True,"passes PIT, history, coverage, and identity rules",2021-01-01,2026-06-30,2007,2007,1,
S2,BNB,True,"passes PIT, history, coverage, and identity rules",2021-01-01,2026-06-30,2007,2007,1,
S2,BTC,True,"passes PIT, history, coverage, and identity rules",2021-01-01,2026-06-30,2007,2007,1,
S2,DOGE,True,"passes PIT, history, coverage, and identity rules",2021-01-01,2026-06-30,2007,2007,1,
S2,DOT,True,"passes PIT, history, coverage, and identity rules",2021-01-01,2026-06-30,2007,2007,1,
S2,ETH,True,"passes PIT, history, coverage, and identity rules",2021-01-01,2026-06-30,2007,2007,1,
S2,LINK,True,"passes PIT, history, coverage, and identity rules",2021-01-01,2026-06-30,2007,2007,1,
S2,LTC,True,"passes PIT, history, coverage, and identity rules",2021-01-01,2026-06-30,2007,2007,1,
S2,SNX,True,"passes PIT, history, coverage, and identity rules",2021-01-01,2026-06-30,2007,2007,1,
S2,UNI,True,"passes PIT, history, coverage, and identity rules",2021-01-01,2026-06-30,2007,2007,1,
S2,XLM,True,"passes PIT, history, coverage, and identity rules",2021-01-01,2026-06-30,2007,2007,1,
S2,XRP,True,"passes PIT, history, coverage, and identity rules",2021-01-01,2026-06-30,2007,2007,1,
S2,BSV,False,fails full-history or coverage rule,,,0,2007,0,
S2,EOS,False,fails full-history or coverage rule,,,0,2007,0,
S2,XMR,False,fails full-history or coverage rule,,,0,2007,0,
S3,ADA,True,broad unbalanced supplementary member; current-cohort source limitation applies,2022-12-31,2026-06-16,1263,1264,0.999208860759,
S3,AVAX,True,broad unbalanced supplementary member; current-cohort source limitation applies,2022-12-31,2026-06-16,1263,1264,0.999208860759,
S3,BCH,True,broad unbalanced supplementary member; current-cohort source limitation applies,2022-12-31,2026-06-16,1263,1264,0.999208860759,
S3,BNB,True,broad unbalanced supplementary member; current-cohort source limitation applies,2022-12-31,2026-06-16,1263,1264,0.999208860759,
S3,BTC,True,broad unbalanced supplementary member; current-cohort source limitation applies,2022-12-31,2026-06-16,1263,1264,0.999208860759,
S3,CRO,True,broad unbalanced supplementary member; current-cohort source limitation applies,2022-12-31,2026-06-16,1263,1264,0.999208860759,
S3,DOGE,True,broad unbalanced supplementary member; current-cohort source limitation applies,2022-12-31,2026-06-16,1263,1264,0.999208860759,
S3,DOT,True,broad unbalanced supplementary member; current-cohort source limitation applies,2022-12-31,2026-06-16,1263,1264,0.999208860759,
S3,ETH,True,broad unbalanced supplementary member; current-cohort source limitation applies,2022-12-31,2026-06-16,1263,1264,0.999208860759,
S3,GRAM,True,broad unbalanced supplementary member; current-cohort source limitation applies,2022-12-31,2026-06-16,1263,1264,0.999208860759,
S3,HBAR,True,broad unbalanced supplementary member; current-cohort source limitation applies,2022-12-31,2026-06-16,1263,1264,0.999208860759,
S3,HYPE,True,broad unbalanced supplementary member; current-cohort source limitation applies,2024-11-29,2026-06-16,564,565,0.998230088496,
S3,LEO,True,broad unbalanced supplementary member; current-cohort source limitation applies,2022-12-31,2026-06-16,1263,1264,0.999208860759,
S3,LINK,True,broad unbalanced supplementary member; current-cohort source limitation applies,2022-12-31,2026-06-16,1263,1264,0.999208860759,
S3,LTC,True,broad unbalanced supplementary member; current-cohort source limitation applies,2022-12-31,2026-06-16,1263,1264,0.999208860759,
S3,MNT,True,broad unbalanced supplementary member; current-cohort source limitation applies,2023-07-17,2026-06-16,1065,1066,0.999061913696,
S3,NEAR,True,broad unbalanced supplementary member; current-cohort source limitation applies,2022-12-31,2026-06-16,1263,1264,0.999208860759,
S3,ONDO,True,broad unbalanced supplementary member; current-cohort source limitation applies,2024-01-18,2026-06-16,880,881,0.99886492622,
S3,SHIB,True,broad unbalanced supplementary member; current-cohort source limitation applies,2022-12-31,2026-06-16,1263,1264,0.999208860759,
S3,SOL,True,broad unbalanced supplementary member; current-cohort source limitation applies,2022-12-31,2026-06-16,1263,1264,0.999208860759,
S3,SUI,True,broad unbalanced supplementary member; current-cohort source limitation applies,2023-05-03,2026-06-16,1140,1141,0.999123575811,
S3,TAO,True,broad unbalanced supplementary member; current-cohort source limitation applies,2023-02-16,2026-06-16,1202,1217,0.987674609696,
S3,TRX,True,broad unbalanced supplementary member; current-cohort source limitation applies,2022-12-31,2026-06-16,1263,1264,0.999208860759,
S3,UNI,True,broad unbalanced supplementary member; current-cohort source limitation applies,2022-12-31,2026-06-16,1263,1264,0.999208860759,
S3,WBT,True,broad unbalanced supplementary member; current-cohort source limitation applies,2022-12-31,2026-06-16,1250,1264,0.988924050633,
S3,WLD,True,broad unbalanced supplementary member; current-cohort source limitation applies,2023-07-24,2026-06-16,1058,1059,0.999055712937,
S3,XLM,True,broad unbalanced supplementary member; current-cohort source limitation applies,2022-12-31,2026-06-16,1263,1264,0.999208860759,
S3,XMR,True,broad unbalanced supplementary member; current-cohort source limitation applies,2022-12-31,2026-06-16,1263,1264,0.999208860759,
S3,XRP,True,broad unbalanced supplementary member; current-cohort source limitation applies,2022-12-31,2026-06-16,1263,1264,0.999208860759,
S3,ZEC,True,broad unbalanced supplementary member; current-cohort source limitation applies,2022-12-31,2026-06-16,1263,1264,0.999208860759,
S3,ASTER,False,"fails PIT, history, coverage, or asset-type rule",2025-09-17,2026-06-16,273,273,1,
S3,AWETH,False,"fails PIT, history, coverage, or asset-type rule",2025-12-16,2026-06-16,183,183,1,
S3,BSC-USD,False,"fails PIT, history, coverage, or asset-type rule",2024-02-05,2026-06-16,862,863,0.998841251448,
S3,CBBTC,False,"fails PIT, history, coverage, or asset-type rule",2024-09-12,2026-06-16,642,643,0.998444790047,
S3,CC,False,"fails PIT, history, coverage, or asset-type rule",2025-11-10,2026-06-16,219,219,1,
S3,FIGR_HELOC,False,"fails PIT, history, coverage, or asset-type rule",2025-08-27,2026-06-16,290,294,0.986394557823,
S3,LAB,False,"fails PIT, history, coverage, or asset-type rule",2025-12-16,2026-06-16,183,183,1,
S3,M,False,"fails PIT, history, coverage, or asset-type rule",2025-07-03,2026-06-16,349,349,1,
S3,PAXG,False,"fails PIT, history, coverage, or asset-type rule",2022-12-31,2026-06-16,1263,1264,0.999208860759,
S3,RAIN,False,"fails PIT, history, coverage, or asset-type rule",2025-09-11,2026-06-16,279,279,1,
S3,STETH,False,"fails PIT, history, coverage, or asset-type rule",2022-12-31,2026-06-16,1263,1264,0.999208860759,
S3,SUSDS,False,"fails PIT, history, coverage, or asset-type rule",2024-12-13,2026-06-16,550,551,0.998185117967,
S3,USDT0,False,"fails PIT, history, coverage, or asset-type rule",2025-01-23,2026-06-16,509,510,0.998039215686,
S3,WBETH,False,"fails PIT, history, coverage, or asset-type rule",2023-05-02,2026-06-16,1141,1142,0.999124343257,
S3,WBTC,False,"fails PIT, history, coverage, or asset-type rule",2022-12-31,2026-06-16,1263,1264,0.999208860759,
S3,WEETH,False,"fails PIT, history, coverage, or asset-type rule",2023-12-04,2026-06-16,894,926,0.965442764579,
S3,WETH,False,"fails PIT, history, coverage, or asset-type rule",2022-12-31,2026-06-16,1263,1264,0.999208860759,
S3,WLFI,False,"fails PIT, history, coverage, or asset-type rule",2025-09-01,2026-06-16,289,289,1,
S3,WSTETH,False,"fails PIT, history, coverage, or asset-type rule",2022-12-31,2026-06-16,1263,1264,0.999208860759,
S3,XAUT,False,"fails PIT, history, coverage, or asset-type rule",2022-12-31,2026-06-16,1263,1264,0.999208860759,
S4,10SET,True,complete monthly PIT top-100 asset-month,2022-06-30,2022-06-30,1,1,1,2022-06-30
S4,10SET,True,complete monthly PIT top-100 asset-month,2022-07-31,2022-07-31,1,1,1,2022-07-31
S4,10SET,True,complete monthly PIT top-100 asset-month,2022-08-31,2022-08-31,1,1,1,2022-08-31
S4,1INCH,True,complete monthly PIT top-100 asset-month,2021-01-31,2021-01-31,1,1,1,2021-01-31
S4,1INCH,True,complete monthly PIT top-100 asset-month,2022-06-30,2022-06-30,1,1,1,2022-06-30
S4,1INCH,True,complete monthly PIT top-100 asset-month,2022-11-30,2022-11-30,1,1,1,2022-11-30
S4,1INCH,True,complete monthly PIT top-100 asset-month,2022-12-31,2022-12-31,1,1,1,2022-12-31
S4,1INCH,True,complete monthly PIT top-100 asset-month,2023-01-31,2023-01-31,1,1,1,2023-01-31
S4,1INCH,True,complete monthly PIT top-100 asset-month,2023-03-31,2023-03-31,1,1,1,2023-03-31
S4,AAVE,True,complete monthly PIT top-100 asset-month,2020-10-31,2020-10-31,1,1,1,2020-10-31
S4,AAVE,True,complete monthly PIT top-100 asset-month,2020-11-30,2020-11-30,1,1,1,2020-11-30
S4,AAVE,True,complete monthly PIT top-100 asset-month,2020-12-31,2020-12-31,1,1,1,2020-12-31
S4,AAVE,True,complete monthly PIT top-100 asset-month,2021-01-31,2021-01-31,1,1,1,2021-01-31
S4,AAVE,True,complete monthly PIT top-100 asset-month,2021-02-28,2021-02-28,1,1,1,2021-02-28
S4,AAVE,True,complete monthly PIT top-100 asset-month,2021-03-31,2021-03-31,1,1,1,2021-03-31
S4,AAVE,True,complete monthly PIT top-100 asset-month,2021-04-30,2021-04-30,1,1,1,2021-04-30
S4,AAVE,True,complete monthly PIT top-100 asset-month,2021-05-31,2021-05-31,1,1,1,2021-05-31
S4,AAVE,True,complete monthly PIT top-100 asset-month,2021-06-30,2021-06-30,1,1,1,2021-06-30
S4,AAVE,True,complete monthly PIT top-100 asset-month,2021-07-31,2021-07-31,1,1,1,2021-07-31
S4,AAVE,True,complete monthly PIT top-100 asset-month,2021-08-31,2021-08-31,1,1,1,2021-08-31
S4,AAVE,True,complete monthly PIT top-100 asset-month,2021-09-30,2021-09-30,1,1,1,2021-09-30
S4,AAVE,True,complete monthly PIT top-100 asset-month,2021-10-31,2021-10-31,1,1,1,2021-10-31
S4,AAVE,True,complete monthly PIT top-100 asset-month,2021-11-30,2021-11-30,1,1,1,2021-11-30
S4,AAVE,True,complete monthly PIT top-100 asset-month,2021-12-31,2021-12-31,1,1,1,2021-12-31
S4,AAVE,True,complete monthly PIT top-100 asset-month,2022-01-31,2022-01-31,1,1,1,2022-01-31
S4,AAVE,True,complete monthly PIT top-100 asset-month,2022-02-28,2022-02-28,1,1,1,2022-02-28
S4,AAVE,True,complete monthly PIT top-100 asset-month,2022-03-31,2022-03-31,1,1,1,2022-03-31
S4,AAVE,True,complete monthly PIT top-100 asset-month,2022-04-30,2022-04-30,1,1,1,2022-04-30
S4,AAVE,True,complete monthly PIT top-100 asset-month,2022-05-31,2022-05-31,1,1,1,2022-05-31
S4,AAVE,True,complete monthly PIT top-100 asset-month,2022-06-30,2022-06-30,1,1,1,2022-06-30
S4,AAVE,True,complete monthly PIT top-100 asset-month,2022-07-31,2022-07-31,1,1,1,2022-07-31
S4,AAVE,True,complete monthly PIT top-100 asset-month,2022-08-31,2022-08-31,1,1,1,2022-08-31
S4,AAVE,True,complete monthly PIT top-100 asset-month,2022-09-30,2022-09-30,1,1,1,2022-09-30
S4,AAVE,True,complete monthly PIT top-100 asset-month,2022-10-31,2022-10-31,1,1,1,2022-10-31
S4,AAVE,True,complete monthly PIT top-100 asset-month,2022-11-30,2022-11-30,1,1,1,2022-11-30
S4,AAVE,True,complete monthly PIT top-100 asset-month,2022-12-31,2022-12-31,1,1,1,2022-12-31
S4,AAVE,True,complete monthly PIT top-100 asset-month,2023-01-31,2023-01-31,1,1,1,2023-01-31
S4,AAVE,True,complete monthly PIT top-100 asset-month,2023-02-28,2023-02-28,1,1,1,2023-02-28
S4,AAVE,True,complete monthly PIT top-100 asset-month,2023-03-31,2023-03-31,1,1,1,2023-03-31
S4,AAVE,True,complete monthly PIT top-100 asset-month,2023-04-30,2023-04-30,1,1,1,2023-04-30
S4,AAVE,True,complete monthly PIT top-100 asset-month,2023-05-31,2023-05-31,1,1,1,2023-05-31
S4,AAVE,True,complete monthly PIT top-100 asset-month,2023-06-30,2023-06-30,1,1,1,2023-06-30
S4,AAVE,True,complete monthly PIT top-100 asset-month,2023-07-31,2023-07-31,1,1,1,2023-07-31
S4,AAVE,True,complete monthly PIT top-100 asset-month,2023-08-31,2023-08-31,1,1,1,2023-08-31
S4,AAVE,True,complete monthly PIT top-100 asset-month,2023-09-30,2023-09-30,1,1,1,2023-09-30
S4,AAVE,True,complete monthly PIT top-100 asset-month,2023-10-31,2023-10-31,1,1,1,2023-10-31
S4,AAVE,True,complete monthly PIT top-100 asset-month,2023-11-30,2023-11-30,1,1,1,2023-11-30
S4,AAVE,True,complete monthly PIT top-100 asset-month,2023-12-31,2023-12-31,1,1,1,2023-12-31
S4,AAVE,True,complete monthly PIT top-100 asset-month,2024-01-31,2024-01-31,1,1,1,2024-01-31
S4,AAVE,True,complete monthly PIT top-100 asset-month,2024-02-29,2024-02-29,1,1,1,2024-02-29
S4,AAVE,True,complete monthly PIT top-100 asset-month,2024-03-31,2024-03-31,1,1,1,2024-03-31
S4,AAVE,True,complete monthly PIT top-100 asset-month,2024-04-30,2024-04-30,1,1,1,2024-04-30
S4,AAVE,True,complete monthly PIT top-100 asset-month,2024-05-31,2024-05-31,1,1,1,2024-05-31
S4,AAVE,True,complete monthly PIT top-100 asset-month,2024-06-30,2024-06-30,1,1,1,2024-06-30
S4,AAVE,True,complete monthly PIT top-100 asset-month,2024-07-31,2024-07-31,1,1,1,2024-07-31
S4,AAVE,True,complete monthly PIT top-100 asset-month,2024-08-31,2024-08-31,1,1,1,2024-08-31
S4,AAVE,True,complete monthly PIT top-100 asset-month,2024-09-30,2024-09-30,1,1,1,2024-09-30
S4,AAVE,True,complete monthly PIT top-100 asset-month,2024-10-31,2024-10-31,1,1,1,2024-10-31
S4,AAVE,True,complete monthly PIT top-100 asset-month,2024-11-30,2024-11-30,1,1,1,2024-11-30
S4,AAVE,True,complete monthly PIT top-100 asset-month,2024-12-31,2024-12-31,1,1,1,2024-12-31
S4,AAVE,True,complete monthly PIT top-100 asset-month,2025-01-31,2025-01-31,1,1,1,2025-01-31
S4,AAVE,True,complete monthly PIT top-100 asset-month,2025-02-28,2025-02-28,1,1,1,2025-02-28
S4,AAVE,True,complete monthly PIT top-100 asset-month,2025-03-31,2025-03-31,1,1,1,2025-03-31
S4,AAVE,True,complete monthly PIT top-100 asset-month,2025-04-30,2025-04-30,1,1,1,2025-04-30
S4,AAVE,True,complete monthly PIT top-100 asset-month,2025-05-31,2025-05-31,1,1,1,2025-05-31
S4,AAVE,True,complete monthly PIT top-100 asset-month,2025-06-30,2025-06-30,1,1,1,2025-06-30
S4,AAVE,True,complete monthly PIT top-100 asset-month,2025-07-31,2025-07-31,1,1,1,2025-07-31
S4,AAVE,True,complete monthly PIT top-100 asset-month,2025-08-31,2025-08-31,1,1,1,2025-08-31
S4,AAVE,True,complete monthly PIT top-100 asset-month,2025-09-30,2025-09-30,1,1,1,2025-09-30
S4,AAVE,True,complete monthly PIT top-100 asset-month,2025-10-31,2025-10-31,1,1,1,2025-10-31
S4,AAVE,True,complete monthly PIT top-100 asset-month,2025-11-30,2025-11-30,1,1,1,2025-11-30
S4,AAVE,True,complete monthly PIT top-100 asset-month,2025-12-31,2025-12-31,1,1,1,2025-12-31
S4,AAVE,True,complete monthly PIT top-100 asset-month,2026-01-31,2026-01-31,1,1,1,2026-01-31
S4,AAVE,True,complete monthly PIT top-100 asset-month,2026-02-28,2026-02-28,1,1,1,2026-02-28
S4,AAVE,True,complete monthly PIT top-100 asset-month,2026-03-31,2026-03-31,1,1,1,2026-03-31
S4,AAVE,True,complete monthly PIT top-100 asset-month,2026-04-30,2026-04-30,1,1,1,2026-04-30
S4,AAVE,True,complete monthly PIT top-100 asset-month,2026-05-31,2026-05-31,1,1,1,2026-05-31
S4,ADA,True,complete monthly PIT top-100 asset-month,2020-01-31,2020-01-31,1,1,1,2020-01-31
S4,ADA,True,complete monthly PIT top-100 asset-month,2020-02-29,2020-02-29,1,1,1,2020-02-29
S4,ADA,True,complete monthly PIT top-100 asset-month,2020-03-31,2020-03-31,1,1,1,2020-03-31
S4,ADA,True,complete monthly PIT top-100 asset-month,2020-04-30,2020-04-30,1,1,1,2020-04-30
S4,ADA,True,complete monthly PIT top-100 asset-month,2020-05-31,2020-05-31,1,1,1,2020-05-31
S4,ADA,True,complete monthly PIT top-100 asset-month,2020-06-30,2020-06-30,1,1,1,2020-06-30
S4,ADA,True,complete monthly PIT top-100 asset-month,2020-07-31,2020-07-31,1,1,1,2020-07-31
S4,ADA,True,complete monthly PIT top-100 asset-month,2020-08-31,2020-08-31,1,1,1,2020-08-31
S4,ADA,True,complete monthly PIT top-100 asset-month,2020-09-30,2020-09-30,1,1,1,2020-09-30
S4,ADA,True,complete monthly PIT top-100 asset-month,2020-10-31,2020-10-31,1,1,1,2020-10-31
S4,ADA,True,complete monthly PIT top-100 asset-month,2020-11-30,2020-11-30,1,1,1,2020-11-30
S4,ADA,True,complete monthly PIT top-100 asset-month,2020-12-31,2020-12-31,1,1,1,2020-12-31
S4,ADA,True,complete monthly PIT top-100 asset-month,2021-01-31,2021-01-31,1,1,1,2021-01-31
S4,ADA,True,complete monthly PIT top-100 asset-month,2021-02-28,2021-02-28,1,1,1,2021-02-28
S4,ADA,True,complete monthly PIT top-100 asset-month,2021-03-31,2021-03-31,1,1,1,2021-03-31
S4,ADA,True,complete monthly PIT top-100 asset-month,2021-04-30,2021-04-30,1,1,1,2021-04-30
S4,ADA,True,complete monthly PIT top-100 asset-month,2021-05-31,2021-05-31,1,1,1,2021-05-31
S4,ADA,True,complete monthly PIT top-100 asset-month,2021-06-30,2021-06-30,1,1,1,2021-06-30
S4,ADA,True,complete monthly PIT top-100 asset-month,2021-07-31,2021-07-31,1,1,1,2021-07-31
S4,ADA,True,complete monthly PIT top-100 asset-month,2021-08-31,2021-08-31,1,1,1,2021-08-31
S4,ADA,True,complete monthly PIT top-100 asset-month,2021-09-30,2021-09-30,1,1,1,2021-09-30
S4,ADA,True,complete monthly PIT top-100 asset-month,2021-10-31,2021-10-31,1,1,1,2021-10-31
S4,ADA,True,complete monthly PIT top-100 asset-month,2021-11-30,2021-11-30,1,1,1,2021-11-30
S4,ADA,True,complete monthly PIT top-100 asset-month,2021-12-31,2021-12-31,1,1,1,2021-12-31
S4,ADA,True,complete monthly PIT top-100 asset-month,2022-01-31,2022-01-31,1,1,1,2022-01-31
S4,ADA,True,complete monthly PIT top-100 asset-month,2022-02-28,2022-02-28,1,1,1,2022-02-28
S4,ADA,True,complete monthly PIT top-100 asset-month,2022-03-31,2022-03-31,1,1,1,2022-03-31
S4,ADA,True,complete monthly PIT top-100 asset-month,2022-04-30,2022-04-30,1,1,1,2022-04-30
S4,ADA,True,complete monthly PIT top-100 asset-month,2022-05-31,2022-05-31,1,1,1,2022-05-31
S4,ADA,True,complete monthly PIT top-100 asset-month,2022-06-30,2022-06-30,1,1,1,2022-06-30
S4,ADA,True,complete monthly PIT top-100 asset-month,2022-07-31,2022-07-31,1,1,1,2022-07-31
S4,ADA,True,complete monthly PIT top-100 asset-month,2022-08-31,2022-08-31,1,1,1,2022-08-31
S4,ADA,True,complete monthly PIT top-100 asset-month,2022-09-30,2022-09-30,1,1,1,2022-09-30
S4,ADA,True,complete monthly PIT top-100 asset-month,2022-10-31,2022-10-31,1,1,1,2022-10-31
S4,ADA,True,complete monthly PIT top-100 asset-month,2022-11-30,2022-11-30,1,1,1,2022-11-30
S4,ADA,True,complete monthly PIT top-100 asset-month,2022-12-31,2022-12-31,1,1,1,2022-12-31
S4,ADA,True,complete monthly PIT top-100 asset-month,2023-01-31,2023-01-31,1,1,1,2023-01-31
S4,ADA,True,complete monthly PIT top-100 asset-month,2023-02-28,2023-02-28,1,1,1,2023-02-28
S4,ADA,True,complete monthly PIT top-100 asset-month,2023-03-31,2023-03-31,1,1,1,2023-03-31
S4,ADA,True,complete monthly PIT top-100 asset-month,2023-04-30,2023-04-30,1,1,1,2023-04-30
S4,ADA,True,complete monthly PIT top-100 asset-month,2023-05-31,2023-05-31,1,1,1,2023-05-31
S4,ADA,True,complete monthly PIT top-100 asset-month,2023-06-30,2023-06-30,1,1,1,2023-06-30
S4,ADA,True,complete monthly PIT top-100 asset-month,2023-07-31,2023-07-31,1,1,1,2023-07-31
S4,ADA,True,complete monthly PIT top-100 asset-month,2023-08-31,2023-08-31,1,1,1,2023-08-31
S4,ADA,True,complete monthly PIT top-100 asset-month,2023-09-30,2023-09-30,1,1,1,2023-09-30
S4,ADA,True,complete monthly PIT top-100 asset-month,2023-10-31,2023-10-31,1,1,1,2023-10-31
S4,ADA,True,complete monthly PIT top-100 asset-month,2023-11-30,2023-11-30,1,1,1,2023-11-30
S4,ADA,True,complete monthly PIT top-100 asset-month,2023-12-31,2023-12-31,1,1,1,2023-12-31
S4,ADA,True,complete monthly PIT top-100 asset-month,2024-01-31,2024-01-31,1,1,1,2024-01-31
S4,ADA,True,complete monthly PIT top-100 asset-month,2024-02-29,2024-02-29,1,1,1,2024-02-29
S4,ADA,True,complete monthly PIT top-100 asset-month,2024-03-31,2024-03-31,1,1,1,2024-03-31
S4,ADA,True,complete monthly PIT top-100 asset-month,2024-04-30,2024-04-30,1,1,1,2024-04-30
S4,ADA,True,complete monthly PIT top-100 asset-month,2024-05-31,2024-05-31,1,1,1,2024-05-31
S4,ADA,True,complete monthly PIT top-100 asset-month,2024-06-30,2024-06-30,1,1,1,2024-06-30
S4,ADA,True,complete monthly PIT top-100 asset-month,2024-07-31,2024-07-31,1,1,1,2024-07-31
S4,ADA,True,complete monthly PIT top-100 asset-month,2024-08-31,2024-08-31,1,1,1,2024-08-31
S4,ADA,True,complete monthly PIT top-100 asset-month,2024-09-30,2024-09-30,1,1,1,2024-09-30
S4,ADA,True,complete monthly PIT top-100 asset-month,2024-10-31,2024-10-31,1,1,1,2024-10-31
S4,ADA,True,complete monthly PIT top-100 asset-month,2024-11-30,2024-11-30,1,1,1,2024-11-30
S4,ADA,True,complete monthly PIT top-100 asset-month,2024-12-31,2024-12-31,1,1,1,2024-12-31
S4,ADA,True,complete monthly PIT top-100 asset-month,2025-01-31,2025-01-31,1,1,1,2025-01-31
S4,ADA,True,complete monthly PIT top-100 asset-month,2025-02-28,2025-02-28,1,1,1,2025-02-28
S4,ADA,True,complete monthly PIT top-100 asset-month,2025-03-31,2025-03-31,1,1,1,2025-03-31
S4,ADA,True,complete monthly PIT top-100 asset-month,2025-04-30,2025-04-30,1,1,1,2025-04-30
S4,ADA,True,complete monthly PIT top-100 asset-month,2025-06-30,2025-06-30,1,1,1,2025-06-30
S4,ADA,True,complete monthly PIT top-100 asset-month,2025-07-31,2025-07-31,1,1,1,2025-07-31
S4,ADA,True,complete monthly PIT top-100 asset-month,2025-08-31,2025-08-31,1,1,1,2025-08-31
S4,ADA,True,complete monthly PIT top-100 asset-month,2025-09-30,2025-09-30,1,1,1,2025-09-30
S4,ADA,True,complete monthly PIT top-100 asset-month,2025-10-31,2025-10-31,1,1,1,2025-10-31
S4,ADA,True,complete monthly PIT top-100 asset-month,2025-11-30,2025-11-30,1,1,1,2025-11-30
S4,ADA,True,complete monthly PIT top-100 asset-month,2025-12-31,2025-12-31,1,1,1,2025-12-31
S4,ADA,True,complete monthly PIT top-100 asset-month,2026-01-31,2026-01-31,1,1,1,2026-01-31
S4,ADA,True,complete monthly PIT top-100 asset-month,2026-02-28,2026-02-28,1,1,1,2026-02-28
S4,ADA,True,complete monthly PIT top-100 asset-month,2026-03-31,2026-03-31,1,1,1,2026-03-31
S4,ADA,True,complete monthly PIT top-100 asset-month,2026-04-30,2026-04-30,1,1,1,2026-04-30
S4,ADA,True,complete monthly PIT top-100 asset-month,2026-05-31,2026-05-31,1,1,1,2026-05-31
S4,AE,True,complete monthly PIT top-100 asset-month,2020-01-31,2020-01-31,1,1,1,2020-01-31
S4,AE,True,complete monthly PIT top-100 asset-month,2020-02-29,2020-02-29,1,1,1,2020-02-29
S4,AE,True,complete monthly PIT top-100 asset-month,2020-03-31,2020-03-31,1,1,1,2020-03-31
S4,AE,True,complete monthly PIT top-100 asset-month,2020-04-30,2020-04-30,1,1,1,2020-04-30
S4,AE,True,complete monthly PIT top-100 asset-month,2020-05-31,2020-05-31,1,1,1,2020-05-31
S4,AERO,True,complete monthly PIT top-100 asset-month,2024-10-31,2024-10-31,1,1,1,2024-10-31
S4,AGIX,True,complete monthly PIT top-100 asset-month,2023-02-28,2023-02-28,1,1,1,2023-02-28
S4,AGIX,True,complete monthly PIT top-100 asset-month,2023-03-31,2023-03-31,1,1,1,2023-03-31
S4,AGIX,True,complete monthly PIT top-100 asset-month,2024-03-31,2024-03-31,1,1,1,2024-03-31
S4,AGIX,True,complete monthly PIT top-100 asset-month,2024-04-30,2024-04-30,1,1,1,2024-04-30
S4,AGIX,True,complete monthly PIT top-100 asset-month,2024-05-31,2024-05-31,1,1,1,2024-05-31
S4,AI16Z,True,complete monthly PIT top-100 asset-month,2024-12-31,2024-12-31,1,1,1,2024-12-31
S4,AION,True,complete monthly PIT top-100 asset-month,2020-01-31,2020-01-31,1,1,1,2020-01-31
S4,AION,True,complete monthly PIT top-100 asset-month,2020-02-29,2020-02-29,1,1,1,2020-02-29
S4,AKT,True,complete monthly PIT top-100 asset-month,2024-02-29,2024-02-29,1,1,1,2024-02-29
S4,AKT,True,complete monthly PIT top-100 asset-month,2024-04-30,2024-04-30,1,1,1,2024-04-30
S4,AKT,True,complete monthly PIT top-100 asset-month,2024-05-31,2024-05-31,1,1,1,2024-05-31
S4,AKT,True,complete monthly PIT top-100 asset-month,2024-06-30,2024-06-30,1,1,1,2024-06-30
S4,ALGO,True,complete monthly PIT top-100 asset-month,2020-01-31,2020-01-31,1,1,1,2020-01-31
S4,ALGO,True,complete monthly PIT top-100 asset-month,2020-02-29,2020-02-29,1,1,1,2020-02-29
S4,ALGO,True,complete monthly PIT top-100 asset-month,2020-03-31,2020-03-31,1,1,1,2020-03-31
S4,ALGO,True,complete monthly PIT top-100 asset-month,2020-04-30,2020-04-30,1,1,1,2020-04-30
S4,ALGO,True,complete monthly PIT top-100 asset-month,2020-05-31,2020-05-31,1,1,1,2020-05-31
S4,ALGO,True,complete monthly PIT top-100 asset-month,2020-06-30,2020-06-30,1,1,1,2020-06-30
S4,ALGO,True,complete monthly PIT top-100 asset-month,2020-07-31,2020-07-31,1,1,1,2020-07-31
S4,ALGO,True,complete monthly PIT top-100 asset-month,2020-08-31,2020-08-31,1,1,1,2020-08-31
S4,ALGO,True,complete monthly PIT top-100 asset-month,2020-09-30,2020-09-30,1,1,1,2020-09-30
S4,ALGO,True,complete monthly PIT top-100 asset-month,2020-10-31,2020-10-31,1,1,1,2020-10-31
S4,ALGO,True,complete monthly PIT top-100 asset-month,2020-11-30,2020-11-30,1,1,1,2020-11-30
S4,ALGO,True,complete monthly PIT top-100 asset-month,2020-12-31,2020-12-31,1,1,1,2020-12-31
S4,ALGO,True,complete monthly PIT top-100 asset-month,2021-01-31,2021-01-31,1,1,1,2021-01-31
S4,ALGO,True,complete monthly PIT top-100 asset-month,2021-02-28,2021-02-28,1,1,1,2021-02-28
S4,ALGO,True,complete monthly PIT top-100 asset-month,2021-03-31,2021-03-31,1,1,1,2021-03-31
S4,ALGO,True,complete monthly PIT top-100 asset-month,2021-04-30,2021-04-30,1,1,1,2021-04-30
S4,ALGO,True,complete monthly PIT top-100 asset-month,2021-05-31,2021-05-31,1,1,1,2021-05-31
S4,ALGO,True,complete monthly PIT top-100 asset-month,2021-06-30,2021-06-30,1,1,1,2021-06-30
S4,ALGO,True,complete monthly PIT top-100 asset-month,2021-07-31,2021-07-31,1,1,1,2021-07-31
S4,ALGO,True,complete monthly PIT top-100 asset-month,2021-08-31,2021-08-31,1,1,1,2021-08-31
S4,ALGO,True,complete monthly PIT top-100 asset-month,2021-09-30,2021-09-30,1,1,1,2021-09-30
S4,ALGO,True,complete monthly PIT top-100 asset-month,2021-10-31,2021-10-31,1,1,1,2021-10-31
S4,ALGO,True,complete monthly PIT top-100 asset-month,2021-11-30,2021-11-30,1,1,1,2021-11-30
S4,ALGO,True,complete monthly PIT top-100 asset-month,2021-12-31,2021-12-31,1,1,1,2021-12-31
S4,ALGO,True,complete monthly PIT top-100 asset-month,2022-01-31,2022-01-31,1,1,1,2022-01-31
S4,ALGO,True,complete monthly PIT top-100 asset-month,2022-02-28,2022-02-28,1,1,1,2022-02-28
S4,ALGO,True,complete monthly PIT top-100 asset-month,2022-03-31,2022-03-31,1,1,1,2022-03-31
S4,ALGO,True,complete monthly PIT top-100 asset-month,2022-04-30,2022-04-30,1,1,1,2022-04-30
S4,ALGO,True,complete monthly PIT top-100 asset-month,2022-05-31,2022-05-31,1,1,1,2022-05-31
S4,ALGO,True,complete monthly PIT top-100 asset-month,2022-06-30,2022-06-30,1,1,1,2022-06-30
S4,ALGO,True,complete monthly PIT top-100 asset-month,2022-07-31,2022-07-31,1,1,1,2022-07-31
S4,ALGO,True,complete monthly PIT top-100 asset-month,2022-08-31,2022-08-31,1,1,1,2022-08-31
S4,ALGO,True,complete monthly PIT top-100 asset-month,2022-09-30,2022-09-30,1,1,1,2022-09-30
S4,ALGO,True,complete monthly PIT top-100 asset-month,2022-10-31,2022-10-31,1,1,1,2022-10-31
S4,ALGO,True,complete monthly PIT top-100 asset-month,2022-11-30,2022-11-30,1,1,1,2022-11-30
S4,ALGO,True,complete monthly PIT top-100 asset-month,2022-12-31,2022-12-31,1,1,1,2022-12-31
S4,ALGO,True,complete monthly PIT top-100 asset-month,2023-01-31,2023-01-31,1,1,1,2023-01-31
S4,ALGO,True,complete monthly PIT top-100 asset-month,2023-02-28,2023-02-28,1,1,1,2023-02-28
S4,ALGO,True,complete monthly PIT top-100 asset-month,2023-03-31,2023-03-31,1,1,1,2023-03-31
S4,ALGO,True,complete monthly PIT top-100 asset-month,2023-04-30,2023-04-30,1,1,1,2023-04-30
S4,ALGO,True,complete monthly PIT top-100 asset-month,2023-05-31,2023-05-31,1,1,1,2023-05-31
S4,ALGO,True,complete monthly PIT top-100 asset-month,2023-06-30,2023-06-30,1,1,1,2023-06-30
S4,ALGO,True,complete monthly PIT top-100 asset-month,2023-07-31,2023-07-31,1,1,1,2023-07-31
S4,ALGO,True,complete monthly PIT top-100 asset-month,2023-08-31,2023-08-31,1,1,1,2023-08-31
S4,ALGO,True,complete monthly PIT top-100 asset-month,2023-09-30,2023-09-30,1,1,1,2023-09-30
S4,ALGO,True,complete monthly PIT top-100 asset-month,2023-10-31,2023-10-31,1,1,1,2023-10-31
S4,ALGO,True,complete monthly PIT top-100 asset-month,2023-11-30,2023-11-30,1,1,1,2023-11-30
S4,ALGO,True,complete monthly PIT top-100 asset-month,2023-12-31,2023-12-31,1,1,1,2023-12-31
S4,ALGO,True,complete monthly PIT top-100 asset-month,2024-01-31,2024-01-31,1,1,1,2024-01-31
S4,ALGO,True,complete monthly PIT top-100 asset-month,2024-02-29,2024-02-29,1,1,1,2024-02-29
S4,ALGO,True,complete monthly PIT top-100 asset-month,2024-03-31,2024-03-31,1,1,1,2024-03-31
S4,ALGO,True,complete monthly PIT top-100 asset-month,2024-04-30,2024-04-30,1,1,1,2024-04-30
S4,ALGO,True,complete monthly PIT top-100 asset-month,2024-05-31,2024-05-31,1,1,1,2024-05-31
S4,ALGO,True,complete monthly PIT top-100 asset-month,2024-06-30,2024-06-30,1,1,1,2024-06-30
S4,ALGO,True,complete monthly PIT top-100 asset-month,2024-07-31,2024-07-31,1,1,1,2024-07-31
S4,ALGO,True,complete monthly PIT top-100 asset-month,2024-08-31,2024-08-31,1,1,1,2024-08-31
S4,ALGO,True,complete monthly PIT top-100 asset-month,2024-09-30,2024-09-30,1,1,1,2024-09-30
S4,ALGO,True,complete monthly PIT top-100 asset-month,2024-10-31,2024-10-31,1,1,1,2024-10-31
S4,ALGO,True,complete monthly PIT top-100 asset-month,2024-11-30,2024-11-30,1,1,1,2024-11-30
S4,ALGO,True,complete monthly PIT top-100 asset-month,2024-12-31,2024-12-31,1,1,1,2024-12-31
S4,ALGO,True,complete monthly PIT top-100 asset-month,2025-01-31,2025-01-31,1,1,1,2025-01-31
S4,ALGO,True,complete monthly PIT top-100 asset-month,2025-02-28,2025-02-28,1,1,1,2025-02-28
S4,ALGO,True,complete monthly PIT top-100 asset-month,2025-03-31,2025-03-31,1,1,1,2025-03-31
S4,ALGO,True,complete monthly PIT top-100 asset-month,2025-04-30,2025-04-30,1,1,1,2025-04-30
S4,ALGO,True,complete monthly PIT top-100 asset-month,2025-05-31,2025-05-31,1,1,1,2025-05-31
S4,ALGO,True,complete monthly PIT top-100 asset-month,2025-06-30,2025-06-30,1,1,1,2025-06-30
S4,ALGO,True,complete monthly PIT top-100 asset-month,2025-07-31,2025-07-31,1,1,1,2025-07-31
S4,ALGO,True,complete monthly PIT top-100 asset-month,2025-08-31,2025-08-31,1,1,1,2025-08-31
S4,ALGO,True,complete monthly PIT top-100 asset-month,2025-09-30,2025-09-30,1,1,1,2025-09-30
S4,ALGO,True,complete monthly PIT top-100 asset-month,2025-10-31,2025-10-31,1,1,1,2025-10-31
S4,ALGO,True,complete monthly PIT top-100 asset-month,2025-11-30,2025-11-30,1,1,1,2025-11-30
S4,ALGO,True,complete monthly PIT top-100 asset-month,2025-12-31,2025-12-31,1,1,1,2025-12-31
S4,ALGO,True,complete monthly PIT top-100 asset-month,2026-01-31,2026-01-31,1,1,1,2026-01-31
S4,ALGO,True,complete monthly PIT top-100 asset-month,2026-02-28,2026-02-28,1,1,1,2026-02-28
S4,ALGO,True,complete monthly PIT top-100 asset-month,2026-04-30,2026-04-30,1,1,1,2026-04-30
S4,ALGO,True,complete monthly PIT top-100 asset-month,2026-05-31,2026-05-31,1,1,1,2026-05-31
S4,ALINK,True,complete monthly PIT top-100 asset-month,2020-07-31,2020-07-31,1,1,1,2020-07-31
S4,ALINK,True,complete monthly PIT top-100 asset-month,2020-08-31,2020-08-31,1,1,1,2020-08-31
S4,ALINK,True,complete monthly PIT top-100 asset-month,2020-09-30,2020-09-30,1,1,1,2020-09-30
S4,ALINK,True,complete monthly PIT top-100 asset-month,2020-10-31,2020-10-31,1,1,1,2020-10-31
S4,ALINK,True,complete monthly PIT top-100 asset-month,2020-11-30,2020-11-30,1,1,1,2020-11-30
S4,ALINK,True,complete monthly PIT top-100 asset-month,2020-12-31,2020-12-31,1,1,1,2020-12-31
S4,ALINK,True,complete monthly PIT top-100 asset-month,2021-01-31,2021-01-31,1,1,1,2021-01-31
S4,ALPHA,True,complete monthly PIT top-100 asset-month,2021-01-31,2021-01-31,1,1,1,2021-01-31
S4,AMP,True,complete monthly PIT top-100 asset-month,2021-02-28,2021-02-28,1,1,1,2021-02-28
S4,AMP,True,complete monthly PIT top-100 asset-month,2021-03-31,2021-03-31,1,1,1,2021-03-31
S4,AMP,True,complete monthly PIT top-100 asset-month,2021-04-30,2021-04-30,1,1,1,2021-04-30
S4,AMP,True,complete monthly PIT top-100 asset-month,2021-05-31,2021-05-31,1,1,1,2021-05-31
S4,AMP,True,complete monthly PIT top-100 asset-month,2021-06-30,2021-06-30,1,1,1,2021-06-30
S4,AMP,True,complete monthly PIT top-100 asset-month,2021-07-31,2021-07-31,1,1,1,2021-07-31
S4,AMP,True,complete monthly PIT top-100 asset-month,2021-08-31,2021-08-31,1,1,1,2021-08-31
S4,AMP,True,complete monthly PIT top-100 asset-month,2021-09-30,2021-09-30,1,1,1,2021-09-30
S4,AMP,True,complete monthly PIT top-100 asset-month,2021-10-31,2021-10-31,1,1,1,2021-10-31
S4,AMP,True,complete monthly PIT top-100 asset-month,2021-11-30,2021-11-30,1,1,1,2021-11-30
S4,AMP,True,complete monthly PIT top-100 asset-month,2021-12-31,2021-12-31,1,1,1,2021-12-31
S4,AMP,True,complete monthly PIT top-100 asset-month,2022-01-31,2022-01-31,1,1,1,2022-01-31
S4,AMP,True,complete monthly PIT top-100 asset-month,2022-02-28,2022-02-28,1,1,1,2022-02-28
S4,AMP,True,complete monthly PIT top-100 asset-month,2022-03-31,2022-03-31,1,1,1,2022-03-31
S4,AMP,True,complete monthly PIT top-100 asset-month,2022-04-30,2022-04-30,1,1,1,2022-04-30
S4,AMP,True,complete monthly PIT top-100 asset-month,2022-05-31,2022-05-31,1,1,1,2022-05-31
S4,AMP,True,complete monthly PIT top-100 asset-month,2022-06-30,2022-06-30,1,1,1,2022-06-30
S4,AMP,True,complete monthly PIT top-100 asset-month,2022-07-31,2022-07-31,1,1,1,2022-07-31
S4,AMP,True,complete monthly PIT top-100 asset-month,2022-08-31,2022-08-31,1,1,1,2022-08-31
S4,AMPL,True,complete monthly PIT top-100 asset-month,2020-07-31,2020-07-31,1,1,1,2020-07-31
S4,AMPL,True,complete monthly PIT top-100 asset-month,2020-08-31,2020-08-31,1,1,1,2020-08-31
S4,AMPL,True,complete monthly PIT top-100 asset-month,2020-10-31,2020-10-31,1,1,1,2020-10-31
S4,AMPL,True,complete monthly PIT top-100 asset-month,2020-11-30,2020-11-30,1,1,1,2020-11-30
S4,AMPL,True,complete monthly PIT top-100 asset-month,2020-12-31,2020-12-31,1,1,1,2020-12-31
S4,AMPL,True,complete monthly PIT top-100 asset-month,2021-01-31,2021-01-31,1,1,1,2021-01-31
S4,ANC,True,complete monthly PIT top-100 asset-month,2022-02-28,2022-02-28,1,1,1,2022-02-28
S4,ANKR,True,complete monthly PIT top-100 asset-month,2021-03-31,2021-03-31,1,1,1,2021-03-31
S4,ANKR,True,complete monthly PIT top-100 asset-month,2021-04-30,2021-04-30,1,1,1,2021-04-30
S4,ANKR,True,complete monthly PIT top-100 asset-month,2021-05-31,2021-05-31,1,1,1,2021-05-31
S4,ANKR,True,complete monthly PIT top-100 asset-month,2021-07-31,2021-07-31,1,1,1,2021-07-31
S4,ANT,True,complete monthly PIT top-100 asset-month,2020-03-31,2020-03-31,1,1,1,2020-03-31
S4,ANT,True,complete monthly PIT top-100 asset-month,2020-07-31,2020-07-31,1,1,1,2020-07-31
S4,ANT,True,complete monthly PIT top-100 asset-month,2020-08-31,2020-08-31,1,1,1,2020-08-31
S4,ANT,True,complete monthly PIT top-100 asset-month,2020-09-30,2020-09-30,1,1,1,2020-09-30
S4,ANT,True,complete monthly PIT top-100 asset-month,2020-10-31,2020-10-31,1,1,1,2020-10-31
S4,ANT,True,complete monthly PIT top-100 asset-month,2020-11-30,2020-11-30,1,1,1,2020-11-30
S4,APE,True,complete monthly PIT top-100 asset-month,2022-03-31,2022-03-31,1,1,1,2022-03-31
S4,APE,True,complete monthly PIT top-100 asset-month,2022-04-30,2022-04-30,1,1,1,2022-04-30
S4,APE,True,complete monthly PIT top-100 asset-month,2022-05-31,2022-05-31,1,1,1,2022-05-31
S4,APE,True,complete monthly PIT top-100 asset-month,2022-06-30,2022-06-30,1,1,1,2022-06-30
S4,APE,True,complete monthly PIT top-100 asset-month,2022-07-31,2022-07-31,1,1,1,2022-07-31
S4,APE,True,complete monthly PIT top-100 asset-month,2022-08-31,2022-08-31,1,1,1,2022-08-31
S4,APE,True,complete monthly PIT top-100 asset-month,2022-09-30,2022-09-30,1,1,1,2022-09-30
S4,APE,True,complete monthly PIT top-100 asset-month,2022-10-31,2022-10-31,1,1,1,2022-10-31
S4,APE,True,complete monthly PIT top-100 asset-month,2022-11-30,2022-11-30,1,1,1,2022-11-30
S4,APE,True,complete monthly PIT top-100 asset-month,2022-12-31,2022-12-31,1,1,1,2022-12-31
S4,APE,True,complete monthly PIT top-100 asset-month,2023-01-31,2023-01-31,1,1,1,2023-01-31
S4,APE,True,complete monthly PIT top-100 asset-month,2023-02-28,2023-02-28,1,1,1,2023-02-28
S4,APE,True,complete monthly PIT top-100 asset-month,2023-03-31,2023-03-31,1,1,1,2023-03-31
S4,APE,True,complete monthly PIT top-100 asset-month,2023-04-30,2023-04-30,1,1,1,2023-04-30
S4,APE,True,complete monthly PIT top-100 asset-month,2023-05-31,2023-05-31,1,1,1,2023-05-31
S4,APE,True,complete monthly PIT top-100 asset-month,2023-06-30,2023-06-30,1,1,1,2023-06-30
S4,APE,True,complete monthly PIT top-100 asset-month,2023-07-31,2023-07-31,1,1,1,2023-07-31
S4,APE,True,complete monthly PIT top-100 asset-month,2023-08-31,2023-08-31,1,1,1,2023-08-31
S4,APE,True,complete monthly PIT top-100 asset-month,2023-09-30,2023-09-30,1,1,1,2023-09-30
S4,APE,True,complete monthly PIT top-100 asset-month,2023-10-31,2023-10-31,1,1,1,2023-10-31
S4,APE,True,complete monthly PIT top-100 asset-month,2023-11-30,2023-11-30,1,1,1,2023-11-30
S4,APE,True,complete monthly PIT top-100 asset-month,2024-01-31,2024-01-31,1,1,1,2024-01-31
S4,APE,True,complete monthly PIT top-100 asset-month,2024-02-29,2024-02-29,1,1,1,2024-02-29
S4,APE,True,complete monthly PIT top-100 asset-month,2024-03-31,2024-03-31,1,1,1,2024-03-31
S4,APT,True,complete monthly PIT top-100 asset-month,2022-10-31,2022-10-31,1,1,1,2022-10-31
S4,APT,True,complete monthly PIT top-100 asset-month,2022-11-30,2022-11-30,1,1,1,2022-11-30
S4,APT,True,complete monthly PIT top-100 asset-month,2022-12-31,2022-12-31,1,1,1,2022-12-31
S4,APT,True,complete monthly PIT top-100 asset-month,2023-01-31,2023-01-31,1,1,1,2023-01-31
S4,APT,True,complete monthly PIT top-100 asset-month,2023-02-28,2023-02-28,1,1,1,2023-02-28
S4,APT,True,complete monthly PIT top-100 asset-month,2023-03-31,2023-03-31,1,1,1,2023-03-31
S4,APT,True,complete monthly PIT top-100 asset-month,2023-04-30,2023-04-30,1,1,1,2023-04-30
S4,APT,True,complete monthly PIT top-100 asset-month,2023-05-31,2023-05-31,1,1,1,2023-05-31
S4,APT,True,complete monthly PIT top-100 asset-month,2023-06-30,2023-06-30,1,1,1,2023-06-30
S4,APT,True,complete monthly PIT top-100 asset-month,2023-07-31,2023-07-31,1,1,1,2023-07-31
S4,APT,True,complete monthly PIT top-100 asset-month,2023-08-31,2023-08-31,1,1,1,2023-08-31
S4,APT,True,complete monthly PIT top-100 asset-month,2023-09-30,2023-09-30,1,1,1,2023-09-30
S4,APT,True,complete monthly PIT top-100 asset-month,2023-10-31,2023-10-31,1,1,1,2023-10-31
S4,APT,True,complete monthly PIT top-100 asset-month,2023-11-30,2023-11-30,1,1,1,2023-11-30
S4,APT,True,complete monthly PIT top-100 asset-month,2023-12-31,2023-12-31,1,1,1,2023-12-31
S4,APT,True,complete monthly PIT top-100 asset-month,2024-01-31,2024-01-31,1,1,1,2024-01-31
S4,APT,True,complete monthly PIT top-100 asset-month,2024-02-29,2024-02-29,1,1,1,2024-02-29
S4,APT,True,complete monthly PIT top-100 asset-month,2024-03-31,2024-03-31,1,1,1,2024-03-31
S4,APT,True,complete monthly PIT top-100 asset-month,2024-04-30,2024-04-30,1,1,1,2024-04-30
S4,APT,True,complete monthly PIT top-100 asset-month,2024-05-31,2024-05-31,1,1,1,2024-05-31
S4,APT,True,complete monthly PIT top-100 asset-month,2024-06-30,2024-06-30,1,1,1,2024-06-30
S4,APT,True,complete monthly PIT top-100 asset-month,2024-07-31,2024-07-31,1,1,1,2024-07-31
S4,APT,True,complete monthly PIT top-100 asset-month,2024-08-31,2024-08-31,1,1,1,2024-08-31
S4,APT,True,complete monthly PIT top-100 asset-month,2024-09-30,2024-09-30,1,1,1,2024-09-30
S4,APT,True,complete monthly PIT top-100 asset-month,2024-10-31,2024-10-31,1,1,1,2024-10-31
S4,APT,True,complete monthly PIT top-100 asset-month,2024-11-30,2024-11-30,1,1,1,2024-11-30
S4,APT,True,complete monthly PIT top-100 asset-month,2024-12-31,2024-12-31,1,1,1,2024-12-31
S4,APT,True,complete monthly PIT top-100 asset-month,2025-01-31,2025-01-31,1,1,1,2025-01-31
S4,APT,True,complete monthly PIT top-100 asset-month,2025-02-28,2025-02-28,1,1,1,2025-02-28
S4,APT,True,complete monthly PIT top-100 asset-month,2025-03-31,2025-03-31,1,1,1,2025-03-31
S4,APT,True,complete monthly PIT top-100 asset-month,2025-04-30,2025-04-30,1,1,1,2025-04-30
S4,APT,True,complete monthly PIT top-100 asset-month,2025-05-31,2025-05-31,1,1,1,2025-05-31
S4,APT,True,complete monthly PIT top-100 asset-month,2025-06-30,2025-06-30,1,1,1,2025-06-30
S4,APT,True,complete monthly PIT top-100 asset-month,2025-07-31,2025-07-31,1,1,1,2025-07-31
S4,APT,True,complete monthly PIT top-100 asset-month,2025-08-31,2025-08-31,1,1,1,2025-08-31
S4,APT,True,complete monthly PIT top-100 asset-month,2025-09-30,2025-09-30,1,1,1,2025-09-30
S4,APT,True,complete monthly PIT top-100 asset-month,2025-10-31,2025-10-31,1,1,1,2025-10-31
S4,APT,True,complete monthly PIT top-100 asset-month,2025-11-30,2025-11-30,1,1,1,2025-11-30
S4,APT,True,complete monthly PIT top-100 asset-month,2025-12-31,2025-12-31,1,1,1,2025-12-31
S4,APT,True,complete monthly PIT top-100 asset-month,2026-01-31,2026-01-31,1,1,1,2026-01-31
S4,AR,True,complete monthly PIT top-100 asset-month,2020-09-30,2020-09-30,1,1,1,2020-09-30
S4,AR,True,complete monthly PIT top-100 asset-month,2020-10-31,2020-10-31,1,1,1,2020-10-31
S4,AR,True,complete monthly PIT top-100 asset-month,2021-01-31,2021-01-31,1,1,1,2021-01-31
S4,AR,True,complete monthly PIT top-100 asset-month,2021-02-28,2021-02-28,1,1,1,2021-02-28
S4,AR,True,complete monthly PIT top-100 asset-month,2021-03-31,2021-03-31,1,1,1,2021-03-31
S4,AR,True,complete monthly PIT top-100 asset-month,2021-04-30,2021-04-30,1,1,1,2021-04-30
S4,AR,True,complete monthly PIT top-100 asset-month,2021-08-31,2021-08-31,1,1,1,2021-08-31
S4,AR,True,complete monthly PIT top-100 asset-month,2021-09-30,2021-09-30,1,1,1,2021-09-30
S4,AR,True,complete monthly PIT top-100 asset-month,2021-10-31,2021-10-31,1,1,1,2021-10-31
S4,AR,True,complete monthly PIT top-100 asset-month,2021-11-30,2021-11-30,1,1,1,2021-11-30
S4,AR,True,complete monthly PIT top-100 asset-month,2021-12-31,2021-12-31,1,1,1,2021-12-31
S4,AR,True,complete monthly PIT top-100 asset-month,2022-01-31,2022-01-31,1,1,1,2022-01-31
S4,AR,True,complete monthly PIT top-100 asset-month,2022-02-28,2022-02-28,1,1,1,2022-02-28
S4,AR,True,complete monthly PIT top-100 asset-month,2022-03-31,2022-03-31,1,1,1,2022-03-31
S4,AR,True,complete monthly PIT top-100 asset-month,2022-04-30,2022-04-30,1,1,1,2022-04-30
S4,AR,True,complete monthly PIT top-100 asset-month,2022-05-31,2022-05-31,1,1,1,2022-05-31
S4,AR,True,complete monthly PIT top-100 asset-month,2022-06-30,2022-06-30,1,1,1,2022-06-30
S4,AR,True,complete monthly PIT top-100 asset-month,2022-07-31,2022-07-31,1,1,1,2022-07-31
S4,AR,True,complete monthly PIT top-100 asset-month,2022-08-31,2022-08-31,1,1,1,2022-08-31
S4,AR,True,complete monthly PIT top-100 asset-month,2022-09-30,2022-09-30,1,1,1,2022-09-30
S4,AR,True,complete monthly PIT top-100 asset-month,2022-10-31,2022-10-31,1,1,1,2022-10-31
S4,AR,True,complete monthly PIT top-100 asset-month,2022-11-30,2022-11-30,1,1,1,2022-11-30
S4,AR,True,complete monthly PIT top-100 asset-month,2022-12-31,2022-12-31,1,1,1,2022-12-31
S4,AR,True,complete monthly PIT top-100 asset-month,2023-01-31,2023-01-31,1,1,1,2023-01-31
S4,AR,True,complete monthly PIT top-100 asset-month,2023-02-28,2023-02-28,1,1,1,2023-02-28
S4,AR,True,complete monthly PIT top-100 asset-month,2024-02-29,2024-02-29,1,1,1,2024-02-29
S4,AR,True,complete monthly PIT top-100 asset-month,2024-03-31,2024-03-31,1,1,1,2024-03-31
S4,AR,True,complete monthly PIT top-100 asset-month,2024-04-30,2024-04-30,1,1,1,2024-04-30
S4,AR,True,complete monthly PIT top-100 asset-month,2024-05-31,2024-05-31,1,1,1,2024-05-31
S4,AR,True,complete monthly PIT top-100 asset-month,2024-06-30,2024-06-30,1,1,1,2024-06-30
S4,AR,True,complete monthly PIT top-100 asset-month,2024-07-31,2024-07-31,1,1,1,2024-07-31
S4,AR,True,complete monthly PIT top-100 asset-month,2024-08-31,2024-08-31,1,1,1,2024-08-31
S4,AR,True,complete monthly PIT top-100 asset-month,2024-09-30,2024-09-30,1,1,1,2024-09-30
S4,AR,True,complete monthly PIT top-100 asset-month,2024-10-31,2024-10-31,1,1,1,2024-10-31
S4,AR,True,complete monthly PIT top-100 asset-month,2024-11-30,2024-11-30,1,1,1,2024-11-30
S4,ARB,True,complete monthly PIT top-100 asset-month,2023-03-31,2023-03-31,1,1,1,2023-03-31
S4,ARB,True,complete monthly PIT top-100 asset-month,2023-04-30,2023-04-30,1,1,1,2023-04-30
S4,ARB,True,complete monthly PIT top-100 asset-month,2023-05-31,2023-05-31,1,1,1,2023-05-31
S4,ARB,True,complete monthly PIT top-100 asset-month,2023-06-30,2023-06-30,1,1,1,2023-06-30
S4,ARB,True,complete monthly PIT top-100 asset-month,2023-07-31,2023-07-31,1,1,1,2023-07-31
S4,ARB,True,complete monthly PIT top-100 asset-month,2023-08-31,2023-08-31,1,1,1,2023-08-31
S4,ARB,True,complete monthly PIT top-100 asset-month,2023-09-30,2023-09-30,1,1,1,2023-09-30
S4,ARB,True,complete monthly PIT top-100 asset-month,2023-10-31,2023-10-31,1,1,1,2023-10-31
S4,ARB,True,complete monthly PIT top-100 asset-month,2023-11-30,2023-11-30,1,1,1,2023-11-30
S4,ARB,True,complete monthly PIT top-100 asset-month,2023-12-31,2023-12-31,1,1,1,2023-12-31
S4,ARB,True,complete monthly PIT top-100 asset-month,2024-01-31,2024-01-31,1,1,1,2024-01-31
S4,ARB,True,complete monthly PIT top-100 asset-month,2024-02-29,2024-02-29,1,1,1,2024-02-29
S4,ARB,True,complete monthly PIT top-100 asset-month,2024-03-31,2024-03-31,1,1,1,2024-03-31
S4,ARB,True,complete monthly PIT top-100 asset-month,2024-04-30,2024-04-30,1,1,1,2024-04-30
S4,ARB,True,complete monthly PIT top-100 asset-month,2024-05-31,2024-05-31,1,1,1,2024-05-31
S4,ARB,True,complete monthly PIT top-100 asset-month,2024-06-30,2024-06-30,1,1,1,2024-06-30
S4,ARB,True,complete monthly PIT top-100 asset-month,2024-07-31,2024-07-31,1,1,1,2024-07-31
S4,ARB,True,complete monthly PIT top-100 asset-month,2024-08-31,2024-08-31,1,1,1,2024-08-31
S4,ARB,True,complete monthly PIT top-100 asset-month,2024-09-30,2024-09-30,1,1,1,2024-09-30
S4,ARB,True,complete monthly PIT top-100 asset-month,2024-10-31,2024-10-31,1,1,1,2024-10-31
S4,ARB,True,complete monthly PIT top-100 asset-month,2024-11-30,2024-11-30,1,1,1,2024-11-30
S4,ARB,True,complete monthly PIT top-100 asset-month,2024-12-31,2024-12-31,1,1,1,2024-12-31
S4,ARB,True,complete monthly PIT top-100 asset-month,2025-01-31,2025-01-31,1,1,1,2025-01-31
S4,ARB,True,complete monthly PIT top-100 asset-month,2025-02-28,2025-02-28,1,1,1,2025-02-28
S4,ARB,True,complete monthly PIT top-100 asset-month,2025-03-31,2025-03-31,1,1,1,2025-03-31
S4,ARB,True,complete monthly PIT top-100 asset-month,2025-04-30,2025-04-30,1,1,1,2025-04-30
S4,ARB,True,complete monthly PIT top-100 asset-month,2025-05-31,2025-05-31,1,1,1,2025-05-31
S4,ARB,True,complete monthly PIT top-100 asset-month,2025-06-30,2025-06-30,1,1,1,2025-06-30
S4,ARB,True,complete monthly PIT top-100 asset-month,2025-07-31,2025-07-31,1,1,1,2025-07-31
S4,ARB,True,complete monthly PIT top-100 asset-month,2025-08-31,2025-08-31,1,1,1,2025-08-31
S4,ARB,True,complete monthly PIT top-100 asset-month,2025-09-30,2025-09-30,1,1,1,2025-09-30
S4,ARB,True,complete monthly PIT top-100 asset-month,2025-10-31,2025-10-31,1,1,1,2025-10-31
S4,ARB,True,complete monthly PIT top-100 asset-month,2025-11-30,2025-11-30,1,1,1,2025-11-30
S4,ARB,True,complete monthly PIT top-100 asset-month,2025-12-31,2025-12-31,1,1,1,2025-12-31
S4,ARB,True,complete monthly PIT top-100 asset-month,2026-01-31,2026-01-31,1,1,1,2026-01-31
S4,ARDR,True,complete monthly PIT top-100 asset-month,2020-01-31,2020-01-31,1,1,1,2020-01-31
S4,ARDR,True,complete monthly PIT top-100 asset-month,2020-02-29,2020-02-29,1,1,1,2020-02-29
S4,ARDR,True,complete monthly PIT top-100 asset-month,2020-03-31,2020-03-31,1,1,1,2020-03-31
S4,ARDR,True,complete monthly PIT top-100 asset-month,2020-04-30,2020-04-30,1,1,1,2020-04-30
S4,ARDR,True,complete monthly PIT top-100 asset-month,2020-05-31,2020-05-31,1,1,1,2020-05-31
S4,ARRR,True,complete monthly PIT top-100 asset-month,2021-04-30,2021-04-30,1,1,1,2021-04-30
S4,ARRR,True,complete monthly PIT top-100 asset-month,2021-07-31,2021-07-31,1,1,1,2021-07-31
S4,ASD,True,complete monthly PIT top-100 asset-month,2020-01-31,2020-01-31,1,1,1,2020-01-31
S4,ASD,True,complete monthly PIT top-100 asset-month,2020-02-29,2020-02-29,1,1,1,2020-02-29
S4,ASD,True,complete monthly PIT top-100 asset-month,2020-03-31,2020-03-31,1,1,1,2020-03-31
S4,ASD,True,complete monthly PIT top-100 asset-month,2021-02-28,2021-02-28,1,1,1,2021-02-28
S4,ASD,True,complete monthly PIT top-100 asset-month,2021-03-31,2021-03-31,1,1,1,2021-03-31
S4,ASTER,True,complete monthly PIT top-100 asset-month,2025-09-30,2025-09-30,1,1,1,2025-09-30
S4,ASTER,True,complete monthly PIT top-100 asset-month,2025-10-31,2025-10-31,1,1,1,2025-10-31
S4,ASTER,True,complete monthly PIT top-100 asset-month,2025-11-30,2025-11-30,1,1,1,2025-11-30
S4,ASTER,True,complete monthly PIT top-100 asset-month,2025-12-31,2025-12-31,1,1,1,2025-12-31
S4,ASTER,True,complete monthly PIT top-100 asset-month,2026-01-31,2026-01-31,1,1,1,2026-01-31
S4,ASTER,True,complete monthly PIT top-100 asset-month,2026-02-28,2026-02-28,1,1,1,2026-02-28
S4,ASTER,True,complete monthly PIT top-100 asset-month,2026-03-31,2026-03-31,1,1,1,2026-03-31
S4,ASTER,True,complete monthly PIT top-100 asset-month,2026-04-30,2026-04-30,1,1,1,2026-04-30
S4,ASTER,True,complete monthly PIT top-100 asset-month,2026-05-31,2026-05-31,1,1,1,2026-05-31
S4,ASTR,True,complete monthly PIT top-100 asset-month,2023-12-31,2023-12-31,1,1,1,2023-12-31
S4,ASTR,True,complete monthly PIT top-100 asset-month,2024-01-31,2024-01-31,1,1,1,2024-01-31
S4,ATOM,True,complete monthly PIT top-100 asset-month,2020-01-31,2020-01-31,1,1,1,2020-01-31
S4,ATOM,True,complete monthly PIT top-100 asset-month,2020-02-29,2020-02-29,1,1,1,2020-02-29
S4,ATOM,True,complete monthly PIT top-100 asset-month,2020-03-31,2020-03-31,1,1,1,2020-03-31
S4,ATOM,True,complete monthly PIT top-100 asset-month,2020-04-30,2020-04-30,1,1,1,2020-04-30
S4,ATOM,True,complete monthly PIT top-100 asset-month,2020-05-31,2020-05-31,1,1,1,2020-05-31
S4,ATOM,True,complete monthly PIT top-100 asset-month,2020-06-30,2020-06-30,1,1,1,2020-06-30
S4,ATOM,True,complete monthly PIT top-100 asset-month,2020-07-31,2020-07-31,1,1,1,2020-07-31
S4,ATOM,True,complete monthly PIT top-100 asset-month,2020-08-31,2020-08-31,1,1,1,2020-08-31
S4,ATOM,True,complete monthly PIT top-100 asset-month,2020-09-30,2020-09-30,1,1,1,2020-09-30
S4,ATOM,True,complete monthly PIT top-100 asset-month,2020-10-31,2020-10-31,1,1,1,2020-10-31
S4,ATOM,True,complete monthly PIT top-100 asset-month,2020-11-30,2020-11-30,1,1,1,2020-11-30
S4,ATOM,True,complete monthly PIT top-100 asset-month,2020-12-31,2020-12-31,1,1,1,2020-12-31
S4,ATOM,True,complete monthly PIT top-100 asset-month,2021-01-31,2021-01-31,1,1,1,2021-01-31
S4,ATOM,True,complete monthly PIT top-100 asset-month,2021-02-28,2021-02-28,1,1,1,2021-02-28
S4,ATOM,True,complete monthly PIT top-100 asset-month,2021-03-31,2021-03-31,1,1,1,2021-03-31
S4,ATOM,True,complete monthly PIT top-100 asset-month,2021-04-30,2021-04-30,1,1,1,2021-04-30
S4,ATOM,True,complete monthly PIT top-100 asset-month,2021-05-31,2021-05-31,1,1,1,2021-05-31
S4,ATOM,True,complete monthly PIT top-100 asset-month,2021-06-30,2021-06-30,1,1,1,2021-06-30
S4,ATOM,True,complete monthly PIT top-100 asset-month,2021-07-31,2021-07-31,1,1,1,2021-07-31
S4,ATOM,True,complete monthly PIT top-100 asset-month,2021-08-31,2021-08-31,1,1,1,2021-08-31
S4,ATOM,True,complete monthly PIT top-100 asset-month,2021-09-30,2021-09-30,1,1,1,2021-09-30
S4,ATOM,True,complete monthly PIT top-100 asset-month,2021-10-31,2021-10-31,1,1,1,2021-10-31
S4,ATOM,True,complete monthly PIT top-100 asset-month,2021-11-30,2021-11-30,1,1,1,2021-11-30
S4,ATOM,True,complete monthly PIT top-100 asset-month,2021-12-31,2021-12-31,1,1,1,2021-12-31
S4,ATOM,True,complete monthly PIT top-100 asset-month,2022-01-31,2022-01-31,1,1,1,2022-01-31
S4,ATOM,True,complete monthly PIT top-100 asset-month,2022-02-28,2022-02-28,1,1,1,2022-02-28
S4,ATOM,True,complete monthly PIT top-100 asset-month,2022-03-31,2022-03-31,1,1,1,2022-03-31
S4,ATOM,True,complete monthly PIT top-100 asset-month,2022-04-30,2022-04-30,1,1,1,2022-04-30
S4,ATOM,True,complete monthly PIT top-100 asset-month,2022-05-31,2022-05-31,1,1,1,2022-05-31
S4,ATOM,True,complete monthly PIT top-100 asset-month,2022-06-30,2022-06-30,1,1,1,2022-06-30
S4,ATOM,True,complete monthly PIT top-100 asset-month,2022-07-31,2022-07-31,1,1,1,2022-07-31
S4,ATOM,True,complete monthly PIT top-100 asset-month,2022-08-31,2022-08-31,1,1,1,2022-08-31
S4,ATOM,True,complete monthly PIT top-100 asset-month,2022-09-30,2022-09-30,1,1,1,2022-09-30
S4,ATOM,True,complete monthly PIT top-100 asset-month,2022-10-31,2022-10-31,1,1,1,2022-10-31
S4,ATOM,True,complete monthly PIT top-100 asset-month,2022-11-30,2022-11-30,1,1,1,2022-11-30
S4,ATOM,True,complete monthly PIT top-100 asset-month,2022-12-31,2022-12-31,1,1,1,2022-12-31
S4,ATOM,True,complete monthly PIT top-100 asset-month,2023-01-31,2023-01-31,1,1,1,2023-01-31
S4,ATOM,True,complete monthly PIT top-100 asset-month,2023-02-28,2023-02-28,1,1,1,2023-02-28
S4,ATOM,True,complete monthly PIT top-100 asset-month,2023-03-31,2023-03-31,1,1,1,2023-03-31
S4,ATOM,True,complete monthly PIT top-100 asset-month,2023-04-30,2023-04-30,1,1,1,2023-04-30
S4,ATOM,True,complete monthly PIT top-100 asset-month,2023-05-31,2023-05-31,1,1,1,2023-05-31
S4,ATOM,True,complete monthly PIT top-100 asset-month,2023-06-30,2023-06-30,1,1,1,2023-06-30
S4,ATOM,True,complete monthly PIT top-100 asset-month,2023-07-31,2023-07-31,1,1,1,2023-07-31
S4,ATOM,True,complete monthly PIT top-100 asset-month,2023-08-31,2023-08-31,1,1,1,2023-08-31
S4,ATOM,True,complete monthly PIT top-100 asset-month,2023-09-30,2023-09-30,1,1,1,2023-09-30
S4,ATOM,True,complete monthly PIT top-100 asset-month,2023-10-31,2023-10-31,1,1,1,2023-10-31
S4,ATOM,True,complete monthly PIT top-100 asset-month,2023-11-30,2023-11-30,1,1,1,2023-11-30
S4,ATOM,True,complete monthly PIT top-100 asset-month,2023-12-31,2023-12-31,1,1,1,2023-12-31
S4,ATOM,True,complete monthly PIT top-100 asset-month,2024-01-31,2024-01-31,1,1,1,2024-01-31
S4,ATOM,True,complete monthly PIT top-100 asset-month,2024-02-29,2024-02-29,1,1,1,2024-02-29
S4,ATOM,True,complete monthly PIT top-100 asset-month,2024-03-31,2024-03-31,1,1,1,2024-03-31
S4,ATOM,True,complete monthly PIT top-100 asset-month,2024-04-30,2024-04-30,1,1,1,2024-04-30
S4,ATOM,True,complete monthly PIT top-100 asset-month,2024-05-31,2024-05-31,1,1,1,2024-05-31
S4,ATOM,True,complete monthly PIT top-100 asset-month,2024-06-30,2024-06-30,1,1,1,2024-06-30
S4,ATOM,True,complete monthly PIT top-100 asset-month,2024-07-31,2024-07-31,1,1,1,2024-07-31
S4,ATOM,True,complete monthly PIT top-100 asset-month,2024-08-31,2024-08-31,1,1,1,2024-08-31
S4,ATOM,True,complete monthly PIT top-100 asset-month,2024-09-30,2024-09-30,1,1,1,2024-09-30
S4,ATOM,True,complete monthly PIT top-100 asset-month,2024-10-31,2024-10-31,1,1,1,2024-10-31
S4,ATOM,True,complete monthly PIT top-100 asset-month,2024-11-30,2024-11-30,1,1,1,2024-11-30
S4,ATOM,True,complete monthly PIT top-100 asset-month,2024-12-31,2024-12-31,1,1,1,2024-12-31
S4,ATOM,True,complete monthly PIT top-100 asset-month,2025-01-31,2025-01-31,1,1,1,2025-01-31
S4,ATOM,True,complete monthly PIT top-100 asset-month,2025-02-28,2025-02-28,1,1,1,2025-02-28
S4,ATOM,True,complete monthly PIT top-100 asset-month,2025-03-31,2025-03-31,1,1,1,2025-03-31
S4,ATOM,True,complete monthly PIT top-100 asset-month,2025-04-30,2025-04-30,1,1,1,2025-04-30
S4,ATOM,True,complete monthly PIT top-100 asset-month,2025-05-31,2025-05-31,1,1,1,2025-05-31
S4,ATOM,True,complete monthly PIT top-100 asset-month,2025-06-30,2025-06-30,1,1,1,2025-06-30
S4,ATOM,True,complete monthly PIT top-100 asset-month,2025-07-31,2025-07-31,1,1,1,2025-07-31
S4,ATOM,True,complete monthly PIT top-100 asset-month,2025-08-31,2025-08-31,1,1,1,2025-08-31
S4,ATOM,True,complete monthly PIT top-100 asset-month,2025-09-30,2025-09-30,1,1,1,2025-09-30
S4,ATOM,True,complete monthly PIT top-100 asset-month,2025-10-31,2025-10-31,1,1,1,2025-10-31
S4,ATOM,True,complete monthly PIT top-100 asset-month,2025-11-30,2025-11-30,1,1,1,2025-11-30
S4,ATOM,True,complete monthly PIT top-100 asset-month,2026-01-31,2026-01-31,1,1,1,2026-01-31
S4,ATOM,True,complete monthly PIT top-100 asset-month,2026-02-28,2026-02-28,1,1,1,2026-02-28
S4,ATOM,True,complete monthly PIT top-100 asset-month,2026-03-31,2026-03-31,1,1,1,2026-03-31
S4,ATOM,True,complete monthly PIT top-100 asset-month,2026-04-30,2026-04-30,1,1,1,2026-04-30
S4,ATOM,True,complete monthly PIT top-100 asset-month,2026-05-31,2026-05-31,1,1,1,2026-05-31
S4,ATUSD,True,complete monthly PIT top-100 asset-month,2020-08-31,2020-08-31,1,1,1,2020-08-31
S4,ATUSD,True,complete monthly PIT top-100 asset-month,2020-09-30,2020-09-30,1,1,1,2020-09-30
S4,AUDIO,True,complete monthly PIT top-100 asset-month,2021-08-31,2021-08-31,1,1,1,2021-08-31
S4,AUSDC,True,complete monthly PIT top-100 asset-month,2020-07-31,2020-07-31,1,1,1,2020-07-31
S4,AUSDC,True,complete monthly PIT top-100 asset-month,2020-08-31,2020-08-31,1,1,1,2020-08-31
S4,AUSDC,True,complete monthly PIT top-100 asset-month,2020-09-30,2020-09-30,1,1,1,2020-09-30
S4,AUSDC,True,complete monthly PIT top-100 asset-month,2020-10-31,2020-10-31,1,1,1,2020-10-31
S4,AUSDC,True,complete monthly PIT top-100 asset-month,2020-11-30,2020-11-30,1,1,1,2020-11-30
S4,AUSDC,True,complete monthly PIT top-100 asset-month,2020-12-31,2020-12-31,1,1,1,2020-12-31
S4,AVAX,True,complete monthly PIT top-100 asset-month,2020-09-30,2020-09-30,1,1,1,2020-09-30
S4,AVAX,True,complete monthly PIT top-100 asset-month,2020-10-31,2020-10-31,1,1,1,2020-10-31
S4,AVAX,True,complete monthly PIT top-100 asset-month,2020-12-31,2020-12-31,1,1,1,2020-12-31
S4,AVAX,True,complete monthly PIT top-100 asset-month,2021-01-31,2021-01-31,1,1,1,2021-01-31
S4,AVAX,True,complete monthly PIT top-100 asset-month,2021-02-28,2021-02-28,1,1,1,2021-02-28
S4,AVAX,True,complete monthly PIT top-100 asset-month,2021-03-31,2021-03-31,1,1,1,2021-03-31
S4,AVAX,True,complete monthly PIT top-100 asset-month,2021-04-30,2021-04-30,1,1,1,2021-04-30
S4,AVAX,True,complete monthly PIT top-100 asset-month,2021-05-31,2021-05-31,1,1,1,2021-05-31
S4,AVAX,True,complete monthly PIT top-100 asset-month,2021-06-30,2021-06-30,1,1,1,2021-06-30
S4,AVAX,True,complete monthly PIT top-100 asset-month,2021-07-31,2021-07-31,1,1,1,2021-07-31
S4,AVAX,True,complete monthly PIT top-100 asset-month,2021-08-31,2021-08-31,1,1,1,2021-08-31
S4,AVAX,True,complete monthly PIT top-100 asset-month,2021-09-30,2021-09-30,1,1,1,2021-09-30
S4,AVAX,True,complete monthly PIT top-100 asset-month,2021-10-31,2021-10-31,1,1,1,2021-10-31
S4,AVAX,True,complete monthly PIT top-100 asset-month,2021-11-30,2021-11-30,1,1,1,2021-11-30
S4,AVAX,True,complete monthly PIT top-100 asset-month,2021-12-31,2021-12-31,1,1,1,2021-12-31
S4,AVAX,True,complete monthly PIT top-100 asset-month,2022-01-31,2022-01-31,1,1,1,2022-01-31
S4,AVAX,True,complete monthly PIT top-100 asset-month,2022-02-28,2022-02-28,1,1,1,2022-02-28
S4,AVAX,True,complete monthly PIT top-100 asset-month,2022-03-31,2022-03-31,1,1,1,2022-03-31
S4,AVAX,True,complete monthly PIT top-100 asset-month,2022-04-30,2022-04-30,1,1,1,2022-04-30
S4,AVAX,True,complete monthly PIT top-100 asset-month,2022-05-31,2022-05-31,1,1,1,2022-05-31
S4,AVAX,True,complete monthly PIT top-100 asset-month,2022-06-30,2022-06-30,1,1,1,2022-06-30
S4,AVAX,True,complete monthly PIT top-100 asset-month,2022-07-31,2022-07-31,1,1,1,2022-07-31
S4,AVAX,True,complete monthly PIT top-100 asset-month,2022-08-31,2022-08-31,1,1,1,2022-08-31
S4,AVAX,True,complete monthly PIT top-100 asset-month,2022-09-30,2022-09-30,1,1,1,2022-09-30
S4,AVAX,True,complete monthly PIT top-100 asset-month,2022-10-31,2022-10-31,1,1,1,2022-10-31
S4,AVAX,True,complete monthly PIT top-100 asset-month,2022-11-30,2022-11-30,1,1,1,2022-11-30
S4,AVAX,True,complete monthly PIT top-100 asset-month,2022-12-31,2022-12-31,1,1,1,2022-12-31
S4,AVAX,True,complete monthly PIT top-100 asset-month,2023-01-31,2023-01-31,1,1,1,2023-01-31
S4,AVAX,True,complete monthly PIT top-100 asset-month,2023-02-28,2023-02-28,1,1,1,2023-02-28
S4,AVAX,True,complete monthly PIT top-100 asset-month,2023-03-31,2023-03-31,1,1,1,2023-03-31
S4,AVAX,True,complete monthly PIT top-100 asset-month,2023-04-30,2023-04-30,1,1,1,2023-04-30
S4,AVAX,True,complete monthly PIT top-100 asset-month,2023-05-31,2023-05-31,1,1,1,2023-05-31
S4,AVAX,True,complete monthly PIT top-100 asset-month,2023-06-30,2023-06-30,1,1,1,2023-06-30
S4,AVAX,True,complete monthly PIT top-100 asset-month,2023-07-31,2023-07-31,1,1,1,2023-07-31
S4,AVAX,True,complete monthly PIT top-100 asset-month,2023-08-31,2023-08-31,1,1,1,2023-08-31
S4,AVAX,True,complete monthly PIT top-100 asset-month,2023-09-30,2023-09-30,1,1,1,2023-09-30
S4,AVAX,True,complete monthly PIT top-100 asset-month,2023-10-31,2023-10-31,1,1,1,2023-10-31
S4,AVAX,True,complete monthly PIT top-100 asset-month,2023-11-30,2023-11-30,1,1,1,2023-11-30
S4,AVAX,True,complete monthly PIT top-100 asset-month,2023-12-31,2023-12-31,1,1,1,2023-12-31
S4,AVAX,True,complete monthly PIT top-100 asset-month,2024-01-31,2024-01-31,1,1,1,2024-01-31
S4,AVAX,True,complete monthly PIT top-100 asset-month,2024-02-29,2024-02-29,1,1,1,2024-02-29
S4,AVAX,True,complete monthly PIT top-100 asset-month,2024-03-31,2024-03-31,1,1,1,2024-03-31
S4,AVAX,True,complete monthly PIT top-100 asset-month,2024-04-30,2024-04-30,1,1,1,2024-04-30
S4,AVAX,True,complete monthly PIT top-100 asset-month,2024-05-31,2024-05-31,1,1,1,2024-05-31
S4,AVAX,True,complete monthly PIT top-100 asset-month,2024-06-30,2024-06-30,1,1,1,2024-06-30
S4,AVAX,True,complete monthly PIT top-100 asset-month,2024-07-31,2024-07-31,1,1,1,2024-07-31
S4,AVAX,True,complete monthly PIT top-100 asset-month,2024-08-31,2024-08-31,1,1,1,2024-08-31
S4,AVAX,True,complete monthly PIT top-100 asset-month,2024-09-30,2024-09-30,1,1,1,2024-09-30
S4,AVAX,True,complete monthly PIT top-100 asset-month,2024-10-31,2024-10-31,1,1,1,2024-10-31
S4,AVAX,True,complete monthly PIT top-100 asset-month,2024-11-30,2024-11-30,1,1,1,2024-11-30
S4,AVAX,True,complete monthly PIT top-100 asset-month,2024-12-31,2024-12-31,1,1,1,2024-12-31
S4,AVAX,True,complete monthly PIT top-100 asset-month,2025-01-31,2025-01-31,1,1,1,2025-01-31
S4,AVAX,True,complete monthly PIT top-100 asset-month,2025-02-28,2025-02-28,1,1,1,2025-02-28
S4,AVAX,True,complete monthly PIT top-100 asset-month,2025-03-31,2025-03-31,1,1,1,2025-03-31
S4,AVAX,True,complete monthly PIT top-100 asset-month,2025-04-30,2025-04-30,1,1,1,2025-04-30
S4,AVAX,True,complete monthly PIT top-100 asset-month,2025-05-31,2025-05-31,1,1,1,2025-05-31
S4,AVAX,True,complete monthly PIT top-100 asset-month,2025-06-30,2025-06-30,1,1,1,2025-06-30
S4,AVAX,True,complete monthly PIT top-100 asset-month,2025-07-31,2025-07-31,1,1,1,2025-07-31
S4,AVAX,True,complete monthly PIT top-100 asset-month,2025-08-31,2025-08-31,1,1,1,2025-08-31
S4,AVAX,True,complete monthly PIT top-100 asset-month,2025-09-30,2025-09-30,1,1,1,2025-09-30
S4,AVAX,True,complete monthly PIT top-100 asset-month,2025-10-31,2025-10-31,1,1,1,2025-10-31
S4,AVAX,True,complete monthly PIT top-100 asset-month,2025-11-30,2025-11-30,1,1,1,2025-11-30
S4,AVAX,True,complete monthly PIT top-100 asset-month,2025-12-31,2025-12-31,1,1,1,2025-12-31
S4,AVAX,True,complete monthly PIT top-100 asset-month,2026-01-31,2026-01-31,1,1,1,2026-01-31
S4,AVAX,True,complete monthly PIT top-100 asset-month,2026-02-28,2026-02-28,1,1,1,2026-02-28
S4,AVAX,True,complete monthly PIT top-100 asset-month,2026-03-31,2026-03-31,1,1,1,2026-03-31
S4,AVAX,True,complete monthly PIT top-100 asset-month,2026-04-30,2026-04-30,1,1,1,2026-04-30
S4,AVAX,True,complete monthly PIT top-100 asset-month,2026-05-31,2026-05-31,1,1,1,2026-05-31
S4,AWETH,True,complete monthly PIT top-100 asset-month,2026-03-31,2026-03-31,1,1,1,2026-03-31
S4,AWETH,True,complete monthly PIT top-100 asset-month,2026-04-30,2026-04-30,1,1,1,2026-04-30
S4,AWETH,True,complete monthly PIT top-100 asset-month,2026-05-31,2026-05-31,1,1,1,2026-05-31
S4,AXL,True,complete monthly PIT top-100 asset-month,2024-03-31,2024-03-31,1,1,1,2024-03-31
S4,AXS,True,complete monthly PIT top-100 asset-month,2021-07-31,2021-07-31,1,1,1,2021-07-31
S4,AXS,True,complete monthly PIT top-100 asset-month,2021-08-31,2021-08-31,1,1,1,2021-08-31
S4,AXS,True,complete monthly PIT top-100 asset-month,2021-09-30,2021-09-30,1,1,1,2021-09-30
S4,AXS,True,complete monthly PIT top-100 asset-month,2021-10-31,2021-10-31,1,1,1,2021-10-31
S4,AXS,True,complete monthly PIT top-100 asset-month,2021-11-30,2021-11-30,1,1,1,2021-11-30
S4,AXS,True,complete monthly PIT top-100 asset-month,2021-12-31,2021-12-31,1,1,1,2021-12-31
S4,AXS,True,complete monthly PIT top-100 asset-month,2022-01-31,2022-01-31,1,1,1,2022-01-31
S4,AXS,True,complete monthly PIT top-100 asset-month,2022-02-28,2022-02-28,1,1,1,2022-02-28
S4,AXS,True,complete monthly PIT top-100 asset-month,2022-03-31,2022-03-31,1,1,1,2022-03-31
S4,AXS,True,complete monthly PIT top-100 asset-month,2022-04-30,2022-04-30,1,1,1,2022-04-30
S4,AXS,True,complete monthly PIT top-100 asset-month,2022-05-31,2022-05-31,1,1,1,2022-05-31
S4,AXS,True,complete monthly PIT top-100 asset-month,2022-06-30,2022-06-30,1,1,1,2022-06-30
S4,AXS,True,complete monthly PIT top-100 asset-month,2022-07-31,2022-07-31,1,1,1,2022-07-31
S4,AXS,True,complete monthly PIT top-100 asset-month,2022-08-31,2022-08-31,1,1,1,2022-08-31
S4,AXS,True,complete monthly PIT top-100 asset-month,2022-09-30,2022-09-30,1,1,1,2022-09-30
S4,AXS,True,complete monthly PIT top-100 asset-month,2022-10-31,2022-10-31,1,1,1,2022-10-31
S4,AXS,True,complete monthly PIT top-100 asset-month,2022-11-30,2022-11-30,1,1,1,2022-11-30
S4,AXS,True,complete monthly PIT top-100 asset-month,2022-12-31,2022-12-31,1,1,1,2022-12-31
S4,AXS,True,complete monthly PIT top-100 asset-month,2023-01-31,2023-01-31,1,1,1,2023-01-31
S4,AXS,True,complete monthly PIT top-100 asset-month,2023-02-28,2023-02-28,1,1,1,2023-02-28
S4,AXS,True,complete monthly PIT top-100 asset-month,2023-03-31,2023-03-31,1,1,1,2023-03-31
S4,AXS,True,complete monthly PIT top-100 asset-month,2023-04-30,2023-04-30,1,1,1,2023-04-30
S4,AXS,True,complete monthly PIT top-100 asset-month,2023-05-31,2023-05-31,1,1,1,2023-05-31
S4,AXS,True,complete monthly PIT top-100 asset-month,2023-06-30,2023-06-30,1,1,1,2023-06-30
S4,AXS,True,complete monthly PIT top-100 asset-month,2023-07-31,2023-07-31,1,1,1,2023-07-31
S4,AXS,True,complete monthly PIT top-100 asset-month,2023-08-31,2023-08-31,1,1,1,2023-08-31
S4,AXS,True,complete monthly PIT top-100 asset-month,2023-09-30,2023-09-30,1,1,1,2023-09-30
S4,AXS,True,complete monthly PIT top-100 asset-month,2023-10-31,2023-10-31,1,1,1,2023-10-31
S4,AXS,True,complete monthly PIT top-100 asset-month,2023-11-30,2023-11-30,1,1,1,2023-11-30
S4,AXS,True,complete monthly PIT top-100 asset-month,2023-12-31,2023-12-31,1,1,1,2023-12-31
S4,AXS,True,complete monthly PIT top-100 asset-month,2024-01-31,2024-01-31,1,1,1,2024-01-31
S4,AXS,True,complete monthly PIT top-100 asset-month,2024-02-29,2024-02-29,1,1,1,2024-02-29
S4,AXS,True,complete monthly PIT top-100 asset-month,2024-03-31,2024-03-31,1,1,1,2024-03-31
S4,AXS,True,complete monthly PIT top-100 asset-month,2024-04-30,2024-04-30,1,1,1,2024-04-30
S4,AXS,True,complete monthly PIT top-100 asset-month,2024-05-31,2024-05-31,1,1,1,2024-05-31
S4,AXS,True,complete monthly PIT top-100 asset-month,2024-06-30,2024-06-30,1,1,1,2024-06-30
S4,AXS,True,complete monthly PIT top-100 asset-month,2024-07-31,2024-07-31,1,1,1,2024-07-31
S4,AXS,True,complete monthly PIT top-100 asset-month,2024-09-30,2024-09-30,1,1,1,2024-09-30
S4,BABYDOGE,True,complete monthly PIT top-100 asset-month,2023-03-31,2023-03-31,1,1,1,2023-03-31
S4,BAL,True,complete monthly PIT top-100 asset-month,2020-06-30,2020-06-30,1,1,1,2020-06-30
S4,BAL,True,complete monthly PIT top-100 asset-month,2020-08-31,2020-08-31,1,1,1,2020-08-31
S4,BAL,True,complete monthly PIT top-100 asset-month,2020-09-30,2020-09-30,1,1,1,2020-09-30
S4,BAL,True,complete monthly PIT top-100 asset-month,2020-10-31,2020-10-31,1,1,1,2020-10-31
S4,BAL,True,complete monthly PIT top-100 asset-month,2020-11-30,2020-11-30,1,1,1,2020-11-30
S4,BAL,True,complete monthly PIT top-100 asset-month,2020-12-31,2020-12-31,1,1,1,2020-12-31
S4,BAL,True,complete monthly PIT top-100 asset-month,2021-01-31,2021-01-31,1,1,1,2021-01-31
S4,BAND,True,complete monthly PIT top-100 asset-month,2020-07-31,2020-07-31,1,1,1,2020-07-31
S4,BAND,True,complete monthly PIT top-100 asset-month,2020-08-31,2020-08-31,1,1,1,2020-08-31
S4,BAND,True,complete monthly PIT top-100 asset-month,2020-09-30,2020-09-30,1,1,1,2020-09-30
S4,BAND,True,complete monthly PIT top-100 asset-month,2020-10-31,2020-10-31,1,1,1,2020-10-31
S4,BAND,True,complete monthly PIT top-100 asset-month,2020-11-30,2020-11-30,1,1,1,2020-11-30
S4,BAND,True,complete monthly PIT top-100 asset-month,2020-12-31,2020-12-31,1,1,1,2020-12-31
S4,BAT,True,complete monthly PIT top-100 asset-month,2020-01-31,2020-01-31,1,1,1,2020-01-31
S4,BAT,True,complete monthly PIT top-100 asset-month,2020-02-29,2020-02-29,1,1,1,2020-02-29
S4,BAT,True,complete monthly PIT top-100 asset-month,2020-03-31,2020-03-31,1,1,1,2020-03-31
S4,BAT,True,complete monthly PIT top-100 asset-month,2020-04-30,2020-04-30,1,1,1,2020-04-30
S4,BAT,True,complete monthly PIT top-100 asset-month,2020-05-31,2020-05-31,1,1,1,2020-05-31
S4,BAT,True,complete monthly PIT top-100 asset-month,2020-06-30,2020-06-30,1,1,1,2020-06-30
S4,BAT,True,complete monthly PIT top-100 asset-month,2020-07-31,2020-07-31,1,1,1,2020-07-31
S4,BAT,True,complete monthly PIT top-100 asset-month,2020-08-31,2020-08-31,1,1,1,2020-08-31
S4,BAT,True,complete monthly PIT top-100 asset-month,2020-09-30,2020-09-30,1,1,1,2020-09-30
S4,BAT,True,complete monthly PIT top-100 asset-month,2020-10-31,2020-10-31,1,1,1,2020-10-31
S4,BAT,True,complete monthly PIT top-100 asset-month,2020-11-30,2020-11-30,1,1,1,2020-11-30
S4,BAT,True,complete monthly PIT top-100 asset-month,2020-12-31,2020-12-31,1,1,1,2020-12-31
S4,BAT,True,complete monthly PIT top-100 asset-month,2021-01-31,2021-01-31,1,1,1,2021-01-31
S4,BAT,True,complete monthly PIT top-100 asset-month,2021-02-28,2021-02-28,1,1,1,2021-02-28
S4,BAT,True,complete monthly PIT top-100 asset-month,2021-03-31,2021-03-31,1,1,1,2021-03-31
S4,BAT,True,complete monthly PIT top-100 asset-month,2021-04-30,2021-04-30,1,1,1,2021-04-30
S4,BAT,True,complete monthly PIT top-100 asset-month,2021-05-31,2021-05-31,1,1,1,2021-05-31
S4,BAT,True,complete monthly PIT top-100 asset-month,2021-06-30,2021-06-30,1,1,1,2021-06-30
S4,BAT,True,complete monthly PIT top-100 asset-month,2021-07-31,2021-07-31,1,1,1,2021-07-31
S4,BAT,True,complete monthly PIT top-100 asset-month,2021-08-31,2021-08-31,1,1,1,2021-08-31
S4,BAT,True,complete monthly PIT top-100 asset-month,2021-09-30,2021-09-30,1,1,1,2021-09-30
S4,BAT,True,complete monthly PIT top-100 asset-month,2021-10-31,2021-10-31,1,1,1,2021-10-31
S4,BAT,True,complete monthly PIT top-100 asset-month,2021-11-30,2021-11-30,1,1,1,2021-11-30
S4,BAT,True,complete monthly PIT top-100 asset-month,2021-12-31,2021-12-31,1,1,1,2021-12-31
S4,BAT,True,complete monthly PIT top-100 asset-month,2022-01-31,2022-01-31,1,1,1,2022-01-31
S4,BAT,True,complete monthly PIT top-100 asset-month,2022-02-28,2022-02-28,1,1,1,2022-02-28
S4,BAT,True,complete monthly PIT top-100 asset-month,2022-03-31,2022-03-31,1,1,1,2022-03-31
S4,BAT,True,complete monthly PIT top-100 asset-month,2022-04-30,2022-04-30,1,1,1,2022-04-30
S4,BAT,True,complete monthly PIT top-100 asset-month,2022-05-31,2022-05-31,1,1,1,2022-05-31
S4,BAT,True,complete monthly PIT top-100 asset-month,2022-06-30,2022-06-30,1,1,1,2022-06-30
S4,BAT,True,complete monthly PIT top-100 asset-month,2022-07-31,2022-07-31,1,1,1,2022-07-31
S4,BAT,True,complete monthly PIT top-100 asset-month,2022-08-31,2022-08-31,1,1,1,2022-08-31
S4,BAT,True,complete monthly PIT top-100 asset-month,2022-09-30,2022-09-30,1,1,1,2022-09-30
S4,BAT,True,complete monthly PIT top-100 asset-month,2022-10-31,2022-10-31,1,1,1,2022-10-31
S4,BAT,True,complete monthly PIT top-100 asset-month,2022-11-30,2022-11-30,1,1,1,2022-11-30
S4,BCAP,True,complete monthly PIT top-100 asset-month,2026-04-30,2026-04-30,1,1,1,2026-04-30
S4,BCAP,True,complete monthly PIT top-100 asset-month,2026-05-31,2026-05-31,1,1,1,2026-05-31
S4,BCD,True,complete monthly PIT top-100 asset-month,2020-01-31,2020-01-31,1,1,1,2020-01-31
S4,BCD,True,complete monthly PIT top-100 asset-month,2020-02-29,2020-02-29,1,1,1,2020-02-29
S4,BCD,True,complete monthly PIT top-100 asset-month,2020-03-31,2020-03-31,1,1,1,2020-03-31
S4,BCD,True,complete monthly PIT top-100 asset-month,2020-04-30,2020-04-30,1,1,1,2020-04-30
S4,BCD,True,complete monthly PIT top-100 asset-month,2020-05-31,2020-05-31,1,1,1,2020-05-31
S4,BCD,True,complete monthly PIT top-100 asset-month,2020-06-30,2020-06-30,1,1,1,2020-06-30
S4,BCD,True,complete monthly PIT top-100 asset-month,2020-07-31,2020-07-31,1,1,1,2020-07-31
S4,BCD,True,complete monthly PIT top-100 asset-month,2020-08-31,2020-08-31,1,1,1,2020-08-31
S4,BCD,True,complete monthly PIT top-100 asset-month,2020-09-30,2020-09-30,1,1,1,2020-09-30
S4,BCD,True,complete monthly PIT top-100 asset-month,2020-10-31,2020-10-31,1,1,1,2020-10-31
S4,BCD,True,complete monthly PIT top-100 asset-month,2020-11-30,2020-11-30,1,1,1,2020-11-30
S4,BCH,True,complete monthly PIT top-100 asset-month,2020-01-31,2020-01-31,1,1,1,2020-01-31
S4,BCH,True,complete monthly PIT top-100 asset-month,2020-02-29,2020-02-29,1,1,1,2020-02-29
S4,BCH,True,complete monthly PIT top-100 asset-month,2020-03-31,2020-03-31,1,1,1,2020-03-31
S4,BCH,True,complete monthly PIT top-100 asset-month,2020-04-30,2020-04-30,1,1,1,2020-04-30
S4,BCH,True,complete monthly PIT top-100 asset-month,2020-05-31,2020-05-31,1,1,1,2020-05-31
S4,BCH,True,complete monthly PIT top-100 asset-month,2020-06-30,2020-06-30,1,1,1,2020-06-30
S4,BCH,True,complete monthly PIT top-100 asset-month,2020-07-31,2020-07-31,1,1,1,2020-07-31
S4,BCH,True,complete monthly PIT top-100 asset-month,2020-08-31,2020-08-31,1,1,1,2020-08-31
S4,BCH,True,complete monthly PIT top-100 asset-month,2020-09-30,2020-09-30,1,1,1,2020-09-30
S4,BCH,True,complete monthly PIT top-100 asset-month,2020-10-31,2020-10-31,1,1,1,2020-10-31
S4,BCH,True,complete monthly PIT top-100 asset-month,2020-11-30,2020-11-30,1,1,1,2020-11-30
S4,BCH,True,complete monthly PIT top-100 asset-month,2020-12-31,2020-12-31,1,1,1,2020-12-31
S4,BCH,True,complete monthly PIT top-100 asset-month,2021-01-31,2021-01-31,1,1,1,2021-01-31
S4,BCH,True,complete monthly PIT top-100 asset-month,2021-02-28,2021-02-28,1,1,1,2021-02-28
S4,BCH,True,complete monthly PIT top-100 asset-month,2021-03-31,2021-03-31,1,1,1,2021-03-31
S4,BCH,True,complete monthly PIT top-100 asset-month,2021-04-30,2021-04-30,1,1,1,2021-04-30
S4,BCH,True,complete monthly PIT top-100 asset-month,2021-05-31,2021-05-31,1,1,1,2021-05-31
S4,BCH,True,complete monthly PIT top-100 asset-month,2021-06-30,2021-06-30,1,1,1,2021-06-30
S4,BCH,True,complete monthly PIT top-100 asset-month,2021-07-31,2021-07-31,1,1,1,2021-07-31
S4,BCH,True,complete monthly PIT top-100 asset-month,2021-08-31,2021-08-31,1,1,1,2021-08-31
S4,BCH,True,complete monthly PIT top-100 asset-month,2021-09-30,2021-09-30,1,1,1,2021-09-30
S4,BCH,True,complete monthly PIT top-100 asset-month,2021-10-31,2021-10-31,1,1,1,2021-10-31
S4,BCH,True,complete monthly PIT top-100 asset-month,2021-11-30,2021-11-30,1,1,1,2021-11-30
S4,BCH,True,complete monthly PIT top-100 asset-month,2021-12-31,2021-12-31,1,1,1,2021-12-31
S4,BCH,True,complete monthly PIT top-100 asset-month,2022-01-31,2022-01-31,1,1,1,2022-01-31
S4,BCH,True,complete monthly PIT top-100 asset-month,2022-02-28,2022-02-28,1,1,1,2022-02-28
S4,BCH,True,complete monthly PIT top-100 asset-month,2022-03-31,2022-03-31,1,1,1,2022-03-31
S4,BCH,True,complete monthly PIT top-100 asset-month,2022-04-30,2022-04-30,1,1,1,2022-04-30
S4,BCH,True,complete monthly PIT top-100 asset-month,2022-05-31,2022-05-31,1,1,1,2022-05-31
S4,BCH,True,complete monthly PIT top-100 asset-month,2022-06-30,2022-06-30,1,1,1,2022-06-30
S4,BCH,True,complete monthly PIT top-100 asset-month,2022-07-31,2022-07-31,1,1,1,2022-07-31
S4,BCH,True,complete monthly PIT top-100 asset-month,2022-08-31,2022-08-31,1,1,1,2022-08-31
S4,BCH,True,complete monthly PIT top-100 asset-month,2022-09-30,2022-09-30,1,1,1,2022-09-30
S4,BCH,True,complete monthly PIT top-100 asset-month,2022-10-31,2022-10-31,1,1,1,2022-10-31
S4,BCH,True,complete monthly PIT top-100 asset-month,2022-11-30,2022-11-30,1,1,1,2022-11-30
S4,BCH,True,complete monthly PIT top-100 asset-month,2022-12-31,2022-12-31,1,1,1,2022-12-31
S4,BCH,True,complete monthly PIT top-100 asset-month,2023-01-31,2023-01-31,1,1,1,2023-01-31
S4,BCH,True,complete monthly PIT top-100 asset-month,2023-02-28,2023-02-28,1,1,1,2023-02-28
S4,BCH,True,complete monthly PIT top-100 asset-month,2023-03-31,2023-03-31,1,1,1,2023-03-31
S4,BCH,True,complete monthly PIT top-100 asset-month,2023-04-30,2023-04-30,1,1,1,2023-04-30
S4,BCH,True,complete monthly PIT top-100 asset-month,2023-05-31,2023-05-31,1,1,1,2023-05-31
S4,BCH,True,complete monthly PIT top-100 asset-month,2023-06-30,2023-06-30,1,1,1,2023-06-30
S4,BCH,True,complete monthly PIT top-100 asset-month,2023-07-31,2023-07-31,1,1,1,2023-07-31
S4,BCH,True,complete monthly PIT top-100 asset-month,2023-08-31,2023-08-31,1,1,1,2023-08-31
S4,BCH,True,complete monthly PIT top-100 asset-month,2023-09-30,2023-09-30,1,1,1,2023-09-30
S4,BCH,True,complete monthly PIT top-100 asset-month,2023-10-31,2023-10-31,1,1,1,2023-10-31
S4,BCH,True,complete monthly PIT top-100 asset-month,2023-11-30,2023-11-30,1,1,1,2023-11-30
S4,BCH,True,complete monthly PIT top-100 asset-month,2023-12-31,2023-12-31,1,1,1,2023-12-31
S4,BCH,True,complete monthly PIT top-100 asset-month,2024-01-31,2024-01-31,1,1,1,2024-01-31
S4,BCH,True,complete monthly PIT top-100 asset-month,2024-02-29,2024-02-29,1,1,1,2024-02-29
S4,BCH,True,complete monthly PIT top-100 asset-month,2024-03-31,2024-03-31,1,1,1,2024-03-31
S4,BCH,True,complete monthly PIT top-100 asset-month,2024-04-30,2024-04-30,1,1,1,2024-04-30
S4,BCH,True,complete monthly PIT top-100 asset-month,2024-05-31,2024-05-31,1,1,1,2024-05-31
S4,BCH,True,complete monthly PIT top-100 asset-month,2024-06-30,2024-06-30,1,1,1,2024-06-30
S4,BCH,True,complete monthly PIT top-100 asset-month,2024-07-31,2024-07-31,1,1,1,2024-07-31
S4,BCH,True,complete monthly PIT top-100 asset-month,2024-08-31,2024-08-31,1,1,1,2024-08-31
S4,BCH,True,complete monthly PIT top-100 asset-month,2024-09-30,2024-09-30,1,1,1,2024-09-30
S4,BCH,True,complete monthly PIT top-100 asset-month,2024-10-31,2024-10-31,1,1,1,2024-10-31
S4,BCH,True,complete monthly PIT top-100 asset-month,2024-11-30,2024-11-30,1,1,1,2024-11-30
S4,BCH,True,complete monthly PIT top-100 asset-month,2024-12-31,2024-12-31,1,1,1,2024-12-31
S4,BCH,True,complete monthly PIT top-100 asset-month,2025-01-31,2025-01-31,1,1,1,2025-01-31
S4,BCH,True,complete monthly PIT top-100 asset-month,2025-02-28,2025-02-28,1,1,1,2025-02-28
S4,BCH,True,complete monthly PIT top-100 asset-month,2025-03-31,2025-03-31,1,1,1,2025-03-31
S4,BCH,True,complete monthly PIT top-100 asset-month,2025-04-30,2025-04-30,1,1,1,2025-04-30
S4,BCH,True,complete monthly PIT top-100 asset-month,2025-05-31,2025-05-31,1,1,1,2025-05-31
S4,BCH,True,complete monthly PIT top-100 asset-month,2025-06-30,2025-06-30,1,1,1,2025-06-30
S4,BCH,True,complete monthly PIT top-100 asset-month,2025-07-31,2025-07-31,1,1,1,2025-07-31
S4,BCH,True,complete monthly PIT top-100 asset-month,2025-08-31,2025-08-31,1,1,1,2025-08-31
S4,BCH,True,complete monthly PIT top-100 asset-month,2025-09-30,2025-09-30,1,1,1,2025-09-30
S4,BCH,True,complete monthly PIT top-100 asset-month,2025-10-31,2025-10-31,1,1,1,2025-10-31
S4,BCH,True,complete monthly PIT top-100 asset-month,2025-11-30,2025-11-30,1,1,1,2025-11-30
S4,BCH,True,complete monthly PIT top-100 asset-month,2025-12-31,2025-12-31,1,1,1,2025-12-31
S4,BCH,True,complete monthly PIT top-100 asset-month,2026-01-31,2026-01-31,1,1,1,2026-01-31
S4,BCH,True,complete monthly PIT top-100 asset-month,2026-02-28,2026-02-28,1,1,1,2026-02-28
S4,BCH,True,complete monthly PIT top-100 asset-month,2026-03-31,2026-03-31,1,1,1,2026-03-31
S4,BCH,True,complete monthly PIT top-100 asset-month,2026-04-30,2026-04-30,1,1,1,2026-04-30
S4,BCH,True,complete monthly PIT top-100 asset-month,2026-05-31,2026-05-31,1,1,1,2026-05-31
S4,BCN,True,complete monthly PIT top-100 asset-month,2020-01-31,2020-01-31,1,1,1,2020-01-31
S4,BCN,True,complete monthly PIT top-100 asset-month,2020-02-29,2020-02-29,1,1,1,2020-02-29
S4,BCN,True,complete monthly PIT top-100 asset-month,2020-03-31,2020-03-31,1,1,1,2020-03-31
S4,BCN,True,complete monthly PIT top-100 asset-month,2020-04-30,2020-04-30,1,1,1,2020-04-30
S4,BEAM,True,complete monthly PIT top-100 asset-month,2020-01-31,2020-01-31,1,1,1,2020-01-31
S4,BEAM,True,complete monthly PIT top-100 asset-month,2023-12-31,2023-12-31,1,1,1,2023-12-31
S4,BEAM,True,complete monthly PIT top-100 asset-month,2024-01-31,2024-01-31,1,1,1,2024-01-31
S4,BEAM,True,complete monthly PIT top-100 asset-month,2024-02-29,2024-02-29,1,1,1,2024-02-29
S4,BEAM,True,complete monthly PIT top-100 asset-month,2024-03-31,2024-03-31,1,1,1,2024-03-31
S4,BEAM,True,complete monthly PIT top-100 asset-month,2024-04-30,2024-04-30,1,1,1,2024-04-30
S4,BEAM,True,complete monthly PIT top-100 asset-month,2024-05-31,2024-05-31,1,1,1,2024-05-31
S4,BEAM,True,complete monthly PIT top-100 asset-month,2024-06-30,2024-06-30,1,1,1,2024-06-30
S4,BEAM,True,complete monthly PIT top-100 asset-month,2024-07-31,2024-07-31,1,1,1,2024-07-31
S4,BEAM,True,complete monthly PIT top-100 asset-month,2024-08-31,2024-08-31,1,1,1,2024-08-31
S4,BEAM,True,complete monthly PIT top-100 asset-month,2024-09-30,2024-09-30,1,1,1,2024-09-30
S4,BEAM,True,complete monthly PIT top-100 asset-month,2024-10-31,2024-10-31,1,1,1,2024-10-31
S4,BEAM,True,complete monthly PIT top-100 asset-month,2024-11-30,2024-11-30,1,1,1,2024-11-30
S4,BEAM,True,complete monthly PIT top-100 asset-month,2024-12-31,2024-12-31,1,1,1,2024-12-31
S4,BERA,True,complete monthly PIT top-100 asset-month,2025-02-28,2025-02-28,1,1,1,2025-02-28
S4,BFUSD,True,complete monthly PIT top-100 asset-month,2025-08-31,2025-08-31,1,1,1,2025-08-31
S4,BFUSD,True,complete monthly PIT top-100 asset-month,2025-09-30,2025-09-30,1,1,1,2025-09-30
S4,BFUSD,True,complete monthly PIT top-100 asset-month,2025-10-31,2025-10-31,1,1,1,2025-10-31
S4,BFUSD,True,complete monthly PIT top-100 asset-month,2025-11-30,2025-11-30,1,1,1,2025-11-30
S4,BFUSD,True,complete monthly PIT top-100 asset-month,2025-12-31,2025-12-31,1,1,1,2025-12-31
S4,BFUSD,True,complete monthly PIT top-100 asset-month,2026-01-31,2026-01-31,1,1,1,2026-01-31
S4,BFUSD,True,complete monthly PIT top-100 asset-month,2026-02-28,2026-02-28,1,1,1,2026-02-28
S4,BFUSD,True,complete monthly PIT top-100 asset-month,2026-03-31,2026-03-31,1,1,1,2026-03-31
S4,BFUSD,True,complete monthly PIT top-100 asset-month,2026-04-30,2026-04-30,1,1,1,2026-04-30
S4,BFUSD,True,complete monthly PIT top-100 asset-month,2026-05-31,2026-05-31,1,1,1,2026-05-31
S4,BGB,True,complete monthly PIT top-100 asset-month,2023-02-28,2023-02-28,1,1,1,2023-02-28
S4,BGB,True,complete monthly PIT top-100 asset-month,2023-03-31,2023-03-31,1,1,1,2023-03-31
S4,BGB,True,complete monthly PIT top-100 asset-month,2023-04-30,2023-04-30,1,1,1,2023-04-30
S4,BGB,True,complete monthly PIT top-100 asset-month,2023-05-31,2023-05-31,1,1,1,2023-05-31
S4,BGB,True,complete monthly PIT top-100 asset-month,2023-06-30,2023-06-30,1,1,1,2023-06-30
S4,BGB,True,complete monthly PIT top-100 asset-month,2023-07-31,2023-07-31,1,1,1,2023-07-31
S4,BGB,True,complete monthly PIT top-100 asset-month,2023-08-31,2023-08-31,1,1,1,2023-08-31
S4,BGB,True,complete monthly PIT top-100 asset-month,2023-09-30,2023-09-30,1,1,1,2023-09-30
S4,BGB,True,complete monthly PIT top-100 asset-month,2023-10-31,2023-10-31,1,1,1,2023-10-31
S4,BGB,True,complete monthly PIT top-100 asset-month,2023-11-30,2023-11-30,1,1,1,2023-11-30
S4,BGB,True,complete monthly PIT top-100 asset-month,2023-12-31,2023-12-31,1,1,1,2023-12-31
S4,BGB,True,complete monthly PIT top-100 asset-month,2024-01-31,2024-01-31,1,1,1,2024-01-31
S4,BGB,True,complete monthly PIT top-100 asset-month,2024-02-29,2024-02-29,1,1,1,2024-02-29
S4,BGB,True,complete monthly PIT top-100 asset-month,2024-03-31,2024-03-31,1,1,1,2024-03-31
S4,BGB,True,complete monthly PIT top-100 asset-month,2024-04-30,2024-04-30,1,1,1,2024-04-30
S4,BGB,True,complete monthly PIT top-100 asset-month,2024-05-31,2024-05-31,1,1,1,2024-05-31
S4,BGB,True,complete monthly PIT top-100 asset-month,2024-06-30,2024-06-30,1,1,1,2024-06-30
S4,BGB,True,complete monthly PIT top-100 asset-month,2024-07-31,2024-07-31,1,1,1,2024-07-31
S4,BGB,True,complete monthly PIT top-100 asset-month,2024-08-31,2024-08-31,1,1,1,2024-08-31
S4,BGB,True,complete monthly PIT top-100 asset-month,2024-09-30,2024-09-30,1,1,1,2024-09-30
S4,BGB,True,complete monthly PIT top-100 asset-month,2024-10-31,2024-10-31,1,1,1,2024-10-31
S4,BGB,True,complete monthly PIT top-100 asset-month,2024-11-30,2024-11-30,1,1,1,2024-11-30
S4,BGB,True,complete monthly PIT top-100 asset-month,2024-12-31,2024-12-31,1,1,1,2024-12-31
S4,BGB,True,complete monthly PIT top-100 asset-month,2025-01-31,2025-01-31,1,1,1,2025-01-31
S4,BGB,True,complete monthly PIT top-100 asset-month,2025-02-28,2025-02-28,1,1,1,2025-02-28
S4,BGB,True,complete monthly PIT top-100 asset-month,2025-03-31,2025-03-31,1,1,1,2025-03-31
S4,BGB,True,complete monthly PIT top-100 asset-month,2025-04-30,2025-04-30,1,1,1,2025-04-30
S4,BGB,True,complete monthly PIT top-100 asset-month,2025-05-31,2025-05-31,1,1,1,2025-05-31
S4,BGB,True,complete monthly PIT top-100 asset-month,2025-06-30,2025-06-30,1,1,1,2025-06-30
S4,BGB,True,complete monthly PIT top-100 asset-month,2025-07-31,2025-07-31,1,1,1,2025-07-31
S4,BGB,True,complete monthly PIT top-100 asset-month,2025-08-31,2025-08-31,1,1,1,2025-08-31
S4,BGB,True,complete monthly PIT top-100 asset-month,2025-09-30,2025-09-30,1,1,1,2025-09-30
S4,BGB,True,complete monthly PIT top-100 asset-month,2025-10-31,2025-10-31,1,1,1,2025-10-31
S4,BGB,True,complete monthly PIT top-100 asset-month,2025-11-30,2025-11-30,1,1,1,2025-11-30
S4,BGB,True,complete monthly PIT top-100 asset-month,2025-12-31,2025-12-31,1,1,1,2025-12-31
S4,BGB,True,complete monthly PIT top-100 asset-month,2026-01-31,2026-01-31,1,1,1,2026-01-31
S4,BGB,True,complete monthly PIT top-100 asset-month,2026-02-28,2026-02-28,1,1,1,2026-02-28
S4,BGB,True,complete monthly PIT top-100 asset-month,2026-03-31,2026-03-31,1,1,1,2026-03-31
S4,BGB,True,complete monthly PIT top-100 asset-month,2026-04-30,2026-04-30,1,1,1,2026-04-30
S4,BGB,True,complete monthly PIT top-100 asset-month,2026-05-31,2026-05-31,1,1,1,2026-05-31
S4,BIT,True,complete monthly PIT top-100 asset-month,2022-02-28,2022-02-28,1,1,1,2022-02-28
S4,BIT,True,complete monthly PIT top-100 asset-month,2022-03-31,2022-03-31,1,1,1,2022-03-31
S4,BIT,True,complete monthly PIT top-100 asset-month,2022-04-30,2022-04-30,1,1,1,2022-04-30
S4,BIT,True,complete monthly PIT top-100 asset-month,2022-05-31,2022-05-31,1,1,1,2022-05-31
S4,BIT,True,complete monthly PIT top-100 asset-month,2022-06-30,2022-06-30,1,1,1,2022-06-30
S4,BIT,True,complete monthly PIT top-100 asset-month,2022-07-31,2022-07-31,1,1,1,2022-07-31
S4,BIT,True,complete monthly PIT top-100 asset-month,2022-08-31,2022-08-31,1,1,1,2022-08-31
S4,BIT,True,complete monthly PIT top-100 asset-month,2022-09-30,2022-09-30,1,1,1,2022-09-30
S4,BIT,True,complete monthly PIT top-100 asset-month,2022-10-31,2022-10-31,1,1,1,2022-10-31
S4,BIT,True,complete monthly PIT top-100 asset-month,2022-11-30,2022-11-30,1,1,1,2022-11-30
S4,BIT,True,complete monthly PIT top-100 asset-month,2022-12-31,2022-12-31,1,1,1,2022-12-31
S4,BIT,True,complete monthly PIT top-100 asset-month,2023-01-31,2023-01-31,1,1,1,2023-01-31
S4,BIT,True,complete monthly PIT top-100 asset-month,2023-02-28,2023-02-28,1,1,1,2023-02-28
S4,BIT,True,complete monthly PIT top-100 asset-month,2023-03-31,2023-03-31,1,1,1,2023-03-31
S4,BIT,True,complete monthly PIT top-100 asset-month,2023-04-30,2023-04-30,1,1,1,2023-04-30
S4,BIT,True,complete monthly PIT top-100 asset-month,2023-05-31,2023-05-31,1,1,1,2023-05-31
S4,BIT,True,complete monthly PIT top-100 asset-month,2023-06-30,2023-06-30,1,1,1,2023-06-30
S4,BLUR,True,complete monthly PIT top-100 asset-month,2023-11-30,2023-11-30,1,1,1,2023-11-30
S4,BLUR,True,complete monthly PIT top-100 asset-month,2024-01-31,2024-01-31,1,1,1,2024-01-31
S4,BLUR,True,complete monthly PIT top-100 asset-month,2024-02-29,2024-02-29,1,1,1,2024-02-29
S4,BNB,True,complete monthly PIT top-100 asset-month,2020-01-31,2020-01-31,1,1,1,2020-01-31
S4,BNB,True,complete monthly PIT top-100 asset-month,2020-02-29,2020-02-29,1,1,1,2020-02-29
S4,BNB,True,complete monthly PIT top-100 asset-month,2020-03-31,2020-03-31,1,1,1,2020-03-31
S4,BNB,True,complete monthly PIT top-100 asset-month,2020-04-30,2020-04-30,1,1,1,2020-04-30
S4,BNB,True,complete monthly PIT top-100 asset-month,2020-05-31,2020-05-31,1,1,1,2020-05-31
S4,BNB,True,complete monthly PIT top-100 asset-month,2020-06-30,2020-06-30,1,1,1,2020-06-30
S4,BNB,True,complete monthly PIT top-100 asset-month,2020-07-31,2020-07-31,1,1,1,2020-07-31
S4,BNB,True,complete monthly PIT top-100 asset-month,2020-08-31,2020-08-31,1,1,1,2020-08-31
S4,BNB,True,complete monthly PIT top-100 asset-month,2020-09-30,2020-09-30,1,1,1,2020-09-30
S4,BNB,True,complete monthly PIT top-100 asset-month,2020-10-31,2020-10-31,1,1,1,2020-10-31
S4,BNB,True,complete monthly PIT top-100 asset-month,2020-11-30,2020-11-30,1,1,1,2020-11-30
S4,BNB,True,complete monthly PIT top-100 asset-month,2020-12-31,2020-12-31,1,1,1,2020-12-31
S4,BNB,True,complete monthly PIT top-100 asset-month,2021-01-31,2021-01-31,1,1,1,2021-01-31
S4,BNB,True,complete monthly PIT top-100 asset-month,2021-02-28,2021-02-28,1,1,1,2021-02-28
S4,BNB,True,complete monthly PIT top-100 asset-month,2021-03-31,2021-03-31,1,1,1,2021-03-31
S4,BNB,True,complete monthly PIT top-100 asset-month,2021-04-30,2021-04-30,1,1,1,2021-04-30
S4,BNB,True,complete monthly PIT top-100 asset-month,2021-05-31,2021-05-31,1,1,1,2021-05-31
S4,BNB,True,complete monthly PIT top-100 asset-month,2021-06-30,2021-06-30,1,1,1,2021-06-30
S4,BNB,True,complete monthly PIT top-100 asset-month,2021-07-31,2021-07-31,1,1,1,2021-07-31
S4,BNB,True,complete monthly PIT top-100 asset-month,2021-08-31,2021-08-31,1,1,1,2021-08-31
S4,BNB,True,complete monthly PIT top-100 asset-month,2021-09-30,2021-09-30,1,1,1,2021-09-30
S4,BNB,True,complete monthly PIT top-100 asset-month,2021-10-31,2021-10-31,1,1,1,2021-10-31
S4,BNB,True,complete monthly PIT top-100 asset-month,2021-11-30,2021-11-30,1,1,1,2021-11-30
S4,BNB,True,complete monthly PIT top-100 asset-month,2021-12-31,2021-12-31,1,1,1,2021-12-31
S4,BNB,True,complete monthly PIT top-100 asset-month,2022-01-31,2022-01-31,1,1,1,2022-01-31
S4,BNB,True,complete monthly PIT top-100 asset-month,2022-02-28,2022-02-28,1,1,1,2022-02-28
S4,BNB,True,complete monthly PIT top-100 asset-month,2022-03-31,2022-03-31,1,1,1,2022-03-31
S4,BNB,True,complete monthly PIT top-100 asset-month,2022-04-30,2022-04-30,1,1,1,2022-04-30
S4,BNB,True,complete monthly PIT top-100 asset-month,2022-05-31,2022-05-31,1,1,1,2022-05-31
S4,BNB,True,complete monthly PIT top-100 asset-month,2022-06-30,2022-06-30,1,1,1,2022-06-30
S4,BNB,True,complete monthly PIT top-100 asset-month,2022-07-31,2022-07-31,1,1,1,2022-07-31
S4,BNB,True,complete monthly PIT top-100 asset-month,2022-08-31,2022-08-31,1,1,1,2022-08-31
S4,BNB,True,complete monthly PIT top-100 asset-month,2022-09-30,2022-09-30,1,1,1,2022-09-30
S4,BNB,True,complete monthly PIT top-100 asset-month,2022-10-31,2022-10-31,1,1,1,2022-10-31
S4,BNB,True,complete monthly PIT top-100 asset-month,2022-11-30,2022-11-30,1,1,1,2022-11-30
S4,BNB,True,complete monthly PIT top-100 asset-month,2022-12-31,2022-12-31,1,1,1,2022-12-31
S4,BNB,True,complete monthly PIT top-100 asset-month,2023-01-31,2023-01-31,1,1,1,2023-01-31
S4,BNB,True,complete monthly PIT top-100 asset-month,2023-02-28,2023-02-28,1,1,1,2023-02-28
S4,BNB,True,complete monthly PIT top-100 asset-month,2023-03-31,2023-03-31,1,1,1,2023-03-31
S4,BNB,True,complete monthly PIT top-100 asset-month,2023-04-30,2023-04-30,1,1,1,2023-04-30
S4,BNB,True,complete monthly PIT top-100 asset-month,2023-05-31,2023-05-31,1,1,1,2023-05-31
S4,BNB,True,complete monthly PIT top-100 asset-month,2023-06-30,2023-06-30,1,1,1,2023-06-30
S4,BNB,True,complete monthly PIT top-100 asset-month,2023-07-31,2023-07-31,1,1,1,2023-07-31
S4,BNB,True,complete monthly PIT top-100 asset-month,2023-08-31,2023-08-31,1,1,1,2023-08-31
S4,BNB,True,complete monthly PIT top-100 asset-month,2023-09-30,2023-09-30,1,1,1,2023-09-30
S4,BNB,True,complete monthly PIT top-100 asset-month,2023-10-31,2023-10-31,1,1,1,2023-10-31
S4,BNB,True,complete monthly PIT top-100 asset-month,2023-11-30,2023-11-30,1,1,1,2023-11-30
S4,BNB,True,complete monthly PIT top-100 asset-month,2023-12-31,2023-12-31,1,1,1,2023-12-31
S4,BNB,True,complete monthly PIT top-100 asset-month,2024-01-31,2024-01-31,1,1,1,2024-01-31
S4,BNB,True,complete monthly PIT top-100 asset-month,2024-02-29,2024-02-29,1,1,1,2024-02-29
S4,BNB,True,complete monthly PIT top-100 asset-month,2024-03-31,2024-03-31,1,1,1,2024-03-31
S4,BNB,True,complete monthly PIT top-100 asset-month,2024-04-30,2024-04-30,1,1,1,2024-04-30
S4,BNB,True,complete monthly PIT top-100 asset-month,2024-05-31,2024-05-31,1,1,1,2024-05-31
S4,BNB,True,complete monthly PIT top-100 asset-month,2024-06-30,2024-06-30,1,1,1,2024-06-30
S4,BNB,True,complete monthly PIT top-100 asset-month,2024-07-31,2024-07-31,1,1,1,2024-07-31
S4,BNB,True,complete monthly PIT top-100 asset-month,2024-08-31,2024-08-31,1,1,1,2024-08-31
S4,BNB,True,complete monthly PIT top-100 asset-month,2024-09-30,2024-09-30,1,1,1,2024-09-30
S4,BNB,True,complete monthly PIT top-100 asset-month,2024-10-31,2024-10-31,1,1,1,2024-10-31
S4,BNB,True,complete monthly PIT top-100 asset-month,2024-11-30,2024-11-30,1,1,1,2024-11-30
S4,BNB,True,complete monthly PIT top-100 asset-month,2024-12-31,2024-12-31,1,1,1,2024-12-31
S4,BNB,True,complete monthly PIT top-100 asset-month,2025-01-31,2025-01-31,1,1,1,2025-01-31
S4,BNB,True,complete monthly PIT top-100 asset-month,2025-02-28,2025-02-28,1,1,1,2025-02-28
S4,BNB,True,complete monthly PIT top-100 asset-month,2025-03-31,2025-03-31,1,1,1,2025-03-31
S4,BNB,True,complete monthly PIT top-100 asset-month,2025-04-30,2025-04-30,1,1,1,2025-04-30
S4,BNB,True,complete monthly PIT top-100 asset-month,2025-05-31,2025-05-31,1,1,1,2025-05-31
S4,BNB,True,complete monthly PIT top-100 asset-month,2025-06-30,2025-06-30,1,1,1,2025-06-30
S4,BNB,True,complete monthly PIT top-100 asset-month,2025-07-31,2025-07-31,1,1,1,2025-07-31
S4,BNB,True,complete monthly PIT top-100 asset-month,2025-08-31,2025-08-31,1,1,1,2025-08-31
S4,BNB,True,complete monthly PIT top-100 asset-month,2025-09-30,2025-09-30,1,1,1,2025-09-30
S4,BNB,True,complete monthly PIT top-100 asset-month,2025-10-31,2025-10-31,1,1,1,2025-10-31
S4,BNB,True,complete monthly PIT top-100 asset-month,2025-11-30,2025-11-30,1,1,1,2025-11-30
S4,BNB,True,complete monthly PIT top-100 asset-month,2025-12-31,2025-12-31,1,1,1,2025-12-31
S4,BNB,True,complete monthly PIT top-100 asset-month,2026-01-31,2026-01-31,1,1,1,2026-01-31
S4,BNB,True,complete monthly PIT top-100 asset-month,2026-02-28,2026-02-28,1,1,1,2026-02-28
S4,BNB,True,complete monthly PIT top-100 asset-month,2026-03-31,2026-03-31,1,1,1,2026-03-31
S4,BNB,True,complete monthly PIT top-100 asset-month,2026-04-30,2026-04-30,1,1,1,2026-04-30
S4,BNB,True,complete monthly PIT top-100 asset-month,2026-05-31,2026-05-31,1,1,1,2026-05-31
S4,BNSOL,True,complete monthly PIT top-100 asset-month,2024-12-31,2024-12-31,1,1,1,2024-12-31
S4,BNSOL,True,complete monthly PIT top-100 asset-month,2025-01-31,2025-01-31,1,1,1,2025-01-31
S4,BNSOL,True,complete monthly PIT top-100 asset-month,2025-02-28,2025-02-28,1,1,1,2025-02-28
S4,BNSOL,True,complete monthly PIT top-100 asset-month,2025-03-31,2025-03-31,1,1,1,2025-03-31
S4,BNSOL,True,complete monthly PIT top-100 asset-month,2025-04-30,2025-04-30,1,1,1,2025-04-30
S4,BNSOL,True,complete monthly PIT top-100 asset-month,2025-05-31,2025-05-31,1,1,1,2025-05-31
S4,BNSOL,True,complete monthly PIT top-100 asset-month,2025-06-30,2025-06-30,1,1,1,2025-06-30
S4,BNSOL,True,complete monthly PIT top-100 asset-month,2025-07-31,2025-07-31,1,1,1,2025-07-31
S4,BNSOL,True,complete monthly PIT top-100 asset-month,2025-08-31,2025-08-31,1,1,1,2025-08-31
S4,BNSOL,True,complete monthly PIT top-100 asset-month,2025-09-30,2025-09-30,1,1,1,2025-09-30
S4,BNSOL,True,complete monthly PIT top-100 asset-month,2025-10-31,2025-10-31,1,1,1,2025-10-31
S4,BNSOL,True,complete monthly PIT top-100 asset-month,2025-11-30,2025-11-30,1,1,1,2025-11-30
S4,BNSOL,True,complete monthly PIT top-100 asset-month,2025-12-31,2025-12-31,1,1,1,2025-12-31
S4,BNSOL,True,complete monthly PIT top-100 asset-month,2026-01-31,2026-01-31,1,1,1,2026-01-31
S4,BNSOL,True,complete monthly PIT top-100 asset-month,2026-05-31,2026-05-31,1,1,1,2026-05-31
S4,BNT,True,complete monthly PIT top-100 asset-month,2020-06-30,2020-06-30,1,1,1,2020-06-30
S4,BNT,True,complete monthly PIT top-100 asset-month,2020-07-31,2020-07-31,1,1,1,2020-07-31
S4,BNT,True,complete monthly PIT top-100 asset-month,2020-08-31,2020-08-31,1,1,1,2020-08-31
S4,BNT,True,complete monthly PIT top-100 asset-month,2020-12-31,2020-12-31,1,1,1,2020-12-31
S4,BNT,True,complete monthly PIT top-100 asset-month,2021-02-28,2021-02-28,1,1,1,2021-02-28
S4,BNT,True,complete monthly PIT top-100 asset-month,2021-03-31,2021-03-31,1,1,1,2021-03-31
S4,BNT,True,complete monthly PIT top-100 asset-month,2021-04-30,2021-04-30,1,1,1,2021-04-30
S4,BNT,True,complete monthly PIT top-100 asset-month,2021-05-31,2021-05-31,1,1,1,2021-05-31
S4,BNT,True,complete monthly PIT top-100 asset-month,2021-06-30,2021-06-30,1,1,1,2021-06-30
S4,BNT,True,complete monthly PIT top-100 asset-month,2021-07-31,2021-07-31,1,1,1,2021-07-31
S4,BNT,True,complete monthly PIT top-100 asset-month,2021-08-31,2021-08-31,1,1,1,2021-08-31
S4,BNX,True,complete monthly PIT top-100 asset-month,2022-11-30,2022-11-30,1,1,1,2022-11-30
S4,BONK,True,complete monthly PIT top-100 asset-month,2023-12-31,2023-12-31,1,1,1,2023-12-31
S4,BONK,True,complete monthly PIT top-100 asset-month,2024-02-29,2024-02-29,1,1,1,2024-02-29
S4,BONK,True,complete monthly PIT top-100 asset-month,2024-03-31,2024-03-31,1,1,1,2024-03-31
S4,BONK,True,complete monthly PIT top-100 asset-month,2024-04-30,2024-04-30,1,1,1,2024-04-30
S4,BONK,True,complete monthly PIT top-100 asset-month,2024-05-31,2024-05-31,1,1,1,2024-05-31
S4,BONK,True,complete monthly PIT top-100 asset-month,2024-06-30,2024-06-30,1,1,1,2024-06-30
S4,BONK,True,complete monthly PIT top-100 asset-month,2024-07-31,2024-07-31,1,1,1,2024-07-31
S4,BONK,True,complete monthly PIT top-100 asset-month,2024-08-31,2024-08-31,1,1,1,2024-08-31
S4,BONK,True,complete monthly PIT top-100 asset-month,2024-09-30,2024-09-30,1,1,1,2024-09-30
S4,BONK,True,complete monthly PIT top-100 asset-month,2024-10-31,2024-10-31,1,1,1,2024-10-31
S4,BONK,True,complete monthly PIT top-100 asset-month,2024-11-30,2024-11-30,1,1,1,2024-11-30
S4,BONK,True,complete monthly PIT top-100 asset-month,2024-12-31,2024-12-31,1,1,1,2024-12-31
S4,BONK,True,complete monthly PIT top-100 asset-month,2025-01-31,2025-01-31,1,1,1,2025-01-31
S4,BONK,True,complete monthly PIT top-100 asset-month,2025-02-28,2025-02-28,1,1,1,2025-02-28
S4,BONK,True,complete monthly PIT top-100 asset-month,2025-03-31,2025-03-31,1,1,1,2025-03-31
S4,BONK,True,complete monthly PIT top-100 asset-month,2025-04-30,2025-04-30,1,1,1,2025-04-30
S4,BONK,True,complete monthly PIT top-100 asset-month,2025-06-30,2025-06-30,1,1,1,2025-06-30
S4,BONK,True,complete monthly PIT top-100 asset-month,2025-07-31,2025-07-31,1,1,1,2025-07-31
S4,BONK,True,complete monthly PIT top-100 asset-month,2025-08-31,2025-08-31,1,1,1,2025-08-31
S4,BONK,True,complete monthly PIT top-100 asset-month,2025-09-30,2025-09-30,1,1,1,2025-09-30
S4,BORG,True,complete monthly PIT top-100 asset-month,2020-06-30,2020-06-30,1,1,1,2020-06-30
S4,BORG,True,complete monthly PIT top-100 asset-month,2020-07-31,2020-07-31,1,1,1,2020-07-31
S4,BORG,True,complete monthly PIT top-100 asset-month,2020-12-31,2020-12-31,1,1,1,2020-12-31
S4,BORG,True,complete monthly PIT top-100 asset-month,2021-01-31,2021-01-31,1,1,1,2021-01-31
S4,BORG,True,complete monthly PIT top-100 asset-month,2021-02-28,2021-02-28,1,1,1,2021-02-28
S4,BORG,True,complete monthly PIT top-100 asset-month,2021-03-31,2021-03-31,1,1,1,2021-03-31
S4,BORG,True,complete monthly PIT top-100 asset-month,2021-04-30,2021-04-30,1,1,1,2021-04-30
S4,BORG,True,complete monthly PIT top-100 asset-month,2021-05-31,2021-05-31,1,1,1,2021-05-31
S4,BORG,True,complete monthly PIT top-100 asset-month,2021-07-31,2021-07-31,1,1,1,2021-07-31
S4,BRETT,True,complete monthly PIT top-100 asset-month,2024-06-30,2024-06-30,1,1,1,2024-06-30
S4,BRETT,True,complete monthly PIT top-100 asset-month,2024-07-31,2024-07-31,1,1,1,2024-07-31
S4,BRETT,True,complete monthly PIT top-100 asset-month,2024-08-31,2024-08-31,1,1,1,2024-08-31
S4,BRETT,True,complete monthly PIT top-100 asset-month,2024-09-30,2024-09-30,1,1,1,2024-09-30
S4,BRETT,True,complete monthly PIT top-100 asset-month,2024-10-31,2024-10-31,1,1,1,2024-10-31
S4,BRETT,True,complete monthly PIT top-100 asset-month,2024-11-30,2024-11-30,1,1,1,2024-11-30
S4,BSC-USD,True,complete monthly PIT top-100 asset-month,2025-03-31,2025-03-31,1,1,1,2025-03-31
S4,BSC-USD,True,complete monthly PIT top-100 asset-month,2025-04-30,2025-04-30,1,1,1,2025-04-30
S4,BSC-USD,True,complete monthly PIT top-100 asset-month,2025-05-31,2025-05-31,1,1,1,2025-05-31
S4,BSC-USD,True,complete monthly PIT top-100 asset-month,2025-06-30,2025-06-30,1,1,1,2025-06-30
S4,BSC-USD,True,complete monthly PIT top-100 asset-month,2025-07-31,2025-07-31,1,1,1,2025-07-31
S4,BSC-USD,True,complete monthly PIT top-100 asset-month,2025-08-31,2025-08-31,1,1,1,2025-08-31
S4,BSC-USD,True,complete monthly PIT top-100 asset-month,2025-09-30,2025-09-30,1,1,1,2025-09-30
S4,BSC-USD,True,complete monthly PIT top-100 asset-month,2025-10-31,2025-10-31,1,1,1,2025-10-31
S4,BSC-USD,True,complete monthly PIT top-100 asset-month,2025-11-30,2025-11-30,1,1,1,2025-11-30
S4,BSC-USD,True,complete monthly PIT top-100 asset-month,2025-12-31,2025-12-31,1,1,1,2025-12-31
S4,BSC-USD,True,complete monthly PIT top-100 asset-month,2026-01-31,2026-01-31,1,1,1,2026-01-31
S4,BSC-USD,True,complete monthly PIT top-100 asset-month,2026-02-28,2026-02-28,1,1,1,2026-02-28
S4,BSC-USD,True,complete monthly PIT top-100 asset-month,2026-03-31,2026-03-31,1,1,1,2026-03-31
S4,BSC-USD,True,complete monthly PIT top-100 asset-month,2026-04-30,2026-04-30,1,1,1,2026-04-30
S4,BSC-USD,True,complete monthly PIT top-100 asset-month,2026-05-31,2026-05-31,1,1,1,2026-05-31
S4,BSV,True,complete monthly PIT top-100 asset-month,2020-01-31,2020-01-31,1,1,1,2020-01-31
S4,BSV,True,complete monthly PIT top-100 asset-month,2020-02-29,2020-02-29,1,1,1,2020-02-29
S4,BSV,True,complete monthly PIT top-100 asset-month,2020-03-31,2020-03-31,1,1,1,2020-03-31
S4,BSV,True,complete monthly PIT top-100 asset-month,2020-04-30,2020-04-30,1,1,1,2020-04-30
S4,BSV,True,complete monthly PIT top-100 asset-month,2020-05-31,2020-05-31,1,1,1,2020-05-31
S4,BSV,True,complete monthly PIT top-100 asset-month,2020-06-30,2020-06-30,1,1,1,2020-06-30
S4,BSV,True,complete monthly PIT top-100 asset-month,2020-07-31,2020-07-31,1,1,1,2020-07-31
S4,BSV,True,complete monthly PIT top-100 asset-month,2020-08-31,2020-08-31,1,1,1,2020-08-31
S4,BSV,True,complete monthly PIT top-100 asset-month,2020-09-30,2020-09-30,1,1,1,2020-09-30
S4,BSV,True,complete monthly PIT top-100 asset-month,2020-10-31,2020-10-31,1,1,1,2020-10-31
S4,BSV,True,complete monthly PIT top-100 asset-month,2020-11-30,2020-11-30,1,1,1,2020-11-30
S4,BSV,True,complete monthly PIT top-100 asset-month,2020-12-31,2020-12-31,1,1,1,2020-12-31
S4,BSV,True,complete monthly PIT top-100 asset-month,2021-01-31,2021-01-31,1,1,1,2021-01-31
S4,BSV,True,complete monthly PIT top-100 asset-month,2021-02-28,2021-02-28,1,1,1,2021-02-28
S4,BSV,True,complete monthly PIT top-100 asset-month,2021-03-31,2021-03-31,1,1,1,2021-03-31
S4,BSV,True,complete monthly PIT top-100 asset-month,2021-04-30,2021-04-30,1,1,1,2021-04-30
S4,BSV,True,complete monthly PIT top-100 asset-month,2021-05-31,2021-05-31,1,1,1,2021-05-31
S4,BSV,True,complete monthly PIT top-100 asset-month,2021-06-30,2021-06-30,1,1,1,2021-06-30
S4,BSV,True,complete monthly PIT top-100 asset-month,2021-07-31,2021-07-31,1,1,1,2021-07-31
S4,BSV,True,complete monthly PIT top-100 asset-month,2021-08-31,2021-08-31,1,1,1,2021-08-31
S4,BSV,True,complete monthly PIT top-100 asset-month,2021-09-30,2021-09-30,1,1,1,2021-09-30
S4,BSV,True,complete monthly PIT top-100 asset-month,2021-10-31,2021-10-31,1,1,1,2021-10-31
S4,BSV,True,complete monthly PIT top-100 asset-month,2021-11-30,2021-11-30,1,1,1,2021-11-30
S4,BSV,True,complete monthly PIT top-100 asset-month,2021-12-31,2021-12-31,1,1,1,2021-12-31
S4,BSV,True,complete monthly PIT top-100 asset-month,2022-01-31,2022-01-31,1,1,1,2022-01-31
S4,BSV,True,complete monthly PIT top-100 asset-month,2022-02-28,2022-02-28,1,1,1,2022-02-28
S4,BSV,True,complete monthly PIT top-100 asset-month,2022-03-31,2022-03-31,1,1,1,2022-03-31
S4,BSV,True,complete monthly PIT top-100 asset-month,2022-04-30,2022-04-30,1,1,1,2022-04-30
S4,BSV,True,complete monthly PIT top-100 asset-month,2022-05-31,2022-05-31,1,1,1,2022-05-31
S4,BSV,True,complete monthly PIT top-100 asset-month,2022-06-30,2022-06-30,1,1,1,2022-06-30
S4,BSV,True,complete monthly PIT top-100 asset-month,2022-07-31,2022-07-31,1,1,1,2022-07-31
S4,BSV,True,complete monthly PIT top-100 asset-month,2022-08-31,2022-08-31,1,1,1,2022-08-31
S4,BSV,True,complete monthly PIT top-100 asset-month,2022-09-30,2022-09-30,1,1,1,2022-09-30
S4,BSV,True,complete monthly PIT top-100 asset-month,2022-10-31,2022-10-31,1,1,1,2022-10-31
S4,BSV,True,complete monthly PIT top-100 asset-month,2022-11-30,2022-11-30,1,1,1,2022-11-30
S4,BSV,True,complete monthly PIT top-100 asset-month,2022-12-31,2022-12-31,1,1,1,2022-12-31
S4,BSV,True,complete monthly PIT top-100 asset-month,2023-01-31,2023-01-31,1,1,1,2023-01-31
S4,BSV,True,complete monthly PIT top-100 asset-month,2023-02-28,2023-02-28,1,1,1,2023-02-28
S4,BSV,True,complete monthly PIT top-100 asset-month,2023-03-31,2023-03-31,1,1,1,2023-03-31
S4,BSV,True,complete monthly PIT top-100 asset-month,2023-04-30,2023-04-30,1,1,1,2023-04-30
S4,BSV,True,complete monthly PIT top-100 asset-month,2023-05-31,2023-05-31,1,1,1,2023-05-31
S4,BSV,True,complete monthly PIT top-100 asset-month,2023-06-30,2023-06-30,1,1,1,2023-06-30
S4,BSV,True,complete monthly PIT top-100 asset-month,2023-07-31,2023-07-31,1,1,1,2023-07-31
S4,BSV,True,complete monthly PIT top-100 asset-month,2023-08-31,2023-08-31,1,1,1,2023-08-31
S4,BSV,True,complete monthly PIT top-100 asset-month,2023-09-30,2023-09-30,1,1,1,2023-09-30
S4,BSV,True,complete monthly PIT top-100 asset-month,2023-10-31,2023-10-31,1,1,1,2023-10-31
S4,BSV,True,complete monthly PIT top-100 asset-month,2023-11-30,2023-11-30,1,1,1,2023-11-30
S4,BSV,True,complete monthly PIT top-100 asset-month,2023-12-31,2023-12-31,1,1,1,2023-12-31
S4,BSV,True,complete monthly PIT top-100 asset-month,2024-01-31,2024-01-31,1,1,1,2024-01-31
S4,BSV,True,complete monthly PIT top-100 asset-month,2024-02-29,2024-02-29,1,1,1,2024-02-29
S4,BSV,True,complete monthly PIT top-100 asset-month,2024-03-31,2024-03-31,1,1,1,2024-03-31
S4,BSV,True,complete monthly PIT top-100 asset-month,2024-04-30,2024-04-30,1,1,1,2024-04-30
S4,BSV,True,complete monthly PIT top-100 asset-month,2024-05-31,2024-05-31,1,1,1,2024-05-31
S4,BSV,True,complete monthly PIT top-100 asset-month,2024-06-30,2024-06-30,1,1,1,2024-06-30
S4,BSV,True,complete monthly PIT top-100 asset-month,2024-07-31,2024-07-31,1,1,1,2024-07-31
S4,BSV,True,complete monthly PIT top-100 asset-month,2024-08-31,2024-08-31,1,1,1,2024-08-31
S4,BSV,True,complete monthly PIT top-100 asset-month,2024-09-30,2024-09-30,1,1,1,2024-09-30
S4,BSV,True,complete monthly PIT top-100 asset-month,2024-10-31,2024-10-31,1,1,1,2024-10-31
S4,BSV,True,complete monthly PIT top-100 asset-month,2024-11-30,2024-11-30,1,1,1,2024-11-30
S4,BTC,True,complete monthly PIT top-100 asset-month,2020-01-31,2020-01-31,1,1,1,2020-01-31
S4,BTC,True,complete monthly PIT top-100 asset-month,2020-02-29,2020-02-29,1,1,1,2020-02-29
S4,BTC,True,complete monthly PIT top-100 asset-month,2020-03-31,2020-03-31,1,1,1,2020-03-31
S4,BTC,True,complete monthly PIT top-100 asset-month,2020-04-30,2020-04-30,1,1,1,2020-04-30
S4,BTC,True,complete monthly PIT top-100 asset-month,2020-05-31,2020-05-31,1,1,1,2020-05-31
S4,BTC,True,complete monthly PIT top-100 asset-month,2020-06-30,2020-06-30,1,1,1,2020-06-30
S4,BTC,True,complete monthly PIT top-100 asset-month,2020-07-31,2020-07-31,1,1,1,2020-07-31
S4,BTC,True,complete monthly PIT top-100 asset-month,2020-08-31,2020-08-31,1,1,1,2020-08-31
S4,BTC,True,complete monthly PIT top-100 asset-month,2020-09-30,2020-09-30,1,1,1,2020-09-30
S4,BTC,True,complete monthly PIT top-100 asset-month,2020-10-31,2020-10-31,1,1,1,2020-10-31
S4,BTC,True,complete monthly PIT top-100 asset-month,2020-11-30,2020-11-30,1,1,1,2020-11-30
S4,BTC,True,complete monthly PIT top-100 asset-month,2020-12-31,2020-12-31,1,1,1,2020-12-31
S4,BTC,True,complete monthly PIT top-100 asset-month,2021-01-31,2021-01-31,1,1,1,2021-01-31
S4,BTC,True,complete monthly PIT top-100 asset-month,2021-02-28,2021-02-28,1,1,1,2021-02-28
S4,BTC,True,complete monthly PIT top-100 asset-month,2021-03-31,2021-03-31,1,1,1,2021-03-31
S4,BTC,True,complete monthly PIT top-100 asset-month,2021-04-30,2021-04-30,1,1,1,2021-04-30
S4,BTC,True,complete monthly PIT top-100 asset-month,2021-05-31,2021-05-31,1,1,1,2021-05-31
S4,BTC,True,complete monthly PIT top-100 asset-month,2021-06-30,2021-06-30,1,1,1,2021-06-30
S4,BTC,True,complete monthly PIT top-100 asset-month,2021-07-31,2021-07-31,1,1,1,2021-07-31
S4,BTC,True,complete monthly PIT top-100 asset-month,2021-08-31,2021-08-31,1,1,1,2021-08-31
S4,BTC,True,complete monthly PIT top-100 asset-month,2021-09-30,2021-09-30,1,1,1,2021-09-30
S4,BTC,True,complete monthly PIT top-100 asset-month,2021-10-31,2021-10-31,1,1,1,2021-10-31
S4,BTC,True,complete monthly PIT top-100 asset-month,2021-11-30,2021-11-30,1,1,1,2021-11-30
S4,BTC,True,complete monthly PIT top-100 asset-month,2021-12-31,2021-12-31,1,1,1,2021-12-31
S4,BTC,True,complete monthly PIT top-100 asset-month,2022-01-31,2022-01-31,1,1,1,2022-01-31
S4,BTC,True,complete monthly PIT top-100 asset-month,2022-02-28,2022-02-28,1,1,1,2022-02-28
S4,BTC,True,complete monthly PIT top-100 asset-month,2022-03-31,2022-03-31,1,1,1,2022-03-31
S4,BTC,True,complete monthly PIT top-100 asset-month,2022-04-30,2022-04-30,1,1,1,2022-04-30
S4,BTC,True,complete monthly PIT top-100 asset-month,2022-05-31,2022-05-31,1,1,1,2022-05-31
S4,BTC,True,complete monthly PIT top-100 asset-month,2022-06-30,2022-06-30,1,1,1,2022-06-30
S4,BTC,True,complete monthly PIT top-100 asset-month,2022-07-31,2022-07-31,1,1,1,2022-07-31
S4,BTC,True,complete monthly PIT top-100 asset-month,2022-08-31,2022-08-31,1,1,1,2022-08-31
S4,BTC,True,complete monthly PIT top-100 asset-month,2022-09-30,2022-09-30,1,1,1,2022-09-30
S4,BTC,True,complete monthly PIT top-100 asset-month,2022-10-31,2022-10-31,1,1,1,2022-10-31
S4,BTC,True,complete monthly PIT top-100 asset-month,2022-11-30,2022-11-30,1,1,1,2022-11-30
S4,BTC,True,complete monthly PIT top-100 asset-month,2022-12-31,2022-12-31,1,1,1,2022-12-31
S4,BTC,True,complete monthly PIT top-100 asset-month,2023-01-31,2023-01-31,1,1,1,2023-01-31
S4,BTC,True,complete monthly PIT top-100 asset-month,2023-02-28,2023-02-28,1,1,1,2023-02-28
S4,BTC,True,complete monthly PIT top-100 asset-month,2023-03-31,2023-03-31,1,1,1,2023-03-31
S4,BTC,True,complete monthly PIT top-100 asset-month,2023-04-30,2023-04-30,1,1,1,2023-04-30
S4,BTC,True,complete monthly PIT top-100 asset-month,2023-05-31,2023-05-31,1,1,1,2023-05-31
S4,BTC,True,complete monthly PIT top-100 asset-month,2023-06-30,2023-06-30,1,1,1,2023-06-30
S4,BTC,True,complete monthly PIT top-100 asset-month,2023-07-31,2023-07-31,1,1,1,2023-07-31
S4,BTC,True,complete monthly PIT top-100 asset-month,2023-08-31,2023-08-31,1,1,1,2023-08-31
S4,BTC,True,complete monthly PIT top-100 asset-month,2023-09-30,2023-09-30,1,1,1,2023-09-30
S4,BTC,True,complete monthly PIT top-100 asset-month,2023-10-31,2023-10-31,1,1,1,2023-10-31
S4,BTC,True,complete monthly PIT top-100 asset-month,2023-11-30,2023-11-30,1,1,1,2023-11-30
S4,BTC,True,complete monthly PIT top-100 asset-month,2023-12-31,2023-12-31,1,1,1,2023-12-31
S4,BTC,True,complete monthly PIT top-100 asset-month,2024-01-31,2024-01-31,1,1,1,2024-01-31
S4,BTC,True,complete monthly PIT top-100 asset-month,2024-02-29,2024-02-29,1,1,1,2024-02-29
S4,BTC,True,complete monthly PIT top-100 asset-month,2024-03-31,2024-03-31,1,1,1,2024-03-31
S4,BTC,True,complete monthly PIT top-100 asset-month,2024-04-30,2024-04-30,1,1,1,2024-04-30
S4,BTC,True,complete monthly PIT top-100 asset-month,2024-05-31,2024-05-31,1,1,1,2024-05-31
S4,BTC,True,complete monthly PIT top-100 asset-month,2024-06-30,2024-06-30,1,1,1,2024-06-30
S4,BTC,True,complete monthly PIT top-100 asset-month,2024-07-31,2024-07-31,1,1,1,2024-07-31
S4,BTC,True,complete monthly PIT top-100 asset-month,2024-08-31,2024-08-31,1,1,1,2024-08-31
S4,BTC,True,complete monthly PIT top-100 asset-month,2024-09-30,2024-09-30,1,1,1,2024-09-30
S4,BTC,True,complete monthly PIT top-100 asset-month,2024-10-31,2024-10-31,1,1,1,2024-10-31
S4,BTC,True,complete monthly PIT top-100 asset-month,2024-11-30,2024-11-30,1,1,1,2024-11-30
S4,BTC,True,complete monthly PIT top-100 asset-month,2024-12-31,2024-12-31,1,1,1,2024-12-31
S4,BTC,True,complete monthly PIT top-100 asset-month,2025-01-31,2025-01-31,1,1,1,2025-01-31
S4,BTC,True,complete monthly PIT top-100 asset-month,2025-02-28,2025-02-28,1,1,1,2025-02-28
S4,BTC,True,complete monthly PIT top-100 asset-month,2025-03-31,2025-03-31,1,1,1,2025-03-31
S4,BTC,True,complete monthly PIT top-100 asset-month,2025-04-30,2025-04-30,1,1,1,2025-04-30
S4,BTC,True,complete monthly PIT top-100 asset-month,2025-05-31,2025-05-31,1,1,1,2025-05-31
S4,BTC,True,complete monthly PIT top-100 asset-month,2025-06-30,2025-06-30,1,1,1,2025-06-30
S4,BTC,True,complete monthly PIT top-100 asset-month,2025-07-31,2025-07-31,1,1,1,2025-07-31
S4,BTC,True,complete monthly PIT top-100 asset-month,2025-08-31,2025-08-31,1,1,1,2025-08-31
S4,BTC,True,complete monthly PIT top-100 asset-month,2025-09-30,2025-09-30,1,1,1,2025-09-30
S4,BTC,True,complete monthly PIT top-100 asset-month,2025-10-31,2025-10-31,1,1,1,2025-10-31
S4,BTC,True,complete monthly PIT top-100 asset-month,2025-11-30,2025-11-30,1,1,1,2025-11-30
S4,BTC,True,complete monthly PIT top-100 asset-month,2025-12-31,2025-12-31,1,1,1,2025-12-31
S4,BTC,True,complete monthly PIT top-100 asset-month,2026-01-31,2026-01-31,1,1,1,2026-01-31
S4,BTC,True,complete monthly PIT top-100 asset-month,2026-02-28,2026-02-28,1,1,1,2026-02-28
S4,BTC,True,complete monthly PIT top-100 asset-month,2026-03-31,2026-03-31,1,1,1,2026-03-31
S4,BTC,True,complete monthly PIT top-100 asset-month,2026-04-30,2026-04-30,1,1,1,2026-04-30
S4,BTC,True,complete monthly PIT top-100 asset-month,2026-05-31,2026-05-31,1,1,1,2026-05-31
S4,BTCT,True,complete monthly PIT top-100 asset-month,2026-04-30,2026-04-30,1,1,1,2026-04-30
S4,BTCT,True,complete monthly PIT top-100 asset-month,2026-05-31,2026-05-31,1,1,1,2026-05-31
S4,BTG,True,complete monthly PIT top-100 asset-month,2020-01-31,2020-01-31,1,1,1,2020-01-31
S4,BTG,True,complete monthly PIT top-100 asset-month,2020-02-29,2020-02-29,1,1,1,2020-02-29
S4,BTG,True,complete monthly PIT top-100 asset-month,2020-03-31,2020-03-31,1,1,1,2020-03-31
S4,BTG,True,complete monthly PIT top-100 asset-month,2020-04-30,2020-04-30,1,1,1,2020-04-30
S4,BTG,True,complete monthly PIT top-100 asset-month,2020-05-31,2020-05-31,1,1,1,2020-05-31
S4,BTG,True,complete monthly PIT top-100 asset-month,2020-06-30,2020-06-30,1,1,1,2020-06-30
S4,BTG,True,complete monthly PIT top-100 asset-month,2020-07-31,2020-07-31,1,1,1,2020-07-31
S4,BTG,True,complete monthly PIT top-100 asset-month,2020-08-31,2020-08-31,1,1,1,2020-08-31
S4,BTG,True,complete monthly PIT top-100 asset-month,2020-09-30,2020-09-30,1,1,1,2020-09-30
S4,BTG,True,complete monthly PIT top-100 asset-month,2020-10-31,2020-10-31,1,1,1,2020-10-31
S4,BTG,True,complete monthly PIT top-100 asset-month,2020-11-30,2020-11-30,1,1,1,2020-11-30
S4,BTG,True,complete monthly PIT top-100 asset-month,2020-12-31,2020-12-31,1,1,1,2020-12-31
S4,BTG,True,complete monthly PIT top-100 asset-month,2021-02-28,2021-02-28,1,1,1,2021-02-28
S4,BTG,True,complete monthly PIT top-100 asset-month,2021-04-30,2021-04-30,1,1,1,2021-04-30
S4,BTG,True,complete monthly PIT top-100 asset-month,2021-05-31,2021-05-31,1,1,1,2021-05-31
S4,BTG,True,complete monthly PIT top-100 asset-month,2021-06-30,2021-06-30,1,1,1,2021-06-30
S4,BTG,True,complete monthly PIT top-100 asset-month,2021-07-31,2021-07-31,1,1,1,2021-07-31
S4,BTG,True,complete monthly PIT top-100 asset-month,2021-08-31,2021-08-31,1,1,1,2021-08-31
S4,BTG,True,complete monthly PIT top-100 asset-month,2021-09-30,2021-09-30,1,1,1,2021-09-30
S4,BTG,True,complete monthly PIT top-100 asset-month,2022-07-31,2022-07-31,1,1,1,2022-07-31
S4,BTS,True,complete monthly PIT top-100 asset-month,2020-01-31,2020-01-31,1,1,1,2020-01-31
S4,BTS,True,complete monthly PIT top-100 asset-month,2020-02-29,2020-02-29,1,1,1,2020-02-29
S4,BTS,True,complete monthly PIT top-100 asset-month,2020-03-31,2020-03-31,1,1,1,2020-03-31
S4,BTS,True,complete monthly PIT top-100 asset-month,2020-04-30,2020-04-30,1,1,1,2020-04-30
S4,BTS,True,complete monthly PIT top-100 asset-month,2020-05-31,2020-05-31,1,1,1,2020-05-31
S4,BTS,True,complete monthly PIT top-100 asset-month,2020-06-30,2020-06-30,1,1,1,2020-06-30
S4,BTSE,True,complete monthly PIT top-100 asset-month,2022-10-31,2022-10-31,1,1,1,2022-10-31
S4,BTSE,True,complete monthly PIT top-100 asset-month,2022-11-30,2022-11-30,1,1,1,2022-11-30
S4,BTSE,True,complete monthly PIT top-100 asset-month,2022-12-31,2022-12-31,1,1,1,2022-12-31
S4,BTSE,True,complete monthly PIT top-100 asset-month,2023-01-31,2023-01-31,1,1,1,2023-01-31
S4,BTT,True,complete monthly PIT top-100 asset-month,2022-02-28,2022-02-28,1,1,1,2022-02-28
S4,BTT,True,complete monthly PIT top-100 asset-month,2022-03-31,2022-03-31,1,1,1,2022-03-31
S4,BTT,True,complete monthly PIT top-100 asset-month,2022-04-30,2022-04-30,1,1,1,2022-04-30
S4,BTT,True,complete monthly PIT top-100 asset-month,2022-05-31,2022-05-31,1,1,1,2022-05-31
S4,BTT,True,complete monthly PIT top-100 asset-month,2022-06-30,2022-06-30,1,1,1,2022-06-30
S4,BTT,True,complete monthly PIT top-100 asset-month,2022-07-31,2022-07-31,1,1,1,2022-07-31
S4,BTT,True,complete monthly PIT top-100 asset-month,2022-08-31,2022-08-31,1,1,1,2022-08-31
S4,BTT,True,complete monthly PIT top-100 asset-month,2022-09-30,2022-09-30,1,1,1,2022-09-30
S4,BTT,True,complete monthly PIT top-100 asset-month,2022-10-31,2022-10-31,1,1,1,2022-10-31
S4,BTT,True,complete monthly PIT top-100 asset-month,2022-11-30,2022-11-30,1,1,1,2022-11-30
S4,BTT,True,complete monthly PIT top-100 asset-month,2022-12-31,2022-12-31,1,1,1,2022-12-31
S4,BTT,True,complete monthly PIT top-100 asset-month,2023-01-31,2023-01-31,1,1,1,2023-01-31
S4,BTT,True,complete monthly PIT top-100 asset-month,2023-02-28,2023-02-28,1,1,1,2023-02-28
S4,BTT,True,complete monthly PIT top-100 asset-month,2023-03-31,2023-03-31,1,1,1,2023-03-31
S4,BTT,True,complete monthly PIT top-100 asset-month,2023-04-30,2023-04-30,1,1,1,2023-04-30
S4,BTT,True,complete monthly PIT top-100 asset-month,2023-05-31,2023-05-31,1,1,1,2023-05-31
S4,BTT,True,complete monthly PIT top-100 asset-month,2023-06-30,2023-06-30,1,1,1,2023-06-30
S4,BTT,True,complete monthly PIT top-100 asset-month,2023-07-31,2023-07-31,1,1,1,2023-07-31
S4,BTT,True,complete monthly PIT top-100 asset-month,2023-08-31,2023-08-31,1,1,1,2023-08-31
S4,BTT,True,complete monthly PIT top-100 asset-month,2023-09-30,2023-09-30,1,1,1,2023-09-30
S4,BTT,True,complete monthly PIT top-100 asset-month,2023-10-31,2023-10-31,1,1,1,2023-10-31
S4,BTT,True,complete monthly PIT top-100 asset-month,2023-12-31,2023-12-31,1,1,1,2023-12-31
S4,BTT,True,complete monthly PIT top-100 asset-month,2024-01-31,2024-01-31,1,1,1,2024-01-31
S4,BTT,True,complete monthly PIT top-100 asset-month,2024-02-29,2024-02-29,1,1,1,2024-02-29
S4,BTT,True,complete monthly PIT top-100 asset-month,2024-03-31,2024-03-31,1,1,1,2024-03-31
S4,BTT,True,complete monthly PIT top-100 asset-month,2024-04-30,2024-04-30,1,1,1,2024-04-30
S4,BTT,True,complete monthly PIT top-100 asset-month,2024-05-31,2024-05-31,1,1,1,2024-05-31
S4,BTT,True,complete monthly PIT top-100 asset-month,2024-06-30,2024-06-30,1,1,1,2024-06-30
S4,BTT,True,complete monthly PIT top-100 asset-month,2024-07-31,2024-07-31,1,1,1,2024-07-31
S4,BTT,True,complete monthly PIT top-100 asset-month,2024-08-31,2024-08-31,1,1,1,2024-08-31
S4,BTT,True,complete monthly PIT top-100 asset-month,2024-09-30,2024-09-30,1,1,1,2024-09-30
S4,BTT,True,complete monthly PIT top-100 asset-month,2024-10-31,2024-10-31,1,1,1,2024-10-31
S4,BTT,True,complete monthly PIT top-100 asset-month,2024-11-30,2024-11-30,1,1,1,2024-11-30
S4,BTTOLD,True,complete monthly PIT top-100 asset-month,2022-01-31,2022-01-31,1,1,1,2022-01-31
S4,BUIDL,True,complete monthly PIT top-100 asset-month,2025-03-31,2025-03-31,1,1,1,2025-03-31
S4,BUIDL,True,complete monthly PIT top-100 asset-month,2025-04-30,2025-04-30,1,1,1,2025-04-30
S4,BUIDL,True,complete monthly PIT top-100 asset-month,2025-05-31,2025-05-31,1,1,1,2025-05-31
S4,BUIDL,True,complete monthly PIT top-100 asset-month,2025-06-30,2025-06-30,1,1,1,2025-06-30
S4,BUIDL,True,complete monthly PIT top-100 asset-month,2025-07-31,2025-07-31,1,1,1,2025-07-31
S4,BUIDL,True,complete monthly PIT top-100 asset-month,2025-08-31,2025-08-31,1,1,1,2025-08-31
S4,BUIDL,True,complete monthly PIT top-100 asset-month,2025-09-30,2025-09-30,1,1,1,2025-09-30
S4,BUIDL,True,complete monthly PIT top-100 asset-month,2025-10-31,2025-10-31,1,1,1,2025-10-31
S4,BUIDL,True,complete monthly PIT top-100 asset-month,2025-11-30,2025-11-30,1,1,1,2025-11-30
S4,BUIDL,True,complete monthly PIT top-100 asset-month,2025-12-31,2025-12-31,1,1,1,2025-12-31
S4,BUIDL,True,complete monthly PIT top-100 asset-month,2026-01-31,2026-01-31,1,1,1,2026-01-31
S4,BUIDL,True,complete monthly PIT top-100 asset-month,2026-02-28,2026-02-28,1,1,1,2026-02-28
S4,BUIDL,True,complete monthly PIT top-100 asset-month,2026-03-31,2026-03-31,1,1,1,2026-03-31
S4,BUIDL,True,complete monthly PIT top-100 asset-month,2026-04-30,2026-04-30,1,1,1,2026-04-30
S4,BUIDL,True,complete monthly PIT top-100 asset-month,2026-05-31,2026-05-31,1,1,1,2026-05-31
S4,BUSD,True,complete monthly PIT top-100 asset-month,2020-04-30,2020-04-30,1,1,1,2020-04-30
S4,BUSD,True,complete monthly PIT top-100 asset-month,2020-05-31,2020-05-31,1,1,1,2020-05-31
S4,BUSD,True,complete monthly PIT top-100 asset-month,2020-06-30,2020-06-30,1,1,1,2020-06-30
S4,BUSD,True,complete monthly PIT top-100 asset-month,2020-07-31,2020-07-31,1,1,1,2020-07-31
S4,BUSD,True,complete monthly PIT top-100 asset-month,2020-08-31,2020-08-31,1,1,1,2020-08-31
S4,BUSD,True,complete monthly PIT top-100 asset-month,2020-09-30,2020-09-30,1,1,1,2020-09-30
S4,BUSD,True,complete monthly PIT top-100 asset-month,2020-10-31,2020-10-31,1,1,1,2020-10-31
S4,BUSD,True,complete monthly PIT top-100 asset-month,2020-11-30,2020-11-30,1,1,1,2020-11-30
S4,BUSD,True,complete monthly PIT top-100 asset-month,2020-12-31,2020-12-31,1,1,1,2020-12-31
S4,BUSD,True,complete monthly PIT top-100 asset-month,2021-01-31,2021-01-31,1,1,1,2021-01-31
S4,BUSD,True,complete monthly PIT top-100 asset-month,2021-02-28,2021-02-28,1,1,1,2021-02-28
S4,BUSD,True,complete monthly PIT top-100 asset-month,2021-03-31,2021-03-31,1,1,1,2021-03-31
S4,BUSD,True,complete monthly PIT top-100 asset-month,2021-04-30,2021-04-30,1,1,1,2021-04-30
S4,BUSD,True,complete monthly PIT top-100 asset-month,2021-05-31,2021-05-31,1,1,1,2021-05-31
S4,BUSD,True,complete monthly PIT top-100 asset-month,2021-06-30,2021-06-30,1,1,1,2021-06-30
S4,BUSD,True,complete monthly PIT top-100 asset-month,2021-07-31,2021-07-31,1,1,1,2021-07-31
S4,BUSD,True,complete monthly PIT top-100 asset-month,2021-08-31,2021-08-31,1,1,1,2021-08-31
S4,BUSD,True,complete monthly PIT top-100 asset-month,2021-09-30,2021-09-30,1,1,1,2021-09-30
S4,BUSD,True,complete monthly PIT top-100 asset-month,2021-10-31,2021-10-31,1,1,1,2021-10-31
S4,BUSD,True,complete monthly PIT top-100 asset-month,2021-11-30,2021-11-30,1,1,1,2021-11-30
S4,BUSD,True,complete monthly PIT top-100 asset-month,2021-12-31,2021-12-31,1,1,1,2021-12-31
S4,BUSD,True,complete monthly PIT top-100 asset-month,2022-01-31,2022-01-31,1,1,1,2022-01-31
S4,BUSD,True,complete monthly PIT top-100 asset-month,2022-02-28,2022-02-28,1,1,1,2022-02-28
S4,BUSD,True,complete monthly PIT top-100 asset-month,2022-03-31,2022-03-31,1,1,1,2022-03-31
S4,BUSD,True,complete monthly PIT top-100 asset-month,2022-04-30,2022-04-30,1,1,1,2022-04-30
S4,BUSD,True,complete monthly PIT top-100 asset-month,2022-05-31,2022-05-31,1,1,1,2022-05-31
S4,BUSD,True,complete monthly PIT top-100 asset-month,2022-06-30,2022-06-30,1,1,1,2022-06-30
S4,BUSD,True,complete monthly PIT top-100 asset-month,2022-07-31,2022-07-31,1,1,1,2022-07-31
S4,BUSD,True,complete monthly PIT top-100 asset-month,2022-08-31,2022-08-31,1,1,1,2022-08-31
S4,BUSD,True,complete monthly PIT top-100 asset-month,2022-09-30,2022-09-30,1,1,1,2022-09-30
S4,BUSD,True,complete monthly PIT top-100 asset-month,2022-10-31,2022-10-31,1,1,1,2022-10-31
S4,BUSD,True,complete monthly PIT top-100 asset-month,2022-11-30,2022-11-30,1,1,1,2022-11-30
S4,BUSD,True,complete monthly PIT top-100 asset-month,2022-12-31,2022-12-31,1,1,1,2022-12-31
S4,BUSD,True,complete monthly PIT top-100 asset-month,2023-01-31,2023-01-31,1,1,1,2023-01-31
S4,BUSD,True,complete monthly PIT top-100 asset-month,2023-02-28,2023-02-28,1,1,1,2023-02-28
S4,BUSD,True,complete monthly PIT top-100 asset-month,2023-03-31,2023-03-31,1,1,1,2023-03-31
S4,BUSD,True,complete monthly PIT top-100 asset-month,2023-04-30,2023-04-30,1,1,1,2023-04-30
S4,BUSD,True,complete monthly PIT top-100 asset-month,2023-05-31,2023-05-31,1,1,1,2023-05-31
S4,BUSD,True,complete monthly PIT top-100 asset-month,2023-06-30,2023-06-30,1,1,1,2023-06-30
S4,BUSD,True,complete monthly PIT top-100 asset-month,2023-07-31,2023-07-31,1,1,1,2023-07-31
S4,BUSD,True,complete monthly PIT top-100 asset-month,2023-08-31,2023-08-31,1,1,1,2023-08-31
S4,BUSD,True,complete monthly PIT top-100 asset-month,2023-09-30,2023-09-30,1,1,1,2023-09-30
S4,BUSD,True,complete monthly PIT top-100 asset-month,2023-10-31,2023-10-31,1,1,1,2023-10-31
S4,BUSD,True,complete monthly PIT top-100 asset-month,2023-11-30,2023-11-30,1,1,1,2023-11-30
S4,BUSD,True,complete monthly PIT top-100 asset-month,2023-12-31,2023-12-31,1,1,1,2023-12-31
S4,BZRX,True,complete monthly PIT top-100 asset-month,2020-08-31,2020-08-31,1,1,1,2020-08-31
S4,CAKE,True,complete monthly PIT top-100 asset-month,2021-02-28,2021-02-28,1,1,1,2021-02-28
S4,CAKE,True,complete monthly PIT top-100 asset-month,2021-03-31,2021-03-31,1,1,1,2021-03-31
S4,CAKE,True,complete monthly PIT top-100 asset-month,2021-04-30,2021-04-30,1,1,1,2021-04-30
S4,CAKE,True,complete monthly PIT top-100 asset-month,2021-05-31,2021-05-31,1,1,1,2021-05-31
S4,CAKE,True,complete monthly PIT top-100 asset-month,2021-06-30,2021-06-30,1,1,1,2021-06-30
S4,CAKE,True,complete monthly PIT top-100 asset-month,2021-07-31,2021-07-31,1,1,1,2021-07-31
S4,CAKE,True,complete monthly PIT top-100 asset-month,2021-08-31,2021-08-31,1,1,1,2021-08-31
S4,CAKE,True,complete monthly PIT top-100 asset-month,2021-09-30,2021-09-30,1,1,1,2021-09-30
S4,CAKE,True,complete monthly PIT top-100 asset-month,2021-10-31,2021-10-31,1,1,1,2021-10-31
S4,CAKE,True,complete monthly PIT top-100 asset-month,2021-11-30,2021-11-30,1,1,1,2021-11-30
S4,CAKE,True,complete monthly PIT top-100 asset-month,2021-12-31,2021-12-31,1,1,1,2021-12-31
S4,CAKE,True,complete monthly PIT top-100 asset-month,2022-01-31,2022-01-31,1,1,1,2022-01-31
S4,CAKE,True,complete monthly PIT top-100 asset-month,2022-02-28,2022-02-28,1,1,1,2022-02-28
S4,CAKE,True,complete monthly PIT top-100 asset-month,2022-03-31,2022-03-31,1,1,1,2022-03-31
S4,CAKE,True,complete monthly PIT top-100 asset-month,2022-04-30,2022-04-30,1,1,1,2022-04-30
S4,CAKE,True,complete monthly PIT top-100 asset-month,2022-05-31,2022-05-31,1,1,1,2022-05-31
S4,CAKE,True,complete monthly PIT top-100 asset-month,2022-06-30,2022-06-30,1,1,1,2022-06-30
S4,CAKE,True,complete monthly PIT top-100 asset-month,2022-07-31,2022-07-31,1,1,1,2022-07-31
S4,CAKE,True,complete monthly PIT top-100 asset-month,2022-08-31,2022-08-31,1,1,1,2022-08-31
S4,CAKE,True,complete monthly PIT top-100 asset-month,2022-09-30,2022-09-30,1,1,1,2022-09-30
S4,CAKE,True,complete monthly PIT top-100 asset-month,2022-10-31,2022-10-31,1,1,1,2022-10-31
S4,CAKE,True,complete monthly PIT top-100 asset-month,2022-11-30,2022-11-30,1,1,1,2022-11-30
S4,CAKE,True,complete monthly PIT top-100 asset-month,2022-12-31,2022-12-31,1,1,1,2022-12-31
S4,CAKE,True,complete monthly PIT top-100 asset-month,2023-01-31,2023-01-31,1,1,1,2023-01-31
S4,CAKE,True,complete monthly PIT top-100 asset-month,2023-02-28,2023-02-28,1,1,1,2023-02-28
S4,CAKE,True,complete monthly PIT top-100 asset-month,2023-03-31,2023-03-31,1,1,1,2023-03-31
S4,CAKE,True,complete monthly PIT top-100 asset-month,2023-04-30,2023-04-30,1,1,1,2023-04-30
S4,CAKE,True,complete monthly PIT top-100 asset-month,2023-11-30,2023-11-30,1,1,1,2023-11-30
S4,CAKE,True,complete monthly PIT top-100 asset-month,2023-12-31,2023-12-31,1,1,1,2023-12-31
S4,CBAT,True,complete monthly PIT top-100 asset-month,2020-06-30,2020-06-30,1,1,1,2020-06-30
S4,CBBTC,True,complete monthly PIT top-100 asset-month,2024-10-31,2024-10-31,1,1,1,2024-10-31
S4,CBBTC,True,complete monthly PIT top-100 asset-month,2024-11-30,2024-11-30,1,1,1,2024-11-30
S4,CBBTC,True,complete monthly PIT top-100 asset-month,2024-12-31,2024-12-31,1,1,1,2024-12-31
S4,CBBTC,True,complete monthly PIT top-100 asset-month,2025-01-31,2025-01-31,1,1,1,2025-01-31
S4,CBBTC,True,complete monthly PIT top-100 asset-month,2025-02-28,2025-02-28,1,1,1,2025-02-28
S4,CBBTC,True,complete monthly PIT top-100 asset-month,2025-03-31,2025-03-31,1,1,1,2025-03-31
S4,CBBTC,True,complete monthly PIT top-100 asset-month,2025-04-30,2025-04-30,1,1,1,2025-04-30
S4,CBBTC,True,complete monthly PIT top-100 asset-month,2025-05-31,2025-05-31,1,1,1,2025-05-31
S4,CBBTC,True,complete monthly PIT top-100 asset-month,2025-06-30,2025-06-30,1,1,1,2025-06-30
S4,CBBTC,True,complete monthly PIT top-100 asset-month,2025-07-31,2025-07-31,1,1,1,2025-07-31
S4,CBBTC,True,complete monthly PIT top-100 asset-month,2025-08-31,2025-08-31,1,1,1,2025-08-31
S4,CBBTC,True,complete monthly PIT top-100 asset-month,2025-09-30,2025-09-30,1,1,1,2025-09-30
S4,CBBTC,True,complete monthly PIT top-100 asset-month,2025-10-31,2025-10-31,1,1,1,2025-10-31
S4,CBBTC,True,complete monthly PIT top-100 asset-month,2025-11-30,2025-11-30,1,1,1,2025-11-30
S4,CBBTC,True,complete monthly PIT top-100 asset-month,2025-12-31,2025-12-31,1,1,1,2025-12-31
S4,CBBTC,True,complete monthly PIT top-100 asset-month,2026-01-31,2026-01-31,1,1,1,2026-01-31
S4,CBBTC,True,complete monthly PIT top-100 asset-month,2026-02-28,2026-02-28,1,1,1,2026-02-28
S4,CBBTC,True,complete monthly PIT top-100 asset-month,2026-03-31,2026-03-31,1,1,1,2026-03-31
S4,CBBTC,True,complete monthly PIT top-100 asset-month,2026-04-30,2026-04-30,1,1,1,2026-04-30
S4,CBBTC,True,complete monthly PIT top-100 asset-month,2026-05-31,2026-05-31,1,1,1,2026-05-31
S4,CBETH,True,complete monthly PIT top-100 asset-month,2023-09-30,2023-09-30,1,1,1,2023-09-30
S4,CC,True,complete monthly PIT top-100 asset-month,2025-11-30,2025-11-30,1,1,1,2025-11-30
S4,CC,True,complete monthly PIT top-100 asset-month,2025-12-31,2025-12-31,1,1,1,2025-12-31
S4,CC,True,complete monthly PIT top-100 asset-month,2026-01-31,2026-01-31,1,1,1,2026-01-31
S4,CC,True,complete monthly PIT top-100 asset-month,2026-02-28,2026-02-28,1,1,1,2026-02-28
S4,CC,True,complete monthly PIT top-100 asset-month,2026-03-31,2026-03-31,1,1,1,2026-03-31
S4,CC,True,complete monthly PIT top-100 asset-month,2026-04-30,2026-04-30,1,1,1,2026-04-30
S4,CC,True,complete monthly PIT top-100 asset-month,2026-05-31,2026-05-31,1,1,1,2026-05-31
S4,CDAI,True,complete monthly PIT top-100 asset-month,2020-03-31,2020-03-31,1,1,1,2020-03-31
S4,CDAI,True,complete monthly PIT top-100 asset-month,2020-07-31,2020-07-31,1,1,1,2020-07-31
S4,CDAI,True,complete monthly PIT top-100 asset-month,2020-08-31,2020-08-31,1,1,1,2020-08-31
S4,CDAI,True,complete monthly PIT top-100 asset-month,2020-09-30,2020-09-30,1,1,1,2020-09-30
S4,CDAI,True,complete monthly PIT top-100 asset-month,2020-10-31,2020-10-31,1,1,1,2020-10-31
S4,CDAI,True,complete monthly PIT top-100 asset-month,2020-11-30,2020-11-30,1,1,1,2020-11-30
S4,CDAI,True,complete monthly PIT top-100 asset-month,2020-12-31,2020-12-31,1,1,1,2020-12-31
S4,CDAI,True,complete monthly PIT top-100 asset-month,2021-01-31,2021-01-31,1,1,1,2021-01-31
S4,CDAI,True,complete monthly PIT top-100 asset-month,2021-02-28,2021-02-28,1,1,1,2021-02-28
S4,CDAI,True,complete monthly PIT top-100 asset-month,2021-03-31,2021-03-31,1,1,1,2021-03-31
S4,CDAI,True,complete monthly PIT top-100 asset-month,2021-04-30,2021-04-30,1,1,1,2021-04-30
S4,CDAI,True,complete monthly PIT top-100 asset-month,2021-05-31,2021-05-31,1,1,1,2021-05-31
S4,CDAI,True,complete monthly PIT top-100 asset-month,2021-06-30,2021-06-30,1,1,1,2021-06-30
S4,CDAI,True,complete monthly PIT top-100 asset-month,2021-07-31,2021-07-31,1,1,1,2021-07-31
S4,CDAI,True,complete monthly PIT top-100 asset-month,2021-08-31,2021-08-31,1,1,1,2021-08-31
S4,CDAI,True,complete monthly PIT top-100 asset-month,2021-09-30,2021-09-30,1,1,1,2021-09-30
S4,CDAI,True,complete monthly PIT top-100 asset-month,2021-10-31,2021-10-31,1,1,1,2021-10-31
S4,CDAI,True,complete monthly PIT top-100 asset-month,2021-11-30,2021-11-30,1,1,1,2021-11-30
S4,CDAI,True,complete monthly PIT top-100 asset-month,2021-12-31,2021-12-31,1,1,1,2021-12-31
S4,CDAI,True,complete monthly PIT top-100 asset-month,2022-01-31,2022-01-31,1,1,1,2022-01-31
S4,CDAI,True,complete monthly PIT top-100 asset-month,2022-02-28,2022-02-28,1,1,1,2022-02-28
S4,CDAI,True,complete monthly PIT top-100 asset-month,2022-03-31,2022-03-31,1,1,1,2022-03-31
S4,CDAI,True,complete monthly PIT top-100 asset-month,2022-04-30,2022-04-30,1,1,1,2022-04-30
S4,CDAI,True,complete monthly PIT top-100 asset-month,2022-05-31,2022-05-31,1,1,1,2022-05-31
S4,CDAI,True,complete monthly PIT top-100 asset-month,2022-06-30,2022-06-30,1,1,1,2022-06-30
S4,CDAI,True,complete monthly PIT top-100 asset-month,2022-07-31,2022-07-31,1,1,1,2022-07-31
S4,CDAI,True,complete monthly PIT top-100 asset-month,2022-08-31,2022-08-31,1,1,1,2022-08-31
S4,CDAI,True,complete monthly PIT top-100 asset-month,2022-09-30,2022-09-30,1,1,1,2022-09-30
S4,CDAI,True,complete monthly PIT top-100 asset-month,2022-10-31,2022-10-31,1,1,1,2022-10-31
S4,CDAI,True,complete monthly PIT top-100 asset-month,2022-11-30,2022-11-30,1,1,1,2022-11-30
S4,CDAI,True,complete monthly PIT top-100 asset-month,2022-12-31,2022-12-31,1,1,1,2022-12-31
S4,CDAI,True,complete monthly PIT top-100 asset-month,2023-01-31,2023-01-31,1,1,1,2023-01-31
S4,CDAI,True,complete monthly PIT top-100 asset-month,2023-02-28,2023-02-28,1,1,1,2023-02-28
S4,CEL,True,complete monthly PIT top-100 asset-month,2020-01-31,2020-01-31,1,1,1,2020-01-31
S4,CEL,True,complete monthly PIT top-100 asset-month,2020-02-29,2020-02-29,1,1,1,2020-02-29
S4,CEL,True,complete monthly PIT top-100 asset-month,2020-03-31,2020-03-31,1,1,1,2020-03-31
S4,CEL,True,complete monthly PIT top-100 asset-month,2020-04-30,2020-04-30,1,1,1,2020-04-30
S4,CEL,True,complete monthly PIT top-100 asset-month,2020-05-31,2020-05-31,1,1,1,2020-05-31
S4,CEL,True,complete monthly PIT top-100 asset-month,2020-06-30,2020-06-30,1,1,1,2020-06-30
S4,CEL,True,complete monthly PIT top-100 asset-month,2020-07-31,2020-07-31,1,1,1,2020-07-31
S4,CEL,True,complete monthly PIT top-100 asset-month,2020-08-31,2020-08-31,1,1,1,2020-08-31
S4,CEL,True,complete monthly PIT top-100 asset-month,2020-09-30,2020-09-30,1,1,1,2020-09-30
S4,CEL,True,complete monthly PIT top-100 asset-month,2020-10-31,2020-10-31,1,1,1,2020-10-31
S4,CEL,True,complete monthly PIT top-100 asset-month,2020-11-30,2020-11-30,1,1,1,2020-11-30
S4,CEL,True,complete monthly PIT top-100 asset-month,2020-12-31,2020-12-31,1,1,1,2020-12-31
S4,CEL,True,complete monthly PIT top-100 asset-month,2021-01-31,2021-01-31,1,1,1,2021-01-31
S4,CEL,True,complete monthly PIT top-100 asset-month,2021-02-28,2021-02-28,1,1,1,2021-02-28
S4,CEL,True,complete monthly PIT top-100 asset-month,2021-03-31,2021-03-31,1,1,1,2021-03-31
S4,CEL,True,complete monthly PIT top-100 asset-month,2021-04-30,2021-04-30,1,1,1,2021-04-30
S4,CEL,True,complete monthly PIT top-100 asset-month,2021-05-31,2021-05-31,1,1,1,2021-05-31
S4,CEL,True,complete monthly PIT top-100 asset-month,2021-06-30,2021-06-30,1,1,1,2021-06-30
S4,CEL,True,complete monthly PIT top-100 asset-month,2021-07-31,2021-07-31,1,1,1,2021-07-31
S4,CEL,True,complete monthly PIT top-100 asset-month,2021-08-31,2021-08-31,1,1,1,2021-08-31
S4,CEL,True,complete monthly PIT top-100 asset-month,2021-09-30,2021-09-30,1,1,1,2021-09-30
S4,CEL,True,complete monthly PIT top-100 asset-month,2021-10-31,2021-10-31,1,1,1,2021-10-31
S4,CEL,True,complete monthly PIT top-100 asset-month,2021-11-30,2021-11-30,1,1,1,2021-11-30
S4,CEL,True,complete monthly PIT top-100 asset-month,2021-12-31,2021-12-31,1,1,1,2021-12-31
S4,CEL,True,complete monthly PIT top-100 asset-month,2022-01-31,2022-01-31,1,1,1,2022-01-31
S4,CEL,True,complete monthly PIT top-100 asset-month,2022-02-28,2022-02-28,1,1,1,2022-02-28
S4,CEL,True,complete monthly PIT top-100 asset-month,2022-03-31,2022-03-31,1,1,1,2022-03-31
S4,CEL,True,complete monthly PIT top-100 asset-month,2022-08-31,2022-08-31,1,1,1,2022-08-31
S4,CEL,True,complete monthly PIT top-100 asset-month,2022-09-30,2022-09-30,1,1,1,2022-09-30
S4,CELO,True,complete monthly PIT top-100 asset-month,2021-08-31,2021-08-31,1,1,1,2021-08-31
S4,CELO,True,complete monthly PIT top-100 asset-month,2021-09-30,2021-09-30,1,1,1,2021-09-30
S4,CELO,True,complete monthly PIT top-100 asset-month,2021-10-31,2021-10-31,1,1,1,2021-10-31
S4,CELO,True,complete monthly PIT top-100 asset-month,2021-11-30,2021-11-30,1,1,1,2021-11-30
S4,CELO,True,complete monthly PIT top-100 asset-month,2021-12-31,2021-12-31,1,1,1,2021-12-31
S4,CELO,True,complete monthly PIT top-100 asset-month,2022-01-31,2022-01-31,1,1,1,2022-01-31
S4,CELO,True,complete monthly PIT top-100 asset-month,2022-02-28,2022-02-28,1,1,1,2022-02-28
S4,CELO,True,complete monthly PIT top-100 asset-month,2022-03-31,2022-03-31,1,1,1,2022-03-31
S4,CELO,True,complete monthly PIT top-100 asset-month,2022-04-30,2022-04-30,1,1,1,2022-04-30
S4,CELO,True,complete monthly PIT top-100 asset-month,2022-05-31,2022-05-31,1,1,1,2022-05-31
S4,CELO,True,complete monthly PIT top-100 asset-month,2022-06-30,2022-06-30,1,1,1,2022-06-30
S4,CELO,True,complete monthly PIT top-100 asset-month,2022-07-31,2022-07-31,1,1,1,2022-07-31
S4,CETH,True,complete monthly PIT top-100 asset-month,2020-04-30,2020-04-30,1,1,1,2020-04-30
S4,CETH,True,complete monthly PIT top-100 asset-month,2020-05-31,2020-05-31,1,1,1,2020-05-31
S4,CETH,True,complete monthly PIT top-100 asset-month,2020-06-30,2020-06-30,1,1,1,2020-06-30
S4,CETH,True,complete monthly PIT top-100 asset-month,2020-07-31,2020-07-31,1,1,1,2020-07-31
S4,CETH,True,complete monthly PIT top-100 asset-month,2020-08-31,2020-08-31,1,1,1,2020-08-31
S4,CETH,True,complete monthly PIT top-100 asset-month,2020-09-30,2020-09-30,1,1,1,2020-09-30
S4,CETH,True,complete monthly PIT top-100 asset-month,2020-10-31,2020-10-31,1,1,1,2020-10-31
S4,CETH,True,complete monthly PIT top-100 asset-month,2020-11-30,2020-11-30,1,1,1,2020-11-30
S4,CETH,True,complete monthly PIT top-100 asset-month,2020-12-31,2020-12-31,1,1,1,2020-12-31
S4,CETH,True,complete monthly PIT top-100 asset-month,2021-01-31,2021-01-31,1,1,1,2021-01-31
S4,CETH,True,complete monthly PIT top-100 asset-month,2021-02-28,2021-02-28,1,1,1,2021-02-28
S4,CETH,True,complete monthly PIT top-100 asset-month,2021-03-31,2021-03-31,1,1,1,2021-03-31
S4,CETH,True,complete monthly PIT top-100 asset-month,2021-04-30,2021-04-30,1,1,1,2021-04-30
S4,CETH,True,complete monthly PIT top-100 asset-month,2021-05-31,2021-05-31,1,1,1,2021-05-31
S4,CETH,True,complete monthly PIT top-100 asset-month,2021-06-30,2021-06-30,1,1,1,2021-06-30
S4,CETH,True,complete monthly PIT top-100 asset-month,2021-07-31,2021-07-31,1,1,1,2021-07-31
S4,CETH,True,complete monthly PIT top-100 asset-month,2021-08-31,2021-08-31,1,1,1,2021-08-31
S4,CETH,True,complete monthly PIT top-100 asset-month,2021-09-30,2021-09-30,1,1,1,2021-09-30
S4,CETH,True,complete monthly PIT top-100 asset-month,2021-10-31,2021-10-31,1,1,1,2021-10-31
S4,CETH,True,complete monthly PIT top-100 asset-month,2021-11-30,2021-11-30,1,1,1,2021-11-30
S4,CETH,True,complete monthly PIT top-100 asset-month,2021-12-31,2021-12-31,1,1,1,2021-12-31
S4,CETH,True,complete monthly PIT top-100 asset-month,2022-01-31,2022-01-31,1,1,1,2022-01-31
S4,CETH,True,complete monthly PIT top-100 asset-month,2022-02-28,2022-02-28,1,1,1,2022-02-28
S4,CETH,True,complete monthly PIT top-100 asset-month,2022-03-31,2022-03-31,1,1,1,2022-03-31
S4,CETH,True,complete monthly PIT top-100 asset-month,2022-04-30,2022-04-30,1,1,1,2022-04-30
S4,CETH,True,complete monthly PIT top-100 asset-month,2022-05-31,2022-05-31,1,1,1,2022-05-31
S4,CETH,True,complete monthly PIT top-100 asset-month,2022-06-30,2022-06-30,1,1,1,2022-06-30
S4,CETH,True,complete monthly PIT top-100 asset-month,2022-07-31,2022-07-31,1,1,1,2022-07-31
S4,CETH,True,complete monthly PIT top-100 asset-month,2022-08-31,2022-08-31,1,1,1,2022-08-31
S4,CETH,True,complete monthly PIT top-100 asset-month,2022-09-30,2022-09-30,1,1,1,2022-09-30
S4,CETH,True,complete monthly PIT top-100 asset-month,2022-10-31,2022-10-31,1,1,1,2022-10-31
S4,CETH,True,complete monthly PIT top-100 asset-month,2022-11-30,2022-11-30,1,1,1,2022-11-30
S4,CETH,True,complete monthly PIT top-100 asset-month,2022-12-31,2022-12-31,1,1,1,2022-12-31
S4,CETH,True,complete monthly PIT top-100 asset-month,2023-01-31,2023-01-31,1,1,1,2023-01-31
S4,CETH,True,complete monthly PIT top-100 asset-month,2023-02-28,2023-02-28,1,1,1,2023-02-28
S4,CETH,True,complete monthly PIT top-100 asset-month,2023-03-31,2023-03-31,1,1,1,2023-03-31
S4,CETH,True,complete monthly PIT top-100 asset-month,2023-04-30,2023-04-30,1,1,1,2023-04-30
S4,CETH,True,complete monthly PIT top-100 asset-month,2023-05-31,2023-05-31,1,1,1,2023-05-31
S4,CETH,True,complete monthly PIT top-100 asset-month,2023-06-30,2023-06-30,1,1,1,2023-06-30
S4,CETH,True,complete monthly PIT top-100 asset-month,2023-07-31,2023-07-31,1,1,1,2023-07-31
S4,CETH,True,complete monthly PIT top-100 asset-month,2023-08-31,2023-08-31,1,1,1,2023-08-31
S4,CETH,True,complete monthly PIT top-100 asset-month,2023-09-30,2023-09-30,1,1,1,2023-09-30
S4,CETH,True,complete monthly PIT top-100 asset-month,2023-10-31,2023-10-31,1,1,1,2023-10-31
S4,CFX,True,complete monthly PIT top-100 asset-month,2023-02-28,2023-02-28,1,1,1,2023-02-28
S4,CFX,True,complete monthly PIT top-100 asset-month,2023-03-31,2023-03-31,1,1,1,2023-03-31
S4,CFX,True,complete monthly PIT top-100 asset-month,2023-04-30,2023-04-30,1,1,1,2023-04-30
S4,CFX,True,complete monthly PIT top-100 asset-month,2023-05-31,2023-05-31,1,1,1,2023-05-31
S4,CFX,True,complete monthly PIT top-100 asset-month,2023-06-30,2023-06-30,1,1,1,2023-06-30
S4,CFX,True,complete monthly PIT top-100 asset-month,2023-07-31,2023-07-31,1,1,1,2023-07-31
S4,CFX,True,complete monthly PIT top-100 asset-month,2023-10-31,2023-10-31,1,1,1,2023-10-31
S4,CFX,True,complete monthly PIT top-100 asset-month,2023-11-30,2023-11-30,1,1,1,2023-11-30
S4,CFX,True,complete monthly PIT top-100 asset-month,2024-01-31,2024-01-31,1,1,1,2024-01-31
S4,CFX,True,complete monthly PIT top-100 asset-month,2024-02-29,2024-02-29,1,1,1,2024-02-29
S4,CFX,True,complete monthly PIT top-100 asset-month,2024-03-31,2024-03-31,1,1,1,2024-03-31
S4,CHEEL,True,complete monthly PIT top-100 asset-month,2023-11-30,2023-11-30,1,1,1,2023-11-30
S4,CHEEL,True,complete monthly PIT top-100 asset-month,2023-12-31,2023-12-31,1,1,1,2023-12-31
S4,CHEEL,True,complete monthly PIT top-100 asset-month,2024-01-31,2024-01-31,1,1,1,2024-01-31
S4,CHEEL,True,complete monthly PIT top-100 asset-month,2024-02-29,2024-02-29,1,1,1,2024-02-29
S4,CHEEL,True,complete monthly PIT top-100 asset-month,2024-05-31,2024-05-31,1,1,1,2024-05-31
S4,CHZ,True,complete monthly PIT top-100 asset-month,2020-01-31,2020-01-31,1,1,1,2020-01-31
S4,CHZ,True,complete monthly PIT top-100 asset-month,2020-02-29,2020-02-29,1,1,1,2020-02-29
S4,CHZ,True,complete monthly PIT top-100 asset-month,2020-03-31,2020-03-31,1,1,1,2020-03-31
S4,CHZ,True,complete monthly PIT top-100 asset-month,2020-05-31,2020-05-31,1,1,1,2020-05-31
S4,CHZ,True,complete monthly PIT top-100 asset-month,2020-06-30,2020-06-30,1,1,1,2020-06-30
S4,CHZ,True,complete monthly PIT top-100 asset-month,2020-12-31,2020-12-31,1,1,1,2020-12-31
S4,CHZ,True,complete monthly PIT top-100 asset-month,2021-03-31,2021-03-31,1,1,1,2021-03-31
S4,CHZ,True,complete monthly PIT top-100 asset-month,2021-04-30,2021-04-30,1,1,1,2021-04-30
S4,CHZ,True,complete monthly PIT top-100 asset-month,2021-05-31,2021-05-31,1,1,1,2021-05-31
S4,CHZ,True,complete monthly PIT top-100 asset-month,2021-06-30,2021-06-30,1,1,1,2021-06-30
S4,CHZ,True,complete monthly PIT top-100 asset-month,2021-07-31,2021-07-31,1,1,1,2021-07-31
S4,CHZ,True,complete monthly PIT top-100 asset-month,2021-08-31,2021-08-31,1,1,1,2021-08-31
S4,CHZ,True,complete monthly PIT top-100 asset-month,2021-09-30,2021-09-30,1,1,1,2021-09-30
S4,CHZ,True,complete monthly PIT top-100 asset-month,2021-10-31,2021-10-31,1,1,1,2021-10-31
S4,CHZ,True,complete monthly PIT top-100 asset-month,2021-11-30,2021-11-30,1,1,1,2021-11-30
S4,CHZ,True,complete monthly PIT top-100 asset-month,2021-12-31,2021-12-31,1,1,1,2021-12-31
S4,CHZ,True,complete monthly PIT top-100 asset-month,2022-01-31,2022-01-31,1,1,1,2022-01-31
S4,CHZ,True,complete monthly PIT top-100 asset-month,2022-02-28,2022-02-28,1,1,1,2022-02-28
S4,CHZ,True,complete monthly PIT top-100 asset-month,2022-03-31,2022-03-31,1,1,1,2022-03-31
S4,CHZ,True,complete monthly PIT top-100 asset-month,2022-04-30,2022-04-30,1,1,1,2022-04-30
S4,CHZ,True,complete monthly PIT top-100 asset-month,2022-05-31,2022-05-31,1,1,1,2022-05-31
S4,CHZ,True,complete monthly PIT top-100 asset-month,2022-06-30,2022-06-30,1,1,1,2022-06-30
S4,CHZ,True,complete monthly PIT top-100 asset-month,2022-07-31,2022-07-31,1,1,1,2022-07-31
S4,CHZ,True,complete monthly PIT top-100 asset-month,2022-08-31,2022-08-31,1,1,1,2022-08-31
S4,CHZ,True,complete monthly PIT top-100 asset-month,2022-09-30,2022-09-30,1,1,1,2022-09-30
S4,CHZ,True,complete monthly PIT top-100 asset-month,2022-10-31,2022-10-31,1,1,1,2022-10-31
S4,CHZ,True,complete monthly PIT top-100 asset-month,2022-11-30,2022-11-30,1,1,1,2022-11-30
S4,CHZ,True,complete monthly PIT top-100 asset-month,2022-12-31,2022-12-31,1,1,1,2022-12-31
S4,CHZ,True,complete monthly PIT top-100 asset-month,2023-01-31,2023-01-31,1,1,1,2023-01-31
S4,CHZ,True,complete monthly PIT top-100 asset-month,2023-02-28,2023-02-28,1,1,1,2023-02-28
S4,CHZ,True,complete monthly PIT top-100 asset-month,2023-03-31,2023-03-31,1,1,1,2023-03-31
S4,CHZ,True,complete monthly PIT top-100 asset-month,2023-04-30,2023-04-30,1,1,1,2023-04-30
S4,CHZ,True,complete monthly PIT top-100 asset-month,2023-05-31,2023-05-31,1,1,1,2023-05-31
S4,CHZ,True,complete monthly PIT top-100 asset-month,2023-06-30,2023-06-30,1,1,1,2023-06-30
S4,CHZ,True,complete monthly PIT top-100 asset-month,2023-07-31,2023-07-31,1,1,1,2023-07-31
S4,CHZ,True,complete monthly PIT top-100 asset-month,2023-08-31,2023-08-31,1,1,1,2023-08-31
S4,CHZ,True,complete monthly PIT top-100 asset-month,2023-09-30,2023-09-30,1,1,1,2023-09-30
S4,CHZ,True,complete monthly PIT top-100 asset-month,2023-10-31,2023-10-31,1,1,1,2023-10-31
S4,CHZ,True,complete monthly PIT top-100 asset-month,2023-11-30,2023-11-30,1,1,1,2023-11-30
S4,CHZ,True,complete monthly PIT top-100 asset-month,2024-01-31,2024-01-31,1,1,1,2024-01-31
S4,CHZ,True,complete monthly PIT top-100 asset-month,2024-02-29,2024-02-29,1,1,1,2024-02-29
S4,CHZ,True,complete monthly PIT top-100 asset-month,2024-03-31,2024-03-31,1,1,1,2024-03-31
S4,CHZ,True,complete monthly PIT top-100 asset-month,2024-04-30,2024-04-30,1,1,1,2024-04-30
S4,CHZ,True,complete monthly PIT top-100 asset-month,2024-05-31,2024-05-31,1,1,1,2024-05-31
S4,CKB,True,complete monthly PIT top-100 asset-month,2020-01-31,2020-01-31,1,1,1,2020-01-31
S4,CKB,True,complete monthly PIT top-100 asset-month,2020-02-29,2020-02-29,1,1,1,2020-02-29
S4,CKB,True,complete monthly PIT top-100 asset-month,2020-03-31,2020-03-31,1,1,1,2020-03-31
S4,CKB,True,complete monthly PIT top-100 asset-month,2020-04-30,2020-04-30,1,1,1,2020-04-30
S4,CKB,True,complete monthly PIT top-100 asset-month,2020-05-31,2020-05-31,1,1,1,2020-05-31
S4,CKB,True,complete monthly PIT top-100 asset-month,2020-06-30,2020-06-30,1,1,1,2020-06-30
S4,CKB,True,complete monthly PIT top-100 asset-month,2020-07-31,2020-07-31,1,1,1,2020-07-31
S4,CKB,True,complete monthly PIT top-100 asset-month,2020-08-31,2020-08-31,1,1,1,2020-08-31
S4,CKB,True,complete monthly PIT top-100 asset-month,2020-09-30,2020-09-30,1,1,1,2020-09-30
S4,CKB,True,complete monthly PIT top-100 asset-month,2020-10-31,2020-10-31,1,1,1,2020-10-31
S4,CLBTC,True,complete monthly PIT top-100 asset-month,2026-02-28,2026-02-28,1,1,1,2026-02-28
S4,CLBTC,True,complete monthly PIT top-100 asset-month,2026-03-31,2026-03-31,1,1,1,2026-03-31
S4,CLBTC,True,complete monthly PIT top-100 asset-month,2026-04-30,2026-04-30,1,1,1,2026-04-30
S4,CLBTC,True,complete monthly PIT top-100 asset-month,2026-05-31,2026-05-31,1,1,1,2026-05-31
S4,COMP,True,complete monthly PIT top-100 asset-month,2020-06-30,2020-06-30,1,1,1,2020-06-30
S4,COMP,True,complete monthly PIT top-100 asset-month,2020-07-31,2020-07-31,1,1,1,2020-07-31
S4,COMP,True,complete monthly PIT top-100 asset-month,2020-08-31,2020-08-31,1,1,1,2020-08-31
S4,COMP,True,complete monthly PIT top-100 asset-month,2020-09-30,2020-09-30,1,1,1,2020-09-30
S4,COMP,True,complete monthly PIT top-100 asset-month,2020-10-31,2020-10-31,1,1,1,2020-10-31
S4,COMP,True,complete monthly PIT top-100 asset-month,2020-11-30,2020-11-30,1,1,1,2020-11-30
S4,COMP,True,complete monthly PIT top-100 asset-month,2020-12-31,2020-12-31,1,1,1,2020-12-31
S4,COMP,True,complete monthly PIT top-100 asset-month,2021-01-31,2021-01-31,1,1,1,2021-01-31
S4,COMP,True,complete monthly PIT top-100 asset-month,2021-02-28,2021-02-28,1,1,1,2021-02-28
S4,COMP,True,complete monthly PIT top-100 asset-month,2021-03-31,2021-03-31,1,1,1,2021-03-31
S4,COMP,True,complete monthly PIT top-100 asset-month,2021-04-30,2021-04-30,1,1,1,2021-04-30
S4,COMP,True,complete monthly PIT top-100 asset-month,2021-05-31,2021-05-31,1,1,1,2021-05-31
S4,COMP,True,complete monthly PIT top-100 asset-month,2021-06-30,2021-06-30,1,1,1,2021-06-30
S4,COMP,True,complete monthly PIT top-100 asset-month,2021-07-31,2021-07-31,1,1,1,2021-07-31
S4,COMP,True,complete monthly PIT top-100 asset-month,2021-08-31,2021-08-31,1,1,1,2021-08-31
S4,COMP,True,complete monthly PIT top-100 asset-month,2021-09-30,2021-09-30,1,1,1,2021-09-30
S4,COMP,True,complete monthly PIT top-100 asset-month,2021-10-31,2021-10-31,1,1,1,2021-10-31
S4,COMP,True,complete monthly PIT top-100 asset-month,2021-11-30,2021-11-30,1,1,1,2021-11-30
S4,COMP,True,complete monthly PIT top-100 asset-month,2021-12-31,2021-12-31,1,1,1,2021-12-31
S4,COMP,True,complete monthly PIT top-100 asset-month,2022-09-30,2022-09-30,1,1,1,2022-09-30
S4,COMP,True,complete monthly PIT top-100 asset-month,2023-07-31,2023-07-31,1,1,1,2023-07-31
S4,CORE,True,complete monthly PIT top-100 asset-month,2024-04-30,2024-04-30,1,1,1,2024-04-30
S4,CORE,True,complete monthly PIT top-100 asset-month,2024-05-31,2024-05-31,1,1,1,2024-05-31
S4,CORE,True,complete monthly PIT top-100 asset-month,2024-06-30,2024-06-30,1,1,1,2024-06-30
S4,CORE,True,complete monthly PIT top-100 asset-month,2024-07-31,2024-07-31,1,1,1,2024-07-31
S4,CORE,True,complete monthly PIT top-100 asset-month,2024-08-31,2024-08-31,1,1,1,2024-08-31
S4,CORE,True,complete monthly PIT top-100 asset-month,2024-09-30,2024-09-30,1,1,1,2024-09-30
S4,CORE,True,complete monthly PIT top-100 asset-month,2024-10-31,2024-10-31,1,1,1,2024-10-31
S4,CRO,True,complete monthly PIT top-100 asset-month,2020-01-31,2020-01-31,1,1,1,2020-01-31
S4,CRO,True,complete monthly PIT top-100 asset-month,2020-02-29,2020-02-29,1,1,1,2020-02-29
S4,CRO,True,complete monthly PIT top-100 asset-month,2020-03-31,2020-03-31,1,1,1,2020-03-31
S4,CRO,True,complete monthly PIT top-100 asset-month,2020-04-30,2020-04-30,1,1,1,2020-04-30
S4,CRO,True,complete monthly PIT top-100 asset-month,2020-05-31,2020-05-31,1,1,1,2020-05-31
S4,CRO,True,complete monthly PIT top-100 asset-month,2020-06-30,2020-06-30,1,1,1,2020-06-30
S4,CRO,True,complete monthly PIT top-100 asset-month,2020-07-31,2020-07-31,1,1,1,2020-07-31
S4,CRO,True,complete monthly PIT top-100 asset-month,2020-08-31,2020-08-31,1,1,1,2020-08-31
S4,CRO,True,complete monthly PIT top-100 asset-month,2020-09-30,2020-09-30,1,1,1,2020-09-30
S4,CRO,True,complete monthly PIT top-100 asset-month,2020-10-31,2020-10-31,1,1,1,2020-10-31
S4,CRO,True,complete monthly PIT top-100 asset-month,2020-11-30,2020-11-30,1,1,1,2020-11-30
S4,CRO,True,complete monthly PIT top-100 asset-month,2020-12-31,2020-12-31,1,1,1,2020-12-31
S4,CRO,True,complete monthly PIT top-100 asset-month,2021-01-31,2021-01-31,1,1,1,2021-01-31
S4,CRO,True,complete monthly PIT top-100 asset-month,2021-02-28,2021-02-28,1,1,1,2021-02-28
S4,CRO,True,complete monthly PIT top-100 asset-month,2021-03-31,2021-03-31,1,1,1,2021-03-31
S4,CRO,True,complete monthly PIT top-100 asset-month,2021-04-30,2021-04-30,1,1,1,2021-04-30
S4,CRO,True,complete monthly PIT top-100 asset-month,2021-05-31,2021-05-31,1,1,1,2021-05-31
S4,CRO,True,complete monthly PIT top-100 asset-month,2021-06-30,2021-06-30,1,1,1,2021-06-30
S4,CRO,True,complete monthly PIT top-100 asset-month,2021-07-31,2021-07-31,1,1,1,2021-07-31
S4,CRO,True,complete monthly PIT top-100 asset-month,2021-08-31,2021-08-31,1,1,1,2021-08-31
S4,CRO,True,complete monthly PIT top-100 asset-month,2021-09-30,2021-09-30,1,1,1,2021-09-30
S4,CRO,True,complete monthly PIT top-100 asset-month,2021-10-31,2021-10-31,1,1,1,2021-10-31
S4,CRO,True,complete monthly PIT top-100 asset-month,2021-11-30,2021-11-30,1,1,1,2021-11-30
S4,CRO,True,complete monthly PIT top-100 asset-month,2021-12-31,2021-12-31,1,1,1,2021-12-31
S4,CRO,True,complete monthly PIT top-100 asset-month,2022-01-31,2022-01-31,1,1,1,2022-01-31
S4,CRO,True,complete monthly PIT top-100 asset-month,2022-02-28,2022-02-28,1,1,1,2022-02-28
S4,CRO,True,complete monthly PIT top-100 asset-month,2022-03-31,2022-03-31,1,1,1,2022-03-31
S4,CRO,True,complete monthly PIT top-100 asset-month,2022-04-30,2022-04-30,1,1,1,2022-04-30
S4,CRO,True,complete monthly PIT top-100 asset-month,2022-05-31,2022-05-31,1,1,1,2022-05-31
S4,CRO,True,complete monthly PIT top-100 asset-month,2022-06-30,2022-06-30,1,1,1,2022-06-30
S4,CRO,True,complete monthly PIT top-100 asset-month,2022-07-31,2022-07-31,1,1,1,2022-07-31
S4,CRO,True,complete monthly PIT top-100 asset-month,2022-08-31,2022-08-31,1,1,1,2022-08-31
S4,CRO,True,complete monthly PIT top-100 asset-month,2022-09-30,2022-09-30,1,1,1,2022-09-30
S4,CRO,True,complete monthly PIT top-100 asset-month,2022-10-31,2022-10-31,1,1,1,2022-10-31
S4,CRO,True,complete monthly PIT top-100 asset-month,2022-11-30,2022-11-30,1,1,1,2022-11-30
S4,CRO,True,complete monthly PIT top-100 asset-month,2022-12-31,2022-12-31,1,1,1,2022-12-31
S4,CRO,True,complete monthly PIT top-100 asset-month,2023-01-31,2023-01-31,1,1,1,2023-01-31
S4,CRO,True,complete monthly PIT top-100 asset-month,2023-02-28,2023-02-28,1,1,1,2023-02-28
S4,CRO,True,complete monthly PIT top-100 asset-month,2023-03-31,2023-03-31,1,1,1,2023-03-31
S4,CRO,True,complete monthly PIT top-100 asset-month,2023-04-30,2023-04-30,1,1,1,2023-04-30
S4,CRO,True,complete monthly PIT top-100 asset-month,2023-05-31,2023-05-31,1,1,1,2023-05-31
S4,CRO,True,complete monthly PIT top-100 asset-month,2023-06-30,2023-06-30,1,1,1,2023-06-30
S4,CRO,True,complete monthly PIT top-100 asset-month,2023-07-31,2023-07-31,1,1,1,2023-07-31
S4,CRO,True,complete monthly PIT top-100 asset-month,2023-08-31,2023-08-31,1,1,1,2023-08-31
S4,CRO,True,complete monthly PIT top-100 asset-month,2023-09-30,2023-09-30,1,1,1,2023-09-30
S4,CRO,True,complete monthly PIT top-100 asset-month,2023-10-31,2023-10-31,1,1,1,2023-10-31
S4,CRO,True,complete monthly PIT top-100 asset-month,2023-11-30,2023-11-30,1,1,1,2023-11-30
S4,CRO,True,complete monthly PIT top-100 asset-month,2023-12-31,2023-12-31,1,1,1,2023-12-31
S4,CRO,True,complete monthly PIT top-100 asset-month,2024-01-31,2024-01-31,1,1,1,2024-01-31
S4,CRO,True,complete monthly PIT top-100 asset-month,2024-02-29,2024-02-29,1,1,1,2024-02-29
S4,CRO,True,complete monthly PIT top-100 asset-month,2024-03-31,2024-03-31,1,1,1,2024-03-31
S4,CRO,True,complete monthly PIT top-100 asset-month,2024-04-30,2024-04-30,1,1,1,2024-04-30
S4,CRO,True,complete monthly PIT top-100 asset-month,2024-05-31,2024-05-31,1,1,1,2024-05-31
S4,CRO,True,complete monthly PIT top-100 asset-month,2024-06-30,2024-06-30,1,1,1,2024-06-30
S4,CRO,True,complete monthly PIT top-100 asset-month,2024-07-31,2024-07-31,1,1,1,2024-07-31
S4,CRO,True,complete monthly PIT top-100 asset-month,2024-08-31,2024-08-31,1,1,1,2024-08-31
S4,CRO,True,complete monthly PIT top-100 asset-month,2024-09-30,2024-09-30,1,1,1,2024-09-30
S4,CRO,True,complete monthly PIT top-100 asset-month,2024-10-31,2024-10-31,1,1,1,2024-10-31
S4,CRO,True,complete monthly PIT top-100 asset-month,2024-11-30,2024-11-30,1,1,1,2024-11-30
S4,CRO,True,complete monthly PIT top-100 asset-month,2024-12-31,2024-12-31,1,1,1,2024-12-31
S4,CRO,True,complete monthly PIT top-100 asset-month,2025-01-31,2025-01-31,1,1,1,2025-01-31
S4,CRO,True,complete monthly PIT top-100 asset-month,2025-02-28,2025-02-28,1,1,1,2025-02-28
S4,CRO,True,complete monthly PIT top-100 asset-month,2025-03-31,2025-03-31,1,1,1,2025-03-31
S4,CRO,True,complete monthly PIT top-100 asset-month,2025-04-30,2025-04-30,1,1,1,2025-04-30
S4,CRO,True,complete monthly PIT top-100 asset-month,2025-05-31,2025-05-31,1,1,1,2025-05-31
S4,CRO,True,complete monthly PIT top-100 asset-month,2025-06-30,2025-06-30,1,1,1,2025-06-30
S4,CRO,True,complete monthly PIT top-100 asset-month,2025-07-31,2025-07-31,1,1,1,2025-07-31
S4,CRO,True,complete monthly PIT top-100 asset-month,2025-08-31,2025-08-31,1,1,1,2025-08-31
S4,CRO,True,complete monthly PIT top-100 asset-month,2025-09-30,2025-09-30,1,1,1,2025-09-30
S4,CRO,True,complete monthly PIT top-100 asset-month,2025-10-31,2025-10-31,1,1,1,2025-10-31
S4,CRO,True,complete monthly PIT top-100 asset-month,2025-11-30,2025-11-30,1,1,1,2025-11-30
S4,CRO,True,complete monthly PIT top-100 asset-month,2025-12-31,2025-12-31,1,1,1,2025-12-31
S4,CRO,True,complete monthly PIT top-100 asset-month,2026-01-31,2026-01-31,1,1,1,2026-01-31
S4,CRO,True,complete monthly PIT top-100 asset-month,2026-02-28,2026-02-28,1,1,1,2026-02-28
S4,CRO,True,complete monthly PIT top-100 asset-month,2026-03-31,2026-03-31,1,1,1,2026-03-31
S4,CRO,True,complete monthly PIT top-100 asset-month,2026-04-30,2026-04-30,1,1,1,2026-04-30
S4,CRO,True,complete monthly PIT top-100 asset-month,2026-05-31,2026-05-31,1,1,1,2026-05-31
S4,CRPT,True,complete monthly PIT top-100 asset-month,2020-01-31,2020-01-31,1,1,1,2020-01-31
S4,CRV,True,complete monthly PIT top-100 asset-month,2021-01-31,2021-01-31,1,1,1,2021-01-31
S4,CRV,True,complete monthly PIT top-100 asset-month,2021-02-28,2021-02-28,1,1,1,2021-02-28
S4,CRV,True,complete monthly PIT top-100 asset-month,2021-03-31,2021-03-31,1,1,1,2021-03-31
S4,CRV,True,complete monthly PIT top-100 asset-month,2021-06-30,2021-06-30,1,1,1,2021-06-30
S4,CRV,True,complete monthly PIT top-100 asset-month,2021-09-30,2021-09-30,1,1,1,2021-09-30
S4,CRV,True,complete monthly PIT top-100 asset-month,2021-10-31,2021-10-31,1,1,1,2021-10-31
S4,CRV,True,complete monthly PIT top-100 asset-month,2021-11-30,2021-11-30,1,1,1,2021-11-30
S4,CRV,True,complete monthly PIT top-100 asset-month,2021-12-31,2021-12-31,1,1,1,2021-12-31
S4,CRV,True,complete monthly PIT top-100 asset-month,2022-01-31,2022-01-31,1,1,1,2022-01-31
S4,CRV,True,complete monthly PIT top-100 asset-month,2022-02-28,2022-02-28,1,1,1,2022-02-28
S4,CRV,True,complete monthly PIT top-100 asset-month,2022-07-31,2022-07-31,1,1,1,2022-07-31
S4,CRV,True,complete monthly PIT top-100 asset-month,2022-08-31,2022-08-31,1,1,1,2022-08-31
S4,CRV,True,complete monthly PIT top-100 asset-month,2022-10-31,2022-10-31,1,1,1,2022-10-31
S4,CRV,True,complete monthly PIT top-100 asset-month,2022-11-30,2022-11-30,1,1,1,2022-11-30
S4,CRV,True,complete monthly PIT top-100 asset-month,2022-12-31,2022-12-31,1,1,1,2022-12-31
S4,CRV,True,complete monthly PIT top-100 asset-month,2023-01-31,2023-01-31,1,1,1,2023-01-31
S4,CRV,True,complete monthly PIT top-100 asset-month,2023-02-28,2023-02-28,1,1,1,2023-02-28
S4,CRV,True,complete monthly PIT top-100 asset-month,2023-03-31,2023-03-31,1,1,1,2023-03-31
S4,CRV,True,complete monthly PIT top-100 asset-month,2023-04-30,2023-04-30,1,1,1,2023-04-30
S4,CRV,True,complete monthly PIT top-100 asset-month,2023-05-31,2023-05-31,1,1,1,2023-05-31
S4,CRV,True,complete monthly PIT top-100 asset-month,2023-06-30,2023-06-30,1,1,1,2023-06-30
S4,CRV,True,complete monthly PIT top-100 asset-month,2023-07-31,2023-07-31,1,1,1,2023-07-31
S4,CRV,True,complete monthly PIT top-100 asset-month,2023-08-31,2023-08-31,1,1,1,2023-08-31
S4,CRV,True,complete monthly PIT top-100 asset-month,2023-09-30,2023-09-30,1,1,1,2023-09-30
S4,CRV,True,complete monthly PIT top-100 asset-month,2023-10-31,2023-10-31,1,1,1,2023-10-31
S4,CRV,True,complete monthly PIT top-100 asset-month,2025-04-30,2025-04-30,1,1,1,2025-04-30
S4,CRV,True,complete monthly PIT top-100 asset-month,2025-05-31,2025-05-31,1,1,1,2025-05-31
S4,CRV,True,complete monthly PIT top-100 asset-month,2025-07-31,2025-07-31,1,1,1,2025-07-31
S4,CSPR,True,complete monthly PIT top-100 asset-month,2022-10-31,2022-10-31,1,1,1,2022-10-31
S4,CSPR,True,complete monthly PIT top-100 asset-month,2022-11-30,2022-11-30,1,1,1,2022-11-30
S4,CSPR,True,complete monthly PIT top-100 asset-month,2022-12-31,2022-12-31,1,1,1,2022-12-31
S4,CSPR,True,complete monthly PIT top-100 asset-month,2023-04-30,2023-04-30,1,1,1,2023-04-30
S4,CSPR,True,complete monthly PIT top-100 asset-month,2023-05-31,2023-05-31,1,1,1,2023-05-31
S4,CSPR,True,complete monthly PIT top-100 asset-month,2023-06-30,2023-06-30,1,1,1,2023-06-30
S4,CSPR,True,complete monthly PIT top-100 asset-month,2023-07-31,2023-07-31,1,1,1,2023-07-31
S4,CSPR,True,complete monthly PIT top-100 asset-month,2023-08-31,2023-08-31,1,1,1,2023-08-31
S4,CSPR,True,complete monthly PIT top-100 asset-month,2023-09-30,2023-09-30,1,1,1,2023-09-30
S4,CSPR,True,complete monthly PIT top-100 asset-month,2023-10-31,2023-10-31,1,1,1,2023-10-31
S4,CUSDC,True,complete monthly PIT top-100 asset-month,2020-06-30,2020-06-30,1,1,1,2020-06-30
S4,CUSDC,True,complete monthly PIT top-100 asset-month,2020-07-31,2020-07-31,1,1,1,2020-07-31
S4,CUSDC,True,complete monthly PIT top-100 asset-month,2020-08-31,2020-08-31,1,1,1,2020-08-31
S4,CUSDC,True,complete monthly PIT top-100 asset-month,2020-09-30,2020-09-30,1,1,1,2020-09-30
S4,CUSDC,True,complete monthly PIT top-100 asset-month,2020-10-31,2020-10-31,1,1,1,2020-10-31
S4,CUSDC,True,complete monthly PIT top-100 asset-month,2020-11-30,2020-11-30,1,1,1,2020-11-30
S4,CUSDC,True,complete monthly PIT top-100 asset-month,2020-12-31,2020-12-31,1,1,1,2020-12-31
S4,CUSDC,True,complete monthly PIT top-100 asset-month,2021-01-31,2021-01-31,1,1,1,2021-01-31
S4,CUSDC,True,complete monthly PIT top-100 asset-month,2021-02-28,2021-02-28,1,1,1,2021-02-28
S4,CUSDC,True,complete monthly PIT top-100 asset-month,2021-03-31,2021-03-31,1,1,1,2021-03-31
S4,CUSDC,True,complete monthly PIT top-100 asset-month,2021-04-30,2021-04-30,1,1,1,2021-04-30
S4,CUSDC,True,complete monthly PIT top-100 asset-month,2021-05-31,2021-05-31,1,1,1,2021-05-31
S4,CUSDC,True,complete monthly PIT top-100 asset-month,2021-06-30,2021-06-30,1,1,1,2021-06-30
S4,CUSDC,True,complete monthly PIT top-100 asset-month,2021-07-31,2021-07-31,1,1,1,2021-07-31
S4,CUSDC,True,complete monthly PIT top-100 asset-month,2021-08-31,2021-08-31,1,1,1,2021-08-31
S4,CUSDC,True,complete monthly PIT top-100 asset-month,2021-09-30,2021-09-30,1,1,1,2021-09-30
S4,CUSDC,True,complete monthly PIT top-100 asset-month,2021-10-31,2021-10-31,1,1,1,2021-10-31
S4,CUSDC,True,complete monthly PIT top-100 asset-month,2021-11-30,2021-11-30,1,1,1,2021-11-30
S4,CUSDC,True,complete monthly PIT top-100 asset-month,2021-12-31,2021-12-31,1,1,1,2021-12-31
S4,CUSDC,True,complete monthly PIT top-100 asset-month,2022-01-31,2022-01-31,1,1,1,2022-01-31
S4,CUSDC,True,complete monthly PIT top-100 asset-month,2022-02-28,2022-02-28,1,1,1,2022-02-28
S4,CUSDC,True,complete monthly PIT top-100 asset-month,2022-03-31,2022-03-31,1,1,1,2022-03-31
S4,CUSDC,True,complete monthly PIT top-100 asset-month,2022-04-30,2022-04-30,1,1,1,2022-04-30
S4,CUSDC,True,complete monthly PIT top-100 asset-month,2022-05-31,2022-05-31,1,1,1,2022-05-31
S4,CUSDC,True,complete monthly PIT top-100 asset-month,2022-06-30,2022-06-30,1,1,1,2022-06-30
S4,CUSDC,True,complete monthly PIT top-100 asset-month,2022-07-31,2022-07-31,1,1,1,2022-07-31
S4,CUSDC,True,complete monthly PIT top-100 asset-month,2022-08-31,2022-08-31,1,1,1,2022-08-31
S4,CUSDC,True,complete monthly PIT top-100 asset-month,2022-09-30,2022-09-30,1,1,1,2022-09-30
S4,CUSDC,True,complete monthly PIT top-100 asset-month,2022-10-31,2022-10-31,1,1,1,2022-10-31
S4,CUSDC,True,complete monthly PIT top-100 asset-month,2022-11-30,2022-11-30,1,1,1,2022-11-30
S4,CUSDC,True,complete monthly PIT top-100 asset-month,2022-12-31,2022-12-31,1,1,1,2022-12-31
S4,CUSDC,True,complete monthly PIT top-100 asset-month,2023-01-31,2023-01-31,1,1,1,2023-01-31
S4,CUSDC,True,complete monthly PIT top-100 asset-month,2023-02-28,2023-02-28,1,1,1,2023-02-28
S4,CUSDC,True,complete monthly PIT top-100 asset-month,2023-03-31,2023-03-31,1,1,1,2023-03-31
S4,CVX,True,complete monthly PIT top-100 asset-month,2021-12-31,2021-12-31,1,1,1,2021-12-31
S4,CVX,True,complete monthly PIT top-100 asset-month,2022-01-31,2022-01-31,1,1,1,2022-01-31
S4,CVX,True,complete monthly PIT top-100 asset-month,2022-02-28,2022-02-28,1,1,1,2022-02-28
S4,CVX,True,complete monthly PIT top-100 asset-month,2022-03-31,2022-03-31,1,1,1,2022-03-31
S4,CVX,True,complete monthly PIT top-100 asset-month,2022-04-30,2022-04-30,1,1,1,2022-04-30
S4,CVX,True,complete monthly PIT top-100 asset-month,2022-05-31,2022-05-31,1,1,1,2022-05-31
S4,CVX,True,complete monthly PIT top-100 asset-month,2022-07-31,2022-07-31,1,1,1,2022-07-31
S4,CVX,True,complete monthly PIT top-100 asset-month,2023-01-31,2023-01-31,1,1,1,2023-01-31
S4,DAI,True,complete monthly PIT top-100 asset-month,2020-01-31,2020-01-31,1,1,1,2020-01-31
S4,DAI,True,complete monthly PIT top-100 asset-month,2020-02-29,2020-02-29,1,1,1,2020-02-29
S4,DAI,True,complete monthly PIT top-100 asset-month,2020-03-31,2020-03-31,1,1,1,2020-03-31
S4,DAI,True,complete monthly PIT top-100 asset-month,2020-04-30,2020-04-30,1,1,1,2020-04-30
S4,DAI,True,complete monthly PIT top-100 asset-month,2020-05-31,2020-05-31,1,1,1,2020-05-31
S4,DAI,True,complete monthly PIT top-100 asset-month,2020-06-30,2020-06-30,1,1,1,2020-06-30
S4,DAI,True,complete monthly PIT top-100 asset-month,2020-07-31,2020-07-31,1,1,1,2020-07-31
S4,DAI,True,complete monthly PIT top-100 asset-month,2020-08-31,2020-08-31,1,1,1,2020-08-31
S4,DAI,True,complete monthly PIT top-100 asset-month,2020-09-30,2020-09-30,1,1,1,2020-09-30
S4,DAI,True,complete monthly PIT top-100 asset-month,2020-10-31,2020-10-31,1,1,1,2020-10-31
S4,DAI,True,complete monthly PIT top-100 asset-month,2020-11-30,2020-11-30,1,1,1,2020-11-30
S4,DAI,True,complete monthly PIT top-100 asset-month,2020-12-31,2020-12-31,1,1,1,2020-12-31
S4,DAI,True,complete monthly PIT top-100 asset-month,2021-01-31,2021-01-31,1,1,1,2021-01-31
S4,DAI,True,complete monthly PIT top-100 asset-month,2021-02-28,2021-02-28,1,1,1,2021-02-28
S4,DAI,True,complete monthly PIT top-100 asset-month,2021-03-31,2021-03-31,1,1,1,2021-03-31
S4,DAI,True,complete monthly PIT top-100 asset-month,2021-04-30,2021-04-30,1,1,1,2021-04-30
S4,DAI,True,complete monthly PIT top-100 asset-month,2021-05-31,2021-05-31,1,1,1,2021-05-31
S4,DAI,True,complete monthly PIT top-100 asset-month,2021-06-30,2021-06-30,1,1,1,2021-06-30
S4,DAI,True,complete monthly PIT top-100 asset-month,2021-07-31,2021-07-31,1,1,1,2021-07-31
S4,DAI,True,complete monthly PIT top-100 asset-month,2021-08-31,2021-08-31,1,1,1,2021-08-31
S4,DAI,True,complete monthly PIT top-100 asset-month,2021-09-30,2021-09-30,1,1,1,2021-09-30
S4,DAI,True,complete monthly PIT top-100 asset-month,2021-10-31,2021-10-31,1,1,1,2021-10-31
S4,DAI,True,complete monthly PIT top-100 asset-month,2021-11-30,2021-11-30,1,1,1,2021-11-30
S4,DAI,True,complete monthly PIT top-100 asset-month,2021-12-31,2021-12-31,1,1,1,2021-12-31
S4,DAI,True,complete monthly PIT top-100 asset-month,2022-01-31,2022-01-31,1,1,1,2022-01-31
S4,DAI,True,complete monthly PIT top-100 asset-month,2022-02-28,2022-02-28,1,1,1,2022-02-28
S4,DAI,True,complete monthly PIT top-100 asset-month,2022-03-31,2022-03-31,1,1,1,2022-03-31
S4,DAI,True,complete monthly PIT top-100 asset-month,2022-04-30,2022-04-30,1,1,1,2022-04-30
S4,DAI,True,complete monthly PIT top-100 asset-month,2022-05-31,2022-05-31,1,1,1,2022-05-31
S4,DAI,True,complete monthly PIT top-100 asset-month,2022-06-30,2022-06-30,1,1,1,2022-06-30
S4,DAI,True,complete monthly PIT top-100 asset-month,2022-07-31,2022-07-31,1,1,1,2022-07-31
S4,DAI,True,complete monthly PIT top-100 asset-month,2022-08-31,2022-08-31,1,1,1,2022-08-31
S4,DAI,True,complete monthly PIT top-100 asset-month,2022-09-30,2022-09-30,1,1,1,2022-09-30
S4,DAI,True,complete monthly PIT top-100 asset-month,2022-10-31,2022-10-31,1,1,1,2022-10-31
S4,DAI,True,complete monthly PIT top-100 asset-month,2022-11-30,2022-11-30,1,1,1,2022-11-30
S4,DAI,True,complete monthly PIT top-100 asset-month,2022-12-31,2022-12-31,1,1,1,2022-12-31
S4,DAI,True,complete monthly PIT top-100 asset-month,2023-01-31,2023-01-31,1,1,1,2023-01-31
S4,DAI,True,complete monthly PIT top-100 asset-month,2023-02-28,2023-02-28,1,1,1,2023-02-28
S4,DAI,True,complete monthly PIT top-100 asset-month,2023-03-31,2023-03-31,1,1,1,2023-03-31
S4,DAI,True,complete monthly PIT top-100 asset-month,2023-04-30,2023-04-30,1,1,1,2023-04-30
S4,DAI,True,complete monthly PIT top-100 asset-month,2023-05-31,2023-05-31,1,1,1,2023-05-31
S4,DAI,True,complete monthly PIT top-100 asset-month,2023-06-30,2023-06-30,1,1,1,2023-06-30
S4,DAI,True,complete monthly PIT top-100 asset-month,2023-07-31,2023-07-31,1,1,1,2023-07-31
S4,DAI,True,complete monthly PIT top-100 asset-month,2023-08-31,2023-08-31,1,1,1,2023-08-31
S4,DAI,True,complete monthly PIT top-100 asset-month,2023-09-30,2023-09-30,1,1,1,2023-09-30
S4,DAI,True,complete monthly PIT top-100 asset-month,2023-10-31,2023-10-31,1,1,1,2023-10-31
S4,DAI,True,complete monthly PIT top-100 asset-month,2023-11-30,2023-11-30,1,1,1,2023-11-30
S4,DAI,True,complete monthly PIT top-100 asset-month,2023-12-31,2023-12-31,1,1,1,2023-12-31
S4,DAI,True,complete monthly PIT top-100 asset-month,2024-01-31,2024-01-31,1,1,1,2024-01-31
S4,DAI,True,complete monthly PIT top-100 asset-month,2024-02-29,2024-02-29,1,1,1,2024-02-29
S4,DAI,True,complete monthly PIT top-100 asset-month,2024-03-31,2024-03-31,1,1,1,2024-03-31
S4,DAI,True,complete monthly PIT top-100 asset-month,2024-04-30,2024-04-30,1,1,1,2024-04-30
S4,DAI,True,complete monthly PIT top-100 asset-month,2024-05-31,2024-05-31,1,1,1,2024-05-31
S4,DAI,True,complete monthly PIT top-100 asset-month,2024-06-30,2024-06-30,1,1,1,2024-06-30
S4,DAI,True,complete monthly PIT top-100 asset-month,2024-07-31,2024-07-31,1,1,1,2024-07-31
S4,DAI,True,complete monthly PIT top-100 asset-month,2024-08-31,2024-08-31,1,1,1,2024-08-31
S4,DAI,True,complete monthly PIT top-100 asset-month,2024-09-30,2024-09-30,1,1,1,2024-09-30
S4,DAI,True,complete monthly PIT top-100 asset-month,2024-10-31,2024-10-31,1,1,1,2024-10-31
S4,DAI,True,complete monthly PIT top-100 asset-month,2024-11-30,2024-11-30,1,1,1,2024-11-30
S4,DAI,True,complete monthly PIT top-100 asset-month,2024-12-31,2024-12-31,1,1,1,2024-12-31
S4,DAI,True,complete monthly PIT top-100 asset-month,2025-01-31,2025-01-31,1,1,1,2025-01-31
S4,DAI,True,complete monthly PIT top-100 asset-month,2025-02-28,2025-02-28,1,1,1,2025-02-28
S4,DAI,True,complete monthly PIT top-100 asset-month,2025-03-31,2025-03-31,1,1,1,2025-03-31
S4,DAI,True,complete monthly PIT top-100 asset-month,2025-04-30,2025-04-30,1,1,1,2025-04-30
S4,DAI,True,complete monthly PIT top-100 asset-month,2025-05-31,2025-05-31,1,1,1,2025-05-31
S4,DAI,True,complete monthly PIT top-100 asset-month,2025-06-30,2025-06-30,1,1,1,2025-06-30
S4,DAI,True,complete monthly PIT top-100 asset-month,2025-07-31,2025-07-31,1,1,1,2025-07-31
S4,DAI,True,complete monthly PIT top-100 asset-month,2025-08-31,2025-08-31,1,1,1,2025-08-31
S4,DAI,True,complete monthly PIT top-100 asset-month,2025-09-30,2025-09-30,1,1,1,2025-09-30
S4,DAI,True,complete monthly PIT top-100 asset-month,2025-10-31,2025-10-31,1,1,1,2025-10-31
S4,DAI,True,complete monthly PIT top-100 asset-month,2025-11-30,2025-11-30,1,1,1,2025-11-30
S4,DAI,True,complete monthly PIT top-100 asset-month,2025-12-31,2025-12-31,1,1,1,2025-12-31
S4,DAI,True,complete monthly PIT top-100 asset-month,2026-01-31,2026-01-31,1,1,1,2026-01-31
S4,DAI,True,complete monthly PIT top-100 asset-month,2026-02-28,2026-02-28,1,1,1,2026-02-28
S4,DAI,True,complete monthly PIT top-100 asset-month,2026-03-31,2026-03-31,1,1,1,2026-03-31
S4,DAI,True,complete monthly PIT top-100 asset-month,2026-04-30,2026-04-30,1,1,1,2026-04-30
S4,DAI,True,complete monthly PIT top-100 asset-month,2026-04-30,2026-04-30,1,1,1,2026-04-30
S4,DAI,True,complete monthly PIT top-100 asset-month,2026-05-31,2026-05-31,1,1,1,2026-05-31
S4,DASH,True,complete monthly PIT top-100 asset-month,2020-01-31,2020-01-31,1,1,1,2020-01-31
S4,DASH,True,complete monthly PIT top-100 asset-month,2020-02-29,2020-02-29,1,1,1,2020-02-29
S4,DASH,True,complete monthly PIT top-100 asset-month,2020-03-31,2020-03-31,1,1,1,2020-03-31
S4,DASH,True,complete monthly PIT top-100 asset-month,2020-04-30,2020-04-30,1,1,1,2020-04-30
S4,DASH,True,complete monthly PIT top-100 asset-month,2020-05-31,2020-05-31,1,1,1,2020-05-31
S4,DASH,True,complete monthly PIT top-100 asset-month,2020-06-30,2020-06-30,1,1,1,2020-06-30
S4,DASH,True,complete monthly PIT top-100 asset-month,2020-07-31,2020-07-31,1,1,1,2020-07-31
S4,DASH,True,complete monthly PIT top-100 asset-month,2020-08-31,2020-08-31,1,1,1,2020-08-31
S4,DASH,True,complete monthly PIT top-100 asset-month,2020-09-30,2020-09-30,1,1,1,2020-09-30
S4,DASH,True,complete monthly PIT top-100 asset-month,2020-10-31,2020-10-31,1,1,1,2020-10-31
S4,DASH,True,complete monthly PIT top-100 asset-month,2020-11-30,2020-11-30,1,1,1,2020-11-30
S4,DASH,True,complete monthly PIT top-100 asset-month,2020-12-31,2020-12-31,1,1,1,2020-12-31
S4,DASH,True,complete monthly PIT top-100 asset-month,2021-01-31,2021-01-31,1,1,1,2021-01-31
S4,DASH,True,complete monthly PIT top-100 asset-month,2021-02-28,2021-02-28,1,1,1,2021-02-28
S4,DASH,True,complete monthly PIT top-100 asset-month,2021-03-31,2021-03-31,1,1,1,2021-03-31
S4,DASH,True,complete monthly PIT top-100 asset-month,2021-04-30,2021-04-30,1,1,1,2021-04-30
S4,DASH,True,complete monthly PIT top-100 asset-month,2021-05-31,2021-05-31,1,1,1,2021-05-31
S4,DASH,True,complete monthly PIT top-100 asset-month,2021-06-30,2021-06-30,1,1,1,2021-06-30
S4,DASH,True,complete monthly PIT top-100 asset-month,2021-07-31,2021-07-31,1,1,1,2021-07-31
S4,DASH,True,complete monthly PIT top-100 asset-month,2021-08-31,2021-08-31,1,1,1,2021-08-31
S4,DASH,True,complete monthly PIT top-100 asset-month,2021-09-30,2021-09-30,1,1,1,2021-09-30
S4,DASH,True,complete monthly PIT top-100 asset-month,2021-10-31,2021-10-31,1,1,1,2021-10-31
S4,DASH,True,complete monthly PIT top-100 asset-month,2021-11-30,2021-11-30,1,1,1,2021-11-30
S4,DASH,True,complete monthly PIT top-100 asset-month,2021-12-31,2021-12-31,1,1,1,2021-12-31
S4,DASH,True,complete monthly PIT top-100 asset-month,2022-01-31,2022-01-31,1,1,1,2022-01-31
S4,DASH,True,complete monthly PIT top-100 asset-month,2022-02-28,2022-02-28,1,1,1,2022-02-28
S4,DASH,True,complete monthly PIT top-100 asset-month,2022-03-31,2022-03-31,1,1,1,2022-03-31
S4,DASH,True,complete monthly PIT top-100 asset-month,2022-04-30,2022-04-30,1,1,1,2022-04-30
S4,DASH,True,complete monthly PIT top-100 asset-month,2022-05-31,2022-05-31,1,1,1,2022-05-31
S4,DASH,True,complete monthly PIT top-100 asset-month,2022-06-30,2022-06-30,1,1,1,2022-06-30
S4,DASH,True,complete monthly PIT top-100 asset-month,2022-07-31,2022-07-31,1,1,1,2022-07-31
S4,DASH,True,complete monthly PIT top-100 asset-month,2022-08-31,2022-08-31,1,1,1,2022-08-31
S4,DASH,True,complete monthly PIT top-100 asset-month,2022-09-30,2022-09-30,1,1,1,2022-09-30
S4,DASH,True,complete monthly PIT top-100 asset-month,2022-10-31,2022-10-31,1,1,1,2022-10-31
S4,DASH,True,complete monthly PIT top-100 asset-month,2022-11-30,2022-11-30,1,1,1,2022-11-30
S4,DASH,True,complete monthly PIT top-100 asset-month,2022-12-31,2022-12-31,1,1,1,2022-12-31
S4,DASH,True,complete monthly PIT top-100 asset-month,2023-01-31,2023-01-31,1,1,1,2023-01-31
S4,DASH,True,complete monthly PIT top-100 asset-month,2023-02-28,2023-02-28,1,1,1,2023-02-28
S4,DASH,True,complete monthly PIT top-100 asset-month,2023-03-31,2023-03-31,1,1,1,2023-03-31
S4,DASH,True,complete monthly PIT top-100 asset-month,2023-04-30,2023-04-30,1,1,1,2023-04-30
S4,DASH,True,complete monthly PIT top-100 asset-month,2023-05-31,2023-05-31,1,1,1,2023-05-31
S4,DASH,True,complete monthly PIT top-100 asset-month,2023-06-30,2023-06-30,1,1,1,2023-06-30
S4,DENT,True,complete monthly PIT top-100 asset-month,2021-03-31,2021-03-31,1,1,1,2021-03-31
S4,DENT,True,complete monthly PIT top-100 asset-month,2021-04-30,2021-04-30,1,1,1,2021-04-30
S4,DEXE,True,complete monthly PIT top-100 asset-month,2025-01-31,2025-01-31,1,1,1,2025-01-31
S4,DEXE,True,complete monthly PIT top-100 asset-month,2025-02-28,2025-02-28,1,1,1,2025-02-28
S4,DEXE,True,complete monthly PIT top-100 asset-month,2025-03-31,2025-03-31,1,1,1,2025-03-31
S4,DFI,True,complete monthly PIT top-100 asset-month,2022-03-31,2022-03-31,1,1,1,2022-03-31
S4,DFI,True,complete monthly PIT top-100 asset-month,2022-04-30,2022-04-30,1,1,1,2022-04-30
S4,DFI,True,complete monthly PIT top-100 asset-month,2022-05-31,2022-05-31,1,1,1,2022-05-31
S4,DFI,True,complete monthly PIT top-100 asset-month,2022-06-30,2022-06-30,1,1,1,2022-06-30
S4,DFI,True,complete monthly PIT top-100 asset-month,2022-07-31,2022-07-31,1,1,1,2022-07-31
S4,DFI,True,complete monthly PIT top-100 asset-month,2022-08-31,2022-08-31,1,1,1,2022-08-31
S4,DFI,True,complete monthly PIT top-100 asset-month,2022-09-30,2022-09-30,1,1,1,2022-09-30
S4,DFI,True,complete monthly PIT top-100 asset-month,2022-12-31,2022-12-31,1,1,1,2022-12-31
S4,DGB,True,complete monthly PIT top-100 asset-month,2020-01-31,2020-01-31,1,1,1,2020-01-31
S4,DGB,True,complete monthly PIT top-100 asset-month,2020-02-29,2020-02-29,1,1,1,2020-02-29
S4,DGB,True,complete monthly PIT top-100 asset-month,2020-03-31,2020-03-31,1,1,1,2020-03-31
S4,DGB,True,complete monthly PIT top-100 asset-month,2020-04-30,2020-04-30,1,1,1,2020-04-30
S4,DGB,True,complete monthly PIT top-100 asset-month,2020-05-31,2020-05-31,1,1,1,2020-05-31
S4,DGB,True,complete monthly PIT top-100 asset-month,2020-06-30,2020-06-30,1,1,1,2020-06-30
S4,DGB,True,complete monthly PIT top-100 asset-month,2020-07-31,2020-07-31,1,1,1,2020-07-31
S4,DGB,True,complete monthly PIT top-100 asset-month,2020-08-31,2020-08-31,1,1,1,2020-08-31
S4,DGB,True,complete monthly PIT top-100 asset-month,2020-09-30,2020-09-30,1,1,1,2020-09-30
S4,DGB,True,complete monthly PIT top-100 asset-month,2020-10-31,2020-10-31,1,1,1,2020-10-31
S4,DGB,True,complete monthly PIT top-100 asset-month,2020-11-30,2020-11-30,1,1,1,2020-11-30
S4,DGB,True,complete monthly PIT top-100 asset-month,2020-12-31,2020-12-31,1,1,1,2020-12-31
S4,DGB,True,complete monthly PIT top-100 asset-month,2021-01-31,2021-01-31,1,1,1,2021-01-31
S4,DGB,True,complete monthly PIT top-100 asset-month,2021-02-28,2021-02-28,1,1,1,2021-02-28
S4,DGB,True,complete monthly PIT top-100 asset-month,2021-03-31,2021-03-31,1,1,1,2021-03-31
S4,DGB,True,complete monthly PIT top-100 asset-month,2021-04-30,2021-04-30,1,1,1,2021-04-30
S4,DGB,True,complete monthly PIT top-100 asset-month,2021-05-31,2021-05-31,1,1,1,2021-05-31
S4,DGB,True,complete monthly PIT top-100 asset-month,2021-06-30,2021-06-30,1,1,1,2021-06-30
S4,DGB,True,complete monthly PIT top-100 asset-month,2021-07-31,2021-07-31,1,1,1,2021-07-31
S4,DGB,True,complete monthly PIT top-100 asset-month,2021-08-31,2021-08-31,1,1,1,2021-08-31
S4,DGTX,True,complete monthly PIT top-100 asset-month,2020-01-31,2020-01-31,1,1,1,2020-01-31
S4,DGTX,True,complete monthly PIT top-100 asset-month,2020-03-31,2020-03-31,1,1,1,2020-03-31
S4,DGTX,True,complete monthly PIT top-100 asset-month,2020-04-30,2020-04-30,1,1,1,2020-04-30
S4,DGTX,True,complete monthly PIT top-100 asset-month,2020-07-31,2020-07-31,1,1,1,2020-07-31
S4,DIVI,True,complete monthly PIT top-100 asset-month,2020-06-30,2020-06-30,1,1,1,2020-06-30
S4,DIVI,True,complete monthly PIT top-100 asset-month,2020-07-31,2020-07-31,1,1,1,2020-07-31
S4,DOGE,True,complete monthly PIT top-100 asset-month,2020-01-31,2020-01-31,1,1,1,2020-01-31
S4,DOGE,True,complete monthly PIT top-100 asset-month,2020-02-29,2020-02-29,1,1,1,2020-02-29
S4,DOGE,True,complete monthly PIT top-100 asset-month,2020-03-31,2020-03-31,1,1,1,2020-03-31
S4,DOGE,True,complete monthly PIT top-100 asset-month,2020-04-30,2020-04-30,1,1,1,2020-04-30
S4,DOGE,True,complete monthly PIT top-100 asset-month,2020-05-31,2020-05-31,1,1,1,2020-05-31
S4,DOGE,True,complete monthly PIT top-100 asset-month,2020-06-30,2020-06-30,1,1,1,2020-06-30
S4,DOGE,True,complete monthly PIT top-100 asset-month,2020-07-31,2020-07-31,1,1,1,2020-07-31
S4,DOGE,True,complete monthly PIT top-100 asset-month,2020-08-31,2020-08-31,1,1,1,2020-08-31
S4,DOGE,True,complete monthly PIT top-100 asset-month,2020-09-30,2020-09-30,1,1,1,2020-09-30
S4,DOGE,True,complete monthly PIT top-100 asset-month,2020-10-31,2020-10-31,1,1,1,2020-10-31
S4,DOGE,True,complete monthly PIT top-100 asset-month,2020-11-30,2020-11-30,1,1,1,2020-11-30
S4,DOGE,True,complete monthly PIT top-100 asset-month,2020-12-31,2020-12-31,1,1,1,2020-12-31
S4,DOGE,True,complete monthly PIT top-100 asset-month,2021-01-31,2021-01-31,1,1,1,2021-01-31
S4,DOGE,True,complete monthly PIT top-100 asset-month,2021-02-28,2021-02-28,1,1,1,2021-02-28
S4,DOGE,True,complete monthly PIT top-100 asset-month,2021-03-31,2021-03-31,1,1,1,2021-03-31
S4,DOGE,True,complete monthly PIT top-100 asset-month,2021-04-30,2021-04-30,1,1,1,2021-04-30
S4,DOGE,True,complete monthly PIT top-100 asset-month,2021-05-31,2021-05-31,1,1,1,2021-05-31
S4,DOGE,True,complete monthly PIT top-100 asset-month,2021-06-30,2021-06-30,1,1,1,2021-06-30
S4,DOGE,True,complete monthly PIT top-100 asset-month,2021-07-31,2021-07-31,1,1,1,2021-07-31
S4,DOGE,True,complete monthly PIT top-100 asset-month,2021-08-31,2021-08-31,1,1,1,2021-08-31
S4,DOGE,True,complete monthly PIT top-100 asset-month,2021-09-30,2021-09-30,1,1,1,2021-09-30
S4,DOGE,True,complete monthly PIT top-100 asset-month,2021-10-31,2021-10-31,1,1,1,2021-10-31
S4,DOGE,True,complete monthly PIT top-100 asset-month,2021-11-30,2021-11-30,1,1,1,2021-11-30
S4,DOGE,True,complete monthly PIT top-100 asset-month,2021-12-31,2021-12-31,1,1,1,2021-12-31
S4,DOGE,True,complete monthly PIT top-100 asset-month,2022-01-31,2022-01-31,1,1,1,2022-01-31
S4,DOGE,True,complete monthly PIT top-100 asset-month,2022-02-28,2022-02-28,1,1,1,2022-02-28
S4,DOGE,True,complete monthly PIT top-100 asset-month,2022-03-31,2022-03-31,1,1,1,2022-03-31
S4,DOGE,True,complete monthly PIT top-100 asset-month,2022-04-30,2022-04-30,1,1,1,2022-04-30
S4,DOGE,True,complete monthly PIT top-100 asset-month,2022-05-31,2022-05-31,1,1,1,2022-05-31
S4,DOGE,True,complete monthly PIT top-100 asset-month,2022-06-30,2022-06-30,1,1,1,2022-06-30
S4,DOGE,True,complete monthly PIT top-100 asset-month,2022-07-31,2022-07-31,1,1,1,2022-07-31
S4,DOGE,True,complete monthly PIT top-100 asset-month,2022-08-31,2022-08-31,1,1,1,2022-08-31
S4,DOGE,True,complete monthly PIT top-100 asset-month,2022-09-30,2022-09-30,1,1,1,2022-09-30
S4,DOGE,True,complete monthly PIT top-100 asset-month,2022-10-31,2022-10-31,1,1,1,2022-10-31
S4,DOGE,True,complete monthly PIT top-100 asset-month,2022-11-30,2022-11-30,1,1,1,2022-11-30
S4,DOGE,True,complete monthly PIT top-100 asset-month,2022-12-31,2022-12-31,1,1,1,2022-12-31
S4,DOGE,True,complete monthly PIT top-100 asset-month,2023-01-31,2023-01-31,1,1,1,2023-01-31
S4,DOGE,True,complete monthly PIT top-100 asset-month,2023-02-28,2023-02-28,1,1,1,2023-02-28
S4,DOGE,True,complete monthly PIT top-100 asset-month,2023-03-31,2023-03-31,1,1,1,2023-03-31
S4,DOGE,True,complete monthly PIT top-100 asset-month,2023-04-30,2023-04-30,1,1,1,2023-04-30
S4,DOGE,True,complete monthly PIT top-100 asset-month,2023-05-31,2023-05-31,1,1,1,2023-05-31
S4,DOGE,True,complete monthly PIT top-100 asset-month,2023-06-30,2023-06-30,1,1,1,2023-06-30
S4,DOGE,True,complete monthly PIT top-100 asset-month,2023-07-31,2023-07-31,1,1,1,2023-07-31
S4,DOGE,True,complete monthly PIT top-100 asset-month,2023-08-31,2023-08-31,1,1,1,2023-08-31
S4,DOGE,True,complete monthly PIT top-100 asset-month,2023-09-30,2023-09-30,1,1,1,2023-09-30
S4,DOGE,True,complete monthly PIT top-100 asset-month,2023-10-31,2023-10-31,1,1,1,2023-10-31
S4,DOGE,True,complete monthly PIT top-100 asset-month,2023-11-30,2023-11-30,1,1,1,2023-11-30
S4,DOGE,True,complete monthly PIT top-100 asset-month,2023-12-31,2023-12-31,1,1,1,2023-12-31
S4,DOGE,True,complete monthly PIT top-100 asset-month,2024-01-31,2024-01-31,1,1,1,2024-01-31
S4,DOGE,True,complete monthly PIT top-100 asset-month,2024-02-29,2024-02-29,1,1,1,2024-02-29
S4,DOGE,True,complete monthly PIT top-100 asset-month,2024-03-31,2024-03-31,1,1,1,2024-03-31
S4,DOGE,True,complete monthly PIT top-100 asset-month,2024-04-30,2024-04-30,1,1,1,2024-04-30
S4,DOGE,True,complete monthly PIT top-100 asset-month,2024-05-31,2024-05-31,1,1,1,2024-05-31
S4,DOGE,True,complete monthly PIT top-100 asset-month,2024-06-30,2024-06-30,1,1,1,2024-06-30
S4,DOGE,True,complete monthly PIT top-100 asset-month,2024-07-31,2024-07-31,1,1,1,2024-07-31
S4,DOGE,True,complete monthly PIT top-100 asset-month,2024-08-31,2024-08-31,1,1,1,2024-08-31
S4,DOGE,True,complete monthly PIT top-100 asset-month,2024-09-30,2024-09-30,1,1,1,2024-09-30
S4,DOGE,True,complete monthly PIT top-100 asset-month,2024-10-31,2024-10-31,1,1,1,2024-10-31
S4,DOGE,True,complete monthly PIT top-100 asset-month,2024-11-30,2024-11-30,1,1,1,2024-11-30
S4,DOGE,True,complete monthly PIT top-100 asset-month,2024-12-31,2024-12-31,1,1,1,2024-12-31
S4,DOGE,True,complete monthly PIT top-100 asset-month,2025-01-31,2025-01-31,1,1,1,2025-01-31
S4,DOGE,True,complete monthly PIT top-100 asset-month,2025-02-28,2025-02-28,1,1,1,2025-02-28
S4,DOGE,True,complete monthly PIT top-100 asset-month,2025-03-31,2025-03-31,1,1,1,2025-03-31
S4,DOGE,True,complete monthly PIT top-100 asset-month,2025-04-30,2025-04-30,1,1,1,2025-04-30
S4,DOGE,True,complete monthly PIT top-100 asset-month,2025-05-31,2025-05-31,1,1,1,2025-05-31
S4,DOGE,True,complete monthly PIT top-100 asset-month,2025-06-30,2025-06-30,1,1,1,2025-06-30
S4,DOGE,True,complete monthly PIT top-100 asset-month,2025-07-31,2025-07-31,1,1,1,2025-07-31
S4,DOGE,True,complete monthly PIT top-100 asset-month,2025-08-31,2025-08-31,1,1,1,2025-08-31
S4,DOGE,True,complete monthly PIT top-100 asset-month,2025-09-30,2025-09-30,1,1,1,2025-09-30
S4,DOGE,True,complete monthly PIT top-100 asset-month,2025-10-31,2025-10-31,1,1,1,2025-10-31
S4,DOGE,True,complete monthly PIT top-100 asset-month,2025-11-30,2025-11-30,1,1,1,2025-11-30
S4,DOGE,True,complete monthly PIT top-100 asset-month,2025-12-31,2025-12-31,1,1,1,2025-12-31
S4,DOGE,True,complete monthly PIT top-100 asset-month,2026-01-31,2026-01-31,1,1,1,2026-01-31
S4,DOGE,True,complete monthly PIT top-100 asset-month,2026-02-28,2026-02-28,1,1,1,2026-02-28
S4,DOGE,True,complete monthly PIT top-100 asset-month,2026-03-31,2026-03-31,1,1,1,2026-03-31
S4,DOGE,True,complete monthly PIT top-100 asset-month,2026-04-30,2026-04-30,1,1,1,2026-04-30
S4,DOGE,True,complete monthly PIT top-100 asset-month,2026-05-31,2026-05-31,1,1,1,2026-05-31
S4,DOME,True,complete monthly PIT top-100 asset-month,2022-05-31,2022-05-31,1,1,1,2022-05-31
S4,DOT,True,complete monthly PIT top-100 asset-month,2020-08-31,2020-08-31,1,1,1,2020-08-31
S4,DOT,True,complete monthly PIT top-100 asset-month,2020-09-30,2020-09-30,1,1,1,2020-09-30
S4,DOT,True,complete monthly PIT top-100 asset-month,2020-10-31,2020-10-31,1,1,1,2020-10-31
S4,DOT,True,complete monthly PIT top-100 asset-month,2020-11-30,2020-11-30,1,1,1,2020-11-30
S4,DOT,True,complete monthly PIT top-100 asset-month,2020-12-31,2020-12-31,1,1,1,2020-12-31
S4,DOT,True,complete monthly PIT top-100 asset-month,2021-01-31,2021-01-31,1,1,1,2021-01-31
S4,DOT,True,complete monthly PIT top-100 asset-month,2021-02-28,2021-02-28,1,1,1,2021-02-28
S4,DOT,True,complete monthly PIT top-100 asset-month,2021-03-31,2021-03-31,1,1,1,2021-03-31
S4,DOT,True,complete monthly PIT top-100 asset-month,2021-04-30,2021-04-30,1,1,1,2021-04-30
S4,DOT,True,complete monthly PIT top-100 asset-month,2021-05-31,2021-05-31,1,1,1,2021-05-31
S4,DOT,True,complete monthly PIT top-100 asset-month,2021-06-30,2021-06-30,1,1,1,2021-06-30
S4,DOT,True,complete monthly PIT top-100 asset-month,2021-07-31,2021-07-31,1,1,1,2021-07-31
S4,DOT,True,complete monthly PIT top-100 asset-month,2021-08-31,2021-08-31,1,1,1,2021-08-31
S4,DOT,True,complete monthly PIT top-100 asset-month,2021-09-30,2021-09-30,1,1,1,2021-09-30
S4,DOT,True,complete monthly PIT top-100 asset-month,2021-10-31,2021-10-31,1,1,1,2021-10-31
S4,DOT,True,complete monthly PIT top-100 asset-month,2021-11-30,2021-11-30,1,1,1,2021-11-30
S4,DOT,True,complete monthly PIT top-100 asset-month,2021-12-31,2021-12-31,1,1,1,2021-12-31
S4,DOT,True,complete monthly PIT top-100 asset-month,2022-01-31,2022-01-31,1,1,1,2022-01-31
S4,DOT,True,complete monthly PIT top-100 asset-month,2022-02-28,2022-02-28,1,1,1,2022-02-28
S4,DOT,True,complete monthly PIT top-100 asset-month,2022-03-31,2022-03-31,1,1,1,2022-03-31
S4,DOT,True,complete monthly PIT top-100 asset-month,2022-04-30,2022-04-30,1,1,1,2022-04-30
S4,DOT,True,complete monthly PIT top-100 asset-month,2022-05-31,2022-05-31,1,1,1,2022-05-31
S4,DOT,True,complete monthly PIT top-100 asset-month,2022-06-30,2022-06-30,1,1,1,2022-06-30
S4,DOT,True,complete monthly PIT top-100 asset-month,2022-07-31,2022-07-31,1,1,1,2022-07-31
S4,DOT,True,complete monthly PIT top-100 asset-month,2022-08-31,2022-08-31,1,1,1,2022-08-31
S4,DOT,True,complete monthly PIT top-100 asset-month,2022-09-30,2022-09-30,1,1,1,2022-09-30
S4,DOT,True,complete monthly PIT top-100 asset-month,2022-10-31,2022-10-31,1,1,1,2022-10-31
S4,DOT,True,complete monthly PIT top-100 asset-month,2022-11-30,2022-11-30,1,1,1,2022-11-30
S4,DOT,True,complete monthly PIT top-100 asset-month,2022-12-31,2022-12-31,1,1,1,2022-12-31
S4,DOT,True,complete monthly PIT top-100 asset-month,2023-01-31,2023-01-31,1,1,1,2023-01-31
S4,DOT,True,complete monthly PIT top-100 asset-month,2023-02-28,2023-02-28,1,1,1,2023-02-28
S4,DOT,True,complete monthly PIT top-100 asset-month,2023-03-31,2023-03-31,1,1,1,2023-03-31
S4,DOT,True,complete monthly PIT top-100 asset-month,2023-04-30,2023-04-30,1,1,1,2023-04-30
S4,DOT,True,complete monthly PIT top-100 asset-month,2023-05-31,2023-05-31,1,1,1,2023-05-31
S4,DOT,True,complete monthly PIT top-100 asset-month,2023-06-30,2023-06-30,1,1,1,2023-06-30
S4,DOT,True,complete monthly PIT top-100 asset-month,2023-07-31,2023-07-31,1,1,1,2023-07-31
S4,DOT,True,complete monthly PIT top-100 asset-month,2023-08-31,2023-08-31,1,1,1,2023-08-31
S4,DOT,True,complete monthly PIT top-100 asset-month,2023-09-30,2023-09-30,1,1,1,2023-09-30
S4,DOT,True,complete monthly PIT top-100 asset-month,2023-10-31,2023-10-31,1,1,1,2023-10-31
S4,DOT,True,complete monthly PIT top-100 asset-month,2023-11-30,2023-11-30,1,1,1,2023-11-30
S4,DOT,True,complete monthly PIT top-100 asset-month,2023-12-31,2023-12-31,1,1,1,2023-12-31
S4,DOT,True,complete monthly PIT top-100 asset-month,2024-01-31,2024-01-31,1,1,1,2024-01-31
S4,DOT,True,complete monthly PIT top-100 asset-month,2024-02-29,2024-02-29,1,1,1,2024-02-29
S4,DOT,True,complete monthly PIT top-100 asset-month,2024-03-31,2024-03-31,1,1,1,2024-03-31
S4,DOT,True,complete monthly PIT top-100 asset-month,2024-04-30,2024-04-30,1,1,1,2024-04-30
S4,DOT,True,complete monthly PIT top-100 asset-month,2024-05-31,2024-05-31,1,1,1,2024-05-31
S4,DOT,True,complete monthly PIT top-100 asset-month,2024-06-30,2024-06-30,1,1,1,2024-06-30
S4,DOT,True,complete monthly PIT top-100 asset-month,2024-07-31,2024-07-31,1,1,1,2024-07-31
S4,DOT,True,complete monthly PIT top-100 asset-month,2024-08-31,2024-08-31,1,1,1,2024-08-31
S4,DOT,True,complete monthly PIT top-100 asset-month,2024-09-30,2024-09-30,1,1,1,2024-09-30
S4,DOT,True,complete monthly PIT top-100 asset-month,2024-10-31,2024-10-31,1,1,1,2024-10-31
S4,DOT,True,complete monthly PIT top-100 asset-month,2024-11-30,2024-11-30,1,1,1,2024-11-30
S4,DOT,True,complete monthly PIT top-100 asset-month,2024-12-31,2024-12-31,1,1,1,2024-12-31
S4,DOT,True,complete monthly PIT top-100 asset-month,2025-01-31,2025-01-31,1,1,1,2025-01-31
S4,DOT,True,complete monthly PIT top-100 asset-month,2025-02-28,2025-02-28,1,1,1,2025-02-28
S4,DOT,True,complete monthly PIT top-100 asset-month,2025-03-31,2025-03-31,1,1,1,2025-03-31
S4,DOT,True,complete monthly PIT top-100 asset-month,2025-04-30,2025-04-30,1,1,1,2025-04-30
S4,DOT,True,complete monthly PIT top-100 asset-month,2025-05-31,2025-05-31,1,1,1,2025-05-31
S4,DOT,True,complete monthly PIT top-100 asset-month,2025-06-30,2025-06-30,1,1,1,2025-06-30
S4,DOT,True,complete monthly PIT top-100 asset-month,2025-07-31,2025-07-31,1,1,1,2025-07-31
S4,DOT,True,complete monthly PIT top-100 asset-month,2025-08-31,2025-08-31,1,1,1,2025-08-31
S4,DOT,True,complete monthly PIT top-100 asset-month,2025-09-30,2025-09-30,1,1,1,2025-09-30
S4,DOT,True,complete monthly PIT top-100 asset-month,2025-10-31,2025-10-31,1,1,1,2025-10-31
S4,DOT,True,complete monthly PIT top-100 asset-month,2025-11-30,2025-11-30,1,1,1,2025-11-30
S4,DOT,True,complete monthly PIT top-100 asset-month,2025-12-31,2025-12-31,1,1,1,2025-12-31
S4,DOT,True,complete monthly PIT top-100 asset-month,2026-01-31,2026-01-31,1,1,1,2026-01-31
S4,DOT,True,complete monthly PIT top-100 asset-month,2026-02-28,2026-02-28,1,1,1,2026-02-28
S4,DOT,True,complete monthly PIT top-100 asset-month,2026-03-31,2026-03-31,1,1,1,2026-03-31
S4,DOT,True,complete monthly PIT top-100 asset-month,2026-04-30,2026-04-30,1,1,1,2026-04-30
S4,DOT,True,complete monthly PIT top-100 asset-month,2026-05-31,2026-05-31,1,1,1,2026-05-31
S4,DX,True,complete monthly PIT top-100 asset-month,2020-01-31,2020-01-31,1,1,1,2020-01-31
S4,DX,True,complete monthly PIT top-100 asset-month,2020-02-29,2020-02-29,1,1,1,2020-02-29
S4,DX,True,complete monthly PIT top-100 asset-month,2020-03-31,2020-03-31,1,1,1,2020-03-31
S4,DX,True,complete monthly PIT top-100 asset-month,2020-04-30,2020-04-30,1,1,1,2020-04-30
S4,DX,True,complete monthly PIT top-100 asset-month,2020-05-31,2020-05-31,1,1,1,2020-05-31
S4,DX,True,complete monthly PIT top-100 asset-month,2020-06-30,2020-06-30,1,1,1,2020-06-30
S4,DX,True,complete monthly PIT top-100 asset-month,2020-07-31,2020-07-31,1,1,1,2020-07-31
S4,DX,True,complete monthly PIT top-100 asset-month,2020-09-30,2020-09-30,1,1,1,2020-09-30
S4,DYDX,True,complete monthly PIT top-100 asset-month,2024-01-31,2024-01-31,1,1,1,2024-01-31
S4,DYDX,True,complete monthly PIT top-100 asset-month,2024-02-29,2024-02-29,1,1,1,2024-02-29
S4,DYDX,True,complete monthly PIT top-100 asset-month,2024-03-31,2024-03-31,1,1,1,2024-03-31
S4,DYDX,True,complete monthly PIT top-100 asset-month,2024-04-30,2024-04-30,1,1,1,2024-04-30
S4,DYDX,True,complete monthly PIT top-100 asset-month,2024-05-31,2024-05-31,1,1,1,2024-05-31
S4,DYDX,True,complete monthly PIT top-100 asset-month,2024-06-30,2024-06-30,1,1,1,2024-06-30
S4,DYDX,True,complete monthly PIT top-100 asset-month,2024-07-31,2024-07-31,1,1,1,2024-07-31
S4,EETH,True,complete monthly PIT top-100 asset-month,2024-03-31,2024-03-31,1,1,1,2024-03-31
S4,EETH,True,complete monthly PIT top-100 asset-month,2024-04-30,2024-04-30,1,1,1,2024-04-30
S4,EETH,True,complete monthly PIT top-100 asset-month,2024-06-30,2024-06-30,1,1,1,2024-06-30
S4,EETH,True,complete monthly PIT top-100 asset-month,2024-07-31,2024-07-31,1,1,1,2024-07-31
S4,EETH,True,complete monthly PIT top-100 asset-month,2024-08-31,2024-08-31,1,1,1,2024-08-31
S4,EETH,True,complete monthly PIT top-100 asset-month,2024-09-30,2024-09-30,1,1,1,2024-09-30
S4,EETH,True,complete monthly PIT top-100 asset-month,2024-10-31,2024-10-31,1,1,1,2024-10-31
S4,EGLD,True,complete monthly PIT top-100 asset-month,2020-09-30,2020-09-30,1,1,1,2020-09-30
S4,EGLD,True,complete monthly PIT top-100 asset-month,2020-10-31,2020-10-31,1,1,1,2020-10-31
S4,EGLD,True,complete monthly PIT top-100 asset-month,2020-11-30,2020-11-30,1,1,1,2020-11-30
S4,EGLD,True,complete monthly PIT top-100 asset-month,2020-12-31,2020-12-31,1,1,1,2020-12-31
S4,EGLD,True,complete monthly PIT top-100 asset-month,2021-01-31,2021-01-31,1,1,1,2021-01-31
S4,EGLD,True,complete monthly PIT top-100 asset-month,2021-02-28,2021-02-28,1,1,1,2021-02-28
S4,EGLD,True,complete monthly PIT top-100 asset-month,2021-03-31,2021-03-31,1,1,1,2021-03-31
S4,EGLD,True,complete monthly PIT top-100 asset-month,2021-04-30,2021-04-30,1,1,1,2021-04-30
S4,EGLD,True,complete monthly PIT top-100 asset-month,2021-05-31,2021-05-31,1,1,1,2021-05-31
S4,EGLD,True,complete monthly PIT top-100 asset-month,2021-06-30,2021-06-30,1,1,1,2021-06-30
S4,EGLD,True,complete monthly PIT top-100 asset-month,2021-07-31,2021-07-31,1,1,1,2021-07-31
S4,EGLD,True,complete monthly PIT top-100 asset-month,2021-08-31,2021-08-31,1,1,1,2021-08-31
S4,EGLD,True,complete monthly PIT top-100 asset-month,2021-09-30,2021-09-30,1,1,1,2021-09-30
S4,EGLD,True,complete monthly PIT top-100 asset-month,2021-10-31,2021-10-31,1,1,1,2021-10-31
S4,EGLD,True,complete monthly PIT top-100 asset-month,2021-11-30,2021-11-30,1,1,1,2021-11-30
S4,EGLD,True,complete monthly PIT top-100 asset-month,2021-12-31,2021-12-31,1,1,1,2021-12-31
S4,EGLD,True,complete monthly PIT top-100 asset-month,2022-01-31,2022-01-31,1,1,1,2022-01-31
S4,EGLD,True,complete monthly PIT top-100 asset-month,2022-02-28,2022-02-28,1,1,1,2022-02-28
S4,EGLD,True,complete monthly PIT top-100 asset-month,2022-03-31,2022-03-31,1,1,1,2022-03-31
S4,EGLD,True,complete monthly PIT top-100 asset-month,2022-04-30,2022-04-30,1,1,1,2022-04-30
S4,EGLD,True,complete monthly PIT top-100 asset-month,2022-05-31,2022-05-31,1,1,1,2022-05-31
S4,EGLD,True,complete monthly PIT top-100 asset-month,2022-06-30,2022-06-30,1,1,1,2022-06-30
S4,EGLD,True,complete monthly PIT top-100 asset-month,2022-07-31,2022-07-31,1,1,1,2022-07-31
S4,EGLD,True,complete monthly PIT top-100 asset-month,2022-08-31,2022-08-31,1,1,1,2022-08-31
S4,EGLD,True,complete monthly PIT top-100 asset-month,2022-09-30,2022-09-30,1,1,1,2022-09-30
S4,EGLD,True,complete monthly PIT top-100 asset-month,2022-10-31,2022-10-31,1,1,1,2022-10-31
S4,EGLD,True,complete monthly PIT top-100 asset-month,2022-11-30,2022-11-30,1,1,1,2022-11-30
S4,EGLD,True,complete monthly PIT top-100 asset-month,2022-12-31,2022-12-31,1,1,1,2022-12-31
S4,EGLD,True,complete monthly PIT top-100 asset-month,2023-01-31,2023-01-31,1,1,1,2023-01-31
S4,EGLD,True,complete monthly PIT top-100 asset-month,2023-02-28,2023-02-28,1,1,1,2023-02-28
S4,EGLD,True,complete monthly PIT top-100 asset-month,2023-03-31,2023-03-31,1,1,1,2023-03-31
S4,EGLD,True,complete monthly PIT top-100 asset-month,2023-04-30,2023-04-30,1,1,1,2023-04-30
S4,EGLD,True,complete monthly PIT top-100 asset-month,2023-05-31,2023-05-31,1,1,1,2023-05-31
S4,EGLD,True,complete monthly PIT top-100 asset-month,2023-06-30,2023-06-30,1,1,1,2023-06-30
S4,EGLD,True,complete monthly PIT top-100 asset-month,2023-07-31,2023-07-31,1,1,1,2023-07-31
S4,EGLD,True,complete monthly PIT top-100 asset-month,2023-08-31,2023-08-31,1,1,1,2023-08-31
S4,EGLD,True,complete monthly PIT top-100 asset-month,2023-09-30,2023-09-30,1,1,1,2023-09-30
S4,EGLD,True,complete monthly PIT top-100 asset-month,2023-10-31,2023-10-31,1,1,1,2023-10-31
S4,EGLD,True,complete monthly PIT top-100 asset-month,2023-11-30,2023-11-30,1,1,1,2023-11-30
S4,EGLD,True,complete monthly PIT top-100 asset-month,2023-12-31,2023-12-31,1,1,1,2023-12-31
S4,EGLD,True,complete monthly PIT top-100 asset-month,2024-01-31,2024-01-31,1,1,1,2024-01-31
S4,EGLD,True,complete monthly PIT top-100 asset-month,2024-02-29,2024-02-29,1,1,1,2024-02-29
S4,EGLD,True,complete monthly PIT top-100 asset-month,2024-03-31,2024-03-31,1,1,1,2024-03-31
S4,EGLD,True,complete monthly PIT top-100 asset-month,2024-04-30,2024-04-30,1,1,1,2024-04-30
S4,EGLD,True,complete monthly PIT top-100 asset-month,2024-05-31,2024-05-31,1,1,1,2024-05-31
S4,EGLD,True,complete monthly PIT top-100 asset-month,2024-06-30,2024-06-30,1,1,1,2024-06-30
S4,EGLD,True,complete monthly PIT top-100 asset-month,2024-07-31,2024-07-31,1,1,1,2024-07-31
S4,EGLD,True,complete monthly PIT top-100 asset-month,2024-08-31,2024-08-31,1,1,1,2024-08-31
S4,ELF,True,complete monthly PIT top-100 asset-month,2020-01-31,2020-01-31,1,1,1,2020-01-31
S4,ELF,True,complete monthly PIT top-100 asset-month,2020-02-29,2020-02-29,1,1,1,2020-02-29
S4,ELF,True,complete monthly PIT top-100 asset-month,2020-03-31,2020-03-31,1,1,1,2020-03-31
S4,ELON,True,complete monthly PIT top-100 asset-month,2021-10-31,2021-10-31,1,1,1,2021-10-31
S4,EMAID,True,complete monthly PIT top-100 asset-month,2020-01-31,2020-01-31,1,1,1,2020-01-31
S4,EMAID,True,complete monthly PIT top-100 asset-month,2020-02-29,2020-02-29,1,1,1,2020-02-29
S4,EMAID,True,complete monthly PIT top-100 asset-month,2020-04-30,2020-04-30,1,1,1,2020-04-30
S4,EMAID,True,complete monthly PIT top-100 asset-month,2020-05-31,2020-05-31,1,1,1,2020-05-31
S4,EMAID,True,complete monthly PIT top-100 asset-month,2020-12-31,2020-12-31,1,1,1,2020-12-31
S4,ENA,True,complete monthly PIT top-100 asset-month,2024-04-30,2024-04-30,1,1,1,2024-04-30
S4,ENA,True,complete monthly PIT top-100 asset-month,2024-05-31,2024-05-31,1,1,1,2024-05-31
S4,ENA,True,complete monthly PIT top-100 asset-month,2024-06-30,2024-06-30,1,1,1,2024-06-30
S4,ENA,True,complete monthly PIT top-100 asset-month,2024-10-31,2024-10-31,1,1,1,2024-10-31
S4,ENA,True,complete monthly PIT top-100 asset-month,2024-11-30,2024-11-30,1,1,1,2024-11-30
S4,ENA,True,complete monthly PIT top-100 asset-month,2024-12-31,2024-12-31,1,1,1,2024-12-31
S4,ENA,True,complete monthly PIT top-100 asset-month,2025-01-31,2025-01-31,1,1,1,2025-01-31
S4,ENA,True,complete monthly PIT top-100 asset-month,2025-02-28,2025-02-28,1,1,1,2025-02-28
S4,ENA,True,complete monthly PIT top-100 asset-month,2025-03-31,2025-03-31,1,1,1,2025-03-31
S4,ENA,True,complete monthly PIT top-100 asset-month,2025-04-30,2025-04-30,1,1,1,2025-04-30
S4,ENA,True,complete monthly PIT top-100 asset-month,2025-05-31,2025-05-31,1,1,1,2025-05-31
S4,ENA,True,complete monthly PIT top-100 asset-month,2025-06-30,2025-06-30,1,1,1,2025-06-30
S4,ENA,True,complete monthly PIT top-100 asset-month,2025-07-31,2025-07-31,1,1,1,2025-07-31
S4,ENA,True,complete monthly PIT top-100 asset-month,2025-08-31,2025-08-31,1,1,1,2025-08-31
S4,ENA,True,complete monthly PIT top-100 asset-month,2025-09-30,2025-09-30,1,1,1,2025-09-30
S4,ENA,True,complete monthly PIT top-100 asset-month,2025-10-31,2025-10-31,1,1,1,2025-10-31
S4,ENA,True,complete monthly PIT top-100 asset-month,2025-11-30,2025-11-30,1,1,1,2025-11-30
S4,ENA,True,complete monthly PIT top-100 asset-month,2025-12-31,2025-12-31,1,1,1,2025-12-31
S4,ENA,True,complete monthly PIT top-100 asset-month,2026-01-31,2026-01-31,1,1,1,2026-01-31
S4,ENA,True,complete monthly PIT top-100 asset-month,2026-02-28,2026-02-28,1,1,1,2026-02-28
S4,ENA,True,complete monthly PIT top-100 asset-month,2026-04-30,2026-04-30,1,1,1,2026-04-30
S4,ENJ,True,complete monthly PIT top-100 asset-month,2020-01-31,2020-01-31,1,1,1,2020-01-31
S4,ENJ,True,complete monthly PIT top-100 asset-month,2020-02-29,2020-02-29,1,1,1,2020-02-29
S4,ENJ,True,complete monthly PIT top-100 asset-month,2020-03-31,2020-03-31,1,1,1,2020-03-31
S4,ENJ,True,complete monthly PIT top-100 asset-month,2020-04-30,2020-04-30,1,1,1,2020-04-30
S4,ENJ,True,complete monthly PIT top-100 asset-month,2020-05-31,2020-05-31,1,1,1,2020-05-31
S4,ENJ,True,complete monthly PIT top-100 asset-month,2020-06-30,2020-06-30,1,1,1,2020-06-30
S4,ENJ,True,complete monthly PIT top-100 asset-month,2020-07-31,2020-07-31,1,1,1,2020-07-31
S4,ENJ,True,complete monthly PIT top-100 asset-month,2020-08-31,2020-08-31,1,1,1,2020-08-31
S4,ENJ,True,complete monthly PIT top-100 asset-month,2020-09-30,2020-09-30,1,1,1,2020-09-30
S4,ENJ,True,complete monthly PIT top-100 asset-month,2020-10-31,2020-10-31,1,1,1,2020-10-31
S4,ENJ,True,complete monthly PIT top-100 asset-month,2020-11-30,2020-11-30,1,1,1,2020-11-30
S4,ENJ,True,complete monthly PIT top-100 asset-month,2021-01-31,2021-01-31,1,1,1,2021-01-31
S4,ENJ,True,complete monthly PIT top-100 asset-month,2021-02-28,2021-02-28,1,1,1,2021-02-28
S4,ENJ,True,complete monthly PIT top-100 asset-month,2021-03-31,2021-03-31,1,1,1,2021-03-31
S4,ENJ,True,complete monthly PIT top-100 asset-month,2021-04-30,2021-04-30,1,1,1,2021-04-30
S4,ENJ,True,complete monthly PIT top-100 asset-month,2021-05-31,2021-05-31,1,1,1,2021-05-31
S4,ENJ,True,complete monthly PIT top-100 asset-month,2021-06-30,2021-06-30,1,1,1,2021-06-30
S4,ENJ,True,complete monthly PIT top-100 asset-month,2021-07-31,2021-07-31,1,1,1,2021-07-31
S4,ENJ,True,complete monthly PIT top-100 asset-month,2021-08-31,2021-08-31,1,1,1,2021-08-31
S4,ENJ,True,complete monthly PIT top-100 asset-month,2021-09-30,2021-09-30,1,1,1,2021-09-30
S4,ENJ,True,complete monthly PIT top-100 asset-month,2021-10-31,2021-10-31,1,1,1,2021-10-31
S4,ENJ,True,complete monthly PIT top-100 asset-month,2021-11-30,2021-11-30,1,1,1,2021-11-30
S4,ENJ,True,complete monthly PIT top-100 asset-month,2021-12-31,2021-12-31,1,1,1,2021-12-31
S4,ENJ,True,complete monthly PIT top-100 asset-month,2022-01-31,2022-01-31,1,1,1,2022-01-31
S4,ENJ,True,complete monthly PIT top-100 asset-month,2022-02-28,2022-02-28,1,1,1,2022-02-28
S4,ENJ,True,complete monthly PIT top-100 asset-month,2022-03-31,2022-03-31,1,1,1,2022-03-31
S4,ENJ,True,complete monthly PIT top-100 asset-month,2022-04-30,2022-04-30,1,1,1,2022-04-30
S4,ENJ,True,complete monthly PIT top-100 asset-month,2022-05-31,2022-05-31,1,1,1,2022-05-31
S4,ENJ,True,complete monthly PIT top-100 asset-month,2022-06-30,2022-06-30,1,1,1,2022-06-30
S4,ENJ,True,complete monthly PIT top-100 asset-month,2022-07-31,2022-07-31,1,1,1,2022-07-31
S4,ENJ,True,complete monthly PIT top-100 asset-month,2022-08-31,2022-08-31,1,1,1,2022-08-31
S4,ENJ,True,complete monthly PIT top-100 asset-month,2022-09-30,2022-09-30,1,1,1,2022-09-30
S4,ENJ,True,complete monthly PIT top-100 asset-month,2022-10-31,2022-10-31,1,1,1,2022-10-31
S4,ENJ,True,complete monthly PIT top-100 asset-month,2023-01-31,2023-01-31,1,1,1,2023-01-31
S4,ENJ,True,complete monthly PIT top-100 asset-month,2023-02-28,2023-02-28,1,1,1,2023-02-28
S4,ENS,True,complete monthly PIT top-100 asset-month,2021-11-30,2021-11-30,1,1,1,2021-11-30
S4,ENS,True,complete monthly PIT top-100 asset-month,2022-09-30,2022-09-30,1,1,1,2022-09-30
S4,ENS,True,complete monthly PIT top-100 asset-month,2022-10-31,2022-10-31,1,1,1,2022-10-31
S4,ENS,True,complete monthly PIT top-100 asset-month,2022-11-30,2022-11-30,1,1,1,2022-11-30
S4,ENS,True,complete monthly PIT top-100 asset-month,2022-12-31,2022-12-31,1,1,1,2022-12-31
S4,ENS,True,complete monthly PIT top-100 asset-month,2023-01-31,2023-01-31,1,1,1,2023-01-31
S4,ENS,True,complete monthly PIT top-100 asset-month,2024-06-30,2024-06-30,1,1,1,2024-06-30
S4,ENS,True,complete monthly PIT top-100 asset-month,2024-07-31,2024-07-31,1,1,1,2024-07-31
S4,EOS,True,complete monthly PIT top-100 asset-month,2020-01-31,2020-01-31,1,1,1,2020-01-31
S4,EOS,True,complete monthly PIT top-100 asset-month,2020-02-29,2020-02-29,1,1,1,2020-02-29
S4,EOS,True,complete monthly PIT top-100 asset-month,2020-03-31,2020-03-31,1,1,1,2020-03-31
S4,EOS,True,complete monthly PIT top-100 asset-month,2020-04-30,2020-04-30,1,1,1,2020-04-30
S4,EOS,True,complete monthly PIT top-100 asset-month,2020-05-31,2020-05-31,1,1,1,2020-05-31
S4,EOS,True,complete monthly PIT top-100 asset-month,2020-06-30,2020-06-30,1,1,1,2020-06-30
S4,EOS,True,complete monthly PIT top-100 asset-month,2020-07-31,2020-07-31,1,1,1,2020-07-31
S4,EOS,True,complete monthly PIT top-100 asset-month,2020-08-31,2020-08-31,1,1,1,2020-08-31
S4,EOS,True,complete monthly PIT top-100 asset-month,2020-09-30,2020-09-30,1,1,1,2020-09-30
S4,EOS,True,complete monthly PIT top-100 asset-month,2020-10-31,2020-10-31,1,1,1,2020-10-31
S4,EOS,True,complete monthly PIT top-100 asset-month,2020-11-30,2020-11-30,1,1,1,2020-11-30
S4,EOS,True,complete monthly PIT top-100 asset-month,2020-12-31,2020-12-31,1,1,1,2020-12-31
S4,EOS,True,complete monthly PIT top-100 asset-month,2021-01-31,2021-01-31,1,1,1,2021-01-31
S4,EOS,True,complete monthly PIT top-100 asset-month,2021-02-28,2021-02-28,1,1,1,2021-02-28
S4,EOS,True,complete monthly PIT top-100 asset-month,2021-03-31,2021-03-31,1,1,1,2021-03-31
S4,EOS,True,complete monthly PIT top-100 asset-month,2021-04-30,2021-04-30,1,1,1,2021-04-30
S4,EOS,True,complete monthly PIT top-100 asset-month,2021-05-31,2021-05-31,1,1,1,2021-05-31
S4,EOS,True,complete monthly PIT top-100 asset-month,2021-06-30,2021-06-30,1,1,1,2021-06-30
S4,EOS,True,complete monthly PIT top-100 asset-month,2021-07-31,2021-07-31,1,1,1,2021-07-31
S4,EOS,True,complete monthly PIT top-100 asset-month,2021-08-31,2021-08-31,1,1,1,2021-08-31
S4,EOS,True,complete monthly PIT top-100 asset-month,2021-09-30,2021-09-30,1,1,1,2021-09-30
S4,EOS,True,complete monthly PIT top-100 asset-month,2021-10-31,2021-10-31,1,1,1,2021-10-31
S4,EOS,True,complete monthly PIT top-100 asset-month,2021-11-30,2021-11-30,1,1,1,2021-11-30
S4,EOS,True,complete monthly PIT top-100 asset-month,2021-12-31,2021-12-31,1,1,1,2021-12-31
S4,EOS,True,complete monthly PIT top-100 asset-month,2022-01-31,2022-01-31,1,1,1,2022-01-31
S4,EOS,True,complete monthly PIT top-100 asset-month,2022-02-28,2022-02-28,1,1,1,2022-02-28
S4,EOS,True,complete monthly PIT top-100 asset-month,2022-03-31,2022-03-31,1,1,1,2022-03-31
S4,EOS,True,complete monthly PIT top-100 asset-month,2022-04-30,2022-04-30,1,1,1,2022-04-30
S4,EOS,True,complete monthly PIT top-100 asset-month,2022-05-31,2022-05-31,1,1,1,2022-05-31
S4,EOS,True,complete monthly PIT top-100 asset-month,2022-06-30,2022-06-30,1,1,1,2022-06-30
S4,EOS,True,complete monthly PIT top-100 asset-month,2022-07-31,2022-07-31,1,1,1,2022-07-31
S4,EOS,True,complete monthly PIT top-100 asset-month,2022-08-31,2022-08-31,1,1,1,2022-08-31
S4,EOS,True,complete monthly PIT top-100 asset-month,2022-09-30,2022-09-30,1,1,1,2022-09-30
S4,EOS,True,complete monthly PIT top-100 asset-month,2022-10-31,2022-10-31,1,1,1,2022-10-31
S4,EOS,True,complete monthly PIT top-100 asset-month,2022-11-30,2022-11-30,1,1,1,2022-11-30
S4,EOS,True,complete monthly PIT top-100 asset-month,2022-12-31,2022-12-31,1,1,1,2022-12-31
S4,EOS,True,complete monthly PIT top-100 asset-month,2023-01-31,2023-01-31,1,1,1,2023-01-31
S4,EOS,True,complete monthly PIT top-100 asset-month,2023-02-28,2023-02-28,1,1,1,2023-02-28
S4,EOS,True,complete monthly PIT top-100 asset-month,2023-03-31,2023-03-31,1,1,1,2023-03-31
S4,EOS,True,complete monthly PIT top-100 asset-month,2023-04-30,2023-04-30,1,1,1,2023-04-30
S4,EOS,True,complete monthly PIT top-100 asset-month,2023-05-31,2023-05-31,1,1,1,2023-05-31
S4,EOS,True,complete monthly PIT top-100 asset-month,2023-06-30,2023-06-30,1,1,1,2023-06-30
S4,EOS,True,complete monthly PIT top-100 asset-month,2023-07-31,2023-07-31,1,1,1,2023-07-31
S4,EOS,True,complete monthly PIT top-100 asset-month,2023-08-31,2023-08-31,1,1,1,2023-08-31
S4,EOS,True,complete monthly PIT top-100 asset-month,2023-09-30,2023-09-30,1,1,1,2023-09-30
S4,EOS,True,complete monthly PIT top-100 asset-month,2023-10-31,2023-10-31,1,1,1,2023-10-31
S4,EOS,True,complete monthly PIT top-100 asset-month,2023-11-30,2023-11-30,1,1,1,2023-11-30
S4,EOS,True,complete monthly PIT top-100 asset-month,2023-12-31,2023-12-31,1,1,1,2023-12-31
S4,EOS,True,complete monthly PIT top-100 asset-month,2024-01-31,2024-01-31,1,1,1,2024-01-31
S4,EOS,True,complete monthly PIT top-100 asset-month,2024-03-31,2024-03-31,1,1,1,2024-03-31
S4,EOS,True,complete monthly PIT top-100 asset-month,2024-06-30,2024-06-30,1,1,1,2024-06-30
S4,EOS,True,complete monthly PIT top-100 asset-month,2024-07-31,2024-07-31,1,1,1,2024-07-31
S4,EOS,True,complete monthly PIT top-100 asset-month,2024-08-31,2024-08-31,1,1,1,2024-08-31
S4,EOS,True,complete monthly PIT top-100 asset-month,2024-09-30,2024-09-30,1,1,1,2024-09-30
S4,EOS,True,complete monthly PIT top-100 asset-month,2024-11-30,2024-11-30,1,1,1,2024-11-30
S4,EOS,True,complete monthly PIT top-100 asset-month,2025-01-31,2025-01-31,1,1,1,2025-01-31
S4,EOS,True,complete monthly PIT top-100 asset-month,2025-02-28,2025-02-28,1,1,1,2025-02-28
S4,EOS,True,complete monthly PIT top-100 asset-month,2025-03-31,2025-03-31,1,1,1,2025-03-31
S4,EOS,True,complete monthly PIT top-100 asset-month,2025-04-30,2025-04-30,1,1,1,2025-04-30
S4,EOS,True,complete monthly PIT top-100 asset-month,2025-05-31,2025-05-31,1,1,1,2025-05-31
S4,ETC,True,complete monthly PIT top-100 asset-month,2020-01-31,2020-01-31,1,1,1,2020-01-31
S4,ETC,True,complete monthly PIT top-100 asset-month,2020-02-29,2020-02-29,1,1,1,2020-02-29
S4,ETC,True,complete monthly PIT top-100 asset-month,2020-03-31,2020-03-31,1,1,1,2020-03-31
S4,ETC,True,complete monthly PIT top-100 asset-month,2020-04-30,2020-04-30,1,1,1,2020-04-30
S4,ETC,True,complete monthly PIT top-100 asset-month,2020-05-31,2020-05-31,1,1,1,2020-05-31
S4,ETC,True,complete monthly PIT top-100 asset-month,2020-06-30,2020-06-30,1,1,1,2020-06-30
S4,ETC,True,complete monthly PIT top-100 asset-month,2020-07-31,2020-07-31,1,1,1,2020-07-31
S4,ETC,True,complete monthly PIT top-100 asset-month,2020-08-31,2020-08-31,1,1,1,2020-08-31
S4,ETC,True,complete monthly PIT top-100 asset-month,2020-09-30,2020-09-30,1,1,1,2020-09-30
S4,ETC,True,complete monthly PIT top-100 asset-month,2020-10-31,2020-10-31,1,1,1,2020-10-31
S4,ETC,True,complete monthly PIT top-100 asset-month,2020-11-30,2020-11-30,1,1,1,2020-11-30
S4,ETC,True,complete monthly PIT top-100 asset-month,2020-12-31,2020-12-31,1,1,1,2020-12-31
S4,ETC,True,complete monthly PIT top-100 asset-month,2021-01-31,2021-01-31,1,1,1,2021-01-31
S4,ETC,True,complete monthly PIT top-100 asset-month,2021-02-28,2021-02-28,1,1,1,2021-02-28
S4,ETC,True,complete monthly PIT top-100 asset-month,2021-03-31,2021-03-31,1,1,1,2021-03-31
S4,ETC,True,complete monthly PIT top-100 asset-month,2021-04-30,2021-04-30,1,1,1,2021-04-30
S4,ETC,True,complete monthly PIT top-100 asset-month,2021-05-31,2021-05-31,1,1,1,2021-05-31
S4,ETC,True,complete monthly PIT top-100 asset-month,2021-06-30,2021-06-30,1,1,1,2021-06-30
S4,ETC,True,complete monthly PIT top-100 asset-month,2021-07-31,2021-07-31,1,1,1,2021-07-31
S4,ETC,True,complete monthly PIT top-100 asset-month,2021-08-31,2021-08-31,1,1,1,2021-08-31
S4,ETC,True,complete monthly PIT top-100 asset-month,2021-09-30,2021-09-30,1,1,1,2021-09-30
S4,ETC,True,complete monthly PIT top-100 asset-month,2021-10-31,2021-10-31,1,1,1,2021-10-31
S4,ETC,True,complete monthly PIT top-100 asset-month,2021-11-30,2021-11-30,1,1,1,2021-11-30
S4,ETC,True,complete monthly PIT top-100 asset-month,2021-12-31,2021-12-31,1,1,1,2021-12-31
S4,ETC,True,complete monthly PIT top-100 asset-month,2022-01-31,2022-01-31,1,1,1,2022-01-31
S4,ETC,True,complete monthly PIT top-100 asset-month,2022-02-28,2022-02-28,1,1,1,2022-02-28
S4,ETC,True,complete monthly PIT top-100 asset-month,2022-03-31,2022-03-31,1,1,1,2022-03-31
S4,ETC,True,complete monthly PIT top-100 asset-month,2022-04-30,2022-04-30,1,1,1,2022-04-30
S4,ETC,True,complete monthly PIT top-100 asset-month,2022-05-31,2022-05-31,1,1,1,2022-05-31
S4,ETC,True,complete monthly PIT top-100 asset-month,2022-06-30,2022-06-30,1,1,1,2022-06-30
S4,ETC,True,complete monthly PIT top-100 asset-month,2022-07-31,2022-07-31,1,1,1,2022-07-31
S4,ETC,True,complete monthly PIT top-100 asset-month,2022-08-31,2022-08-31,1,1,1,2022-08-31
S4,ETC,True,complete monthly PIT top-100 asset-month,2022-09-30,2022-09-30,1,1,1,2022-09-30
S4,ETC,True,complete monthly PIT top-100 asset-month,2022-10-31,2022-10-31,1,1,1,2022-10-31
S4,ETC,True,complete monthly PIT top-100 asset-month,2022-11-30,2022-11-30,1,1,1,2022-11-30
S4,ETC,True,complete monthly PIT top-100 asset-month,2022-12-31,2022-12-31,1,1,1,2022-12-31
S4,ETC,True,complete monthly PIT top-100 asset-month,2023-01-31,2023-01-31,1,1,1,2023-01-31
S4,ETC,True,complete monthly PIT top-100 asset-month,2023-02-28,2023-02-28,1,1,1,2023-02-28
S4,ETC,True,complete monthly PIT top-100 asset-month,2023-03-31,2023-03-31,1,1,1,2023-03-31
S4,ETC,True,complete monthly PIT top-100 asset-month,2023-04-30,2023-04-30,1,1,1,2023-04-30
S4,ETC,True,complete monthly PIT top-100 asset-month,2023-05-31,2023-05-31,1,1,1,2023-05-31
S4,ETC,True,complete monthly PIT top-100 asset-month,2023-06-30,2023-06-30,1,1,1,2023-06-30
S4,ETC,True,complete monthly PIT top-100 asset-month,2023-07-31,2023-07-31,1,1,1,2023-07-31
S4,ETC,True,complete monthly PIT top-100 asset-month,2023-08-31,2023-08-31,1,1,1,2023-08-31
S4,ETC,True,complete monthly PIT top-100 asset-month,2023-09-30,2023-09-30,1,1,1,2023-09-30
S4,ETC,True,complete monthly PIT top-100 asset-month,2023-10-31,2023-10-31,1,1,1,2023-10-31
S4,ETC,True,complete monthly PIT top-100 asset-month,2023-11-30,2023-11-30,1,1,1,2023-11-30
S4,ETC,True,complete monthly PIT top-100 asset-month,2023-12-31,2023-12-31,1,1,1,2023-12-31
S4,ETC,True,complete monthly PIT top-100 asset-month,2024-01-31,2024-01-31,1,1,1,2024-01-31
S4,ETC,True,complete monthly PIT top-100 asset-month,2024-02-29,2024-02-29,1,1,1,2024-02-29
S4,ETC,True,complete monthly PIT top-100 asset-month,2024-03-31,2024-03-31,1,1,1,2024-03-31
S4,ETC,True,complete monthly PIT top-100 asset-month,2024-04-30,2024-04-30,1,1,1,2024-04-30
S4,ETC,True,complete monthly PIT top-100 asset-month,2024-05-31,2024-05-31,1,1,1,2024-05-31
S4,ETC,True,complete monthly PIT top-100 asset-month,2024-06-30,2024-06-30,1,1,1,2024-06-30
S4,ETC,True,complete monthly PIT top-100 asset-month,2024-07-31,2024-07-31,1,1,1,2024-07-31
S4,ETC,True,complete monthly PIT top-100 asset-month,2024-08-31,2024-08-31,1,1,1,2024-08-31
S4,ETC,True,complete monthly PIT top-100 asset-month,2024-09-30,2024-09-30,1,1,1,2024-09-30
S4,ETC,True,complete monthly PIT top-100 asset-month,2024-10-31,2024-10-31,1,1,1,2024-10-31
S4,ETC,True,complete monthly PIT top-100 asset-month,2024-11-30,2024-11-30,1,1,1,2024-11-30
S4,ETC,True,complete monthly PIT top-100 asset-month,2024-12-31,2024-12-31,1,1,1,2024-12-31
S4,ETC,True,complete monthly PIT top-100 asset-month,2025-01-31,2025-01-31,1,1,1,2025-01-31
S4,ETC,True,complete monthly PIT top-100 asset-month,2025-02-28,2025-02-28,1,1,1,2025-02-28
S4,ETC,True,complete monthly PIT top-100 asset-month,2025-03-31,2025-03-31,1,1,1,2025-03-31
S4,ETC,True,complete monthly PIT top-100 asset-month,2025-04-30,2025-04-30,1,1,1,2025-04-30
S4,ETC,True,complete monthly PIT top-100 asset-month,2025-05-31,2025-05-31,1,1,1,2025-05-31
S4,ETC,True,complete monthly PIT top-100 asset-month,2025-06-30,2025-06-30,1,1,1,2025-06-30
S4,ETC,True,complete monthly PIT top-100 asset-month,2025-07-31,2025-07-31,1,1,1,2025-07-31
S4,ETC,True,complete monthly PIT top-100 asset-month,2025-08-31,2025-08-31,1,1,1,2025-08-31
S4,ETC,True,complete monthly PIT top-100 asset-month,2025-09-30,2025-09-30,1,1,1,2025-09-30
S4,ETC,True,complete monthly PIT top-100 asset-month,2025-10-31,2025-10-31,1,1,1,2025-10-31
S4,ETC,True,complete monthly PIT top-100 asset-month,2025-11-30,2025-11-30,1,1,1,2025-11-30
S4,ETC,True,complete monthly PIT top-100 asset-month,2025-12-31,2025-12-31,1,1,1,2025-12-31
S4,ETC,True,complete monthly PIT top-100 asset-month,2026-01-31,2026-01-31,1,1,1,2026-01-31
S4,ETC,True,complete monthly PIT top-100 asset-month,2026-02-28,2026-02-28,1,1,1,2026-02-28
S4,ETC,True,complete monthly PIT top-100 asset-month,2026-03-31,2026-03-31,1,1,1,2026-03-31
S4,ETC,True,complete monthly PIT top-100 asset-month,2026-04-30,2026-04-30,1,1,1,2026-04-30
S4,ETC,True,complete monthly PIT top-100 asset-month,2026-05-31,2026-05-31,1,1,1,2026-05-31
S4,ETH,True,complete monthly PIT top-100 asset-month,2020-01-31,2020-01-31,1,1,1,2020-01-31
S4,ETH,True,complete monthly PIT top-100 asset-month,2020-02-29,2020-02-29,1,1,1,2020-02-29
S4,ETH,True,complete monthly PIT top-100 asset-month,2020-03-31,2020-03-31,1,1,1,2020-03-31
S4,ETH,True,complete monthly PIT top-100 asset-month,2020-04-30,2020-04-30,1,1,1,2020-04-30
S4,ETH,True,complete monthly PIT top-100 asset-month,2020-05-31,2020-05-31,1,1,1,2020-05-31
S4,ETH,True,complete monthly PIT top-100 asset-month,2020-06-30,2020-06-30,1,1,1,2020-06-30
S4,ETH,True,complete monthly PIT top-100 asset-month,2020-07-31,2020-07-31,1,1,1,2020-07-31
S4,ETH,True,complete monthly PIT top-100 asset-month,2020-08-31,2020-08-31,1,1,1,2020-08-31
S4,ETH,True,complete monthly PIT top-100 asset-month,2020-09-30,2020-09-30,1,1,1,2020-09-30
S4,ETH,True,complete monthly PIT top-100 asset-month,2020-10-31,2020-10-31,1,1,1,2020-10-31
S4,ETH,True,complete monthly PIT top-100 asset-month,2020-11-30,2020-11-30,1,1,1,2020-11-30
S4,ETH,True,complete monthly PIT top-100 asset-month,2020-12-31,2020-12-31,1,1,1,2020-12-31
S4,ETH,True,complete monthly PIT top-100 asset-month,2021-01-31,2021-01-31,1,1,1,2021-01-31
S4,ETH,True,complete monthly PIT top-100 asset-month,2021-02-28,2021-02-28,1,1,1,2021-02-28
S4,ETH,True,complete monthly PIT top-100 asset-month,2021-03-31,2021-03-31,1,1,1,2021-03-31
S4,ETH,True,complete monthly PIT top-100 asset-month,2021-04-30,2021-04-30,1,1,1,2021-04-30
S4,ETH,True,complete monthly PIT top-100 asset-month,2021-05-31,2021-05-31,1,1,1,2021-05-31
S4,ETH,True,complete monthly PIT top-100 asset-month,2021-06-30,2021-06-30,1,1,1,2021-06-30
S4,ETH,True,complete monthly PIT top-100 asset-month,2021-07-31,2021-07-31,1,1,1,2021-07-31
S4,ETH,True,complete monthly PIT top-100 asset-month,2021-08-31,2021-08-31,1,1,1,2021-08-31
S4,ETH,True,complete monthly PIT top-100 asset-month,2021-09-30,2021-09-30,1,1,1,2021-09-30
S4,ETH,True,complete monthly PIT top-100 asset-month,2021-10-31,2021-10-31,1,1,1,2021-10-31
S4,ETH,True,complete monthly PIT top-100 asset-month,2021-11-30,2021-11-30,1,1,1,2021-11-30
S4,ETH,True,complete monthly PIT top-100 asset-month,2021-12-31,2021-12-31,1,1,1,2021-12-31
S4,ETH,True,complete monthly PIT top-100 asset-month,2022-01-31,2022-01-31,1,1,1,2022-01-31
S4,ETH,True,complete monthly PIT top-100 asset-month,2022-02-28,2022-02-28,1,1,1,2022-02-28
S4,ETH,True,complete monthly PIT top-100 asset-month,2022-03-31,2022-03-31,1,1,1,2022-03-31
S4,ETH,True,complete monthly PIT top-100 asset-month,2022-04-30,2022-04-30,1,1,1,2022-04-30
S4,ETH,True,complete monthly PIT top-100 asset-month,2022-05-31,2022-05-31,1,1,1,2022-05-31
S4,ETH,True,complete monthly PIT top-100 asset-month,2022-06-30,2022-06-30,1,1,1,2022-06-30
S4,ETH,True,complete monthly PIT top-100 asset-month,2022-07-31,2022-07-31,1,1,1,2022-07-31
S4,ETH,True,complete monthly PIT top-100 asset-month,2022-08-31,2022-08-31,1,1,1,2022-08-31
S4,ETH,True,complete monthly PIT top-100 asset-month,2022-09-30,2022-09-30,1,1,1,2022-09-30
S4,ETH,True,complete monthly PIT top-100 asset-month,2022-10-31,2022-10-31,1,1,1,2022-10-31
S4,ETH,True,complete monthly PIT top-100 asset-month,2022-11-30,2022-11-30,1,1,1,2022-11-30
S4,ETH,True,complete monthly PIT top-100 asset-month,2022-12-31,2022-12-31,1,1,1,2022-12-31
S4,ETH,True,complete monthly PIT top-100 asset-month,2023-01-31,2023-01-31,1,1,1,2023-01-31
S4,ETH,True,complete monthly PIT top-100 asset-month,2023-02-28,2023-02-28,1,1,1,2023-02-28
S4,ETH,True,complete monthly PIT top-100 asset-month,2023-03-31,2023-03-31,1,1,1,2023-03-31
S4,ETH,True,complete monthly PIT top-100 asset-month,2023-04-30,2023-04-30,1,1,1,2023-04-30
S4,ETH,True,complete monthly PIT top-100 asset-month,2023-05-31,2023-05-31,1,1,1,2023-05-31
S4,ETH,True,complete monthly PIT top-100 asset-month,2023-06-30,2023-06-30,1,1,1,2023-06-30
S4,ETH,True,complete monthly PIT top-100 asset-month,2023-07-31,2023-07-31,1,1,1,2023-07-31
S4,ETH,True,complete monthly PIT top-100 asset-month,2023-08-31,2023-08-31,1,1,1,2023-08-31
S4,ETH,True,complete monthly PIT top-100 asset-month,2023-09-30,2023-09-30,1,1,1,2023-09-30
S4,ETH,True,complete monthly PIT top-100 asset-month,2023-10-31,2023-10-31,1,1,1,2023-10-31
S4,ETH,True,complete monthly PIT top-100 asset-month,2023-11-30,2023-11-30,1,1,1,2023-11-30
S4,ETH,True,complete monthly PIT top-100 asset-month,2023-12-31,2023-12-31,1,1,1,2023-12-31
S4,ETH,True,complete monthly PIT top-100 asset-month,2024-01-31,2024-01-31,1,1,1,2024-01-31
S4,ETH,True,complete monthly PIT top-100 asset-month,2024-02-29,2024-02-29,1,1,1,2024-02-29
S4,ETH,True,complete monthly PIT top-100 asset-month,2024-03-31,2024-03-31,1,1,1,2024-03-31
S4,ETH,True,complete monthly PIT top-100 asset-month,2024-04-30,2024-04-30,1,1,1,2024-04-30
S4,ETH,True,complete monthly PIT top-100 asset-month,2024-05-31,2024-05-31,1,1,1,2024-05-31
S4,ETH,True,complete monthly PIT top-100 asset-month,2024-06-30,2024-06-30,1,1,1,2024-06-30
S4,ETH,True,complete monthly PIT top-100 asset-month,2024-07-31,2024-07-31,1,1,1,2024-07-31
S4,ETH,True,complete monthly PIT top-100 asset-month,2024-08-31,2024-08-31,1,1,1,2024-08-31
S4,ETH,True,complete monthly PIT top-100 asset-month,2024-09-30,2024-09-30,1,1,1,2024-09-30
S4,ETH,True,complete monthly PIT top-100 asset-month,2024-10-31,2024-10-31,1,1,1,2024-10-31
S4,ETH,True,complete monthly PIT top-100 asset-month,2024-11-30,2024-11-30,1,1,1,2024-11-30
S4,ETH,True,complete monthly PIT top-100 asset-month,2024-12-31,2024-12-31,1,1,1,2024-12-31
S4,ETH,True,complete monthly PIT top-100 asset-month,2025-01-31,2025-01-31,1,1,1,2025-01-31
S4,ETH,True,complete monthly PIT top-100 asset-month,2025-02-28,2025-02-28,1,1,1,2025-02-28
S4,ETH,True,complete monthly PIT top-100 asset-month,2025-03-31,2025-03-31,1,1,1,2025-03-31
S4,ETH,True,complete monthly PIT top-100 asset-month,2025-04-30,2025-04-30,1,1,1,2025-04-30
S4,ETH,True,complete monthly PIT top-100 asset-month,2025-05-31,2025-05-31,1,1,1,2025-05-31
S4,ETH,True,complete monthly PIT top-100 asset-month,2025-06-30,2025-06-30,1,1,1,2025-06-30
S4,ETH,True,complete monthly PIT top-100 asset-month,2025-07-31,2025-07-31,1,1,1,2025-07-31
S4,ETH,True,complete monthly PIT top-100 asset-month,2025-08-31,2025-08-31,1,1,1,2025-08-31
S4,ETH,True,complete monthly PIT top-100 asset-month,2025-09-30,2025-09-30,1,1,1,2025-09-30
S4,ETH,True,complete monthly PIT top-100 asset-month,2025-10-31,2025-10-31,1,1,1,2025-10-31
S4,ETH,True,complete monthly PIT top-100 asset-month,2025-11-30,2025-11-30,1,1,1,2025-11-30
S4,ETH,True,complete monthly PIT top-100 asset-month,2025-12-31,2025-12-31,1,1,1,2025-12-31
S4,ETH,True,complete monthly PIT top-100 asset-month,2026-01-31,2026-01-31,1,1,1,2026-01-31
S4,ETH,True,complete monthly PIT top-100 asset-month,2026-02-28,2026-02-28,1,1,1,2026-02-28
S4,ETH,True,complete monthly PIT top-100 asset-month,2026-03-31,2026-03-31,1,1,1,2026-03-31
S4,ETH,True,complete monthly PIT top-100 asset-month,2026-04-30,2026-04-30,1,1,1,2026-04-30
S4,ETH,True,complete monthly PIT top-100 asset-month,2026-05-31,2026-05-31,1,1,1,2026-05-31
S4,ETHDYDX,True,complete monthly PIT top-100 asset-month,2021-09-30,2021-09-30,1,1,1,2021-09-30
S4,ETHDYDX,True,complete monthly PIT top-100 asset-month,2023-08-31,2023-08-31,1,1,1,2023-08-31
S4,ETHDYDX,True,complete monthly PIT top-100 asset-month,2023-09-30,2023-09-30,1,1,1,2023-09-30
S4,ETHDYDX,True,complete monthly PIT top-100 asset-month,2023-10-31,2023-10-31,1,1,1,2023-10-31
S4,ETHDYDX,True,complete monthly PIT top-100 asset-month,2023-11-30,2023-11-30,1,1,1,2023-11-30
S4,ETHDYDX,True,complete monthly PIT top-100 asset-month,2023-12-31,2023-12-31,1,1,1,2023-12-31
S4,ETHDYDX,True,complete monthly PIT top-100 asset-month,2024-01-31,2024-01-31,1,1,1,2024-01-31
S4,ETHDYDX,True,complete monthly PIT top-100 asset-month,2024-02-29,2024-02-29,1,1,1,2024-02-29
S4,ETN,True,complete monthly PIT top-100 asset-month,2020-01-31,2020-01-31,1,1,1,2020-01-31
S4,ETN,True,complete monthly PIT top-100 asset-month,2020-02-29,2020-02-29,1,1,1,2020-02-29
S4,ETN,True,complete monthly PIT top-100 asset-month,2020-05-31,2020-05-31,1,1,1,2020-05-31
S4,ETN,True,complete monthly PIT top-100 asset-month,2020-06-30,2020-06-30,1,1,1,2020-06-30
S4,EUTBL,True,complete monthly PIT top-100 asset-month,2026-02-28,2026-02-28,1,1,1,2026-02-28
S4,EUTBL,True,complete monthly PIT top-100 asset-month,2026-03-31,2026-03-31,1,1,1,2026-03-31
S4,EUTBL,True,complete monthly PIT top-100 asset-month,2026-04-30,2026-04-30,1,1,1,2026-04-30
S4,EUTBL,True,complete monthly PIT top-100 asset-month,2026-05-31,2026-05-31,1,1,1,2026-05-31
S4,EVMOS,True,complete monthly PIT top-100 asset-month,2022-05-31,2022-05-31,1,1,1,2022-05-31
S4,EVMOS,True,complete monthly PIT top-100 asset-month,2022-06-30,2022-06-30,1,1,1,2022-06-30
S4,EVMOS,True,complete monthly PIT top-100 asset-month,2022-08-31,2022-08-31,1,1,1,2022-08-31
S4,EVMOS,True,complete monthly PIT top-100 asset-month,2022-09-30,2022-09-30,1,1,1,2022-09-30
S4,EVMOS,True,complete monthly PIT top-100 asset-month,2022-10-31,2022-10-31,1,1,1,2022-10-31
S4,EWT,True,complete monthly PIT top-100 asset-month,2020-08-31,2020-08-31,1,1,1,2020-08-31
S4,EWT,True,complete monthly PIT top-100 asset-month,2020-09-30,2020-09-30,1,1,1,2020-09-30
S4,EWT,True,complete monthly PIT top-100 asset-month,2020-10-31,2020-10-31,1,1,1,2020-10-31
S4,EWT,True,complete monthly PIT top-100 asset-month,2020-11-30,2020-11-30,1,1,1,2020-11-30
S4,EWT,True,complete monthly PIT top-100 asset-month,2020-12-31,2020-12-31,1,1,1,2020-12-31
S4,EWT,True,complete monthly PIT top-100 asset-month,2021-01-31,2021-01-31,1,1,1,2021-01-31
S4,EXRD,True,complete monthly PIT top-100 asset-month,2021-11-30,2021-11-30,1,1,1,2021-11-30
S4,EZETH,True,complete monthly PIT top-100 asset-month,2024-04-30,2024-04-30,1,1,1,2024-04-30
S4,EZETH,True,complete monthly PIT top-100 asset-month,2024-05-31,2024-05-31,1,1,1,2024-05-31
S4,EZETH,True,complete monthly PIT top-100 asset-month,2024-06-30,2024-06-30,1,1,1,2024-06-30
S4,EZETH,True,complete monthly PIT top-100 asset-month,2024-07-31,2024-07-31,1,1,1,2024-07-31
S4,EZETH,True,complete monthly PIT top-100 asset-month,2024-08-31,2024-08-31,1,1,1,2024-08-31
S4,EZETH,True,complete monthly PIT top-100 asset-month,2024-09-30,2024-09-30,1,1,1,2024-09-30
S4,EZETH,True,complete monthly PIT top-100 asset-month,2024-10-31,2024-10-31,1,1,1,2024-10-31
S4,EZETH,True,complete monthly PIT top-100 asset-month,2024-11-30,2024-11-30,1,1,1,2024-11-30
S4,EZETH,True,complete monthly PIT top-100 asset-month,2025-07-31,2025-07-31,1,1,1,2025-07-31
S4,EZETH,True,complete monthly PIT top-100 asset-month,2025-08-31,2025-08-31,1,1,1,2025-08-31
S4,EZETH,True,complete monthly PIT top-100 asset-month,2025-09-30,2025-09-30,1,1,1,2025-09-30
S4,EZETH,True,complete monthly PIT top-100 asset-month,2025-10-31,2025-10-31,1,1,1,2025-10-31
S4,FARTCOIN,True,complete monthly PIT top-100 asset-month,2025-04-30,2025-04-30,1,1,1,2025-04-30
S4,FARTCOIN,True,complete monthly PIT top-100 asset-month,2025-05-31,2025-05-31,1,1,1,2025-05-31
S4,FARTCOIN,True,complete monthly PIT top-100 asset-month,2025-06-30,2025-06-30,1,1,1,2025-06-30
S4,FBTC,True,complete monthly PIT top-100 asset-month,2025-11-30,2025-11-30,1,1,1,2025-11-30
S4,FBTC,True,complete monthly PIT top-100 asset-month,2025-12-31,2025-12-31,1,1,1,2025-12-31
S4,FBTC,True,complete monthly PIT top-100 asset-month,2026-01-31,2026-01-31,1,1,1,2026-01-31
S4,FDUSD,True,complete monthly PIT top-100 asset-month,2023-09-30,2023-09-30,1,1,1,2023-09-30
S4,FDUSD,True,complete monthly PIT top-100 asset-month,2023-10-31,2023-10-31,1,1,1,2023-10-31
S4,FDUSD,True,complete monthly PIT top-100 asset-month,2023-11-30,2023-11-30,1,1,1,2023-11-30
S4,FDUSD,True,complete monthly PIT top-100 asset-month,2023-12-31,2023-12-31,1,1,1,2023-12-31
S4,FDUSD,True,complete monthly PIT top-100 asset-month,2024-01-31,2024-01-31,1,1,1,2024-01-31
S4,FDUSD,True,complete monthly PIT top-100 asset-month,2024-02-29,2024-02-29,1,1,1,2024-02-29
S4,FDUSD,True,complete monthly PIT top-100 asset-month,2024-03-31,2024-03-31,1,1,1,2024-03-31
S4,FDUSD,True,complete monthly PIT top-100 asset-month,2024-04-30,2024-04-30,1,1,1,2024-04-30
S4,FDUSD,True,complete monthly PIT top-100 asset-month,2024-05-31,2024-05-31,1,1,1,2024-05-31
S4,FDUSD,True,complete monthly PIT top-100 asset-month,2024-06-30,2024-06-30,1,1,1,2024-06-30
S4,FDUSD,True,complete monthly PIT top-100 asset-month,2024-07-31,2024-07-31,1,1,1,2024-07-31
S4,FDUSD,True,complete monthly PIT top-100 asset-month,2024-08-31,2024-08-31,1,1,1,2024-08-31
S4,FDUSD,True,complete monthly PIT top-100 asset-month,2024-09-30,2024-09-30,1,1,1,2024-09-30
S4,FDUSD,True,complete monthly PIT top-100 asset-month,2024-10-31,2024-10-31,1,1,1,2024-10-31
S4,FDUSD,True,complete monthly PIT top-100 asset-month,2024-11-30,2024-11-30,1,1,1,2024-11-30
S4,FDUSD,True,complete monthly PIT top-100 asset-month,2024-12-31,2024-12-31,1,1,1,2024-12-31
S4,FDUSD,True,complete monthly PIT top-100 asset-month,2025-01-31,2025-01-31,1,1,1,2025-01-31
S4,FDUSD,True,complete monthly PIT top-100 asset-month,2025-02-28,2025-02-28,1,1,1,2025-02-28
S4,FDUSD,True,complete monthly PIT top-100 asset-month,2025-03-31,2025-03-31,1,1,1,2025-03-31
S4,FDUSD,True,complete monthly PIT top-100 asset-month,2025-04-30,2025-04-30,1,1,1,2025-04-30
S4,FDUSD,True,complete monthly PIT top-100 asset-month,2025-05-31,2025-05-31,1,1,1,2025-05-31
S4,FDUSD,True,complete monthly PIT top-100 asset-month,2025-06-30,2025-06-30,1,1,1,2025-06-30
S4,FDUSD,True,complete monthly PIT top-100 asset-month,2025-07-31,2025-07-31,1,1,1,2025-07-31
S4,FEI,True,complete monthly PIT top-100 asset-month,2021-05-31,2021-05-31,1,1,1,2021-05-31
S4,FET,True,complete monthly PIT top-100 asset-month,2023-11-30,2023-11-30,1,1,1,2023-11-30
S4,FET,True,complete monthly PIT top-100 asset-month,2023-12-31,2023-12-31,1,1,1,2023-12-31
S4,FET,True,complete monthly PIT top-100 asset-month,2024-02-29,2024-02-29,1,1,1,2024-02-29
S4,FET,True,complete monthly PIT top-100 asset-month,2024-03-31,2024-03-31,1,1,1,2024-03-31
S4,FET,True,complete monthly PIT top-100 asset-month,2024-04-30,2024-04-30,1,1,1,2024-04-30
S4,FET,True,complete monthly PIT top-100 asset-month,2024-05-31,2024-05-31,1,1,1,2024-05-31
S4,FET,True,complete monthly PIT top-100 asset-month,2024-06-30,2024-06-30,1,1,1,2024-06-30
S4,FET,True,complete monthly PIT top-100 asset-month,2024-07-31,2024-07-31,1,1,1,2024-07-31
S4,FET,True,complete monthly PIT top-100 asset-month,2024-08-31,2024-08-31,1,1,1,2024-08-31
S4,FET,True,complete monthly PIT top-100 asset-month,2024-09-30,2024-09-30,1,1,1,2024-09-30
S4,FET,True,complete monthly PIT top-100 asset-month,2024-10-31,2024-10-31,1,1,1,2024-10-31
S4,FET,True,complete monthly PIT top-100 asset-month,2024-11-30,2024-11-30,1,1,1,2024-11-30
S4,FET,True,complete monthly PIT top-100 asset-month,2024-12-31,2024-12-31,1,1,1,2024-12-31
S4,FET,True,complete monthly PIT top-100 asset-month,2025-01-31,2025-01-31,1,1,1,2025-01-31
S4,FET,True,complete monthly PIT top-100 asset-month,2025-02-28,2025-02-28,1,1,1,2025-02-28
S4,FET,True,complete monthly PIT top-100 asset-month,2025-03-31,2025-03-31,1,1,1,2025-03-31
S4,FET,True,complete monthly PIT top-100 asset-month,2025-04-30,2025-04-30,1,1,1,2025-04-30
S4,FET,True,complete monthly PIT top-100 asset-month,2025-05-31,2025-05-31,1,1,1,2025-05-31
S4,FET,True,complete monthly PIT top-100 asset-month,2025-06-30,2025-06-30,1,1,1,2025-06-30
S4,FET,True,complete monthly PIT top-100 asset-month,2025-07-31,2025-07-31,1,1,1,2025-07-31
S4,FET,True,complete monthly PIT top-100 asset-month,2025-08-31,2025-08-31,1,1,1,2025-08-31
S4,FET,True,complete monthly PIT top-100 asset-month,2025-09-30,2025-09-30,1,1,1,2025-09-30
S4,FIGR_HELOC,True,complete monthly PIT top-100 asset-month,2025-09-30,2025-09-30,1,1,1,2025-09-30
S4,FIGR_HELOC,True,complete monthly PIT top-100 asset-month,2025-10-31,2025-10-31,1,1,1,2025-10-31
S4,FIGR_HELOC,True,complete monthly PIT top-100 asset-month,2025-11-30,2025-11-30,1,1,1,2025-11-30
S4,FIGR_HELOC,True,complete monthly PIT top-100 asset-month,2025-12-31,2025-12-31,1,1,1,2025-12-31
S4,FIGR_HELOC,True,complete monthly PIT top-100 asset-month,2026-01-31,2026-01-31,1,1,1,2026-01-31
S4,FIGR_HELOC,True,complete monthly PIT top-100 asset-month,2026-02-28,2026-02-28,1,1,1,2026-02-28
S4,FIGR_HELOC,True,complete monthly PIT top-100 asset-month,2026-03-31,2026-03-31,1,1,1,2026-03-31
S4,FIGR_HELOC,True,complete monthly PIT top-100 asset-month,2026-04-30,2026-04-30,1,1,1,2026-04-30
S4,FIGR_HELOC,True,complete monthly PIT top-100 asset-month,2026-05-31,2026-05-31,1,1,1,2026-05-31
S4,FIL,True,complete monthly PIT top-100 asset-month,2020-10-31,2020-10-31,1,1,1,2020-10-31
S4,FIL,True,complete monthly PIT top-100 asset-month,2020-11-30,2020-11-30,1,1,1,2020-11-30
S4,FIL,True,complete monthly PIT top-100 asset-month,2020-12-31,2020-12-31,1,1,1,2020-12-31
S4,FIL,True,complete monthly PIT top-100 asset-month,2021-01-31,2021-01-31,1,1,1,2021-01-31
S4,FIL,True,complete monthly PIT top-100 asset-month,2021-02-28,2021-02-28,1,1,1,2021-02-28
S4,FIL,True,complete monthly PIT top-100 asset-month,2021-03-31,2021-03-31,1,1,1,2021-03-31
S4,FIL,True,complete monthly PIT top-100 asset-month,2021-04-30,2021-04-30,1,1,1,2021-04-30
S4,FIL,True,complete monthly PIT top-100 asset-month,2021-05-31,2021-05-31,1,1,1,2021-05-31
S4,FIL,True,complete monthly PIT top-100 asset-month,2021-06-30,2021-06-30,1,1,1,2021-06-30
S4,FIL,True,complete monthly PIT top-100 asset-month,2021-07-31,2021-07-31,1,1,1,2021-07-31
S4,FIL,True,complete monthly PIT top-100 asset-month,2021-08-31,2021-08-31,1,1,1,2021-08-31
S4,FIL,True,complete monthly PIT top-100 asset-month,2021-09-30,2021-09-30,1,1,1,2021-09-30
S4,FIL,True,complete monthly PIT top-100 asset-month,2021-10-31,2021-10-31,1,1,1,2021-10-31
S4,FIL,True,complete monthly PIT top-100 asset-month,2021-11-30,2021-11-30,1,1,1,2021-11-30
S4,FIL,True,complete monthly PIT top-100 asset-month,2021-12-31,2021-12-31,1,1,1,2021-12-31
S4,FIL,True,complete monthly PIT top-100 asset-month,2022-01-31,2022-01-31,1,1,1,2022-01-31
S4,FIL,True,complete monthly PIT top-100 asset-month,2022-02-28,2022-02-28,1,1,1,2022-02-28
S4,FIL,True,complete monthly PIT top-100 asset-month,2022-03-31,2022-03-31,1,1,1,2022-03-31
S4,FIL,True,complete monthly PIT top-100 asset-month,2022-04-30,2022-04-30,1,1,1,2022-04-30
S4,FIL,True,complete monthly PIT top-100 asset-month,2022-05-31,2022-05-31,1,1,1,2022-05-31
S4,FIL,True,complete monthly PIT top-100 asset-month,2022-06-30,2022-06-30,1,1,1,2022-06-30
S4,FIL,True,complete monthly PIT top-100 asset-month,2022-07-31,2022-07-31,1,1,1,2022-07-31
S4,FIL,True,complete monthly PIT top-100 asset-month,2022-08-31,2022-08-31,1,1,1,2022-08-31
S4,FIL,True,complete monthly PIT top-100 asset-month,2022-09-30,2022-09-30,1,1,1,2022-09-30
S4,FIL,True,complete monthly PIT top-100 asset-month,2022-10-31,2022-10-31,1,1,1,2022-10-31
S4,FIL,True,complete monthly PIT top-100 asset-month,2022-11-30,2022-11-30,1,1,1,2022-11-30
S4,FIL,True,complete monthly PIT top-100 asset-month,2022-12-31,2022-12-31,1,1,1,2022-12-31
S4,FIL,True,complete monthly PIT top-100 asset-month,2023-01-31,2023-01-31,1,1,1,2023-01-31
S4,FIL,True,complete monthly PIT top-100 asset-month,2023-02-28,2023-02-28,1,1,1,2023-02-28
S4,FIL,True,complete monthly PIT top-100 asset-month,2023-03-31,2023-03-31,1,1,1,2023-03-31
S4,FIL,True,complete monthly PIT top-100 asset-month,2023-04-30,2023-04-30,1,1,1,2023-04-30
S4,FIL,True,complete monthly PIT top-100 asset-month,2023-05-31,2023-05-31,1,1,1,2023-05-31
S4,FIL,True,complete monthly PIT top-100 asset-month,2023-06-30,2023-06-30,1,1,1,2023-06-30
S4,FIL,True,complete monthly PIT top-100 asset-month,2023-07-31,2023-07-31,1,1,1,2023-07-31
S4,FIL,True,complete monthly PIT top-100 asset-month,2023-08-31,2023-08-31,1,1,1,2023-08-31
S4,FIL,True,complete monthly PIT top-100 asset-month,2023-09-30,2023-09-30,1,1,1,2023-09-30
S4,FIL,True,complete monthly PIT top-100 asset-month,2023-10-31,2023-10-31,1,1,1,2023-10-31
S4,FIL,True,complete monthly PIT top-100 asset-month,2023-11-30,2023-11-30,1,1,1,2023-11-30
S4,FIL,True,complete monthly PIT top-100 asset-month,2023-12-31,2023-12-31,1,1,1,2023-12-31
S4,FIL,True,complete monthly PIT top-100 asset-month,2024-01-31,2024-01-31,1,1,1,2024-01-31
S4,FIL,True,complete monthly PIT top-100 asset-month,2024-02-29,2024-02-29,1,1,1,2024-02-29
S4,FIL,True,complete monthly PIT top-100 asset-month,2024-03-31,2024-03-31,1,1,1,2024-03-31
S4,FIL,True,complete monthly PIT top-100 asset-month,2024-04-30,2024-04-30,1,1,1,2024-04-30
S4,FIL,True,complete monthly PIT top-100 asset-month,2024-05-31,2024-05-31,1,1,1,2024-05-31
S4,FIL,True,complete monthly PIT top-100 asset-month,2024-06-30,2024-06-30,1,1,1,2024-06-30
S4,FIL,True,complete monthly PIT top-100 asset-month,2024-07-31,2024-07-31,1,1,1,2024-07-31
S4,FIL,True,complete monthly PIT top-100 asset-month,2024-08-31,2024-08-31,1,1,1,2024-08-31
S4,FIL,True,complete monthly PIT top-100 asset-month,2024-09-30,2024-09-30,1,1,1,2024-09-30
S4,FIL,True,complete monthly PIT top-100 asset-month,2024-10-31,2024-10-31,1,1,1,2024-10-31
S4,FIL,True,complete monthly PIT top-100 asset-month,2024-11-30,2024-11-30,1,1,1,2024-11-30
S4,FIL,True,complete monthly PIT top-100 asset-month,2024-12-31,2024-12-31,1,1,1,2024-12-31
S4,FIL,True,complete monthly PIT top-100 asset-month,2025-01-31,2025-01-31,1,1,1,2025-01-31
S4,FIL,True,complete monthly PIT top-100 asset-month,2025-02-28,2025-02-28,1,1,1,2025-02-28
S4,FIL,True,complete monthly PIT top-100 asset-month,2025-03-31,2025-03-31,1,1,1,2025-03-31
S4,FIL,True,complete monthly PIT top-100 asset-month,2025-04-30,2025-04-30,1,1,1,2025-04-30
S4,FIL,True,complete monthly PIT top-100 asset-month,2025-05-31,2025-05-31,1,1,1,2025-05-31
S4,FIL,True,complete monthly PIT top-100 asset-month,2025-06-30,2025-06-30,1,1,1,2025-06-30
S4,FIL,True,complete monthly PIT top-100 asset-month,2025-07-31,2025-07-31,1,1,1,2025-07-31
S4,FIL,True,complete monthly PIT top-100 asset-month,2025-08-31,2025-08-31,1,1,1,2025-08-31
S4,FIL,True,complete monthly PIT top-100 asset-month,2025-09-30,2025-09-30,1,1,1,2025-09-30
S4,FIL,True,complete monthly PIT top-100 asset-month,2025-11-30,2025-11-30,1,1,1,2025-11-30
S4,FIL,True,complete monthly PIT top-100 asset-month,2025-12-31,2025-12-31,1,1,1,2025-12-31
S4,FIL,True,complete monthly PIT top-100 asset-month,2026-01-31,2026-01-31,1,1,1,2026-01-31
S4,FIRO,True,complete monthly PIT top-100 asset-month,2020-01-31,2020-01-31,1,1,1,2020-01-31
S4,FIRO,True,complete monthly PIT top-100 asset-month,2020-02-29,2020-02-29,1,1,1,2020-02-29
S4,FIRO,True,complete monthly PIT top-100 asset-month,2020-03-31,2020-03-31,1,1,1,2020-03-31
S4,FIRO,True,complete monthly PIT top-100 asset-month,2020-04-30,2020-04-30,1,1,1,2020-04-30
S4,FIRO,True,complete monthly PIT top-100 asset-month,2020-05-31,2020-05-31,1,1,1,2020-05-31
S4,FLOKI,True,complete monthly PIT top-100 asset-month,2023-02-28,2023-02-28,1,1,1,2023-02-28
S4,FLOKI,True,complete monthly PIT top-100 asset-month,2024-03-31,2024-03-31,1,1,1,2024-03-31
S4,FLOKI,True,complete monthly PIT top-100 asset-month,2024-04-30,2024-04-30,1,1,1,2024-04-30
S4,FLOKI,True,complete monthly PIT top-100 asset-month,2024-05-31,2024-05-31,1,1,1,2024-05-31
S4,FLOKI,True,complete monthly PIT top-100 asset-month,2024-06-30,2024-06-30,1,1,1,2024-06-30
S4,FLOKI,True,complete monthly PIT top-100 asset-month,2024-07-31,2024-07-31,1,1,1,2024-07-31
S4,FLOKI,True,complete monthly PIT top-100 asset-month,2024-08-31,2024-08-31,1,1,1,2024-08-31
S4,FLOKI,True,complete monthly PIT top-100 asset-month,2024-09-30,2024-09-30,1,1,1,2024-09-30
S4,FLOKI,True,complete monthly PIT top-100 asset-month,2024-10-31,2024-10-31,1,1,1,2024-10-31
S4,FLOKI,True,complete monthly PIT top-100 asset-month,2024-11-30,2024-11-30,1,1,1,2024-11-30
S4,FLOKI,True,complete monthly PIT top-100 asset-month,2024-12-31,2024-12-31,1,1,1,2024-12-31
S4,FLOKI,True,complete monthly PIT top-100 asset-month,2025-01-31,2025-01-31,1,1,1,2025-01-31
S4,FLOKI,True,complete monthly PIT top-100 asset-month,2025-02-28,2025-02-28,1,1,1,2025-02-28
S4,FLOW,True,complete monthly PIT top-100 asset-month,2021-02-28,2021-02-28,1,1,1,2021-02-28
S4,FLOW,True,complete monthly PIT top-100 asset-month,2021-03-31,2021-03-31,1,1,1,2021-03-31
S4,FLOW,True,complete monthly PIT top-100 asset-month,2021-04-30,2021-04-30,1,1,1,2021-04-30
S4,FLOW,True,complete monthly PIT top-100 asset-month,2021-07-31,2021-07-31,1,1,1,2021-07-31
S4,FLOW,True,complete monthly PIT top-100 asset-month,2021-08-31,2021-08-31,1,1,1,2021-08-31
S4,FLOW,True,complete monthly PIT top-100 asset-month,2021-09-30,2021-09-30,1,1,1,2021-09-30
S4,FLOW,True,complete monthly PIT top-100 asset-month,2021-10-31,2021-10-31,1,1,1,2021-10-31
S4,FLOW,True,complete monthly PIT top-100 asset-month,2021-11-30,2021-11-30,1,1,1,2021-11-30
S4,FLOW,True,complete monthly PIT top-100 asset-month,2021-12-31,2021-12-31,1,1,1,2021-12-31
S4,FLOW,True,complete monthly PIT top-100 asset-month,2022-01-31,2022-01-31,1,1,1,2022-01-31
S4,FLOW,True,complete monthly PIT top-100 asset-month,2022-02-28,2022-02-28,1,1,1,2022-02-28
S4,FLOW,True,complete monthly PIT top-100 asset-month,2022-03-31,2022-03-31,1,1,1,2022-03-31
S4,FLOW,True,complete monthly PIT top-100 asset-month,2022-04-30,2022-04-30,1,1,1,2022-04-30
S4,FLOW,True,complete monthly PIT top-100 asset-month,2022-05-31,2022-05-31,1,1,1,2022-05-31
S4,FLOW,True,complete monthly PIT top-100 asset-month,2022-06-30,2022-06-30,1,1,1,2022-06-30
S4,FLOW,True,complete monthly PIT top-100 asset-month,2022-07-31,2022-07-31,1,1,1,2022-07-31
S4,FLOW,True,complete monthly PIT top-100 asset-month,2022-08-31,2022-08-31,1,1,1,2022-08-31
S4,FLOW,True,complete monthly PIT top-100 asset-month,2022-09-30,2022-09-30,1,1,1,2022-09-30
S4,FLOW,True,complete monthly PIT top-100 asset-month,2022-10-31,2022-10-31,1,1,1,2022-10-31
S4,FLOW,True,complete monthly PIT top-100 asset-month,2022-11-30,2022-11-30,1,1,1,2022-11-30
S4,FLOW,True,complete monthly PIT top-100 asset-month,2022-12-31,2022-12-31,1,1,1,2022-12-31
S4,FLOW,True,complete monthly PIT top-100 asset-month,2023-01-31,2023-01-31,1,1,1,2023-01-31
S4,FLOW,True,complete monthly PIT top-100 asset-month,2023-02-28,2023-02-28,1,1,1,2023-02-28
S4,FLOW,True,complete monthly PIT top-100 asset-month,2023-03-31,2023-03-31,1,1,1,2023-03-31
S4,FLOW,True,complete monthly PIT top-100 asset-month,2023-04-30,2023-04-30,1,1,1,2023-04-30
S4,FLOW,True,complete monthly PIT top-100 asset-month,2023-05-31,2023-05-31,1,1,1,2023-05-31
S4,FLOW,True,complete monthly PIT top-100 asset-month,2023-06-30,2023-06-30,1,1,1,2023-06-30
S4,FLOW,True,complete monthly PIT top-100 asset-month,2023-07-31,2023-07-31,1,1,1,2023-07-31
S4,FLOW,True,complete monthly PIT top-100 asset-month,2023-08-31,2023-08-31,1,1,1,2023-08-31
S4,FLOW,True,complete monthly PIT top-100 asset-month,2023-09-30,2023-09-30,1,1,1,2023-09-30
S4,FLOW,True,complete monthly PIT top-100 asset-month,2023-10-31,2023-10-31,1,1,1,2023-10-31
S4,FLOW,True,complete monthly PIT top-100 asset-month,2023-11-30,2023-11-30,1,1,1,2023-11-30
S4,FLOW,True,complete monthly PIT top-100 asset-month,2023-12-31,2023-12-31,1,1,1,2023-12-31
S4,FLOW,True,complete monthly PIT top-100 asset-month,2024-01-31,2024-01-31,1,1,1,2024-01-31
S4,FLOW,True,complete monthly PIT top-100 asset-month,2024-02-29,2024-02-29,1,1,1,2024-02-29
S4,FLOW,True,complete monthly PIT top-100 asset-month,2024-03-31,2024-03-31,1,1,1,2024-03-31
S4,FLOW,True,complete monthly PIT top-100 asset-month,2024-04-30,2024-04-30,1,1,1,2024-04-30
S4,FLOW,True,complete monthly PIT top-100 asset-month,2024-05-31,2024-05-31,1,1,1,2024-05-31
S4,FLOW,True,complete monthly PIT top-100 asset-month,2024-06-30,2024-06-30,1,1,1,2024-06-30
S4,FLOW,True,complete monthly PIT top-100 asset-month,2024-07-31,2024-07-31,1,1,1,2024-07-31
S4,FLOW,True,complete monthly PIT top-100 asset-month,2024-08-31,2024-08-31,1,1,1,2024-08-31
S4,FLOW,True,complete monthly PIT top-100 asset-month,2024-09-30,2024-09-30,1,1,1,2024-09-30
S4,FLOW,True,complete monthly PIT top-100 asset-month,2024-10-31,2024-10-31,1,1,1,2024-10-31
S4,FLOW,True,complete monthly PIT top-100 asset-month,2024-11-30,2024-11-30,1,1,1,2024-11-30
S4,FLR,True,complete monthly PIT top-100 asset-month,2023-01-31,2023-01-31,1,1,1,2023-01-31
S4,FLR,True,complete monthly PIT top-100 asset-month,2023-03-31,2023-03-31,1,1,1,2023-03-31
S4,FLR,True,complete monthly PIT top-100 asset-month,2023-04-30,2023-04-30,1,1,1,2023-04-30
S4,FLR,True,complete monthly PIT top-100 asset-month,2023-05-31,2023-05-31,1,1,1,2023-05-31
S4,FLR,True,complete monthly PIT top-100 asset-month,2024-01-31,2024-01-31,1,1,1,2024-01-31
S4,FLR,True,complete monthly PIT top-100 asset-month,2024-02-29,2024-02-29,1,1,1,2024-02-29
S4,FLR,True,complete monthly PIT top-100 asset-month,2024-03-31,2024-03-31,1,1,1,2024-03-31
S4,FLR,True,complete monthly PIT top-100 asset-month,2024-04-30,2024-04-30,1,1,1,2024-04-30
S4,FLR,True,complete monthly PIT top-100 asset-month,2024-05-31,2024-05-31,1,1,1,2024-05-31
S4,FLR,True,complete monthly PIT top-100 asset-month,2024-06-30,2024-06-30,1,1,1,2024-06-30
S4,FLR,True,complete monthly PIT top-100 asset-month,2024-07-31,2024-07-31,1,1,1,2024-07-31
S4,FLR,True,complete monthly PIT top-100 asset-month,2024-08-31,2024-08-31,1,1,1,2024-08-31
S4,FLR,True,complete monthly PIT top-100 asset-month,2024-11-30,2024-11-30,1,1,1,2024-11-30
S4,FLR,True,complete monthly PIT top-100 asset-month,2024-12-31,2024-12-31,1,1,1,2024-12-31
S4,FLR,True,complete monthly PIT top-100 asset-month,2025-01-31,2025-01-31,1,1,1,2025-01-31
S4,FLR,True,complete monthly PIT top-100 asset-month,2025-02-28,2025-02-28,1,1,1,2025-02-28
S4,FLR,True,complete monthly PIT top-100 asset-month,2025-03-31,2025-03-31,1,1,1,2025-03-31
S4,FLR,True,complete monthly PIT top-100 asset-month,2025-04-30,2025-04-30,1,1,1,2025-04-30
S4,FLR,True,complete monthly PIT top-100 asset-month,2025-05-31,2025-05-31,1,1,1,2025-05-31
S4,FLR,True,complete monthly PIT top-100 asset-month,2025-06-30,2025-06-30,1,1,1,2025-06-30
S4,FLR,True,complete monthly PIT top-100 asset-month,2025-07-31,2025-07-31,1,1,1,2025-07-31
S4,FLR,True,complete monthly PIT top-100 asset-month,2025-08-31,2025-08-31,1,1,1,2025-08-31
S4,FLR,True,complete monthly PIT top-100 asset-month,2025-09-30,2025-09-30,1,1,1,2025-09-30
S4,FLR,True,complete monthly PIT top-100 asset-month,2025-10-31,2025-10-31,1,1,1,2025-10-31
S4,FLR,True,complete monthly PIT top-100 asset-month,2025-11-30,2025-11-30,1,1,1,2025-11-30
S4,FLR,True,complete monthly PIT top-100 asset-month,2026-02-28,2026-02-28,1,1,1,2026-02-28
S4,FORM,True,complete monthly PIT top-100 asset-month,2025-08-31,2025-08-31,1,1,1,2025-08-31
S4,FRAX,True,complete monthly PIT top-100 asset-month,2021-12-31,2021-12-31,1,1,1,2021-12-31
S4,FRAX,True,complete monthly PIT top-100 asset-month,2022-01-31,2022-01-31,1,1,1,2022-01-31
S4,FRAX,True,complete monthly PIT top-100 asset-month,2022-02-28,2022-02-28,1,1,1,2022-02-28
S4,FRAX,True,complete monthly PIT top-100 asset-month,2022-02-28,2022-02-28,1,1,1,2022-02-28
S4,FRAX,True,complete monthly PIT top-100 asset-month,2022-03-31,2022-03-31,1,1,1,2022-03-31
S4,FRAX,True,complete monthly PIT top-100 asset-month,2022-03-31,2022-03-31,1,1,1,2022-03-31
S4,FRAX,True,complete monthly PIT top-100 asset-month,2022-04-30,2022-04-30,1,1,1,2022-04-30
S4,FRAX,True,complete monthly PIT top-100 asset-month,2022-04-30,2022-04-30,1,1,1,2022-04-30
S4,FRAX,True,complete monthly PIT top-100 asset-month,2022-05-31,2022-05-31,1,1,1,2022-05-31
S4,FRAX,True,complete monthly PIT top-100 asset-month,2022-06-30,2022-06-30,1,1,1,2022-06-30
S4,FRAX,True,complete monthly PIT top-100 asset-month,2022-07-31,2022-07-31,1,1,1,2022-07-31
S4,FRAX,True,complete monthly PIT top-100 asset-month,2022-07-31,2022-07-31,1,1,1,2022-07-31
S4,FRAX,True,complete monthly PIT top-100 asset-month,2022-08-31,2022-08-31,1,1,1,2022-08-31
S4,FRAX,True,complete monthly PIT top-100 asset-month,2022-09-30,2022-09-30,1,1,1,2022-09-30
S4,FRAX,True,complete monthly PIT top-100 asset-month,2022-10-31,2022-10-31,1,1,1,2022-10-31
S4,FRAX,True,complete monthly PIT top-100 asset-month,2022-10-31,2022-10-31,1,1,1,2022-10-31
S4,FRAX,True,complete monthly PIT top-100 asset-month,2022-11-30,2022-11-30,1,1,1,2022-11-30
S4,FRAX,True,complete monthly PIT top-100 asset-month,2022-11-30,2022-11-30,1,1,1,2022-11-30
S4,FRAX,True,complete monthly PIT top-100 asset-month,2022-12-31,2022-12-31,1,1,1,2022-12-31
S4,FRAX,True,complete monthly PIT top-100 asset-month,2022-12-31,2022-12-31,1,1,1,2022-12-31
S4,FRAX,True,complete monthly PIT top-100 asset-month,2023-01-31,2023-01-31,1,1,1,2023-01-31
S4,FRAX,True,complete monthly PIT top-100 asset-month,2023-01-31,2023-01-31,1,1,1,2023-01-31
S4,FRAX,True,complete monthly PIT top-100 asset-month,2023-02-28,2023-02-28,1,1,1,2023-02-28
S4,FRAX,True,complete monthly PIT top-100 asset-month,2023-02-28,2023-02-28,1,1,1,2023-02-28
S4,FRAX,True,complete monthly PIT top-100 asset-month,2023-03-31,2023-03-31,1,1,1,2023-03-31
S4,FRAX,True,complete monthly PIT top-100 asset-month,2023-03-31,2023-03-31,1,1,1,2023-03-31
S4,FRAX,True,complete monthly PIT top-100 asset-month,2023-04-30,2023-04-30,1,1,1,2023-04-30
S4,FRAX,True,complete monthly PIT top-100 asset-month,2023-04-30,2023-04-30,1,1,1,2023-04-30
S4,FRAX,True,complete monthly PIT top-100 asset-month,2023-05-31,2023-05-31,1,1,1,2023-05-31
S4,FRAX,True,complete monthly PIT top-100 asset-month,2023-05-31,2023-05-31,1,1,1,2023-05-31
S4,FRAX,True,complete monthly PIT top-100 asset-month,2023-06-30,2023-06-30,1,1,1,2023-06-30
S4,FRAX,True,complete monthly PIT top-100 asset-month,2023-06-30,2023-06-30,1,1,1,2023-06-30
S4,FRAX,True,complete monthly PIT top-100 asset-month,2023-07-31,2023-07-31,1,1,1,2023-07-31
S4,FRAX,True,complete monthly PIT top-100 asset-month,2023-07-31,2023-07-31,1,1,1,2023-07-31
S4,FRAX,True,complete monthly PIT top-100 asset-month,2023-08-31,2023-08-31,1,1,1,2023-08-31
S4,FRAX,True,complete monthly PIT top-100 asset-month,2023-08-31,2023-08-31,1,1,1,2023-08-31
S4,FRAX,True,complete monthly PIT top-100 asset-month,2023-09-30,2023-09-30,1,1,1,2023-09-30
S4,FRAX,True,complete monthly PIT top-100 asset-month,2023-09-30,2023-09-30,1,1,1,2023-09-30
S4,FRAX,True,complete monthly PIT top-100 asset-month,2023-10-31,2023-10-31,1,1,1,2023-10-31
S4,FRAX,True,complete monthly PIT top-100 asset-month,2023-10-31,2023-10-31,1,1,1,2023-10-31
S4,FRAX,True,complete monthly PIT top-100 asset-month,2023-11-30,2023-11-30,1,1,1,2023-11-30
S4,FRAX,True,complete monthly PIT top-100 asset-month,2023-11-30,2023-11-30,1,1,1,2023-11-30
S4,FRAX,True,complete monthly PIT top-100 asset-month,2023-12-31,2023-12-31,1,1,1,2023-12-31
S4,FRAX,True,complete monthly PIT top-100 asset-month,2024-01-31,2024-01-31,1,1,1,2024-01-31
S4,FRXETH,True,complete monthly PIT top-100 asset-month,2023-05-31,2023-05-31,1,1,1,2023-05-31
S4,FRXETH,True,complete monthly PIT top-100 asset-month,2023-06-30,2023-06-30,1,1,1,2023-06-30
S4,FRXETH,True,complete monthly PIT top-100 asset-month,2023-07-31,2023-07-31,1,1,1,2023-07-31
S4,FRXETH,True,complete monthly PIT top-100 asset-month,2023-08-31,2023-08-31,1,1,1,2023-08-31
S4,FRXETH,True,complete monthly PIT top-100 asset-month,2023-09-30,2023-09-30,1,1,1,2023-09-30
S4,FRXETH,True,complete monthly PIT top-100 asset-month,2023-10-31,2023-10-31,1,1,1,2023-10-31
S4,FRXETH,True,complete monthly PIT top-100 asset-month,2023-11-30,2023-11-30,1,1,1,2023-11-30
S4,FRXETH,True,complete monthly PIT top-100 asset-month,2023-12-31,2023-12-31,1,1,1,2023-12-31
S4,FRXETH,True,complete monthly PIT top-100 asset-month,2024-01-31,2024-01-31,1,1,1,2024-01-31
S4,FRXETH,True,complete monthly PIT top-100 asset-month,2024-02-29,2024-02-29,1,1,1,2024-02-29
S4,FTM,True,complete monthly PIT top-100 asset-month,2021-01-31,2021-01-31,1,1,1,2021-01-31
S4,FTM,True,complete monthly PIT top-100 asset-month,2021-02-28,2021-02-28,1,1,1,2021-02-28
S4,FTM,True,complete monthly PIT top-100 asset-month,2021-03-31,2021-03-31,1,1,1,2021-03-31
S4,FTM,True,complete monthly PIT top-100 asset-month,2021-04-30,2021-04-30,1,1,1,2021-04-30
S4,FTM,True,complete monthly PIT top-100 asset-month,2021-05-31,2021-05-31,1,1,1,2021-05-31
S4,FTM,True,complete monthly PIT top-100 asset-month,2021-06-30,2021-06-30,1,1,1,2021-06-30
S4,FTM,True,complete monthly PIT top-100 asset-month,2021-07-31,2021-07-31,1,1,1,2021-07-31
S4,FTM,True,complete monthly PIT top-100 asset-month,2021-08-31,2021-08-31,1,1,1,2021-08-31
S4,FTM,True,complete monthly PIT top-100 asset-month,2021-09-30,2021-09-30,1,1,1,2021-09-30
S4,FTM,True,complete monthly PIT top-100 asset-month,2021-10-31,2021-10-31,1,1,1,2021-10-31
S4,FTM,True,complete monthly PIT top-100 asset-month,2021-11-30,2021-11-30,1,1,1,2021-11-30
S4,FTM,True,complete monthly PIT top-100 asset-month,2021-12-31,2021-12-31,1,1,1,2021-12-31
S4,FTM,True,complete monthly PIT top-100 asset-month,2022-01-31,2022-01-31,1,1,1,2022-01-31
S4,FTM,True,complete monthly PIT top-100 asset-month,2022-02-28,2022-02-28,1,1,1,2022-02-28
S4,FTM,True,complete monthly PIT top-100 asset-month,2022-03-31,2022-03-31,1,1,1,2022-03-31
S4,FTM,True,complete monthly PIT top-100 asset-month,2022-04-30,2022-04-30,1,1,1,2022-04-30
S4,FTM,True,complete monthly PIT top-100 asset-month,2022-05-31,2022-05-31,1,1,1,2022-05-31
S4,FTM,True,complete monthly PIT top-100 asset-month,2022-06-30,2022-06-30,1,1,1,2022-06-30
S4,FTM,True,complete monthly PIT top-100 asset-month,2022-07-31,2022-07-31,1,1,1,2022-07-31
S4,FTM,True,complete monthly PIT top-100 asset-month,2022-08-31,2022-08-31,1,1,1,2022-08-31
S4,FTM,True,complete monthly PIT top-100 asset-month,2022-09-30,2022-09-30,1,1,1,2022-09-30
S4,FTM,True,complete monthly PIT top-100 asset-month,2022-10-31,2022-10-31,1,1,1,2022-10-31
S4,FTM,True,complete monthly PIT top-100 asset-month,2022-11-30,2022-11-30,1,1,1,2022-11-30
S4,FTM,True,complete monthly PIT top-100 asset-month,2022-12-31,2022-12-31,1,1,1,2022-12-31
S4,FTM,True,complete monthly PIT top-100 asset-month,2023-01-31,2023-01-31,1,1,1,2023-01-31
S4,FTM,True,complete monthly PIT top-100 asset-month,2023-02-28,2023-02-28,1,1,1,2023-02-28
S4,FTM,True,complete monthly PIT top-100 asset-month,2023-03-31,2023-03-31,1,1,1,2023-03-31
S4,FTM,True,complete monthly PIT top-100 asset-month,2023-04-30,2023-04-30,1,1,1,2023-04-30
S4,FTM,True,complete monthly PIT top-100 asset-month,2023-05-31,2023-05-31,1,1,1,2023-05-31
S4,FTM,True,complete monthly PIT top-100 asset-month,2023-06-30,2023-06-30,1,1,1,2023-06-30
S4,FTM,True,complete monthly PIT top-100 asset-month,2023-07-31,2023-07-31,1,1,1,2023-07-31
S4,FTM,True,complete monthly PIT top-100 asset-month,2023-08-31,2023-08-31,1,1,1,2023-08-31
S4,FTM,True,complete monthly PIT top-100 asset-month,2023-09-30,2023-09-30,1,1,1,2023-09-30
S4,FTM,True,complete monthly PIT top-100 asset-month,2023-10-31,2023-10-31,1,1,1,2023-10-31
S4,FTM,True,complete monthly PIT top-100 asset-month,2023-11-30,2023-11-30,1,1,1,2023-11-30
S4,FTM,True,complete monthly PIT top-100 asset-month,2023-12-31,2023-12-31,1,1,1,2023-12-31
S4,FTM,True,complete monthly PIT top-100 asset-month,2024-01-31,2024-01-31,1,1,1,2024-01-31
S4,FTM,True,complete monthly PIT top-100 asset-month,2024-02-29,2024-02-29,1,1,1,2024-02-29
S4,FTM,True,complete monthly PIT top-100 asset-month,2024-03-31,2024-03-31,1,1,1,2024-03-31
S4,FTM,True,complete monthly PIT top-100 asset-month,2024-04-30,2024-04-30,1,1,1,2024-04-30
S4,FTM,True,complete monthly PIT top-100 asset-month,2024-05-31,2024-05-31,1,1,1,2024-05-31
S4,FTM,True,complete monthly PIT top-100 asset-month,2024-06-30,2024-06-30,1,1,1,2024-06-30
S4,FTM,True,complete monthly PIT top-100 asset-month,2024-07-31,2024-07-31,1,1,1,2024-07-31
S4,FTM,True,complete monthly PIT top-100 asset-month,2024-08-31,2024-08-31,1,1,1,2024-08-31
S4,FTM,True,complete monthly PIT top-100 asset-month,2024-09-30,2024-09-30,1,1,1,2024-09-30
S4,FTM,True,complete monthly PIT top-100 asset-month,2024-10-31,2024-10-31,1,1,1,2024-10-31
S4,FTM,True,complete monthly PIT top-100 asset-month,2024-11-30,2024-11-30,1,1,1,2024-11-30
S4,FTM,True,complete monthly PIT top-100 asset-month,2024-12-31,2024-12-31,1,1,1,2024-12-31
S4,FTN,True,complete monthly PIT top-100 asset-month,2024-07-31,2024-07-31,1,1,1,2024-07-31
S4,FTN,True,complete monthly PIT top-100 asset-month,2024-08-31,2024-08-31,1,1,1,2024-08-31
S4,FTN,True,complete monthly PIT top-100 asset-month,2024-10-31,2024-10-31,1,1,1,2024-10-31
S4,FTN,True,complete monthly PIT top-100 asset-month,2024-12-31,2024-12-31,1,1,1,2024-12-31
S4,FTN,True,complete monthly PIT top-100 asset-month,2025-01-31,2025-01-31,1,1,1,2025-01-31
S4,FTN,True,complete monthly PIT top-100 asset-month,2025-02-28,2025-02-28,1,1,1,2025-02-28
S4,FTN,True,complete monthly PIT top-100 asset-month,2025-03-31,2025-03-31,1,1,1,2025-03-31
S4,FTN,True,complete monthly PIT top-100 asset-month,2025-04-30,2025-04-30,1,1,1,2025-04-30
S4,FTN,True,complete monthly PIT top-100 asset-month,2025-05-31,2025-05-31,1,1,1,2025-05-31
S4,FTN,True,complete monthly PIT top-100 asset-month,2025-06-30,2025-06-30,1,1,1,2025-06-30
S4,FTN,True,complete monthly PIT top-100 asset-month,2025-07-31,2025-07-31,1,1,1,2025-07-31
S4,FTN,True,complete monthly PIT top-100 asset-month,2025-08-31,2025-08-31,1,1,1,2025-08-31
S4,FTT,True,complete monthly PIT top-100 asset-month,2020-01-31,2020-01-31,1,1,1,2020-01-31
S4,FTT,True,complete monthly PIT top-100 asset-month,2020-02-29,2020-02-29,1,1,1,2020-02-29
S4,FTT,True,complete monthly PIT top-100 asset-month,2020-03-31,2020-03-31,1,1,1,2020-03-31
S4,FTT,True,complete monthly PIT top-100 asset-month,2020-04-30,2020-04-30,1,1,1,2020-04-30
S4,FTT,True,complete monthly PIT top-100 asset-month,2020-05-31,2020-05-31,1,1,1,2020-05-31
S4,FTT,True,complete monthly PIT top-100 asset-month,2020-06-30,2020-06-30,1,1,1,2020-06-30
S4,FTT,True,complete monthly PIT top-100 asset-month,2020-07-31,2020-07-31,1,1,1,2020-07-31
S4,FTT,True,complete monthly PIT top-100 asset-month,2020-08-31,2020-08-31,1,1,1,2020-08-31
S4,FTT,True,complete monthly PIT top-100 asset-month,2020-09-30,2020-09-30,1,1,1,2020-09-30
S4,FTT,True,complete monthly PIT top-100 asset-month,2020-10-31,2020-10-31,1,1,1,2020-10-31
S4,FTT,True,complete monthly PIT top-100 asset-month,2020-11-30,2020-11-30,1,1,1,2020-11-30
S4,FTT,True,complete monthly PIT top-100 asset-month,2020-12-31,2020-12-31,1,1,1,2020-12-31
S4,FTT,True,complete monthly PIT top-100 asset-month,2021-01-31,2021-01-31,1,1,1,2021-01-31
S4,FTT,True,complete monthly PIT top-100 asset-month,2021-02-28,2021-02-28,1,1,1,2021-02-28
S4,FTT,True,complete monthly PIT top-100 asset-month,2021-03-31,2021-03-31,1,1,1,2021-03-31
S4,FTT,True,complete monthly PIT top-100 asset-month,2021-04-30,2021-04-30,1,1,1,2021-04-30
S4,FTT,True,complete monthly PIT top-100 asset-month,2021-05-31,2021-05-31,1,1,1,2021-05-31
S4,FTT,True,complete monthly PIT top-100 asset-month,2021-06-30,2021-06-30,1,1,1,2021-06-30
S4,FTT,True,complete monthly PIT top-100 asset-month,2021-07-31,2021-07-31,1,1,1,2021-07-31
S4,FTT,True,complete monthly PIT top-100 asset-month,2021-08-31,2021-08-31,1,1,1,2021-08-31
S4,FTT,True,complete monthly PIT top-100 asset-month,2021-09-30,2021-09-30,1,1,1,2021-09-30
S4,FTT,True,complete monthly PIT top-100 asset-month,2021-10-31,2021-10-31,1,1,1,2021-10-31
S4,FTT,True,complete monthly PIT top-100 asset-month,2021-11-30,2021-11-30,1,1,1,2021-11-30
S4,FTT,True,complete monthly PIT top-100 asset-month,2021-12-31,2021-12-31,1,1,1,2021-12-31
S4,FTT,True,complete monthly PIT top-100 asset-month,2022-01-31,2022-01-31,1,1,1,2022-01-31
S4,FTT,True,complete monthly PIT top-100 asset-month,2022-02-28,2022-02-28,1,1,1,2022-02-28
S4,FTT,True,complete monthly PIT top-100 asset-month,2022-03-31,2022-03-31,1,1,1,2022-03-31
S4,FTT,True,complete monthly PIT top-100 asset-month,2022-04-30,2022-04-30,1,1,1,2022-04-30
S4,FTT,True,complete monthly PIT top-100 asset-month,2022-05-31,2022-05-31,1,1,1,2022-05-31
S4,FTT,True,complete monthly PIT top-100 asset-month,2022-06-30,2022-06-30,1,1,1,2022-06-30
S4,FTT,True,complete monthly PIT top-100 asset-month,2022-07-31,2022-07-31,1,1,1,2022-07-31
S4,FTT,True,complete monthly PIT top-100 asset-month,2022-08-31,2022-08-31,1,1,1,2022-08-31
S4,FTT,True,complete monthly PIT top-100 asset-month,2022-09-30,2022-09-30,1,1,1,2022-09-30
S4,FTT,True,complete monthly PIT top-100 asset-month,2022-10-31,2022-10-31,1,1,1,2022-10-31
S4,GALA,True,complete monthly PIT top-100 asset-month,2021-11-30,2021-11-30,1,1,1,2021-11-30
S4,GALA,True,complete monthly PIT top-100 asset-month,2021-12-31,2021-12-31,1,1,1,2021-12-31
S4,GALA,True,complete monthly PIT top-100 asset-month,2022-01-31,2022-01-31,1,1,1,2022-01-31
S4,GALA,True,complete monthly PIT top-100 asset-month,2022-02-28,2022-02-28,1,1,1,2022-02-28
S4,GALA,True,complete monthly PIT top-100 asset-month,2022-03-31,2022-03-31,1,1,1,2022-03-31
S4,GALA,True,complete monthly PIT top-100 asset-month,2022-04-30,2022-04-30,1,1,1,2022-04-30
S4,GALA,True,complete monthly PIT top-100 asset-month,2022-05-31,2022-05-31,1,1,1,2022-05-31
S4,GALA,True,complete monthly PIT top-100 asset-month,2022-06-30,2022-06-30,1,1,1,2022-06-30
S4,GALA,True,complete monthly PIT top-100 asset-month,2023-05-31,2023-05-31,1,1,1,2023-05-31
S4,GALA,True,complete monthly PIT top-100 asset-month,2023-06-30,2023-06-30,1,1,1,2023-06-30
S4,GALA,True,complete monthly PIT top-100 asset-month,2023-07-31,2023-07-31,1,1,1,2023-07-31
S4,GALA,True,complete monthly PIT top-100 asset-month,2023-08-31,2023-08-31,1,1,1,2023-08-31
S4,GALA,True,complete monthly PIT top-100 asset-month,2023-09-30,2023-09-30,1,1,1,2023-09-30
S4,GALA,True,complete monthly PIT top-100 asset-month,2023-10-31,2023-10-31,1,1,1,2023-10-31
S4,GALA,True,complete monthly PIT top-100 asset-month,2023-11-30,2023-11-30,1,1,1,2023-11-30
S4,GALA,True,complete monthly PIT top-100 asset-month,2023-12-31,2023-12-31,1,1,1,2023-12-31
S4,GALA,True,complete monthly PIT top-100 asset-month,2024-01-31,2024-01-31,1,1,1,2024-01-31
S4,GALA,True,complete monthly PIT top-100 asset-month,2024-02-29,2024-02-29,1,1,1,2024-02-29
S4,GALA,True,complete monthly PIT top-100 asset-month,2024-03-31,2024-03-31,1,1,1,2024-03-31
S4,GALA,True,complete monthly PIT top-100 asset-month,2024-04-30,2024-04-30,1,1,1,2024-04-30
S4,GALA,True,complete monthly PIT top-100 asset-month,2024-05-31,2024-05-31,1,1,1,2024-05-31
S4,GALA,True,complete monthly PIT top-100 asset-month,2024-06-30,2024-06-30,1,1,1,2024-06-30
S4,GALA,True,complete monthly PIT top-100 asset-month,2024-07-31,2024-07-31,1,1,1,2024-07-31
S4,GALA,True,complete monthly PIT top-100 asset-month,2024-08-31,2024-08-31,1,1,1,2024-08-31
S4,GALA,True,complete monthly PIT top-100 asset-month,2024-09-30,2024-09-30,1,1,1,2024-09-30
S4,GALA,True,complete monthly PIT top-100 asset-month,2024-10-31,2024-10-31,1,1,1,2024-10-31
S4,GALA,True,complete monthly PIT top-100 asset-month,2024-11-30,2024-11-30,1,1,1,2024-11-30
S4,GALA,True,complete monthly PIT top-100 asset-month,2024-12-31,2024-12-31,1,1,1,2024-12-31
S4,GALA,True,complete monthly PIT top-100 asset-month,2025-01-31,2025-01-31,1,1,1,2025-01-31
S4,GALA,True,complete monthly PIT top-100 asset-month,2025-02-28,2025-02-28,1,1,1,2025-02-28
S4,GAS,True,complete monthly PIT top-100 asset-month,2023-11-30,2023-11-30,1,1,1,2023-11-30
S4,GLM,True,complete monthly PIT top-100 asset-month,2020-01-31,2020-01-31,1,1,1,2020-01-31
S4,GLM,True,complete monthly PIT top-100 asset-month,2020-02-29,2020-02-29,1,1,1,2020-02-29
S4,GLM,True,complete monthly PIT top-100 asset-month,2020-03-31,2020-03-31,1,1,1,2020-03-31
S4,GLM,True,complete monthly PIT top-100 asset-month,2020-04-30,2020-04-30,1,1,1,2020-04-30
S4,GLM,True,complete monthly PIT top-100 asset-month,2020-05-31,2020-05-31,1,1,1,2020-05-31
S4,GLM,True,complete monthly PIT top-100 asset-month,2020-06-30,2020-06-30,1,1,1,2020-06-30
S4,GLM,True,complete monthly PIT top-100 asset-month,2020-08-31,2020-08-31,1,1,1,2020-08-31
S4,GLM,True,complete monthly PIT top-100 asset-month,2020-09-30,2020-09-30,1,1,1,2020-09-30
S4,GLM,True,complete monthly PIT top-100 asset-month,2020-11-30,2020-11-30,1,1,1,2020-11-30
S4,GMT,True,complete monthly PIT top-100 asset-month,2022-03-31,2022-03-31,1,1,1,2022-03-31
S4,GMT,True,complete monthly PIT top-100 asset-month,2022-04-30,2022-04-30,1,1,1,2022-04-30
S4,GMT,True,complete monthly PIT top-100 asset-month,2022-05-31,2022-05-31,1,1,1,2022-05-31
S4,GMT,True,complete monthly PIT top-100 asset-month,2022-06-30,2022-06-30,1,1,1,2022-06-30
S4,GMT,True,complete monthly PIT top-100 asset-month,2022-07-31,2022-07-31,1,1,1,2022-07-31
S4,GMT,True,complete monthly PIT top-100 asset-month,2022-09-30,2022-09-30,1,1,1,2022-09-30
S4,GMX,True,complete monthly PIT top-100 asset-month,2022-11-30,2022-11-30,1,1,1,2022-11-30
S4,GMX,True,complete monthly PIT top-100 asset-month,2022-12-31,2022-12-31,1,1,1,2022-12-31
S4,GMX,True,complete monthly PIT top-100 asset-month,2023-01-31,2023-01-31,1,1,1,2023-01-31
S4,GMX,True,complete monthly PIT top-100 asset-month,2023-02-28,2023-02-28,1,1,1,2023-02-28
S4,GMX,True,complete monthly PIT top-100 asset-month,2023-03-31,2023-03-31,1,1,1,2023-03-31
S4,GMX,True,complete monthly PIT top-100 asset-month,2023-04-30,2023-04-30,1,1,1,2023-04-30
S4,GMX,True,complete monthly PIT top-100 asset-month,2023-05-31,2023-05-31,1,1,1,2023-05-31
S4,GMX,True,complete monthly PIT top-100 asset-month,2023-06-30,2023-06-30,1,1,1,2023-06-30
S4,GMX,True,complete monthly PIT top-100 asset-month,2023-07-31,2023-07-31,1,1,1,2023-07-31
S4,GMX,True,complete monthly PIT top-100 asset-month,2023-08-31,2023-08-31,1,1,1,2023-08-31
S4,GMX,True,complete monthly PIT top-100 asset-month,2023-09-30,2023-09-30,1,1,1,2023-09-30
S4,GMX,True,complete monthly PIT top-100 asset-month,2023-10-31,2023-10-31,1,1,1,2023-10-31
S4,GNO,True,complete monthly PIT top-100 asset-month,2024-02-29,2024-02-29,1,1,1,2024-02-29
S4,GRAM,True,complete monthly PIT top-100 asset-month,2022-11-30,2022-11-30,1,1,1,2022-11-30
S4,GRAM,True,complete monthly PIT top-100 asset-month,2022-12-31,2022-12-31,1,1,1,2022-12-31
S4,GRAM,True,complete monthly PIT top-100 asset-month,2023-01-31,2023-01-31,1,1,1,2023-01-31
S4,GRAM,True,complete monthly PIT top-100 asset-month,2023-02-28,2023-02-28,1,1,1,2023-02-28
S4,GRAM,True,complete monthly PIT top-100 asset-month,2023-03-31,2023-03-31,1,1,1,2023-03-31
S4,GRAM,True,complete monthly PIT top-100 asset-month,2023-04-30,2023-04-30,1,1,1,2023-04-30
S4,GRAM,True,complete monthly PIT top-100 asset-month,2023-05-31,2023-05-31,1,1,1,2023-05-31
S4,GRAM,True,complete monthly PIT top-100 asset-month,2023-06-30,2023-06-30,1,1,1,2023-06-30
S4,GRAM,True,complete monthly PIT top-100 asset-month,2023-07-31,2023-07-31,1,1,1,2023-07-31
S4,GRAM,True,complete monthly PIT top-100 asset-month,2023-08-31,2023-08-31,1,1,1,2023-08-31
S4,GRAM,True,complete monthly PIT top-100 asset-month,2023-09-30,2023-09-30,1,1,1,2023-09-30
S4,GRAM,True,complete monthly PIT top-100 asset-month,2023-10-31,2023-10-31,1,1,1,2023-10-31
S4,GRAM,True,complete monthly PIT top-100 asset-month,2023-11-30,2023-11-30,1,1,1,2023-11-30
S4,GRAM,True,complete monthly PIT top-100 asset-month,2023-12-31,2023-12-31,1,1,1,2023-12-31
S4,GRAM,True,complete monthly PIT top-100 asset-month,2024-01-31,2024-01-31,1,1,1,2024-01-31
S4,GRAM,True,complete monthly PIT top-100 asset-month,2024-02-29,2024-02-29,1,1,1,2024-02-29
S4,GRAM,True,complete monthly PIT top-100 asset-month,2024-03-31,2024-03-31,1,1,1,2024-03-31
S4,GRAM,True,complete monthly PIT top-100 asset-month,2024-04-30,2024-04-30,1,1,1,2024-04-30
S4,GRAM,True,complete monthly PIT top-100 asset-month,2024-05-31,2024-05-31,1,1,1,2024-05-31
S4,GRAM,True,complete monthly PIT top-100 asset-month,2024-06-30,2024-06-30,1,1,1,2024-06-30
S4,GRAM,True,complete monthly PIT top-100 asset-month,2024-07-31,2024-07-31,1,1,1,2024-07-31
S4,GRAM,True,complete monthly PIT top-100 asset-month,2024-08-31,2024-08-31,1,1,1,2024-08-31
S4,GRAM,True,complete monthly PIT top-100 asset-month,2024-09-30,2024-09-30,1,1,1,2024-09-30
S4,GRAM,True,complete monthly PIT top-100 asset-month,2024-10-31,2024-10-31,1,1,1,2024-10-31
S4,GRAM,True,complete monthly PIT top-100 asset-month,2024-11-30,2024-11-30,1,1,1,2024-11-30
S4,GRAM,True,complete monthly PIT top-100 asset-month,2024-12-31,2024-12-31,1,1,1,2024-12-31
S4,GRAM,True,complete monthly PIT top-100 asset-month,2025-01-31,2025-01-31,1,1,1,2025-01-31
S4,GRAM,True,complete monthly PIT top-100 asset-month,2025-02-28,2025-02-28,1,1,1,2025-02-28
S4,GRAM,True,complete monthly PIT top-100 asset-month,2025-03-31,2025-03-31,1,1,1,2025-03-31
S4,GRAM,True,complete monthly PIT top-100 asset-month,2025-04-30,2025-04-30,1,1,1,2025-04-30
S4,GRAM,True,complete monthly PIT top-100 asset-month,2025-05-31,2025-05-31,1,1,1,2025-05-31
S4,GRAM,True,complete monthly PIT top-100 asset-month,2025-06-30,2025-06-30,1,1,1,2025-06-30
S4,GRAM,True,complete monthly PIT top-100 asset-month,2025-07-31,2025-07-31,1,1,1,2025-07-31
S4,GRAM,True,complete monthly PIT top-100 asset-month,2025-08-31,2025-08-31,1,1,1,2025-08-31
S4,GRAM,True,complete monthly PIT top-100 asset-month,2025-09-30,2025-09-30,1,1,1,2025-09-30
S4,GRAM,True,complete monthly PIT top-100 asset-month,2025-10-31,2025-10-31,1,1,1,2025-10-31
S4,GRAM,True,complete monthly PIT top-100 asset-month,2025-11-30,2025-11-30,1,1,1,2025-11-30
S4,GRAM,True,complete monthly PIT top-100 asset-month,2025-12-31,2025-12-31,1,1,1,2025-12-31
S4,GRAM,True,complete monthly PIT top-100 asset-month,2026-01-31,2026-01-31,1,1,1,2026-01-31
S4,GRAM,True,complete monthly PIT top-100 asset-month,2026-02-28,2026-02-28,1,1,1,2026-02-28
S4,GRAM,True,complete monthly PIT top-100 asset-month,2026-03-31,2026-03-31,1,1,1,2026-03-31
S4,GRAM,True,complete monthly PIT top-100 asset-month,2026-04-30,2026-04-30,1,1,1,2026-04-30
S4,GRAM,True,complete monthly PIT top-100 asset-month,2026-05-31,2026-05-31,1,1,1,2026-05-31
S4,GRIN,True,complete monthly PIT top-100 asset-month,2020-01-31,2020-01-31,1,1,1,2020-01-31
S4,GRT,True,complete monthly PIT top-100 asset-month,2020-12-31,2020-12-31,1,1,1,2020-12-31
S4,GRT,True,complete monthly PIT top-100 asset-month,2021-01-31,2021-01-31,1,1,1,2021-01-31
S4,GRT,True,complete monthly PIT top-100 asset-month,2021-02-28,2021-02-28,1,1,1,2021-02-28
S4,GRT,True,complete monthly PIT top-100 asset-month,2021-03-31,2021-03-31,1,1,1,2021-03-31
S4,GRT,True,complete monthly PIT top-100 asset-month,2021-04-30,2021-04-30,1,1,1,2021-04-30
S4,GRT,True,complete monthly PIT top-100 asset-month,2021-05-31,2021-05-31,1,1,1,2021-05-31
S4,GRT,True,complete monthly PIT top-100 asset-month,2021-06-30,2021-06-30,1,1,1,2021-06-30
S4,GRT,True,complete monthly PIT top-100 asset-month,2021-07-31,2021-07-31,1,1,1,2021-07-31
S4,GRT,True,complete monthly PIT top-100 asset-month,2021-08-31,2021-08-31,1,1,1,2021-08-31
S4,GRT,True,complete monthly PIT top-100 asset-month,2021-09-30,2021-09-30,1,1,1,2021-09-30
S4,GRT,True,complete monthly PIT top-100 asset-month,2021-10-31,2021-10-31,1,1,1,2021-10-31
S4,GRT,True,complete monthly PIT top-100 asset-month,2021-11-30,2021-11-30,1,1,1,2021-11-30
S4,GRT,True,complete monthly PIT top-100 asset-month,2021-12-31,2021-12-31,1,1,1,2021-12-31
S4,GRT,True,complete monthly PIT top-100 asset-month,2022-01-31,2022-01-31,1,1,1,2022-01-31
S4,GRT,True,complete monthly PIT top-100 asset-month,2022-02-28,2022-02-28,1,1,1,2022-02-28
S4,GRT,True,complete monthly PIT top-100 asset-month,2022-03-31,2022-03-31,1,1,1,2022-03-31
S4,GRT,True,complete monthly PIT top-100 asset-month,2022-04-30,2022-04-30,1,1,1,2022-04-30
S4,GRT,True,complete monthly PIT top-100 asset-month,2022-05-31,2022-05-31,1,1,1,2022-05-31
S4,GRT,True,complete monthly PIT top-100 asset-month,2022-06-30,2022-06-30,1,1,1,2022-06-30
S4,GRT,True,complete monthly PIT top-100 asset-month,2022-07-31,2022-07-31,1,1,1,2022-07-31
S4,GRT,True,complete monthly PIT top-100 asset-month,2022-08-31,2022-08-31,1,1,1,2022-08-31
S4,GRT,True,complete monthly PIT top-100 asset-month,2022-09-30,2022-09-30,1,1,1,2022-09-30
S4,GRT,True,complete monthly PIT top-100 asset-month,2022-10-31,2022-10-31,1,1,1,2022-10-31
S4,GRT,True,complete monthly PIT top-100 asset-month,2022-11-30,2022-11-30,1,1,1,2022-11-30
S4,GRT,True,complete monthly PIT top-100 asset-month,2022-12-31,2022-12-31,1,1,1,2022-12-31
S4,GRT,True,complete monthly PIT top-100 asset-month,2023-01-31,2023-01-31,1,1,1,2023-01-31
S4,GRT,True,complete monthly PIT top-100 asset-month,2023-02-28,2023-02-28,1,1,1,2023-02-28
S4,GRT,True,complete monthly PIT top-100 asset-month,2023-03-31,2023-03-31,1,1,1,2023-03-31
S4,GRT,True,complete monthly PIT top-100 asset-month,2023-04-30,2023-04-30,1,1,1,2023-04-30
S4,GRT,True,complete monthly PIT top-100 asset-month,2023-05-31,2023-05-31,1,1,1,2023-05-31
S4,GRT,True,complete monthly PIT top-100 asset-month,2023-06-30,2023-06-30,1,1,1,2023-06-30
S4,GRT,True,complete monthly PIT top-100 asset-month,2023-07-31,2023-07-31,1,1,1,2023-07-31
S4,GRT,True,complete monthly PIT top-100 asset-month,2023-08-31,2023-08-31,1,1,1,2023-08-31
S4,GRT,True,complete monthly PIT top-100 asset-month,2023-09-30,2023-09-30,1,1,1,2023-09-30
S4,GRT,True,complete monthly PIT top-100 asset-month,2023-10-31,2023-10-31,1,1,1,2023-10-31
S4,GRT,True,complete monthly PIT top-100 asset-month,2023-11-30,2023-11-30,1,1,1,2023-11-30
S4,GRT,True,complete monthly PIT top-100 asset-month,2023-12-31,2023-12-31,1,1,1,2023-12-31
S4,GRT,True,complete monthly PIT top-100 asset-month,2024-01-31,2024-01-31,1,1,1,2024-01-31
S4,GRT,True,complete monthly PIT top-100 asset-month,2024-02-29,2024-02-29,1,1,1,2024-02-29
S4,GRT,True,complete monthly PIT top-100 asset-month,2024-03-31,2024-03-31,1,1,1,2024-03-31
S4,GRT,True,complete monthly PIT top-100 asset-month,2024-04-30,2024-04-30,1,1,1,2024-04-30
S4,GRT,True,complete monthly PIT top-100 asset-month,2024-05-31,2024-05-31,1,1,1,2024-05-31
S4,GRT,True,complete monthly PIT top-100 asset-month,2024-06-30,2024-06-30,1,1,1,2024-06-30
S4,GRT,True,complete monthly PIT top-100 asset-month,2024-07-31,2024-07-31,1,1,1,2024-07-31
S4,GRT,True,complete monthly PIT top-100 asset-month,2024-08-31,2024-08-31,1,1,1,2024-08-31
S4,GRT,True,complete monthly PIT top-100 asset-month,2024-09-30,2024-09-30,1,1,1,2024-09-30
S4,GRT,True,complete monthly PIT top-100 asset-month,2024-10-31,2024-10-31,1,1,1,2024-10-31
S4,GRT,True,complete monthly PIT top-100 asset-month,2024-11-30,2024-11-30,1,1,1,2024-11-30
S4,GRT,True,complete monthly PIT top-100 asset-month,2024-12-31,2024-12-31,1,1,1,2024-12-31
S4,GRT,True,complete monthly PIT top-100 asset-month,2025-01-31,2025-01-31,1,1,1,2025-01-31
S4,GRT,True,complete monthly PIT top-100 asset-month,2025-02-28,2025-02-28,1,1,1,2025-02-28
S4,GRT,True,complete monthly PIT top-100 asset-month,2025-03-31,2025-03-31,1,1,1,2025-03-31
S4,GRT,True,complete monthly PIT top-100 asset-month,2025-04-30,2025-04-30,1,1,1,2025-04-30
S4,GRT,True,complete monthly PIT top-100 asset-month,2025-05-31,2025-05-31,1,1,1,2025-05-31
S4,GT,True,complete monthly PIT top-100 asset-month,2020-01-31,2020-01-31,1,1,1,2020-01-31
S4,GT,True,complete monthly PIT top-100 asset-month,2020-02-29,2020-02-29,1,1,1,2020-02-29
S4,GT,True,complete monthly PIT top-100 asset-month,2020-03-31,2020-03-31,1,1,1,2020-03-31
S4,GT,True,complete monthly PIT top-100 asset-month,2020-04-30,2020-04-30,1,1,1,2020-04-30
S4,GT,True,complete monthly PIT top-100 asset-month,2020-05-31,2020-05-31,1,1,1,2020-05-31
S4,GT,True,complete monthly PIT top-100 asset-month,2020-06-30,2020-06-30,1,1,1,2020-06-30
S4,GT,True,complete monthly PIT top-100 asset-month,2020-07-31,2020-07-31,1,1,1,2020-07-31
S4,GT,True,complete monthly PIT top-100 asset-month,2020-10-31,2020-10-31,1,1,1,2020-10-31
S4,GT,True,complete monthly PIT top-100 asset-month,2021-05-31,2021-05-31,1,1,1,2021-05-31
S4,GT,True,complete monthly PIT top-100 asset-month,2021-06-30,2021-06-30,1,1,1,2021-06-30
S4,GT,True,complete monthly PIT top-100 asset-month,2022-01-31,2022-01-31,1,1,1,2022-01-31
S4,GT,True,complete monthly PIT top-100 asset-month,2022-02-28,2022-02-28,1,1,1,2022-02-28
S4,GT,True,complete monthly PIT top-100 asset-month,2022-04-30,2022-04-30,1,1,1,2022-04-30
S4,GT,True,complete monthly PIT top-100 asset-month,2022-05-31,2022-05-31,1,1,1,2022-05-31
S4,GT,True,complete monthly PIT top-100 asset-month,2022-06-30,2022-06-30,1,1,1,2022-06-30
S4,GT,True,complete monthly PIT top-100 asset-month,2022-07-31,2022-07-31,1,1,1,2022-07-31
S4,GT,True,complete monthly PIT top-100 asset-month,2022-08-31,2022-08-31,1,1,1,2022-08-31
S4,GT,True,complete monthly PIT top-100 asset-month,2022-09-30,2022-09-30,1,1,1,2022-09-30
S4,GT,True,complete monthly PIT top-100 asset-month,2022-10-31,2022-10-31,1,1,1,2022-10-31
S4,GT,True,complete monthly PIT top-100 asset-month,2022-11-30,2022-11-30,1,1,1,2022-11-30
S4,GT,True,complete monthly PIT top-100 asset-month,2022-12-31,2022-12-31,1,1,1,2022-12-31
S4,GT,True,complete monthly PIT top-100 asset-month,2023-01-31,2023-01-31,1,1,1,2023-01-31
S4,GT,True,complete monthly PIT top-100 asset-month,2023-02-28,2023-02-28,1,1,1,2023-02-28
S4,GT,True,complete monthly PIT top-100 asset-month,2023-03-31,2023-03-31,1,1,1,2023-03-31
S4,GT,True,complete monthly PIT top-100 asset-month,2023-04-30,2023-04-30,1,1,1,2023-04-30
S4,GT,True,complete monthly PIT top-100 asset-month,2023-05-31,2023-05-31,1,1,1,2023-05-31
S4,GT,True,complete monthly PIT top-100 asset-month,2023-06-30,2023-06-30,1,1,1,2023-06-30
S4,GT,True,complete monthly PIT top-100 asset-month,2023-07-31,2023-07-31,1,1,1,2023-07-31
S4,GT,True,complete monthly PIT top-100 asset-month,2023-08-31,2023-08-31,1,1,1,2023-08-31
S4,GT,True,complete monthly PIT top-100 asset-month,2023-09-30,2023-09-30,1,1,1,2023-09-30
S4,GT,True,complete monthly PIT top-100 asset-month,2023-10-31,2023-10-31,1,1,1,2023-10-31
S4,GT,True,complete monthly PIT top-100 asset-month,2023-11-30,2023-11-30,1,1,1,2023-11-30
S4,GT,True,complete monthly PIT top-100 asset-month,2023-12-31,2023-12-31,1,1,1,2023-12-31
S4,GT,True,complete monthly PIT top-100 asset-month,2024-03-31,2024-03-31,1,1,1,2024-03-31
S4,GT,True,complete monthly PIT top-100 asset-month,2024-04-30,2024-04-30,1,1,1,2024-04-30
S4,GT,True,complete monthly PIT top-100 asset-month,2024-05-31,2024-05-31,1,1,1,2024-05-31
S4,GT,True,complete monthly PIT top-100 asset-month,2024-06-30,2024-06-30,1,1,1,2024-06-30
S4,GT,True,complete monthly PIT top-100 asset-month,2024-07-31,2024-07-31,1,1,1,2024-07-31
S4,GT,True,complete monthly PIT top-100 asset-month,2024-08-31,2024-08-31,1,1,1,2024-08-31
S4,GT,True,complete monthly PIT top-100 asset-month,2024-09-30,2024-09-30,1,1,1,2024-09-30
S4,GT,True,complete monthly PIT top-100 asset-month,2024-10-31,2024-10-31,1,1,1,2024-10-31
S4,GT,True,complete monthly PIT top-100 asset-month,2024-11-30,2024-11-30,1,1,1,2024-11-30
S4,GT,True,complete monthly PIT top-100 asset-month,2024-12-31,2024-12-31,1,1,1,2024-12-31
S4,GT,True,complete monthly PIT top-100 asset-month,2025-01-31,2025-01-31,1,1,1,2025-01-31
S4,GT,True,complete monthly PIT top-100 asset-month,2025-02-28,2025-02-28,1,1,1,2025-02-28
S4,GT,True,complete monthly PIT top-100 asset-month,2025-03-31,2025-03-31,1,1,1,2025-03-31
S4,GT,True,complete monthly PIT top-100 asset-month,2025-04-30,2025-04-30,1,1,1,2025-04-30
S4,GT,True,complete monthly PIT top-100 asset-month,2025-05-31,2025-05-31,1,1,1,2025-05-31
S4,GT,True,complete monthly PIT top-100 asset-month,2025-06-30,2025-06-30,1,1,1,2025-06-30
S4,GT,True,complete monthly PIT top-100 asset-month,2025-07-31,2025-07-31,1,1,1,2025-07-31
S4,GT,True,complete monthly PIT top-100 asset-month,2025-08-31,2025-08-31,1,1,1,2025-08-31
S4,GT,True,complete monthly PIT top-100 asset-month,2025-09-30,2025-09-30,1,1,1,2025-09-30
S4,GT,True,complete monthly PIT top-100 asset-month,2025-10-31,2025-10-31,1,1,1,2025-10-31
S4,GT,True,complete monthly PIT top-100 asset-month,2025-11-30,2025-11-30,1,1,1,2025-11-30
S4,GT,True,complete monthly PIT top-100 asset-month,2025-12-31,2025-12-31,1,1,1,2025-12-31
S4,GT,True,complete monthly PIT top-100 asset-month,2026-01-31,2026-01-31,1,1,1,2026-01-31
S4,GT,True,complete monthly PIT top-100 asset-month,2026-02-28,2026-02-28,1,1,1,2026-02-28
S4,GT,True,complete monthly PIT top-100 asset-month,2026-03-31,2026-03-31,1,1,1,2026-03-31
S4,GT,True,complete monthly PIT top-100 asset-month,2026-04-30,2026-04-30,1,1,1,2026-04-30
S4,GUSD,True,complete monthly PIT top-100 asset-month,2022-10-31,2022-10-31,1,1,1,2022-10-31
S4,GUSD,True,complete monthly PIT top-100 asset-month,2022-11-30,2022-11-30,1,1,1,2022-11-30
S4,GUSD,True,complete monthly PIT top-100 asset-month,2022-12-31,2022-12-31,1,1,1,2022-12-31
S4,GUSD,True,complete monthly PIT top-100 asset-month,2023-01-31,2023-01-31,1,1,1,2023-01-31
S4,GUSD,True,complete monthly PIT top-100 asset-month,2023-02-28,2023-02-28,1,1,1,2023-02-28
S4,GUSD,True,complete monthly PIT top-100 asset-month,2023-04-30,2023-04-30,1,1,1,2023-04-30
S4,GUSD,True,complete monthly PIT top-100 asset-month,2023-05-31,2023-05-31,1,1,1,2023-05-31
S4,GUSD,True,complete monthly PIT top-100 asset-month,2023-06-30,2023-06-30,1,1,1,2023-06-30
S4,GXC,True,complete monthly PIT top-100 asset-month,2020-01-31,2020-01-31,1,1,1,2020-01-31
S4,GXC,True,complete monthly PIT top-100 asset-month,2020-03-31,2020-03-31,1,1,1,2020-03-31
S4,HASH,True,complete monthly PIT top-100 asset-month,2025-08-31,2025-08-31,1,1,1,2025-08-31
S4,HASH,True,complete monthly PIT top-100 asset-month,2025-09-30,2025-09-30,1,1,1,2025-09-30
S4,HASH,True,complete monthly PIT top-100 asset-month,2025-10-31,2025-10-31,1,1,1,2025-10-31
S4,HASH,True,complete monthly PIT top-100 asset-month,2025-11-30,2025-11-30,1,1,1,2025-11-30
S4,HASH,True,complete monthly PIT top-100 asset-month,2025-12-31,2025-12-31,1,1,1,2025-12-31
S4,HASH,True,complete monthly PIT top-100 asset-month,2026-01-31,2026-01-31,1,1,1,2026-01-31
S4,HASH,True,complete monthly PIT top-100 asset-month,2026-02-28,2026-02-28,1,1,1,2026-02-28
S4,HBAR,True,complete monthly PIT top-100 asset-month,2020-02-29,2020-02-29,1,1,1,2020-02-29
S4,HBAR,True,complete monthly PIT top-100 asset-month,2020-03-31,2020-03-31,1,1,1,2020-03-31
S4,HBAR,True,complete monthly PIT top-100 asset-month,2020-04-30,2020-04-30,1,1,1,2020-04-30
S4,HBAR,True,complete monthly PIT top-100 asset-month,2020-05-31,2020-05-31,1,1,1,2020-05-31
S4,HBAR,True,complete monthly PIT top-100 asset-month,2020-06-30,2020-06-30,1,1,1,2020-06-30
S4,HBAR,True,complete monthly PIT top-100 asset-month,2020-07-31,2020-07-31,1,1,1,2020-07-31
S4,HBAR,True,complete monthly PIT top-100 asset-month,2020-08-31,2020-08-31,1,1,1,2020-08-31
S4,HBAR,True,complete monthly PIT top-100 asset-month,2020-09-30,2020-09-30,1,1,1,2020-09-30
S4,HBAR,True,complete monthly PIT top-100 asset-month,2020-10-31,2020-10-31,1,1,1,2020-10-31
S4,HBAR,True,complete monthly PIT top-100 asset-month,2020-11-30,2020-11-30,1,1,1,2020-11-30
S4,HBAR,True,complete monthly PIT top-100 asset-month,2020-12-31,2020-12-31,1,1,1,2020-12-31
S4,HBAR,True,complete monthly PIT top-100 asset-month,2021-01-31,2021-01-31,1,1,1,2021-01-31
S4,HBAR,True,complete monthly PIT top-100 asset-month,2021-02-28,2021-02-28,1,1,1,2021-02-28
S4,HBAR,True,complete monthly PIT top-100 asset-month,2021-03-31,2021-03-31,1,1,1,2021-03-31
S4,HBAR,True,complete monthly PIT top-100 asset-month,2021-04-30,2021-04-30,1,1,1,2021-04-30
S4,HBAR,True,complete monthly PIT top-100 asset-month,2021-05-31,2021-05-31,1,1,1,2021-05-31
S4,HBAR,True,complete monthly PIT top-100 asset-month,2021-06-30,2021-06-30,1,1,1,2021-06-30
S4,HBAR,True,complete monthly PIT top-100 asset-month,2021-07-31,2021-07-31,1,1,1,2021-07-31
S4,HBAR,True,complete monthly PIT top-100 asset-month,2021-08-31,2021-08-31,1,1,1,2021-08-31
S4,HBAR,True,complete monthly PIT top-100 asset-month,2021-09-30,2021-09-30,1,1,1,2021-09-30
S4,HBAR,True,complete monthly PIT top-100 asset-month,2021-10-31,2021-10-31,1,1,1,2021-10-31
S4,HBAR,True,complete monthly PIT top-100 asset-month,2021-11-30,2021-11-30,1,1,1,2021-11-30
S4,HBAR,True,complete monthly PIT top-100 asset-month,2021-12-31,2021-12-31,1,1,1,2021-12-31
S4,HBAR,True,complete monthly PIT top-100 asset-month,2022-01-31,2022-01-31,1,1,1,2022-01-31
S4,HBAR,True,complete monthly PIT top-100 asset-month,2022-02-28,2022-02-28,1,1,1,2022-02-28
S4,HBAR,True,complete monthly PIT top-100 asset-month,2022-03-31,2022-03-31,1,1,1,2022-03-31
S4,HBAR,True,complete monthly PIT top-100 asset-month,2022-04-30,2022-04-30,1,1,1,2022-04-30
S4,HBAR,True,complete monthly PIT top-100 asset-month,2022-05-31,2022-05-31,1,1,1,2022-05-31
S4,HBAR,True,complete monthly PIT top-100 asset-month,2022-06-30,2022-06-30,1,1,1,2022-06-30
S4,HBAR,True,complete monthly PIT top-100 asset-month,2022-07-31,2022-07-31,1,1,1,2022-07-31
S4,HBAR,True,complete monthly PIT top-100 asset-month,2022-08-31,2022-08-31,1,1,1,2022-08-31
S4,HBAR,True,complete monthly PIT top-100 asset-month,2022-09-30,2022-09-30,1,1,1,2022-09-30
S4,HBAR,True,complete monthly PIT top-100 asset-month,2022-10-31,2022-10-31,1,1,1,2022-10-31
S4,HBAR,True,complete monthly PIT top-100 asset-month,2022-11-30,2022-11-30,1,1,1,2022-11-30
S4,HBAR,True,complete monthly PIT top-100 asset-month,2022-12-31,2022-12-31,1,1,1,2022-12-31
S4,HBAR,True,complete monthly PIT top-100 asset-month,2023-01-31,2023-01-31,1,1,1,2023-01-31
S4,HBAR,True,complete monthly PIT top-100 asset-month,2023-02-28,2023-02-28,1,1,1,2023-02-28
S4,HBAR,True,complete monthly PIT top-100 asset-month,2023-03-31,2023-03-31,1,1,1,2023-03-31
S4,HBAR,True,complete monthly PIT top-100 asset-month,2023-04-30,2023-04-30,1,1,1,2023-04-30
S4,HBAR,True,complete monthly PIT top-100 asset-month,2023-05-31,2023-05-31,1,1,1,2023-05-31
S4,HBAR,True,complete monthly PIT top-100 asset-month,2023-06-30,2023-06-30,1,1,1,2023-06-30
S4,HBAR,True,complete monthly PIT top-100 asset-month,2023-07-31,2023-07-31,1,1,1,2023-07-31
S4,HBAR,True,complete monthly PIT top-100 asset-month,2023-08-31,2023-08-31,1,1,1,2023-08-31
S4,HBAR,True,complete monthly PIT top-100 asset-month,2023-09-30,2023-09-30,1,1,1,2023-09-30
S4,HBAR,True,complete monthly PIT top-100 asset-month,2023-10-31,2023-10-31,1,1,1,2023-10-31
S4,HBAR,True,complete monthly PIT top-100 asset-month,2023-11-30,2023-11-30,1,1,1,2023-11-30
S4,HBAR,True,complete monthly PIT top-100 asset-month,2023-12-31,2023-12-31,1,1,1,2023-12-31
S4,HBAR,True,complete monthly PIT top-100 asset-month,2024-01-31,2024-01-31,1,1,1,2024-01-31
S4,HBAR,True,complete monthly PIT top-100 asset-month,2024-02-29,2024-02-29,1,1,1,2024-02-29
S4,HBAR,True,complete monthly PIT top-100 asset-month,2024-03-31,2024-03-31,1,1,1,2024-03-31
S4,HBAR,True,complete monthly PIT top-100 asset-month,2024-04-30,2024-04-30,1,1,1,2024-04-30
S4,HBAR,True,complete monthly PIT top-100 asset-month,2024-05-31,2024-05-31,1,1,1,2024-05-31
S4,HBAR,True,complete monthly PIT top-100 asset-month,2024-06-30,2024-06-30,1,1,1,2024-06-30
S4,HBAR,True,complete monthly PIT top-100 asset-month,2024-07-31,2024-07-31,1,1,1,2024-07-31
S4,HBAR,True,complete monthly PIT top-100 asset-month,2024-08-31,2024-08-31,1,1,1,2024-08-31
S4,HBAR,True,complete monthly PIT top-100 asset-month,2024-09-30,2024-09-30,1,1,1,2024-09-30
S4,HBAR,True,complete monthly PIT top-100 asset-month,2024-10-31,2024-10-31,1,1,1,2024-10-31
S4,HBAR,True,complete monthly PIT top-100 asset-month,2024-11-30,2024-11-30,1,1,1,2024-11-30
S4,HBAR,True,complete monthly PIT top-100 asset-month,2024-12-31,2024-12-31,1,1,1,2024-12-31
S4,HBAR,True,complete monthly PIT top-100 asset-month,2025-01-31,2025-01-31,1,1,1,2025-01-31
S4,HBAR,True,complete monthly PIT top-100 asset-month,2025-02-28,2025-02-28,1,1,1,2025-02-28
S4,HBAR,True,complete monthly PIT top-100 asset-month,2025-03-31,2025-03-31,1,1,1,2025-03-31
S4,HBAR,True,complete monthly PIT top-100 asset-month,2025-04-30,2025-04-30,1,1,1,2025-04-30
S4,HBAR,True,complete monthly PIT top-100 asset-month,2025-05-31,2025-05-31,1,1,1,2025-05-31
S4,HBAR,True,complete monthly PIT top-100 asset-month,2025-06-30,2025-06-30,1,1,1,2025-06-30
S4,HBAR,True,complete monthly PIT top-100 asset-month,2025-07-31,2025-07-31,1,1,1,2025-07-31
S4,HBAR,True,complete monthly PIT top-100 asset-month,2025-08-31,2025-08-31,1,1,1,2025-08-31
S4,HBAR,True,complete monthly PIT top-100 asset-month,2025-09-30,2025-09-30,1,1,1,2025-09-30
S4,HBAR,True,complete monthly PIT top-100 asset-month,2025-10-31,2025-10-31,1,1,1,2025-10-31
S4,HBAR,True,complete monthly PIT top-100 asset-month,2025-11-30,2025-11-30,1,1,1,2025-11-30
S4,HBAR,True,complete monthly PIT top-100 asset-month,2025-12-31,2025-12-31,1,1,1,2025-12-31
S4,HBAR,True,complete monthly PIT top-100 asset-month,2026-01-31,2026-01-31,1,1,1,2026-01-31
S4,HBAR,True,complete monthly PIT top-100 asset-month,2026-02-28,2026-02-28,1,1,1,2026-02-28
S4,HBAR,True,complete monthly PIT top-100 asset-month,2026-03-31,2026-03-31,1,1,1,2026-03-31
S4,HBAR,True,complete monthly PIT top-100 asset-month,2026-04-30,2026-04-30,1,1,1,2026-04-30
S4,HBAR,True,complete monthly PIT top-100 asset-month,2026-05-31,2026-05-31,1,1,1,2026-05-31
S4,HBTC,True,complete monthly PIT top-100 asset-month,2020-11-30,2020-11-30,1,1,1,2020-11-30
S4,HBTC,True,complete monthly PIT top-100 asset-month,2020-12-31,2020-12-31,1,1,1,2020-12-31
S4,HBTC,True,complete monthly PIT top-100 asset-month,2021-01-31,2021-01-31,1,1,1,2021-01-31
S4,HBTC,True,complete monthly PIT top-100 asset-month,2021-02-28,2021-02-28,1,1,1,2021-02-28
S4,HBTC,True,complete monthly PIT top-100 asset-month,2021-03-31,2021-03-31,1,1,1,2021-03-31
S4,HBTC,True,complete monthly PIT top-100 asset-month,2021-04-30,2021-04-30,1,1,1,2021-04-30
S4,HBTC,True,complete monthly PIT top-100 asset-month,2021-05-31,2021-05-31,1,1,1,2021-05-31
S4,HBTC,True,complete monthly PIT top-100 asset-month,2021-06-30,2021-06-30,1,1,1,2021-06-30
S4,HBTC,True,complete monthly PIT top-100 asset-month,2021-07-31,2021-07-31,1,1,1,2021-07-31
S4,HBTC,True,complete monthly PIT top-100 asset-month,2021-08-31,2021-08-31,1,1,1,2021-08-31
S4,HBTC,True,complete monthly PIT top-100 asset-month,2021-09-30,2021-09-30,1,1,1,2021-09-30
S4,HBTC,True,complete monthly PIT top-100 asset-month,2021-10-31,2021-10-31,1,1,1,2021-10-31
S4,HBTC,True,complete monthly PIT top-100 asset-month,2021-11-30,2021-11-30,1,1,1,2021-11-30
S4,HBTC,True,complete monthly PIT top-100 asset-month,2021-12-31,2021-12-31,1,1,1,2021-12-31
S4,HBTC,True,complete monthly PIT top-100 asset-month,2022-01-31,2022-01-31,1,1,1,2022-01-31
S4,HBTC,True,complete monthly PIT top-100 asset-month,2022-02-28,2022-02-28,1,1,1,2022-02-28
S4,HBTC,True,complete monthly PIT top-100 asset-month,2022-03-31,2022-03-31,1,1,1,2022-03-31
S4,HBTC,True,complete monthly PIT top-100 asset-month,2022-04-30,2022-04-30,1,1,1,2022-04-30
S4,HBTC,True,complete monthly PIT top-100 asset-month,2022-05-31,2022-05-31,1,1,1,2022-05-31
S4,HBTC,True,complete monthly PIT top-100 asset-month,2022-06-30,2022-06-30,1,1,1,2022-06-30
S4,HBTC,True,complete monthly PIT top-100 asset-month,2022-07-31,2022-07-31,1,1,1,2022-07-31
S4,HBTC,True,complete monthly PIT top-100 asset-month,2022-08-31,2022-08-31,1,1,1,2022-08-31
S4,HNS,True,complete monthly PIT top-100 asset-month,2020-02-29,2020-02-29,1,1,1,2020-02-29
S4,HNS,True,complete monthly PIT top-100 asset-month,2020-03-31,2020-03-31,1,1,1,2020-03-31
S4,HNS,True,complete monthly PIT top-100 asset-month,2020-04-30,2020-04-30,1,1,1,2020-04-30
S4,HNT,True,complete monthly PIT top-100 asset-month,2021-04-30,2021-04-30,1,1,1,2021-04-30
S4,HNT,True,complete monthly PIT top-100 asset-month,2021-05-31,2021-05-31,1,1,1,2021-05-31
S4,HNT,True,complete monthly PIT top-100 asset-month,2021-06-30,2021-06-30,1,1,1,2021-06-30
S4,HNT,True,complete monthly PIT top-100 asset-month,2021-07-31,2021-07-31,1,1,1,2021-07-31
S4,HNT,True,complete monthly PIT top-100 asset-month,2021-08-31,2021-08-31,1,1,1,2021-08-31
S4,HNT,True,complete monthly PIT top-100 asset-month,2021-09-30,2021-09-30,1,1,1,2021-09-30
S4,HNT,True,complete monthly PIT top-100 asset-month,2021-10-31,2021-10-31,1,1,1,2021-10-31
S4,HNT,True,complete monthly PIT top-100 asset-month,2021-11-30,2021-11-30,1,1,1,2021-11-30
S4,HNT,True,complete monthly PIT top-100 asset-month,2021-12-31,2021-12-31,1,1,1,2021-12-31
S4,HNT,True,complete monthly PIT top-100 asset-month,2022-01-31,2022-01-31,1,1,1,2022-01-31
S4,HNT,True,complete monthly PIT top-100 asset-month,2022-02-28,2022-02-28,1,1,1,2022-02-28
S4,HNT,True,complete monthly PIT top-100 asset-month,2022-03-31,2022-03-31,1,1,1,2022-03-31
S4,HNT,True,complete monthly PIT top-100 asset-month,2022-04-30,2022-04-30,1,1,1,2022-04-30
S4,HNT,True,complete monthly PIT top-100 asset-month,2022-05-31,2022-05-31,1,1,1,2022-05-31
S4,HNT,True,complete monthly PIT top-100 asset-month,2022-06-30,2022-06-30,1,1,1,2022-06-30
S4,HNT,True,complete monthly PIT top-100 asset-month,2022-07-31,2022-07-31,1,1,1,2022-07-31
S4,HNT,True,complete monthly PIT top-100 asset-month,2022-08-31,2022-08-31,1,1,1,2022-08-31
S4,HNT,True,complete monthly PIT top-100 asset-month,2022-09-30,2022-09-30,1,1,1,2022-09-30
S4,HNT,True,complete monthly PIT top-100 asset-month,2022-10-31,2022-10-31,1,1,1,2022-10-31
S4,HNT,True,complete monthly PIT top-100 asset-month,2022-11-30,2022-11-30,1,1,1,2022-11-30
S4,HNT,True,complete monthly PIT top-100 asset-month,2023-12-31,2023-12-31,1,1,1,2023-12-31
S4,HNT,True,complete monthly PIT top-100 asset-month,2024-01-31,2024-01-31,1,1,1,2024-01-31
S4,HNT,True,complete monthly PIT top-100 asset-month,2024-02-29,2024-02-29,1,1,1,2024-02-29
S4,HNT,True,complete monthly PIT top-100 asset-month,2024-04-30,2024-04-30,1,1,1,2024-04-30
S4,HNT,True,complete monthly PIT top-100 asset-month,2024-07-31,2024-07-31,1,1,1,2024-07-31
S4,HNT,True,complete monthly PIT top-100 asset-month,2024-08-31,2024-08-31,1,1,1,2024-08-31
S4,HNT,True,complete monthly PIT top-100 asset-month,2024-09-30,2024-09-30,1,1,1,2024-09-30
S4,HNT,True,complete monthly PIT top-100 asset-month,2024-10-31,2024-10-31,1,1,1,2024-10-31
S4,HOT,True,complete monthly PIT top-100 asset-month,2020-01-31,2020-01-31,1,1,1,2020-01-31
S4,HOT,True,complete monthly PIT top-100 asset-month,2020-02-29,2020-02-29,1,1,1,2020-02-29
S4,HOT,True,complete monthly PIT top-100 asset-month,2020-03-31,2020-03-31,1,1,1,2020-03-31
S4,HOT,True,complete monthly PIT top-100 asset-month,2020-04-30,2020-04-30,1,1,1,2020-04-30
S4,HOT,True,complete monthly PIT top-100 asset-month,2020-05-31,2020-05-31,1,1,1,2020-05-31
S4,HOT,True,complete monthly PIT top-100 asset-month,2020-06-30,2020-06-30,1,1,1,2020-06-30
S4,HOT,True,complete monthly PIT top-100 asset-month,2020-07-31,2020-07-31,1,1,1,2020-07-31
S4,HOT,True,complete monthly PIT top-100 asset-month,2020-08-31,2020-08-31,1,1,1,2020-08-31
S4,HOT,True,complete monthly PIT top-100 asset-month,2020-10-31,2020-10-31,1,1,1,2020-10-31
S4,HOT,True,complete monthly PIT top-100 asset-month,2020-11-30,2020-11-30,1,1,1,2020-11-30
S4,HOT,True,complete monthly PIT top-100 asset-month,2021-02-28,2021-02-28,1,1,1,2021-02-28
S4,HOT,True,complete monthly PIT top-100 asset-month,2021-03-31,2021-03-31,1,1,1,2021-03-31
S4,HOT,True,complete monthly PIT top-100 asset-month,2021-04-30,2021-04-30,1,1,1,2021-04-30
S4,HOT,True,complete monthly PIT top-100 asset-month,2021-05-31,2021-05-31,1,1,1,2021-05-31
S4,HOT,True,complete monthly PIT top-100 asset-month,2021-06-30,2021-06-30,1,1,1,2021-06-30
S4,HOT,True,complete monthly PIT top-100 asset-month,2021-07-31,2021-07-31,1,1,1,2021-07-31
S4,HOT,True,complete monthly PIT top-100 asset-month,2021-08-31,2021-08-31,1,1,1,2021-08-31
S4,HOT,True,complete monthly PIT top-100 asset-month,2021-09-30,2021-09-30,1,1,1,2021-09-30
S4,HOT,True,complete monthly PIT top-100 asset-month,2021-10-31,2021-10-31,1,1,1,2021-10-31
S4,HOT,True,complete monthly PIT top-100 asset-month,2021-11-30,2021-11-30,1,1,1,2021-11-30
S4,HOT,True,complete monthly PIT top-100 asset-month,2021-12-31,2021-12-31,1,1,1,2021-12-31
S4,HOT,True,complete monthly PIT top-100 asset-month,2022-03-31,2022-03-31,1,1,1,2022-03-31
S4,HOT,True,complete monthly PIT top-100 asset-month,2022-06-30,2022-06-30,1,1,1,2022-06-30
S4,HT,True,complete monthly PIT top-100 asset-month,2020-01-31,2020-01-31,1,1,1,2020-01-31
S4,HT,True,complete monthly PIT top-100 asset-month,2020-02-29,2020-02-29,1,1,1,2020-02-29
S4,HT,True,complete monthly PIT top-100 asset-month,2020-03-31,2020-03-31,1,1,1,2020-03-31
S4,HT,True,complete monthly PIT top-100 asset-month,2020-04-30,2020-04-30,1,1,1,2020-04-30
S4,HT,True,complete monthly PIT top-100 asset-month,2020-05-31,2020-05-31,1,1,1,2020-05-31
S4,HT,True,complete monthly PIT top-100 asset-month,2020-06-30,2020-06-30,1,1,1,2020-06-30
S4,HT,True,complete monthly PIT top-100 asset-month,2020-07-31,2020-07-31,1,1,1,2020-07-31
S4,HT,True,complete monthly PIT top-100 asset-month,2020-08-31,2020-08-31,1,1,1,2020-08-31
S4,HT,True,complete monthly PIT top-100 asset-month,2020-09-30,2020-09-30,1,1,1,2020-09-30
S4,HT,True,complete monthly PIT top-100 asset-month,2020-10-31,2020-10-31,1,1,1,2020-10-31
S4,HT,True,complete monthly PIT top-100 asset-month,2020-11-30,2020-11-30,1,1,1,2020-11-30
S4,HT,True,complete monthly PIT top-100 asset-month,2020-12-31,2020-12-31,1,1,1,2020-12-31
S4,HT,True,complete monthly PIT top-100 asset-month,2021-01-31,2021-01-31,1,1,1,2021-01-31
S4,HT,True,complete monthly PIT top-100 asset-month,2021-02-28,2021-02-28,1,1,1,2021-02-28
S4,HT,True,complete monthly PIT top-100 asset-month,2021-03-31,2021-03-31,1,1,1,2021-03-31
S4,HT,True,complete monthly PIT top-100 asset-month,2021-04-30,2021-04-30,1,1,1,2021-04-30
S4,HT,True,complete monthly PIT top-100 asset-month,2021-05-31,2021-05-31,1,1,1,2021-05-31
S4,HT,True,complete monthly PIT top-100 asset-month,2021-06-30,2021-06-30,1,1,1,2021-06-30
S4,HT,True,complete monthly PIT top-100 asset-month,2021-07-31,2021-07-31,1,1,1,2021-07-31
S4,HT,True,complete monthly PIT top-100 asset-month,2021-08-31,2021-08-31,1,1,1,2021-08-31
S4,HT,True,complete monthly PIT top-100 asset-month,2021-09-30,2021-09-30,1,1,1,2021-09-30
S4,HT,True,complete monthly PIT top-100 asset-month,2021-10-31,2021-10-31,1,1,1,2021-10-31
S4,HT,True,complete monthly PIT top-100 asset-month,2021-11-30,2021-11-30,1,1,1,2021-11-30
S4,HT,True,complete monthly PIT top-100 asset-month,2021-12-31,2021-12-31,1,1,1,2021-12-31
S4,HT,True,complete monthly PIT top-100 asset-month,2022-01-31,2022-01-31,1,1,1,2022-01-31
S4,HT,True,complete monthly PIT top-100 asset-month,2022-02-28,2022-02-28,1,1,1,2022-02-28
S4,HT,True,complete monthly PIT top-100 asset-month,2022-03-31,2022-03-31,1,1,1,2022-03-31
S4,HT,True,complete monthly PIT top-100 asset-month,2022-04-30,2022-04-30,1,1,1,2022-04-30
S4,HT,True,complete monthly PIT top-100 asset-month,2022-05-31,2022-05-31,1,1,1,2022-05-31
S4,HT,True,complete monthly PIT top-100 asset-month,2022-06-30,2022-06-30,1,1,1,2022-06-30
S4,HT,True,complete monthly PIT top-100 asset-month,2022-07-31,2022-07-31,1,1,1,2022-07-31
S4,HT,True,complete monthly PIT top-100 asset-month,2022-08-31,2022-08-31,1,1,1,2022-08-31
S4,HT,True,complete monthly PIT top-100 asset-month,2022-09-30,2022-09-30,1,1,1,2022-09-30
S4,HT,True,complete monthly PIT top-100 asset-month,2022-10-31,2022-10-31,1,1,1,2022-10-31
S4,HT,True,complete monthly PIT top-100 asset-month,2022-11-30,2022-11-30,1,1,1,2022-11-30
S4,HT,True,complete monthly PIT top-100 asset-month,2022-12-31,2022-12-31,1,1,1,2022-12-31
S4,HT,True,complete monthly PIT top-100 asset-month,2023-01-31,2023-01-31,1,1,1,2023-01-31
S4,HT,True,complete monthly PIT top-100 asset-month,2023-02-28,2023-02-28,1,1,1,2023-02-28
S4,HT,True,complete monthly PIT top-100 asset-month,2023-03-31,2023-03-31,1,1,1,2023-03-31
S4,HT,True,complete monthly PIT top-100 asset-month,2023-04-30,2023-04-30,1,1,1,2023-04-30
S4,HT,True,complete monthly PIT top-100 asset-month,2023-05-31,2023-05-31,1,1,1,2023-05-31
S4,HT,True,complete monthly PIT top-100 asset-month,2023-06-30,2023-06-30,1,1,1,2023-06-30
S4,HT,True,complete monthly PIT top-100 asset-month,2023-07-31,2023-07-31,1,1,1,2023-07-31
S4,HT,True,complete monthly PIT top-100 asset-month,2023-08-31,2023-08-31,1,1,1,2023-08-31
S4,HT,True,complete monthly PIT top-100 asset-month,2023-09-30,2023-09-30,1,1,1,2023-09-30
S4,HTX,True,complete monthly PIT top-100 asset-month,2025-10-31,2025-10-31,1,1,1,2025-10-31
S4,HTX,True,complete monthly PIT top-100 asset-month,2025-11-30,2025-11-30,1,1,1,2025-11-30
S4,HTX,True,complete monthly PIT top-100 asset-month,2025-12-31,2025-12-31,1,1,1,2025-12-31
S4,HTX,True,complete monthly PIT top-100 asset-month,2026-01-31,2026-01-31,1,1,1,2026-01-31
S4,HTX,True,complete monthly PIT top-100 asset-month,2026-02-28,2026-02-28,1,1,1,2026-02-28
S4,HTX,True,complete monthly PIT top-100 asset-month,2026-03-31,2026-03-31,1,1,1,2026-03-31
S4,HTX,True,complete monthly PIT top-100 asset-month,2026-04-30,2026-04-30,1,1,1,2026-04-30
S4,HTX,True,complete monthly PIT top-100 asset-month,2026-05-31,2026-05-31,1,1,1,2026-05-31
S4,HUSD,True,complete monthly PIT top-100 asset-month,2020-04-30,2020-04-30,1,1,1,2020-04-30
S4,HUSD,True,complete monthly PIT top-100 asset-month,2020-05-31,2020-05-31,1,1,1,2020-05-31
S4,HUSD,True,complete monthly PIT top-100 asset-month,2020-06-30,2020-06-30,1,1,1,2020-06-30
S4,HUSD,True,complete monthly PIT top-100 asset-month,2020-07-31,2020-07-31,1,1,1,2020-07-31
S4,HUSD,True,complete monthly PIT top-100 asset-month,2020-08-31,2020-08-31,1,1,1,2020-08-31
S4,HUSD,True,complete monthly PIT top-100 asset-month,2020-09-30,2020-09-30,1,1,1,2020-09-30
S4,HUSD,True,complete monthly PIT top-100 asset-month,2020-10-31,2020-10-31,1,1,1,2020-10-31
S4,HUSD,True,complete monthly PIT top-100 asset-month,2020-11-30,2020-11-30,1,1,1,2020-11-30
S4,HUSD,True,complete monthly PIT top-100 asset-month,2020-12-31,2020-12-31,1,1,1,2020-12-31
S4,HUSD,True,complete monthly PIT top-100 asset-month,2021-01-31,2021-01-31,1,1,1,2021-01-31
S4,HUSD,True,complete monthly PIT top-100 asset-month,2021-02-28,2021-02-28,1,1,1,2021-02-28
S4,HUSD,True,complete monthly PIT top-100 asset-month,2021-05-31,2021-05-31,1,1,1,2021-05-31
S4,HYPE,True,complete monthly PIT top-100 asset-month,2024-11-30,2024-11-30,1,1,1,2024-11-30
S4,HYPE,True,complete monthly PIT top-100 asset-month,2024-12-31,2024-12-31,1,1,1,2024-12-31
S4,HYPE,True,complete monthly PIT top-100 asset-month,2025-01-31,2025-01-31,1,1,1,2025-01-31
S4,HYPE,True,complete monthly PIT top-100 asset-month,2025-02-28,2025-02-28,1,1,1,2025-02-28
S4,HYPE,True,complete monthly PIT top-100 asset-month,2025-03-31,2025-03-31,1,1,1,2025-03-31
S4,HYPE,True,complete monthly PIT top-100 asset-month,2025-04-30,2025-04-30,1,1,1,2025-04-30
S4,HYPE,True,complete monthly PIT top-100 asset-month,2025-05-31,2025-05-31,1,1,1,2025-05-31
S4,HYPE,True,complete monthly PIT top-100 asset-month,2025-06-30,2025-06-30,1,1,1,2025-06-30
S4,HYPE,True,complete monthly PIT top-100 asset-month,2025-07-31,2025-07-31,1,1,1,2025-07-31
S4,HYPE,True,complete monthly PIT top-100 asset-month,2025-08-31,2025-08-31,1,1,1,2025-08-31
S4,HYPE,True,complete monthly PIT top-100 asset-month,2025-09-30,2025-09-30,1,1,1,2025-09-30
S4,HYPE,True,complete monthly PIT top-100 asset-month,2025-10-31,2025-10-31,1,1,1,2025-10-31
S4,HYPE,True,complete monthly PIT top-100 asset-month,2025-11-30,2025-11-30,1,1,1,2025-11-30
S4,HYPE,True,complete monthly PIT top-100 asset-month,2025-12-31,2025-12-31,1,1,1,2025-12-31
S4,HYPE,True,complete monthly PIT top-100 asset-month,2026-01-31,2026-01-31,1,1,1,2026-01-31
S4,HYPE,True,complete monthly PIT top-100 asset-month,2026-02-28,2026-02-28,1,1,1,2026-02-28
S4,HYPE,True,complete monthly PIT top-100 asset-month,2026-03-31,2026-03-31,1,1,1,2026-03-31
S4,HYPE,True,complete monthly PIT top-100 asset-month,2026-04-30,2026-04-30,1,1,1,2026-04-30
S4,HYPE,True,complete monthly PIT top-100 asset-month,2026-05-31,2026-05-31,1,1,1,2026-05-31
S4,ICP,True,complete monthly PIT top-100 asset-month,2021-05-31,2021-05-31,1,1,1,2021-05-31
S4,ICP,True,complete monthly PIT top-100 asset-month,2021-06-30,2021-06-30,1,1,1,2021-06-30
S4,ICP,True,complete monthly PIT top-100 asset-month,2021-07-31,2021-07-31,1,1,1,2021-07-31
S4,ICP,True,complete monthly PIT top-100 asset-month,2021-08-31,2021-08-31,1,1,1,2021-08-31
S4,ICP,True,complete monthly PIT top-100 asset-month,2021-09-30,2021-09-30,1,1,1,2021-09-30
S4,ICP,True,complete monthly PIT top-100 asset-month,2021-10-31,2021-10-31,1,1,1,2021-10-31
S4,ICP,True,complete monthly PIT top-100 asset-month,2021-11-30,2021-11-30,1,1,1,2021-11-30
S4,ICP,True,complete monthly PIT top-100 asset-month,2021-12-31,2021-12-31,1,1,1,2021-12-31
S4,ICP,True,complete monthly PIT top-100 asset-month,2022-01-31,2022-01-31,1,1,1,2022-01-31
S4,ICP,True,complete monthly PIT top-100 asset-month,2022-02-28,2022-02-28,1,1,1,2022-02-28
S4,ICP,True,complete monthly PIT top-100 asset-month,2022-03-31,2022-03-31,1,1,1,2022-03-31
S4,ICP,True,complete monthly PIT top-100 asset-month,2022-04-30,2022-04-30,1,1,1,2022-04-30
S4,ICP,True,complete monthly PIT top-100 asset-month,2022-05-31,2022-05-31,1,1,1,2022-05-31
S4,ICP,True,complete monthly PIT top-100 asset-month,2022-06-30,2022-06-30,1,1,1,2022-06-30
S4,ICP,True,complete monthly PIT top-100 asset-month,2022-07-31,2022-07-31,1,1,1,2022-07-31
S4,ICP,True,complete monthly PIT top-100 asset-month,2022-08-31,2022-08-31,1,1,1,2022-08-31
S4,ICP,True,complete monthly PIT top-100 asset-month,2022-09-30,2022-09-30,1,1,1,2022-09-30
S4,ICP,True,complete monthly PIT top-100 asset-month,2022-10-31,2022-10-31,1,1,1,2022-10-31
S4,ICP,True,complete monthly PIT top-100 asset-month,2022-11-30,2022-11-30,1,1,1,2022-11-30
S4,ICP,True,complete monthly PIT top-100 asset-month,2022-12-31,2022-12-31,1,1,1,2022-12-31
S4,ICP,True,complete monthly PIT top-100 asset-month,2023-01-31,2023-01-31,1,1,1,2023-01-31
S4,ICP,True,complete monthly PIT top-100 asset-month,2023-02-28,2023-02-28,1,1,1,2023-02-28
S4,ICP,True,complete monthly PIT top-100 asset-month,2023-03-31,2023-03-31,1,1,1,2023-03-31
S4,ICP,True,complete monthly PIT top-100 asset-month,2023-04-30,2023-04-30,1,1,1,2023-04-30
S4,ICP,True,complete monthly PIT top-100 asset-month,2023-05-31,2023-05-31,1,1,1,2023-05-31
S4,ICP,True,complete monthly PIT top-100 asset-month,2023-06-30,2023-06-30,1,1,1,2023-06-30
S4,ICP,True,complete monthly PIT top-100 asset-month,2023-07-31,2023-07-31,1,1,1,2023-07-31
S4,ICP,True,complete monthly PIT top-100 asset-month,2023-08-31,2023-08-31,1,1,1,2023-08-31
S4,ICP,True,complete monthly PIT top-100 asset-month,2023-09-30,2023-09-30,1,1,1,2023-09-30
S4,ICP,True,complete monthly PIT top-100 asset-month,2023-10-31,2023-10-31,1,1,1,2023-10-31
S4,ICP,True,complete monthly PIT top-100 asset-month,2023-11-30,2023-11-30,1,1,1,2023-11-30
S4,ICP,True,complete monthly PIT top-100 asset-month,2023-12-31,2023-12-31,1,1,1,2023-12-31
S4,ICP,True,complete monthly PIT top-100 asset-month,2024-01-31,2024-01-31,1,1,1,2024-01-31
S4,ICP,True,complete monthly PIT top-100 asset-month,2024-02-29,2024-02-29,1,1,1,2024-02-29
S4,ICP,True,complete monthly PIT top-100 asset-month,2024-03-31,2024-03-31,1,1,1,2024-03-31
S4,ICP,True,complete monthly PIT top-100 asset-month,2024-04-30,2024-04-30,1,1,1,2024-04-30
S4,ICP,True,complete monthly PIT top-100 asset-month,2024-05-31,2024-05-31,1,1,1,2024-05-31
S4,ICP,True,complete monthly PIT top-100 asset-month,2024-06-30,2024-06-30,1,1,1,2024-06-30
S4,ICP,True,complete monthly PIT top-100 asset-month,2024-07-31,2024-07-31,1,1,1,2024-07-31
S4,ICP,True,complete monthly PIT top-100 asset-month,2024-08-31,2024-08-31,1,1,1,2024-08-31
S4,ICP,True,complete monthly PIT top-100 asset-month,2024-09-30,2024-09-30,1,1,1,2024-09-30
S4,ICP,True,complete monthly PIT top-100 asset-month,2024-10-31,2024-10-31,1,1,1,2024-10-31
S4,ICP,True,complete monthly PIT top-100 asset-month,2024-11-30,2024-11-30,1,1,1,2024-11-30
S4,ICP,True,complete monthly PIT top-100 asset-month,2024-12-31,2024-12-31,1,1,1,2024-12-31
S4,ICP,True,complete monthly PIT top-100 asset-month,2025-01-31,2025-01-31,1,1,1,2025-01-31
S4,ICP,True,complete monthly PIT top-100 asset-month,2025-02-28,2025-02-28,1,1,1,2025-02-28
S4,ICP,True,complete monthly PIT top-100 asset-month,2025-03-31,2025-03-31,1,1,1,2025-03-31
S4,ICP,True,complete monthly PIT top-100 asset-month,2025-04-30,2025-04-30,1,1,1,2025-04-30
S4,ICP,True,complete monthly PIT top-100 asset-month,2025-05-31,2025-05-31,1,1,1,2025-05-31
S4,ICP,True,complete monthly PIT top-100 asset-month,2025-06-30,2025-06-30,1,1,1,2025-06-30
S4,ICP,True,complete monthly PIT top-100 asset-month,2025-07-31,2025-07-31,1,1,1,2025-07-31
S4,ICP,True,complete monthly PIT top-100 asset-month,2025-08-31,2025-08-31,1,1,1,2025-08-31
S4,ICP,True,complete monthly PIT top-100 asset-month,2025-09-30,2025-09-30,1,1,1,2025-09-30
S4,ICP,True,complete monthly PIT top-100 asset-month,2025-10-31,2025-10-31,1,1,1,2025-10-31
S4,ICP,True,complete monthly PIT top-100 asset-month,2025-11-30,2025-11-30,1,1,1,2025-11-30
S4,ICP,True,complete monthly PIT top-100 asset-month,2025-12-31,2025-12-31,1,1,1,2025-12-31
S4,ICP,True,complete monthly PIT top-100 asset-month,2026-01-31,2026-01-31,1,1,1,2026-01-31
S4,ICP,True,complete monthly PIT top-100 asset-month,2026-02-28,2026-02-28,1,1,1,2026-02-28
S4,ICP,True,complete monthly PIT top-100 asset-month,2026-03-31,2026-03-31,1,1,1,2026-03-31
S4,ICP,True,complete monthly PIT top-100 asset-month,2026-04-30,2026-04-30,1,1,1,2026-04-30
S4,ICP,True,complete monthly PIT top-100 asset-month,2026-05-31,2026-05-31,1,1,1,2026-05-31
S4,ICX,True,complete monthly PIT top-100 asset-month,2020-01-31,2020-01-31,1,1,1,2020-01-31
S4,ICX,True,complete monthly PIT top-100 asset-month,2020-02-29,2020-02-29,1,1,1,2020-02-29
S4,ICX,True,complete monthly PIT top-100 asset-month,2020-03-31,2020-03-31,1,1,1,2020-03-31
S4,ICX,True,complete monthly PIT top-100 asset-month,2020-04-30,2020-04-30,1,1,1,2020-04-30
S4,ICX,True,complete monthly PIT top-100 asset-month,2020-05-31,2020-05-31,1,1,1,2020-05-31
S4,ICX,True,complete monthly PIT top-100 asset-month,2020-06-30,2020-06-30,1,1,1,2020-06-30
S4,ICX,True,complete monthly PIT top-100 asset-month,2020-07-31,2020-07-31,1,1,1,2020-07-31
S4,ICX,True,complete monthly PIT top-100 asset-month,2020-08-31,2020-08-31,1,1,1,2020-08-31
S4,ICX,True,complete monthly PIT top-100 asset-month,2020-09-30,2020-09-30,1,1,1,2020-09-30
S4,ICX,True,complete monthly PIT top-100 asset-month,2020-10-31,2020-10-31,1,1,1,2020-10-31
S4,ICX,True,complete monthly PIT top-100 asset-month,2020-11-30,2020-11-30,1,1,1,2020-11-30
S4,ICX,True,complete monthly PIT top-100 asset-month,2020-12-31,2020-12-31,1,1,1,2020-12-31
S4,ICX,True,complete monthly PIT top-100 asset-month,2021-01-31,2021-01-31,1,1,1,2021-01-31
S4,ICX,True,complete monthly PIT top-100 asset-month,2021-02-28,2021-02-28,1,1,1,2021-02-28
S4,ICX,True,complete monthly PIT top-100 asset-month,2021-03-31,2021-03-31,1,1,1,2021-03-31
S4,ICX,True,complete monthly PIT top-100 asset-month,2021-04-30,2021-04-30,1,1,1,2021-04-30
S4,ICX,True,complete monthly PIT top-100 asset-month,2021-07-31,2021-07-31,1,1,1,2021-07-31
S4,ICX,True,complete monthly PIT top-100 asset-month,2021-09-30,2021-09-30,1,1,1,2021-09-30
S4,ICX,True,complete monthly PIT top-100 asset-month,2021-10-31,2021-10-31,1,1,1,2021-10-31
S4,ILV,True,complete monthly PIT top-100 asset-month,2023-11-30,2023-11-30,1,1,1,2023-11-30
S4,IMX,True,complete monthly PIT top-100 asset-month,2021-11-30,2021-11-30,1,1,1,2021-11-30
S4,IMX,True,complete monthly PIT top-100 asset-month,2022-12-31,2022-12-31,1,1,1,2022-12-31
S4,IMX,True,complete monthly PIT top-100 asset-month,2023-01-31,2023-01-31,1,1,1,2023-01-31
S4,IMX,True,complete monthly PIT top-100 asset-month,2023-02-28,2023-02-28,1,1,1,2023-02-28
S4,IMX,True,complete monthly PIT top-100 asset-month,2023-03-31,2023-03-31,1,1,1,2023-03-31
S4,IMX,True,complete monthly PIT top-100 asset-month,2023-04-30,2023-04-30,1,1,1,2023-04-30
S4,IMX,True,complete monthly PIT top-100 asset-month,2023-05-31,2023-05-31,1,1,1,2023-05-31
S4,IMX,True,complete monthly PIT top-100 asset-month,2023-06-30,2023-06-30,1,1,1,2023-06-30
S4,IMX,True,complete monthly PIT top-100 asset-month,2023-07-31,2023-07-31,1,1,1,2023-07-31
S4,IMX,True,complete monthly PIT top-100 asset-month,2023-08-31,2023-08-31,1,1,1,2023-08-31
S4,IMX,True,complete monthly PIT top-100 asset-month,2023-09-30,2023-09-30,1,1,1,2023-09-30
S4,IMX,True,complete monthly PIT top-100 asset-month,2023-10-31,2023-10-31,1,1,1,2023-10-31
S4,IMX,True,complete monthly PIT top-100 asset-month,2023-11-30,2023-11-30,1,1,1,2023-11-30
S4,IMX,True,complete monthly PIT top-100 asset-month,2023-12-31,2023-12-31,1,1,1,2023-12-31
S4,IMX,True,complete monthly PIT top-100 asset-month,2024-01-31,2024-01-31,1,1,1,2024-01-31
S4,IMX,True,complete monthly PIT top-100 asset-month,2024-02-29,2024-02-29,1,1,1,2024-02-29
S4,IMX,True,complete monthly PIT top-100 asset-month,2024-03-31,2024-03-31,1,1,1,2024-03-31
S4,IMX,True,complete monthly PIT top-100 asset-month,2024-04-30,2024-04-30,1,1,1,2024-04-30
S4,IMX,True,complete monthly PIT top-100 asset-month,2024-05-31,2024-05-31,1,1,1,2024-05-31
S4,IMX,True,complete monthly PIT top-100 asset-month,2024-06-30,2024-06-30,1,1,1,2024-06-30
S4,IMX,True,complete monthly PIT top-100 asset-month,2024-07-31,2024-07-31,1,1,1,2024-07-31
S4,IMX,True,complete monthly PIT top-100 asset-month,2024-08-31,2024-08-31,1,1,1,2024-08-31
S4,IMX,True,complete monthly PIT top-100 asset-month,2024-09-30,2024-09-30,1,1,1,2024-09-30
S4,IMX,True,complete monthly PIT top-100 asset-month,2024-10-31,2024-10-31,1,1,1,2024-10-31
S4,IMX,True,complete monthly PIT top-100 asset-month,2024-11-30,2024-11-30,1,1,1,2024-11-30
S4,IMX,True,complete monthly PIT top-100 asset-month,2024-12-31,2024-12-31,1,1,1,2024-12-31
S4,IMX,True,complete monthly PIT top-100 asset-month,2025-01-31,2025-01-31,1,1,1,2025-01-31
S4,IMX,True,complete monthly PIT top-100 asset-month,2025-02-28,2025-02-28,1,1,1,2025-02-28
S4,IMX,True,complete monthly PIT top-100 asset-month,2025-03-31,2025-03-31,1,1,1,2025-03-31
S4,IMX,True,complete monthly PIT top-100 asset-month,2025-04-30,2025-04-30,1,1,1,2025-04-30
S4,IMX,True,complete monthly PIT top-100 asset-month,2025-05-31,2025-05-31,1,1,1,2025-05-31
S4,IMX,True,complete monthly PIT top-100 asset-month,2025-09-30,2025-09-30,1,1,1,2025-09-30
S4,INJ,True,complete monthly PIT top-100 asset-month,2023-04-30,2023-04-30,1,1,1,2023-04-30
S4,INJ,True,complete monthly PIT top-100 asset-month,2023-05-31,2023-05-31,1,1,1,2023-05-31
S4,INJ,True,complete monthly PIT top-100 asset-month,2023-06-30,2023-06-30,1,1,1,2023-06-30
S4,INJ,True,complete monthly PIT top-100 asset-month,2023-07-31,2023-07-31,1,1,1,2023-07-31
S4,INJ,True,complete monthly PIT top-100 asset-month,2023-08-31,2023-08-31,1,1,1,2023-08-31
S4,INJ,True,complete monthly PIT top-100 asset-month,2023-09-30,2023-09-30,1,1,1,2023-09-30
S4,INJ,True,complete monthly PIT top-100 asset-month,2023-10-31,2023-10-31,1,1,1,2023-10-31
S4,INJ,True,complete monthly PIT top-100 asset-month,2023-11-30,2023-11-30,1,1,1,2023-11-30
S4,INJ,True,complete monthly PIT top-100 asset-month,2023-12-31,2023-12-31,1,1,1,2023-12-31
S4,INJ,True,complete monthly PIT top-100 asset-month,2024-01-31,2024-01-31,1,1,1,2024-01-31
S4,INJ,True,complete monthly PIT top-100 asset-month,2024-02-29,2024-02-29,1,1,1,2024-02-29
S4,INJ,True,complete monthly PIT top-100 asset-month,2024-03-31,2024-03-31,1,1,1,2024-03-31
S4,INJ,True,complete monthly PIT top-100 asset-month,2024-04-30,2024-04-30,1,1,1,2024-04-30
S4,INJ,True,complete monthly PIT top-100 asset-month,2024-05-31,2024-05-31,1,1,1,2024-05-31
S4,INJ,True,complete monthly PIT top-100 asset-month,2024-06-30,2024-06-30,1,1,1,2024-06-30
S4,INJ,True,complete monthly PIT top-100 asset-month,2024-07-31,2024-07-31,1,1,1,2024-07-31
S4,INJ,True,complete monthly PIT top-100 asset-month,2024-08-31,2024-08-31,1,1,1,2024-08-31
S4,INJ,True,complete monthly PIT top-100 asset-month,2024-09-30,2024-09-30,1,1,1,2024-09-30
S4,INJ,True,complete monthly PIT top-100 asset-month,2024-10-31,2024-10-31,1,1,1,2024-10-31
S4,INJ,True,complete monthly PIT top-100 asset-month,2024-11-30,2024-11-30,1,1,1,2024-11-30
S4,INJ,True,complete monthly PIT top-100 asset-month,2024-12-31,2024-12-31,1,1,1,2024-12-31
S4,INJ,True,complete monthly PIT top-100 asset-month,2025-01-31,2025-01-31,1,1,1,2025-01-31
S4,INJ,True,complete monthly PIT top-100 asset-month,2025-02-28,2025-02-28,1,1,1,2025-02-28
S4,INJ,True,complete monthly PIT top-100 asset-month,2025-03-31,2025-03-31,1,1,1,2025-03-31
S4,INJ,True,complete monthly PIT top-100 asset-month,2025-04-30,2025-04-30,1,1,1,2025-04-30
S4,INJ,True,complete monthly PIT top-100 asset-month,2025-05-31,2025-05-31,1,1,1,2025-05-31
S4,INJ,True,complete monthly PIT top-100 asset-month,2025-06-30,2025-06-30,1,1,1,2025-06-30
S4,INJ,True,complete monthly PIT top-100 asset-month,2025-07-31,2025-07-31,1,1,1,2025-07-31
S4,INJ,True,complete monthly PIT top-100 asset-month,2025-08-31,2025-08-31,1,1,1,2025-08-31
S4,IOST,True,complete monthly PIT top-100 asset-month,2020-01-31,2020-01-31,1,1,1,2020-01-31
S4,IOST,True,complete monthly PIT top-100 asset-month,2020-02-29,2020-02-29,1,1,1,2020-02-29
S4,IOST,True,complete monthly PIT top-100 asset-month,2020-03-31,2020-03-31,1,1,1,2020-03-31
S4,IOST,True,complete monthly PIT top-100 asset-month,2020-04-30,2020-04-30,1,1,1,2020-04-30
S4,IOST,True,complete monthly PIT top-100 asset-month,2020-05-31,2020-05-31,1,1,1,2020-05-31
S4,IOST,True,complete monthly PIT top-100 asset-month,2020-06-30,2020-06-30,1,1,1,2020-06-30
S4,IOST,True,complete monthly PIT top-100 asset-month,2020-07-31,2020-07-31,1,1,1,2020-07-31
S4,IOST,True,complete monthly PIT top-100 asset-month,2020-10-31,2020-10-31,1,1,1,2020-10-31
S4,IOST,True,complete monthly PIT top-100 asset-month,2021-01-31,2021-01-31,1,1,1,2021-01-31
S4,IOST,True,complete monthly PIT top-100 asset-month,2021-02-28,2021-02-28,1,1,1,2021-02-28
S4,IOST,True,complete monthly PIT top-100 asset-month,2021-03-31,2021-03-31,1,1,1,2021-03-31
S4,IOST,True,complete monthly PIT top-100 asset-month,2021-04-30,2021-04-30,1,1,1,2021-04-30
S4,IOST,True,complete monthly PIT top-100 asset-month,2021-08-31,2021-08-31,1,1,1,2021-08-31
S4,IOST,True,complete monthly PIT top-100 asset-month,2021-09-30,2021-09-30,1,1,1,2021-09-30
S4,IOTA,True,complete monthly PIT top-100 asset-month,2020-01-31,2020-01-31,1,1,1,2020-01-31
S4,IOTA,True,complete monthly PIT top-100 asset-month,2020-02-29,2020-02-29,1,1,1,2020-02-29
S4,IOTA,True,complete monthly PIT top-100 asset-month,2020-03-31,2020-03-31,1,1,1,2020-03-31
S4,IOTA,True,complete monthly PIT top-100 asset-month,2020-04-30,2020-04-30,1,1,1,2020-04-30
S4,IOTA,True,complete monthly PIT top-100 asset-month,2020-05-31,2020-05-31,1,1,1,2020-05-31
S4,IOTA,True,complete monthly PIT top-100 asset-month,2020-06-30,2020-06-30,1,1,1,2020-06-30
S4,IOTA,True,complete monthly PIT top-100 asset-month,2020-07-31,2020-07-31,1,1,1,2020-07-31
S4,IOTA,True,complete monthly PIT top-100 asset-month,2020-08-31,2020-08-31,1,1,1,2020-08-31
S4,IOTA,True,complete monthly PIT top-100 asset-month,2020-09-30,2020-09-30,1,1,1,2020-09-30
S4,IOTA,True,complete monthly PIT top-100 asset-month,2020-10-31,2020-10-31,1,1,1,2020-10-31
S4,IOTA,True,complete monthly PIT top-100 asset-month,2020-11-30,2020-11-30,1,1,1,2020-11-30
S4,IOTA,True,complete monthly PIT top-100 asset-month,2020-12-31,2020-12-31,1,1,1,2020-12-31
S4,IOTA,True,complete monthly PIT top-100 asset-month,2021-01-31,2021-01-31,1,1,1,2021-01-31
S4,IOTA,True,complete monthly PIT top-100 asset-month,2021-02-28,2021-02-28,1,1,1,2021-02-28
S4,IOTA,True,complete monthly PIT top-100 asset-month,2021-03-31,2021-03-31,1,1,1,2021-03-31
S4,IOTA,True,complete monthly PIT top-100 asset-month,2021-04-30,2021-04-30,1,1,1,2021-04-30
S4,IOTA,True,complete monthly PIT top-100 asset-month,2021-05-31,2021-05-31,1,1,1,2021-05-31
S4,IOTA,True,complete monthly PIT top-100 asset-month,2021-06-30,2021-06-30,1,1,1,2021-06-30
S4,IOTA,True,complete monthly PIT top-100 asset-month,2021-07-31,2021-07-31,1,1,1,2021-07-31
S4,IOTA,True,complete monthly PIT top-100 asset-month,2021-08-31,2021-08-31,1,1,1,2021-08-31
S4,IOTA,True,complete monthly PIT top-100 asset-month,2021-09-30,2021-09-30,1,1,1,2021-09-30
S4,IOTA,True,complete monthly PIT top-100 asset-month,2021-10-31,2021-10-31,1,1,1,2021-10-31
S4,IOTA,True,complete monthly PIT top-100 asset-month,2021-11-30,2021-11-30,1,1,1,2021-11-30
S4,IOTA,True,complete monthly PIT top-100 asset-month,2021-12-31,2021-12-31,1,1,1,2021-12-31
S4,IOTA,True,complete monthly PIT top-100 asset-month,2022-01-31,2022-01-31,1,1,1,2022-01-31
S4,IOTA,True,complete monthly PIT top-100 asset-month,2022-02-28,2022-02-28,1,1,1,2022-02-28
S4,IOTA,True,complete monthly PIT top-100 asset-month,2022-03-31,2022-03-31,1,1,1,2022-03-31
S4,IOTA,True,complete monthly PIT top-100 asset-month,2022-04-30,2022-04-30,1,1,1,2022-04-30
S4,IOTA,True,complete monthly PIT top-100 asset-month,2022-05-31,2022-05-31,1,1,1,2022-05-31
S4,IOTA,True,complete monthly PIT top-100 asset-month,2022-06-30,2022-06-30,1,1,1,2022-06-30
S4,IOTA,True,complete monthly PIT top-100 asset-month,2022-07-31,2022-07-31,1,1,1,2022-07-31
S4,IOTA,True,complete monthly PIT top-100 asset-month,2022-08-31,2022-08-31,1,1,1,2022-08-31
S4,IOTA,True,complete monthly PIT top-100 asset-month,2022-09-30,2022-09-30,1,1,1,2022-09-30
S4,IOTA,True,complete monthly PIT top-100 asset-month,2022-10-31,2022-10-31,1,1,1,2022-10-31
S4,IOTA,True,complete monthly PIT top-100 asset-month,2022-11-30,2022-11-30,1,1,1,2022-11-30
S4,IOTA,True,complete monthly PIT top-100 asset-month,2022-12-31,2022-12-31,1,1,1,2022-12-31
S4,IOTA,True,complete monthly PIT top-100 asset-month,2023-01-31,2023-01-31,1,1,1,2023-01-31
S4,IOTA,True,complete monthly PIT top-100 asset-month,2023-02-28,2023-02-28,1,1,1,2023-02-28
S4,IOTA,True,complete monthly PIT top-100 asset-month,2023-03-31,2023-03-31,1,1,1,2023-03-31
S4,IOTA,True,complete monthly PIT top-100 asset-month,2023-04-30,2023-04-30,1,1,1,2023-04-30
S4,IOTA,True,complete monthly PIT top-100 asset-month,2023-05-31,2023-05-31,1,1,1,2023-05-31
S4,IOTA,True,complete monthly PIT top-100 asset-month,2023-06-30,2023-06-30,1,1,1,2023-06-30
S4,IOTA,True,complete monthly PIT top-100 asset-month,2023-07-31,2023-07-31,1,1,1,2023-07-31
S4,IOTA,True,complete monthly PIT top-100 asset-month,2023-08-31,2023-08-31,1,1,1,2023-08-31
S4,IOTA,True,complete monthly PIT top-100 asset-month,2023-09-30,2023-09-30,1,1,1,2023-09-30
S4,IOTA,True,complete monthly PIT top-100 asset-month,2023-10-31,2023-10-31,1,1,1,2023-10-31
S4,IOTA,True,complete monthly PIT top-100 asset-month,2023-11-30,2023-11-30,1,1,1,2023-11-30
S4,IOTA,True,complete monthly PIT top-100 asset-month,2023-12-31,2023-12-31,1,1,1,2023-12-31
S4,IOTA,True,complete monthly PIT top-100 asset-month,2024-01-31,2024-01-31,1,1,1,2024-01-31
S4,IOTX,True,complete monthly PIT top-100 asset-month,2021-11-30,2021-11-30,1,1,1,2021-11-30
S4,IP,True,complete monthly PIT top-100 asset-month,2025-02-28,2025-02-28,1,1,1,2025-02-28
S4,IP,True,complete monthly PIT top-100 asset-month,2025-03-31,2025-03-31,1,1,1,2025-03-31
S4,IP,True,complete monthly PIT top-100 asset-month,2025-04-30,2025-04-30,1,1,1,2025-04-30
S4,IP,True,complete monthly PIT top-100 asset-month,2025-05-31,2025-05-31,1,1,1,2025-05-31
S4,IP,True,complete monthly PIT top-100 asset-month,2025-06-30,2025-06-30,1,1,1,2025-06-30
S4,IP,True,complete monthly PIT top-100 asset-month,2025-07-31,2025-07-31,1,1,1,2025-07-31
S4,IP,True,complete monthly PIT top-100 asset-month,2025-08-31,2025-08-31,1,1,1,2025-08-31
S4,IP,True,complete monthly PIT top-100 asset-month,2025-09-30,2025-09-30,1,1,1,2025-09-30
S4,IP,True,complete monthly PIT top-100 asset-month,2025-10-31,2025-10-31,1,1,1,2025-10-31
S4,JAAA,True,complete monthly PIT top-100 asset-month,2025-12-31,2025-12-31,1,1,1,2025-12-31
S4,JASMY,True,complete monthly PIT top-100 asset-month,2024-02-29,2024-02-29,1,1,1,2024-02-29
S4,JASMY,True,complete monthly PIT top-100 asset-month,2024-05-31,2024-05-31,1,1,1,2024-05-31
S4,JASMY,True,complete monthly PIT top-100 asset-month,2024-06-30,2024-06-30,1,1,1,2024-06-30
S4,JASMY,True,complete monthly PIT top-100 asset-month,2024-07-31,2024-07-31,1,1,1,2024-07-31
S4,JASMY,True,complete monthly PIT top-100 asset-month,2024-08-31,2024-08-31,1,1,1,2024-08-31
S4,JASMY,True,complete monthly PIT top-100 asset-month,2024-09-30,2024-09-30,1,1,1,2024-09-30
S4,JASMY,True,complete monthly PIT top-100 asset-month,2024-10-31,2024-10-31,1,1,1,2024-10-31
S4,JASMY,True,complete monthly PIT top-100 asset-month,2024-12-31,2024-12-31,1,1,1,2024-12-31
S4,JASMY,True,complete monthly PIT top-100 asset-month,2025-01-31,2025-01-31,1,1,1,2025-01-31
S4,JASMY,True,complete monthly PIT top-100 asset-month,2025-02-28,2025-02-28,1,1,1,2025-02-28
S4,JITOSOL,True,complete monthly PIT top-100 asset-month,2025-05-31,2025-05-31,1,1,1,2025-05-31
S4,JITOSOL,True,complete monthly PIT top-100 asset-month,2025-06-30,2025-06-30,1,1,1,2025-06-30
S4,JITOSOL,True,complete monthly PIT top-100 asset-month,2025-07-31,2025-07-31,1,1,1,2025-07-31
S4,JITOSOL,True,complete monthly PIT top-100 asset-month,2025-08-31,2025-08-31,1,1,1,2025-08-31
S4,JITOSOL,True,complete monthly PIT top-100 asset-month,2025-09-30,2025-09-30,1,1,1,2025-09-30
S4,JITOSOL,True,complete monthly PIT top-100 asset-month,2025-10-31,2025-10-31,1,1,1,2025-10-31
S4,JITOSOL,True,complete monthly PIT top-100 asset-month,2025-11-30,2025-11-30,1,1,1,2025-11-30
S4,JITOSOL,True,complete monthly PIT top-100 asset-month,2025-12-31,2025-12-31,1,1,1,2025-12-31
S4,JITOSOL,True,complete monthly PIT top-100 asset-month,2026-01-31,2026-01-31,1,1,1,2026-01-31
S4,JITOSOL,True,complete monthly PIT top-100 asset-month,2026-02-28,2026-02-28,1,1,1,2026-02-28
S4,JITOSOL,True,complete monthly PIT top-100 asset-month,2026-03-31,2026-03-31,1,1,1,2026-03-31
S4,JLP,True,complete monthly PIT top-100 asset-month,2025-04-30,2025-04-30,1,1,1,2025-04-30
S4,JLP,True,complete monthly PIT top-100 asset-month,2025-05-31,2025-05-31,1,1,1,2025-05-31
S4,JLP,True,complete monthly PIT top-100 asset-month,2025-06-30,2025-06-30,1,1,1,2025-06-30
S4,JLP,True,complete monthly PIT top-100 asset-month,2025-07-31,2025-07-31,1,1,1,2025-07-31
S4,JLP,True,complete monthly PIT top-100 asset-month,2025-08-31,2025-08-31,1,1,1,2025-08-31
S4,JLP,True,complete monthly PIT top-100 asset-month,2025-09-30,2025-09-30,1,1,1,2025-09-30
S4,JLP,True,complete monthly PIT top-100 asset-month,2025-10-31,2025-10-31,1,1,1,2025-10-31
S4,JLP,True,complete monthly PIT top-100 asset-month,2025-11-30,2025-11-30,1,1,1,2025-11-30
S4,JLP,True,complete monthly PIT top-100 asset-month,2025-12-31,2025-12-31,1,1,1,2025-12-31
S4,JLP,True,complete monthly PIT top-100 asset-month,2026-01-31,2026-01-31,1,1,1,2026-01-31
S4,JLP,True,complete monthly PIT top-100 asset-month,2026-02-28,2026-02-28,1,1,1,2026-02-28
S4,JLP,True,complete monthly PIT top-100 asset-month,2026-03-31,2026-03-31,1,1,1,2026-03-31
S4,JLP,True,complete monthly PIT top-100 asset-month,2026-04-30,2026-04-30,1,1,1,2026-04-30
S4,JTRSY,True,complete monthly PIT top-100 asset-month,2026-03-31,2026-03-31,1,1,1,2026-03-31
S4,JUNO,True,complete monthly PIT top-100 asset-month,2022-02-28,2022-02-28,1,1,1,2022-02-28
S4,JUNO,True,complete monthly PIT top-100 asset-month,2022-03-31,2022-03-31,1,1,1,2022-03-31
S4,JUP,True,complete monthly PIT top-100 asset-month,2024-01-31,2024-01-31,1,1,1,2024-01-31
S4,JUP,True,complete monthly PIT top-100 asset-month,2024-03-31,2024-03-31,1,1,1,2024-03-31
S4,JUP,True,complete monthly PIT top-100 asset-month,2024-04-30,2024-04-30,1,1,1,2024-04-30
S4,JUP,True,complete monthly PIT top-100 asset-month,2024-05-31,2024-05-31,1,1,1,2024-05-31
S4,JUP,True,complete monthly PIT top-100 asset-month,2024-06-30,2024-06-30,1,1,1,2024-06-30
S4,JUP,True,complete monthly PIT top-100 asset-month,2024-07-31,2024-07-31,1,1,1,2024-07-31
S4,JUP,True,complete monthly PIT top-100 asset-month,2024-08-31,2024-08-31,1,1,1,2024-08-31
S4,JUP,True,complete monthly PIT top-100 asset-month,2024-09-30,2024-09-30,1,1,1,2024-09-30
S4,JUP,True,complete monthly PIT top-100 asset-month,2024-10-31,2024-10-31,1,1,1,2024-10-31
S4,JUP,True,complete monthly PIT top-100 asset-month,2024-11-30,2024-11-30,1,1,1,2024-11-30
S4,JUP,True,complete monthly PIT top-100 asset-month,2025-01-31,2025-01-31,1,1,1,2025-01-31
S4,JUP,True,complete monthly PIT top-100 asset-month,2025-02-28,2025-02-28,1,1,1,2025-02-28
S4,JUP,True,complete monthly PIT top-100 asset-month,2025-03-31,2025-03-31,1,1,1,2025-03-31
S4,JUP,True,complete monthly PIT top-100 asset-month,2025-04-30,2025-04-30,1,1,1,2025-04-30
S4,JUP,True,complete monthly PIT top-100 asset-month,2025-05-31,2025-05-31,1,1,1,2025-05-31
S4,JUP,True,complete monthly PIT top-100 asset-month,2025-06-30,2025-06-30,1,1,1,2025-06-30
S4,JUP,True,complete monthly PIT top-100 asset-month,2025-07-31,2025-07-31,1,1,1,2025-07-31
S4,JUP,True,complete monthly PIT top-100 asset-month,2025-08-31,2025-08-31,1,1,1,2025-08-31
S4,JUP,True,complete monthly PIT top-100 asset-month,2025-09-30,2025-09-30,1,1,1,2025-09-30
S4,JUP,True,complete monthly PIT top-100 asset-month,2025-10-31,2025-10-31,1,1,1,2025-10-31
S4,KAIA,True,complete monthly PIT top-100 asset-month,2025-06-30,2025-06-30,1,1,1,2025-06-30
S4,KAS,True,complete monthly PIT top-100 asset-month,2023-03-31,2023-03-31,1,1,1,2023-03-31
S4,KAS,True,complete monthly PIT top-100 asset-month,2023-04-30,2023-04-30,1,1,1,2023-04-30
S4,KAS,True,complete monthly PIT top-100 asset-month,2023-06-30,2023-06-30,1,1,1,2023-06-30
S4,KAS,True,complete monthly PIT top-100 asset-month,2023-07-31,2023-07-31,1,1,1,2023-07-31
S4,KAS,True,complete monthly PIT top-100 asset-month,2023-08-31,2023-08-31,1,1,1,2023-08-31
S4,KAS,True,complete monthly PIT top-100 asset-month,2023-09-30,2023-09-30,1,1,1,2023-09-30
S4,KAS,True,complete monthly PIT top-100 asset-month,2023-10-31,2023-10-31,1,1,1,2023-10-31
S4,KAS,True,complete monthly PIT top-100 asset-month,2023-11-30,2023-11-30,1,1,1,2023-11-30
S4,KAS,True,complete monthly PIT top-100 asset-month,2023-12-31,2023-12-31,1,1,1,2023-12-31
S4,KAS,True,complete monthly PIT top-100 asset-month,2024-01-31,2024-01-31,1,1,1,2024-01-31
S4,KAS,True,complete monthly PIT top-100 asset-month,2024-02-29,2024-02-29,1,1,1,2024-02-29
S4,KAS,True,complete monthly PIT top-100 asset-month,2024-03-31,2024-03-31,1,1,1,2024-03-31
S4,KAS,True,complete monthly PIT top-100 asset-month,2024-04-30,2024-04-30,1,1,1,2024-04-30
S4,KAS,True,complete monthly PIT top-100 asset-month,2024-05-31,2024-05-31,1,1,1,2024-05-31
S4,KAS,True,complete monthly PIT top-100 asset-month,2024-06-30,2024-06-30,1,1,1,2024-06-30
S4,KAS,True,complete monthly PIT top-100 asset-month,2024-07-31,2024-07-31,1,1,1,2024-07-31
S4,KAS,True,complete monthly PIT top-100 asset-month,2024-08-31,2024-08-31,1,1,1,2024-08-31
S4,KAS,True,complete monthly PIT top-100 asset-month,2024-09-30,2024-09-30,1,1,1,2024-09-30
S4,KAS,True,complete monthly PIT top-100 asset-month,2024-10-31,2024-10-31,1,1,1,2024-10-31
S4,KAS,True,complete monthly PIT top-100 asset-month,2024-11-30,2024-11-30,1,1,1,2024-11-30
S4,KAS,True,complete monthly PIT top-100 asset-month,2024-12-31,2024-12-31,1,1,1,2024-12-31
S4,KAS,True,complete monthly PIT top-100 asset-month,2025-01-31,2025-01-31,1,1,1,2025-01-31
S4,KAS,True,complete monthly PIT top-100 asset-month,2025-02-28,2025-02-28,1,1,1,2025-02-28
S4,KAS,True,complete monthly PIT top-100 asset-month,2025-03-31,2025-03-31,1,1,1,2025-03-31
S4,KAS,True,complete monthly PIT top-100 asset-month,2025-04-30,2025-04-30,1,1,1,2025-04-30
S4,KAS,True,complete monthly PIT top-100 asset-month,2025-05-31,2025-05-31,1,1,1,2025-05-31
S4,KAS,True,complete monthly PIT top-100 asset-month,2025-06-30,2025-06-30,1,1,1,2025-06-30
S4,KAS,True,complete monthly PIT top-100 asset-month,2025-07-31,2025-07-31,1,1,1,2025-07-31
S4,KAS,True,complete monthly PIT top-100 asset-month,2025-08-31,2025-08-31,1,1,1,2025-08-31
S4,KAS,True,complete monthly PIT top-100 asset-month,2025-09-30,2025-09-30,1,1,1,2025-09-30
S4,KAS,True,complete monthly PIT top-100 asset-month,2025-10-31,2025-10-31,1,1,1,2025-10-31
S4,KAS,True,complete monthly PIT top-100 asset-month,2025-11-30,2025-11-30,1,1,1,2025-11-30
S4,KAS,True,complete monthly PIT top-100 asset-month,2025-12-31,2025-12-31,1,1,1,2025-12-31
S4,KAS,True,complete monthly PIT top-100 asset-month,2026-01-31,2026-01-31,1,1,1,2026-01-31
S4,KAS,True,complete monthly PIT top-100 asset-month,2026-02-28,2026-02-28,1,1,1,2026-02-28
S4,KAS,True,complete monthly PIT top-100 asset-month,2026-03-31,2026-03-31,1,1,1,2026-03-31
S4,KAS,True,complete monthly PIT top-100 asset-month,2026-04-30,2026-04-30,1,1,1,2026-04-30
S4,KAVA,True,complete monthly PIT top-100 asset-month,2020-08-31,2020-08-31,1,1,1,2020-08-31
S4,KAVA,True,complete monthly PIT top-100 asset-month,2022-04-30,2022-04-30,1,1,1,2022-04-30
S4,KAVA,True,complete monthly PIT top-100 asset-month,2022-06-30,2022-06-30,1,1,1,2022-06-30
S4,KAVA,True,complete monthly PIT top-100 asset-month,2022-08-31,2022-08-31,1,1,1,2022-08-31
S4,KAVA,True,complete monthly PIT top-100 asset-month,2022-09-30,2022-09-30,1,1,1,2022-09-30
S4,KAVA,True,complete monthly PIT top-100 asset-month,2022-10-31,2022-10-31,1,1,1,2022-10-31
S4,KAVA,True,complete monthly PIT top-100 asset-month,2023-05-31,2023-05-31,1,1,1,2023-05-31
S4,KAVA,True,complete monthly PIT top-100 asset-month,2023-06-30,2023-06-30,1,1,1,2023-06-30
S4,KAVA,True,complete monthly PIT top-100 asset-month,2023-07-31,2023-07-31,1,1,1,2023-07-31
S4,KAVA,True,complete monthly PIT top-100 asset-month,2023-08-31,2023-08-31,1,1,1,2023-08-31
S4,KAVA,True,complete monthly PIT top-100 asset-month,2023-09-30,2023-09-30,1,1,1,2023-09-30
S4,KAVA,True,complete monthly PIT top-100 asset-month,2023-10-31,2023-10-31,1,1,1,2023-10-31
S4,KAVA,True,complete monthly PIT top-100 asset-month,2023-11-30,2023-11-30,1,1,1,2023-11-30
S4,KAVA,True,complete monthly PIT top-100 asset-month,2023-12-31,2023-12-31,1,1,1,2023-12-31
S4,KAVA,True,complete monthly PIT top-100 asset-month,2024-01-31,2024-01-31,1,1,1,2024-01-31
S4,KCS,True,complete monthly PIT top-100 asset-month,2020-01-31,2020-01-31,1,1,1,2020-01-31
S4,KCS,True,complete monthly PIT top-100 asset-month,2020-02-29,2020-02-29,1,1,1,2020-02-29
S4,KCS,True,complete monthly PIT top-100 asset-month,2020-03-31,2020-03-31,1,1,1,2020-03-31
S4,KCS,True,complete monthly PIT top-100 asset-month,2020-04-30,2020-04-30,1,1,1,2020-04-30
S4,KCS,True,complete monthly PIT top-100 asset-month,2020-05-31,2020-05-31,1,1,1,2020-05-31
S4,KCS,True,complete monthly PIT top-100 asset-month,2020-06-30,2020-06-30,1,1,1,2020-06-30
S4,KCS,True,complete monthly PIT top-100 asset-month,2021-04-30,2021-04-30,1,1,1,2021-04-30
S4,KCS,True,complete monthly PIT top-100 asset-month,2021-06-30,2021-06-30,1,1,1,2021-06-30
S4,KCS,True,complete monthly PIT top-100 asset-month,2021-07-31,2021-07-31,1,1,1,2021-07-31
S4,KCS,True,complete monthly PIT top-100 asset-month,2021-08-31,2021-08-31,1,1,1,2021-08-31
S4,KCS,True,complete monthly PIT top-100 asset-month,2021-10-31,2021-10-31,1,1,1,2021-10-31
S4,KCS,True,complete monthly PIT top-100 asset-month,2021-11-30,2021-11-30,1,1,1,2021-11-30
S4,KCS,True,complete monthly PIT top-100 asset-month,2021-12-31,2021-12-31,1,1,1,2021-12-31
S4,KCS,True,complete monthly PIT top-100 asset-month,2022-01-31,2022-01-31,1,1,1,2022-01-31
S4,KCS,True,complete monthly PIT top-100 asset-month,2022-02-28,2022-02-28,1,1,1,2022-02-28
S4,KCS,True,complete monthly PIT top-100 asset-month,2022-03-31,2022-03-31,1,1,1,2022-03-31
S4,KCS,True,complete monthly PIT top-100 asset-month,2022-04-30,2022-04-30,1,1,1,2022-04-30
S4,KCS,True,complete monthly PIT top-100 asset-month,2022-05-31,2022-05-31,1,1,1,2022-05-31
S4,KCS,True,complete monthly PIT top-100 asset-month,2022-06-30,2022-06-30,1,1,1,2022-06-30
S4,KCS,True,complete monthly PIT top-100 asset-month,2022-07-31,2022-07-31,1,1,1,2022-07-31
S4,KCS,True,complete monthly PIT top-100 asset-month,2022-08-31,2022-08-31,1,1,1,2022-08-31
S4,KCS,True,complete monthly PIT top-100 asset-month,2022-09-30,2022-09-30,1,1,1,2022-09-30
S4,KCS,True,complete monthly PIT top-100 asset-month,2022-10-31,2022-10-31,1,1,1,2022-10-31
S4,KCS,True,complete monthly PIT top-100 asset-month,2022-11-30,2022-11-30,1,1,1,2022-11-30
S4,KCS,True,complete monthly PIT top-100 asset-month,2022-12-31,2022-12-31,1,1,1,2022-12-31
S4,KCS,True,complete monthly PIT top-100 asset-month,2023-01-31,2023-01-31,1,1,1,2023-01-31
S4,KCS,True,complete monthly PIT top-100 asset-month,2023-02-28,2023-02-28,1,1,1,2023-02-28
S4,KCS,True,complete monthly PIT top-100 asset-month,2023-03-31,2023-03-31,1,1,1,2023-03-31
S4,KCS,True,complete monthly PIT top-100 asset-month,2023-04-30,2023-04-30,1,1,1,2023-04-30
S4,KCS,True,complete monthly PIT top-100 asset-month,2023-05-31,2023-05-31,1,1,1,2023-05-31
S4,KCS,True,complete monthly PIT top-100 asset-month,2023-06-30,2023-06-30,1,1,1,2023-06-30
S4,KCS,True,complete monthly PIT top-100 asset-month,2023-07-31,2023-07-31,1,1,1,2023-07-31
S4,KCS,True,complete monthly PIT top-100 asset-month,2023-08-31,2023-08-31,1,1,1,2023-08-31
S4,KCS,True,complete monthly PIT top-100 asset-month,2023-09-30,2023-09-30,1,1,1,2023-09-30
S4,KCS,True,complete monthly PIT top-100 asset-month,2023-10-31,2023-10-31,1,1,1,2023-10-31
S4,KCS,True,complete monthly PIT top-100 asset-month,2023-11-30,2023-11-30,1,1,1,2023-11-30
S4,KCS,True,complete monthly PIT top-100 asset-month,2023-12-31,2023-12-31,1,1,1,2023-12-31
S4,KCS,True,complete monthly PIT top-100 asset-month,2024-01-31,2024-01-31,1,1,1,2024-01-31
S4,KCS,True,complete monthly PIT top-100 asset-month,2024-02-29,2024-02-29,1,1,1,2024-02-29
S4,KCS,True,complete monthly PIT top-100 asset-month,2024-04-30,2024-04-30,1,1,1,2024-04-30
S4,KCS,True,complete monthly PIT top-100 asset-month,2024-06-30,2024-06-30,1,1,1,2024-06-30
S4,KCS,True,complete monthly PIT top-100 asset-month,2024-07-31,2024-07-31,1,1,1,2024-07-31
S4,KCS,True,complete monthly PIT top-100 asset-month,2024-08-31,2024-08-31,1,1,1,2024-08-31
S4,KCS,True,complete monthly PIT top-100 asset-month,2024-09-30,2024-09-30,1,1,1,2024-09-30
S4,KCS,True,complete monthly PIT top-100 asset-month,2024-10-31,2024-10-31,1,1,1,2024-10-31
S4,KCS,True,complete monthly PIT top-100 asset-month,2024-11-30,2024-11-30,1,1,1,2024-11-30
S4,KCS,True,complete monthly PIT top-100 asset-month,2024-12-31,2024-12-31,1,1,1,2024-12-31
S4,KCS,True,complete monthly PIT top-100 asset-month,2025-01-31,2025-01-31,1,1,1,2025-01-31
S4,KCS,True,complete monthly PIT top-100 asset-month,2025-02-28,2025-02-28,1,1,1,2025-02-28
S4,KCS,True,complete monthly PIT top-100 asset-month,2025-03-31,2025-03-31,1,1,1,2025-03-31
S4,KCS,True,complete monthly PIT top-100 asset-month,2025-04-30,2025-04-30,1,1,1,2025-04-30
S4,KCS,True,complete monthly PIT top-100 asset-month,2025-05-31,2025-05-31,1,1,1,2025-05-31
S4,KCS,True,complete monthly PIT top-100 asset-month,2025-06-30,2025-06-30,1,1,1,2025-06-30
S4,KCS,True,complete monthly PIT top-100 asset-month,2025-07-31,2025-07-31,1,1,1,2025-07-31
S4,KCS,True,complete monthly PIT top-100 asset-month,2025-08-31,2025-08-31,1,1,1,2025-08-31
S4,KCS,True,complete monthly PIT top-100 asset-month,2025-09-30,2025-09-30,1,1,1,2025-09-30
S4,KCS,True,complete monthly PIT top-100 asset-month,2025-10-31,2025-10-31,1,1,1,2025-10-31
S4,KCS,True,complete monthly PIT top-100 asset-month,2025-11-30,2025-11-30,1,1,1,2025-11-30
S4,KCS,True,complete monthly PIT top-100 asset-month,2025-12-31,2025-12-31,1,1,1,2025-12-31
S4,KCS,True,complete monthly PIT top-100 asset-month,2026-01-31,2026-01-31,1,1,1,2026-01-31
S4,KCS,True,complete monthly PIT top-100 asset-month,2026-02-28,2026-02-28,1,1,1,2026-02-28
S4,KCS,True,complete monthly PIT top-100 asset-month,2026-03-31,2026-03-31,1,1,1,2026-03-31
S4,KCS,True,complete monthly PIT top-100 asset-month,2026-04-30,2026-04-30,1,1,1,2026-04-30
S4,KCS,True,complete monthly PIT top-100 asset-month,2026-05-31,2026-05-31,1,1,1,2026-05-31
S4,KDA,True,complete monthly PIT top-100 asset-month,2021-11-30,2021-11-30,1,1,1,2021-11-30
S4,KDA,True,complete monthly PIT top-100 asset-month,2021-12-31,2021-12-31,1,1,1,2021-12-31
S4,KDA,True,complete monthly PIT top-100 asset-month,2022-01-31,2022-01-31,1,1,1,2022-01-31
S4,KDA,True,complete monthly PIT top-100 asset-month,2022-02-28,2022-02-28,1,1,1,2022-02-28
S4,KDA,True,complete monthly PIT top-100 asset-month,2022-03-31,2022-03-31,1,1,1,2022-03-31
S4,KHYPE,True,complete monthly PIT top-100 asset-month,2025-08-31,2025-08-31,1,1,1,2025-08-31
S4,KHYPE,True,complete monthly PIT top-100 asset-month,2025-09-30,2025-09-30,1,1,1,2025-09-30
S4,KHYPE,True,complete monthly PIT top-100 asset-month,2025-10-31,2025-10-31,1,1,1,2025-10-31
S4,KHYPE,True,complete monthly PIT top-100 asset-month,2026-05-31,2026-05-31,1,1,1,2026-05-31
S4,KLAY,True,complete monthly PIT top-100 asset-month,2021-04-30,2021-04-30,1,1,1,2021-04-30
S4,KLAY,True,complete monthly PIT top-100 asset-month,2021-05-31,2021-05-31,1,1,1,2021-05-31
S4,KLAY,True,complete monthly PIT top-100 asset-month,2021-06-30,2021-06-30,1,1,1,2021-06-30
S4,KLAY,True,complete monthly PIT top-100 asset-month,2021-07-31,2021-07-31,1,1,1,2021-07-31
S4,KLAY,True,complete monthly PIT top-100 asset-month,2021-08-31,2021-08-31,1,1,1,2021-08-31
S4,KLAY,True,complete monthly PIT top-100 asset-month,2021-09-30,2021-09-30,1,1,1,2021-09-30
S4,KLAY,True,complete monthly PIT top-100 asset-month,2021-10-31,2021-10-31,1,1,1,2021-10-31
S4,KLAY,True,complete monthly PIT top-100 asset-month,2021-11-30,2021-11-30,1,1,1,2021-11-30
S4,KLAY,True,complete monthly PIT top-100 asset-month,2021-12-31,2021-12-31,1,1,1,2021-12-31
S4,KLAY,True,complete monthly PIT top-100 asset-month,2022-01-31,2022-01-31,1,1,1,2022-01-31
S4,KLAY,True,complete monthly PIT top-100 asset-month,2022-02-28,2022-02-28,1,1,1,2022-02-28
S4,KLAY,True,complete monthly PIT top-100 asset-month,2022-03-31,2022-03-31,1,1,1,2022-03-31
S4,KLAY,True,complete monthly PIT top-100 asset-month,2022-04-30,2022-04-30,1,1,1,2022-04-30
S4,KLAY,True,complete monthly PIT top-100 asset-month,2022-05-31,2022-05-31,1,1,1,2022-05-31
S4,KLAY,True,complete monthly PIT top-100 asset-month,2022-06-30,2022-06-30,1,1,1,2022-06-30
S4,KLAY,True,complete monthly PIT top-100 asset-month,2022-07-31,2022-07-31,1,1,1,2022-07-31
S4,KLAY,True,complete monthly PIT top-100 asset-month,2022-08-31,2022-08-31,1,1,1,2022-08-31
S4,KLAY,True,complete monthly PIT top-100 asset-month,2022-09-30,2022-09-30,1,1,1,2022-09-30
S4,KLAY,True,complete monthly PIT top-100 asset-month,2022-10-31,2022-10-31,1,1,1,2022-10-31
S4,KLAY,True,complete monthly PIT top-100 asset-month,2022-11-30,2022-11-30,1,1,1,2022-11-30
S4,KLAY,True,complete monthly PIT top-100 asset-month,2022-12-31,2022-12-31,1,1,1,2022-12-31
S4,KLAY,True,complete monthly PIT top-100 asset-month,2023-01-31,2023-01-31,1,1,1,2023-01-31
S4,KLAY,True,complete monthly PIT top-100 asset-month,2023-02-28,2023-02-28,1,1,1,2023-02-28
S4,KLAY,True,complete monthly PIT top-100 asset-month,2023-03-31,2023-03-31,1,1,1,2023-03-31
S4,KLAY,True,complete monthly PIT top-100 asset-month,2023-04-30,2023-04-30,1,1,1,2023-04-30
S4,KLAY,True,complete monthly PIT top-100 asset-month,2023-05-31,2023-05-31,1,1,1,2023-05-31
S4,KLAY,True,complete monthly PIT top-100 asset-month,2023-06-30,2023-06-30,1,1,1,2023-06-30
S4,KLAY,True,complete monthly PIT top-100 asset-month,2023-07-31,2023-07-31,1,1,1,2023-07-31
S4,KLAY,True,complete monthly PIT top-100 asset-month,2023-08-31,2023-08-31,1,1,1,2023-08-31
S4,KLAY,True,complete monthly PIT top-100 asset-month,2023-09-30,2023-09-30,1,1,1,2023-09-30
S4,KLAY,True,complete monthly PIT top-100 asset-month,2023-10-31,2023-10-31,1,1,1,2023-10-31
S4,KLAY,True,complete monthly PIT top-100 asset-month,2023-11-30,2023-11-30,1,1,1,2023-11-30
S4,KLAY,True,complete monthly PIT top-100 asset-month,2023-12-31,2023-12-31,1,1,1,2023-12-31
S4,KLAY,True,complete monthly PIT top-100 asset-month,2024-08-31,2024-08-31,1,1,1,2024-08-31
S4,KLAY,True,complete monthly PIT top-100 asset-month,2024-09-30,2024-09-30,1,1,1,2024-09-30
S4,KMD,True,complete monthly PIT top-100 asset-month,2020-01-31,2020-01-31,1,1,1,2020-01-31
S4,KMD,True,complete monthly PIT top-100 asset-month,2020-02-29,2020-02-29,1,1,1,2020-02-29
S4,KMD,True,complete monthly PIT top-100 asset-month,2020-03-31,2020-03-31,1,1,1,2020-03-31
S4,KMD,True,complete monthly PIT top-100 asset-month,2020-04-30,2020-04-30,1,1,1,2020-04-30
S4,KMD,True,complete monthly PIT top-100 asset-month,2020-05-31,2020-05-31,1,1,1,2020-05-31
S4,KMD,True,complete monthly PIT top-100 asset-month,2020-06-30,2020-06-30,1,1,1,2020-06-30
S4,KMD,True,complete monthly PIT top-100 asset-month,2020-07-31,2020-07-31,1,1,1,2020-07-31
S4,KNCL,True,complete monthly PIT top-100 asset-month,2020-01-31,2020-01-31,1,1,1,2020-01-31
S4,KNCL,True,complete monthly PIT top-100 asset-month,2020-02-29,2020-02-29,1,1,1,2020-02-29
S4,KNCL,True,complete monthly PIT top-100 asset-month,2020-03-31,2020-03-31,1,1,1,2020-03-31
S4,KNCL,True,complete monthly PIT top-100 asset-month,2020-04-30,2020-04-30,1,1,1,2020-04-30
S4,KNCL,True,complete monthly PIT top-100 asset-month,2020-05-31,2020-05-31,1,1,1,2020-05-31
S4,KNCL,True,complete monthly PIT top-100 asset-month,2020-06-30,2020-06-30,1,1,1,2020-06-30
S4,KNCL,True,complete monthly PIT top-100 asset-month,2020-07-31,2020-07-31,1,1,1,2020-07-31
S4,KNCL,True,complete monthly PIT top-100 asset-month,2020-08-31,2020-08-31,1,1,1,2020-08-31
S4,KNCL,True,complete monthly PIT top-100 asset-month,2020-09-30,2020-09-30,1,1,1,2020-09-30
S4,KNCL,True,complete monthly PIT top-100 asset-month,2020-10-31,2020-10-31,1,1,1,2020-10-31
S4,KNCL,True,complete monthly PIT top-100 asset-month,2020-11-30,2020-11-30,1,1,1,2020-11-30
S4,KNCL,True,complete monthly PIT top-100 asset-month,2020-12-31,2020-12-31,1,1,1,2020-12-31
S4,KNCL,True,complete monthly PIT top-100 asset-month,2021-01-31,2021-01-31,1,1,1,2021-01-31
S4,KSM,True,complete monthly PIT top-100 asset-month,2020-05-31,2020-05-31,1,1,1,2020-05-31
S4,KSM,True,complete monthly PIT top-100 asset-month,2020-06-30,2020-06-30,1,1,1,2020-06-30
S4,KSM,True,complete monthly PIT top-100 asset-month,2020-07-31,2020-07-31,1,1,1,2020-07-31
S4,KSM,True,complete monthly PIT top-100 asset-month,2020-08-31,2020-08-31,1,1,1,2020-08-31
S4,KSM,True,complete monthly PIT top-100 asset-month,2020-09-30,2020-09-30,1,1,1,2020-09-30
S4,KSM,True,complete monthly PIT top-100 asset-month,2020-10-31,2020-10-31,1,1,1,2020-10-31
S4,KSM,True,complete monthly PIT top-100 asset-month,2020-11-30,2020-11-30,1,1,1,2020-11-30
S4,KSM,True,complete monthly PIT top-100 asset-month,2020-12-31,2020-12-31,1,1,1,2020-12-31
S4,KSM,True,complete monthly PIT top-100 asset-month,2021-01-31,2021-01-31,1,1,1,2021-01-31
S4,KSM,True,complete monthly PIT top-100 asset-month,2021-02-28,2021-02-28,1,1,1,2021-02-28
S4,KSM,True,complete monthly PIT top-100 asset-month,2021-03-31,2021-03-31,1,1,1,2021-03-31
S4,KSM,True,complete monthly PIT top-100 asset-month,2021-04-30,2021-04-30,1,1,1,2021-04-30
S4,KSM,True,complete monthly PIT top-100 asset-month,2021-05-31,2021-05-31,1,1,1,2021-05-31
S4,KSM,True,complete monthly PIT top-100 asset-month,2021-06-30,2021-06-30,1,1,1,2021-06-30
S4,KSM,True,complete monthly PIT top-100 asset-month,2021-07-31,2021-07-31,1,1,1,2021-07-31
S4,KSM,True,complete monthly PIT top-100 asset-month,2021-08-31,2021-08-31,1,1,1,2021-08-31
S4,KSM,True,complete monthly PIT top-100 asset-month,2021-09-30,2021-09-30,1,1,1,2021-09-30
S4,KSM,True,complete monthly PIT top-100 asset-month,2021-10-31,2021-10-31,1,1,1,2021-10-31
S4,KSM,True,complete monthly PIT top-100 asset-month,2021-11-30,2021-11-30,1,1,1,2021-11-30
S4,KSM,True,complete monthly PIT top-100 asset-month,2021-12-31,2021-12-31,1,1,1,2021-12-31
S4,KSM,True,complete monthly PIT top-100 asset-month,2022-01-31,2022-01-31,1,1,1,2022-01-31
S4,KSM,True,complete monthly PIT top-100 asset-month,2022-02-28,2022-02-28,1,1,1,2022-02-28
S4,KSM,True,complete monthly PIT top-100 asset-month,2022-03-31,2022-03-31,1,1,1,2022-03-31
S4,KSM,True,complete monthly PIT top-100 asset-month,2022-04-30,2022-04-30,1,1,1,2022-04-30
S4,KSM,True,complete monthly PIT top-100 asset-month,2022-05-31,2022-05-31,1,1,1,2022-05-31
S4,KSM,True,complete monthly PIT top-100 asset-month,2022-06-30,2022-06-30,1,1,1,2022-06-30
S4,KSM,True,complete monthly PIT top-100 asset-month,2022-07-31,2022-07-31,1,1,1,2022-07-31
S4,KSM,True,complete monthly PIT top-100 asset-month,2022-08-31,2022-08-31,1,1,1,2022-08-31
S4,KUB,True,complete monthly PIT top-100 asset-month,2021-11-30,2021-11-30,1,1,1,2021-11-30
S4,KUB,True,complete monthly PIT top-100 asset-month,2021-12-31,2021-12-31,1,1,1,2021-12-31
S4,KUB,True,complete monthly PIT top-100 asset-month,2022-01-31,2022-01-31,1,1,1,2022-01-31
S4,LAB,True,complete monthly PIT top-100 asset-month,2026-05-31,2026-05-31,1,1,1,2026-05-31
S4,LBTC,True,complete monthly PIT top-100 asset-month,2024-12-31,2024-12-31,1,1,1,2024-12-31
S4,LBTC,True,complete monthly PIT top-100 asset-month,2025-01-31,2025-01-31,1,1,1,2025-01-31
S4,LBTC,True,complete monthly PIT top-100 asset-month,2025-02-28,2025-02-28,1,1,1,2025-02-28
S4,LBTC,True,complete monthly PIT top-100 asset-month,2025-03-31,2025-03-31,1,1,1,2025-03-31
S4,LBTC,True,complete monthly PIT top-100 asset-month,2025-04-30,2025-04-30,1,1,1,2025-04-30
S4,LBTC,True,complete monthly PIT top-100 asset-month,2025-05-31,2025-05-31,1,1,1,2025-05-31
S4,LBTC,True,complete monthly PIT top-100 asset-month,2025-06-30,2025-06-30,1,1,1,2025-06-30
S4,LBTC,True,complete monthly PIT top-100 asset-month,2025-07-31,2025-07-31,1,1,1,2025-07-31
S4,LBTC,True,complete monthly PIT top-100 asset-month,2025-08-31,2025-08-31,1,1,1,2025-08-31
S4,LBTC,True,complete monthly PIT top-100 asset-month,2025-10-31,2025-10-31,1,1,1,2025-10-31
S4,LBTC,True,complete monthly PIT top-100 asset-month,2025-11-30,2025-11-30,1,1,1,2025-11-30
S4,LBTC,True,complete monthly PIT top-100 asset-month,2025-12-31,2025-12-31,1,1,1,2025-12-31
S4,LBTC,True,complete monthly PIT top-100 asset-month,2026-01-31,2026-01-31,1,1,1,2026-01-31
S4,LDO,True,complete monthly PIT top-100 asset-month,2022-04-30,2022-04-30,1,1,1,2022-04-30
S4,LDO,True,complete monthly PIT top-100 asset-month,2022-07-31,2022-07-31,1,1,1,2022-07-31
S4,LDO,True,complete monthly PIT top-100 asset-month,2022-08-31,2022-08-31,1,1,1,2022-08-31
S4,LDO,True,complete monthly PIT top-100 asset-month,2022-09-30,2022-09-30,1,1,1,2022-09-30
S4,LDO,True,complete monthly PIT top-100 asset-month,2022-10-31,2022-10-31,1,1,1,2022-10-31
S4,LDO,True,complete monthly PIT top-100 asset-month,2022-11-30,2022-11-30,1,1,1,2022-11-30
S4,LDO,True,complete monthly PIT top-100 asset-month,2022-12-31,2022-12-31,1,1,1,2022-12-31
S4,LDO,True,complete monthly PIT top-100 asset-month,2023-01-31,2023-01-31,1,1,1,2023-01-31
S4,LDO,True,complete monthly PIT top-100 asset-month,2023-02-28,2023-02-28,1,1,1,2023-02-28
S4,LDO,True,complete monthly PIT top-100 asset-month,2023-03-31,2023-03-31,1,1,1,2023-03-31
S4,LDO,True,complete monthly PIT top-100 asset-month,2023-04-30,2023-04-30,1,1,1,2023-04-30
S4,LDO,True,complete monthly PIT top-100 asset-month,2023-05-31,2023-05-31,1,1,1,2023-05-31
S4,LDO,True,complete monthly PIT top-100 asset-month,2023-06-30,2023-06-30,1,1,1,2023-06-30
S4,LDO,True,complete monthly PIT top-100 asset-month,2023-07-31,2023-07-31,1,1,1,2023-07-31
S4,LDO,True,complete monthly PIT top-100 asset-month,2023-08-31,2023-08-31,1,1,1,2023-08-31
S4,LDO,True,complete monthly PIT top-100 asset-month,2023-09-30,2023-09-30,1,1,1,2023-09-30
S4,LDO,True,complete monthly PIT top-100 asset-month,2023-10-31,2023-10-31,1,1,1,2023-10-31
S4,LDO,True,complete monthly PIT top-100 asset-month,2023-11-30,2023-11-30,1,1,1,2023-11-30
S4,LDO,True,complete monthly PIT top-100 asset-month,2023-12-31,2023-12-31,1,1,1,2023-12-31
S4,LDO,True,complete monthly PIT top-100 asset-month,2024-01-31,2024-01-31,1,1,1,2024-01-31
S4,LDO,True,complete monthly PIT top-100 asset-month,2024-02-29,2024-02-29,1,1,1,2024-02-29
S4,LDO,True,complete monthly PIT top-100 asset-month,2024-03-31,2024-03-31,1,1,1,2024-03-31
S4,LDO,True,complete monthly PIT top-100 asset-month,2024-04-30,2024-04-30,1,1,1,2024-04-30
S4,LDO,True,complete monthly PIT top-100 asset-month,2024-05-31,2024-05-31,1,1,1,2024-05-31
S4,LDO,True,complete monthly PIT top-100 asset-month,2024-06-30,2024-06-30,1,1,1,2024-06-30
S4,LDO,True,complete monthly PIT top-100 asset-month,2024-07-31,2024-07-31,1,1,1,2024-07-31
S4,LDO,True,complete monthly PIT top-100 asset-month,2024-08-31,2024-08-31,1,1,1,2024-08-31
S4,LDO,True,complete monthly PIT top-100 asset-month,2024-09-30,2024-09-30,1,1,1,2024-09-30
S4,LDO,True,complete monthly PIT top-100 asset-month,2024-10-31,2024-10-31,1,1,1,2024-10-31
S4,LDO,True,complete monthly PIT top-100 asset-month,2024-11-30,2024-11-30,1,1,1,2024-11-30
S4,LDO,True,complete monthly PIT top-100 asset-month,2024-12-31,2024-12-31,1,1,1,2024-12-31
S4,LDO,True,complete monthly PIT top-100 asset-month,2025-01-31,2025-01-31,1,1,1,2025-01-31
S4,LDO,True,complete monthly PIT top-100 asset-month,2025-02-28,2025-02-28,1,1,1,2025-02-28
S4,LEND,True,complete monthly PIT top-100 asset-month,2020-04-30,2020-04-30,1,1,1,2020-04-30
S4,LEND,True,complete monthly PIT top-100 asset-month,2020-05-31,2020-05-31,1,1,1,2020-05-31
S4,LEND,True,complete monthly PIT top-100 asset-month,2020-06-30,2020-06-30,1,1,1,2020-06-30
S4,LEND,True,complete monthly PIT top-100 asset-month,2020-07-31,2020-07-31,1,1,1,2020-07-31
S4,LEND,True,complete monthly PIT top-100 asset-month,2020-08-31,2020-08-31,1,1,1,2020-08-31
S4,LEND,True,complete monthly PIT top-100 asset-month,2020-09-30,2020-09-30,1,1,1,2020-09-30
S4,LEND,True,complete monthly PIT top-100 asset-month,2021-01-31,2021-01-31,1,1,1,2021-01-31
S4,LEO,True,complete monthly PIT top-100 asset-month,2020-01-31,2020-01-31,1,1,1,2020-01-31
S4,LEO,True,complete monthly PIT top-100 asset-month,2020-02-29,2020-02-29,1,1,1,2020-02-29
S4,LEO,True,complete monthly PIT top-100 asset-month,2020-03-31,2020-03-31,1,1,1,2020-03-31
S4,LEO,True,complete monthly PIT top-100 asset-month,2020-04-30,2020-04-30,1,1,1,2020-04-30
S4,LEO,True,complete monthly PIT top-100 asset-month,2020-05-31,2020-05-31,1,1,1,2020-05-31
S4,LEO,True,complete monthly PIT top-100 asset-month,2020-06-30,2020-06-30,1,1,1,2020-06-30
S4,LEO,True,complete monthly PIT top-100 asset-month,2020-07-31,2020-07-31,1,1,1,2020-07-31
S4,LEO,True,complete monthly PIT top-100 asset-month,2020-08-31,2020-08-31,1,1,1,2020-08-31
S4,LEO,True,complete monthly PIT top-100 asset-month,2020-09-30,2020-09-30,1,1,1,2020-09-30
S4,LEO,True,complete monthly PIT top-100 asset-month,2020-10-31,2020-10-31,1,1,1,2020-10-31
S4,LEO,True,complete monthly PIT top-100 asset-month,2020-11-30,2020-11-30,1,1,1,2020-11-30
S4,LEO,True,complete monthly PIT top-100 asset-month,2020-12-31,2020-12-31,1,1,1,2020-12-31
S4,LEO,True,complete monthly PIT top-100 asset-month,2021-01-31,2021-01-31,1,1,1,2021-01-31
S4,LEO,True,complete monthly PIT top-100 asset-month,2021-02-28,2021-02-28,1,1,1,2021-02-28
S4,LEO,True,complete monthly PIT top-100 asset-month,2021-03-31,2021-03-31,1,1,1,2021-03-31
S4,LEO,True,complete monthly PIT top-100 asset-month,2021-04-30,2021-04-30,1,1,1,2021-04-30
S4,LEO,True,complete monthly PIT top-100 asset-month,2021-05-31,2021-05-31,1,1,1,2021-05-31
S4,LEO,True,complete monthly PIT top-100 asset-month,2021-06-30,2021-06-30,1,1,1,2021-06-30
S4,LEO,True,complete monthly PIT top-100 asset-month,2021-07-31,2021-07-31,1,1,1,2021-07-31
S4,LEO,True,complete monthly PIT top-100 asset-month,2021-08-31,2021-08-31,1,1,1,2021-08-31
S4,LEO,True,complete monthly PIT top-100 asset-month,2021-09-30,2021-09-30,1,1,1,2021-09-30
S4,LEO,True,complete monthly PIT top-100 asset-month,2021-10-31,2021-10-31,1,1,1,2021-10-31
S4,LEO,True,complete monthly PIT top-100 asset-month,2021-11-30,2021-11-30,1,1,1,2021-11-30
S4,LEO,True,complete monthly PIT top-100 asset-month,2021-12-31,2021-12-31,1,1,1,2021-12-31
S4,LEO,True,complete monthly PIT top-100 asset-month,2022-01-31,2022-01-31,1,1,1,2022-01-31
S4,LEO,True,complete monthly PIT top-100 asset-month,2022-02-28,2022-02-28,1,1,1,2022-02-28
S4,LEO,True,complete monthly PIT top-100 asset-month,2022-03-31,2022-03-31,1,1,1,2022-03-31
S4,LEO,True,complete monthly PIT top-100 asset-month,2022-04-30,2022-04-30,1,1,1,2022-04-30
S4,LEO,True,complete monthly PIT top-100 asset-month,2022-05-31,2022-05-31,1,1,1,2022-05-31
S4,LEO,True,complete monthly PIT top-100 asset-month,2022-06-30,2022-06-30,1,1,1,2022-06-30
S4,LEO,True,complete monthly PIT top-100 asset-month,2022-07-31,2022-07-31,1,1,1,2022-07-31
S4,LEO,True,complete monthly PIT top-100 asset-month,2022-08-31,2022-08-31,1,1,1,2022-08-31
S4,LEO,True,complete monthly PIT top-100 asset-month,2022-09-30,2022-09-30,1,1,1,2022-09-30
S4,LEO,True,complete monthly PIT top-100 asset-month,2022-10-31,2022-10-31,1,1,1,2022-10-31
S4,LEO,True,complete monthly PIT top-100 asset-month,2022-11-30,2022-11-30,1,1,1,2022-11-30
S4,LEO,True,complete monthly PIT top-100 asset-month,2022-12-31,2022-12-31,1,1,1,2022-12-31
S4,LEO,True,complete monthly PIT top-100 asset-month,2023-01-31,2023-01-31,1,1,1,2023-01-31
S4,LEO,True,complete monthly PIT top-100 asset-month,2023-02-28,2023-02-28,1,1,1,2023-02-28
S4,LEO,True,complete monthly PIT top-100 asset-month,2023-03-31,2023-03-31,1,1,1,2023-03-31
S4,LEO,True,complete monthly PIT top-100 asset-month,2023-04-30,2023-04-30,1,1,1,2023-04-30
S4,LEO,True,complete monthly PIT top-100 asset-month,2023-05-31,2023-05-31,1,1,1,2023-05-31
S4,LEO,True,complete monthly PIT top-100 asset-month,2023-06-30,2023-06-30,1,1,1,2023-06-30
S4,LEO,True,complete monthly PIT top-100 asset-month,2023-07-31,2023-07-31,1,1,1,2023-07-31
S4,LEO,True,complete monthly PIT top-100 asset-month,2023-08-31,2023-08-31,1,1,1,2023-08-31
S4,LEO,True,complete monthly PIT top-100 asset-month,2023-09-30,2023-09-30,1,1,1,2023-09-30
S4,LEO,True,complete monthly PIT top-100 asset-month,2023-10-31,2023-10-31,1,1,1,2023-10-31
S4,LEO,True,complete monthly PIT top-100 asset-month,2023-11-30,2023-11-30,1,1,1,2023-11-30
S4,LEO,True,complete monthly PIT top-100 asset-month,2023-12-31,2023-12-31,1,1,1,2023-12-31
S4,LEO,True,complete monthly PIT top-100 asset-month,2024-01-31,2024-01-31,1,1,1,2024-01-31
S4,LEO,True,complete monthly PIT top-100 asset-month,2024-02-29,2024-02-29,1,1,1,2024-02-29
S4,LEO,True,complete monthly PIT top-100 asset-month,2024-03-31,2024-03-31,1,1,1,2024-03-31
S4,LEO,True,complete monthly PIT top-100 asset-month,2024-04-30,2024-04-30,1,1,1,2024-04-30
S4,LEO,True,complete monthly PIT top-100 asset-month,2024-05-31,2024-05-31,1,1,1,2024-05-31
S4,LEO,True,complete monthly PIT top-100 asset-month,2024-06-30,2024-06-30,1,1,1,2024-06-30
S4,LEO,True,complete monthly PIT top-100 asset-month,2024-07-31,2024-07-31,1,1,1,2024-07-31
S4,LEO,True,complete monthly PIT top-100 asset-month,2024-08-31,2024-08-31,1,1,1,2024-08-31
S4,LEO,True,complete monthly PIT top-100 asset-month,2024-09-30,2024-09-30,1,1,1,2024-09-30
S4,LEO,True,complete monthly PIT top-100 asset-month,2024-10-31,2024-10-31,1,1,1,2024-10-31
S4,LEO,True,complete monthly PIT top-100 asset-month,2024-11-30,2024-11-30,1,1,1,2024-11-30
S4,LEO,True,complete monthly PIT top-100 asset-month,2024-12-31,2024-12-31,1,1,1,2024-12-31
S4,LEO,True,complete monthly PIT top-100 asset-month,2025-01-31,2025-01-31,1,1,1,2025-01-31
S4,LEO,True,complete monthly PIT top-100 asset-month,2025-02-28,2025-02-28,1,1,1,2025-02-28
S4,LEO,True,complete monthly PIT top-100 asset-month,2025-03-31,2025-03-31,1,1,1,2025-03-31
S4,LEO,True,complete monthly PIT top-100 asset-month,2025-04-30,2025-04-30,1,1,1,2025-04-30
S4,LEO,True,complete monthly PIT top-100 asset-month,2025-05-31,2025-05-31,1,1,1,2025-05-31
S4,LEO,True,complete monthly PIT top-100 asset-month,2025-06-30,2025-06-30,1,1,1,2025-06-30
S4,LEO,True,complete monthly PIT top-100 asset-month,2025-07-31,2025-07-31,1,1,1,2025-07-31
S4,LEO,True,complete monthly PIT top-100 asset-month,2025-08-31,2025-08-31,1,1,1,2025-08-31
S4,LEO,True,complete monthly PIT top-100 asset-month,2025-09-30,2025-09-30,1,1,1,2025-09-30
S4,LEO,True,complete monthly PIT top-100 asset-month,2025-10-31,2025-10-31,1,1,1,2025-10-31
S4,LEO,True,complete monthly PIT top-100 asset-month,2025-11-30,2025-11-30,1,1,1,2025-11-30
S4,LEO,True,complete monthly PIT top-100 asset-month,2025-12-31,2025-12-31,1,1,1,2025-12-31
S4,LEO,True,complete monthly PIT top-100 asset-month,2026-01-31,2026-01-31,1,1,1,2026-01-31
S4,LEO,True,complete monthly PIT top-100 asset-month,2026-02-28,2026-02-28,1,1,1,2026-02-28
S4,LEO,True,complete monthly PIT top-100 asset-month,2026-03-31,2026-03-31,1,1,1,2026-03-31
S4,LEO,True,complete monthly PIT top-100 asset-month,2026-04-30,2026-04-30,1,1,1,2026-04-30
S4,LEO,True,complete monthly PIT top-100 asset-month,2026-05-31,2026-05-31,1,1,1,2026-05-31
S4,LINK,True,complete monthly PIT top-100 asset-month,2020-01-31,2020-01-31,1,1,1,2020-01-31
S4,LINK,True,complete monthly PIT top-100 asset-month,2020-02-29,2020-02-29,1,1,1,2020-02-29
S4,LINK,True,complete monthly PIT top-100 asset-month,2020-03-31,2020-03-31,1,1,1,2020-03-31
S4,LINK,True,complete monthly PIT top-100 asset-month,2020-04-30,2020-04-30,1,1,1,2020-04-30
S4,LINK,True,complete monthly PIT top-100 asset-month,2020-05-31,2020-05-31,1,1,1,2020-05-31
S4,LINK,True,complete monthly PIT top-100 asset-month,2020-06-30,2020-06-30,1,1,1,2020-06-30
S4,LINK,True,complete monthly PIT top-100 asset-month,2020-07-31,2020-07-31,1,1,1,2020-07-31
S4,LINK,True,complete monthly PIT top-100 asset-month,2020-08-31,2020-08-31,1,1,1,2020-08-31
S4,LINK,True,complete monthly PIT top-100 asset-month,2020-09-30,2020-09-30,1,1,1,2020-09-30
S4,LINK,True,complete monthly PIT top-100 asset-month,2020-10-31,2020-10-31,1,1,1,2020-10-31
S4,LINK,True,complete monthly PIT top-100 asset-month,2020-11-30,2020-11-30,1,1,1,2020-11-30
S4,LINK,True,complete monthly PIT top-100 asset-month,2020-12-31,2020-12-31,1,1,1,2020-12-31
S4,LINK,True,complete monthly PIT top-100 asset-month,2021-01-31,2021-01-31,1,1,1,2021-01-31
S4,LINK,True,complete monthly PIT top-100 asset-month,2021-02-28,2021-02-28,1,1,1,2021-02-28
S4,LINK,True,complete monthly PIT top-100 asset-month,2021-03-31,2021-03-31,1,1,1,2021-03-31
S4,LINK,True,complete monthly PIT top-100 asset-month,2021-04-30,2021-04-30,1,1,1,2021-04-30
S4,LINK,True,complete monthly PIT top-100 asset-month,2021-05-31,2021-05-31,1,1,1,2021-05-31
S4,LINK,True,complete monthly PIT top-100 asset-month,2021-06-30,2021-06-30,1,1,1,2021-06-30
S4,LINK,True,complete monthly PIT top-100 asset-month,2021-07-31,2021-07-31,1,1,1,2021-07-31
S4,LINK,True,complete monthly PIT top-100 asset-month,2021-08-31,2021-08-31,1,1,1,2021-08-31
S4,LINK,True,complete monthly PIT top-100 asset-month,2021-09-30,2021-09-30,1,1,1,2021-09-30
S4,LINK,True,complete monthly PIT top-100 asset-month,2021-10-31,2021-10-31,1,1,1,2021-10-31
S4,LINK,True,complete monthly PIT top-100 asset-month,2021-11-30,2021-11-30,1,1,1,2021-11-30
S4,LINK,True,complete monthly PIT top-100 asset-month,2021-12-31,2021-12-31,1,1,1,2021-12-31
S4,LINK,True,complete monthly PIT top-100 asset-month,2022-01-31,2022-01-31,1,1,1,2022-01-31
S4,LINK,True,complete monthly PIT top-100 asset-month,2022-02-28,2022-02-28,1,1,1,2022-02-28
S4,LINK,True,complete monthly PIT top-100 asset-month,2022-03-31,2022-03-31,1,1,1,2022-03-31
S4,LINK,True,complete monthly PIT top-100 asset-month,2022-04-30,2022-04-30,1,1,1,2022-04-30
S4,LINK,True,complete monthly PIT top-100 asset-month,2022-05-31,2022-05-31,1,1,1,2022-05-31
S4,LINK,True,complete monthly PIT top-100 asset-month,2022-06-30,2022-06-30,1,1,1,2022-06-30
S4,LINK,True,complete monthly PIT top-100 asset-month,2022-07-31,2022-07-31,1,1,1,2022-07-31
S4,LINK,True,complete monthly PIT top-100 asset-month,2022-08-31,2022-08-31,1,1,1,2022-08-31
S4,LINK,True,complete monthly PIT top-100 asset-month,2022-09-30,2022-09-30,1,1,1,2022-09-30
S4,LINK,True,complete monthly PIT top-100 asset-month,2022-10-31,2022-10-31,1,1,1,2022-10-31
S4,LINK,True,complete monthly PIT top-100 asset-month,2022-11-30,2022-11-30,1,1,1,2022-11-30
S4,LINK,True,complete monthly PIT top-100 asset-month,2022-12-31,2022-12-31,1,1,1,2022-12-31
S4,LINK,True,complete monthly PIT top-100 asset-month,2023-01-31,2023-01-31,1,1,1,2023-01-31
S4,LINK,True,complete monthly PIT top-100 asset-month,2023-02-28,2023-02-28,1,1,1,2023-02-28
S4,LINK,True,complete monthly PIT top-100 asset-month,2023-03-31,2023-03-31,1,1,1,2023-03-31
S4,LINK,True,complete monthly PIT top-100 asset-month,2023-04-30,2023-04-30,1,1,1,2023-04-30
S4,LINK,True,complete monthly PIT top-100 asset-month,2023-05-31,2023-05-31,1,1,1,2023-05-31
S4,LINK,True,complete monthly PIT top-100 asset-month,2023-06-30,2023-06-30,1,1,1,2023-06-30
S4,LINK,True,complete monthly PIT top-100 asset-month,2023-07-31,2023-07-31,1,1,1,2023-07-31
S4,LINK,True,complete monthly PIT top-100 asset-month,2023-08-31,2023-08-31,1,1,1,2023-08-31
S4,LINK,True,complete monthly PIT top-100 asset-month,2023-09-30,2023-09-30,1,1,1,2023-09-30
S4,LINK,True,complete monthly PIT top-100 asset-month,2023-10-31,2023-10-31,1,1,1,2023-10-31
S4,LINK,True,complete monthly PIT top-100 asset-month,2023-11-30,2023-11-30,1,1,1,2023-11-30
S4,LINK,True,complete monthly PIT top-100 asset-month,2023-12-31,2023-12-31,1,1,1,2023-12-31
S4,LINK,True,complete monthly PIT top-100 asset-month,2024-01-31,2024-01-31,1,1,1,2024-01-31
S4,LINK,True,complete monthly PIT top-100 asset-month,2024-02-29,2024-02-29,1,1,1,2024-02-29
S4,LINK,True,complete monthly PIT top-100 asset-month,2024-03-31,2024-03-31,1,1,1,2024-03-31
S4,LINK,True,complete monthly PIT top-100 asset-month,2024-04-30,2024-04-30,1,1,1,2024-04-30
S4,LINK,True,complete monthly PIT top-100 asset-month,2024-05-31,2024-05-31,1,1,1,2024-05-31
S4,LINK,True,complete monthly PIT top-100 asset-month,2024-06-30,2024-06-30,1,1,1,2024-06-30
S4,LINK,True,complete monthly PIT top-100 asset-month,2024-07-31,2024-07-31,1,1,1,2024-07-31
S4,LINK,True,complete monthly PIT top-100 asset-month,2024-08-31,2024-08-31,1,1,1,2024-08-31
S4,LINK,True,complete monthly PIT top-100 asset-month,2024-09-30,2024-09-30,1,1,1,2024-09-30
S4,LINK,True,complete monthly PIT top-100 asset-month,2024-10-31,2024-10-31,1,1,1,2024-10-31
S4,LINK,True,complete monthly PIT top-100 asset-month,2024-11-30,2024-11-30,1,1,1,2024-11-30
S4,LINK,True,complete monthly PIT top-100 asset-month,2024-12-31,2024-12-31,1,1,1,2024-12-31
S4,LINK,True,complete monthly PIT top-100 asset-month,2025-01-31,2025-01-31,1,1,1,2025-01-31
S4,LINK,True,complete monthly PIT top-100 asset-month,2025-02-28,2025-02-28,1,1,1,2025-02-28
S4,LINK,True,complete monthly PIT top-100 asset-month,2025-03-31,2025-03-31,1,1,1,2025-03-31
S4,LINK,True,complete monthly PIT top-100 asset-month,2025-04-30,2025-04-30,1,1,1,2025-04-30
S4,LINK,True,complete monthly PIT top-100 asset-month,2025-05-31,2025-05-31,1,1,1,2025-05-31
S4,LINK,True,complete monthly PIT top-100 asset-month,2025-06-30,2025-06-30,1,1,1,2025-06-30
S4,LINK,True,complete monthly PIT top-100 asset-month,2025-07-31,2025-07-31,1,1,1,2025-07-31
S4,LINK,True,complete monthly PIT top-100 asset-month,2025-08-31,2025-08-31,1,1,1,2025-08-31
S4,LINK,True,complete monthly PIT top-100 asset-month,2025-09-30,2025-09-30,1,1,1,2025-09-30
S4,LINK,True,complete monthly PIT top-100 asset-month,2025-10-31,2025-10-31,1,1,1,2025-10-31
S4,LINK,True,complete monthly PIT top-100 asset-month,2025-11-30,2025-11-30,1,1,1,2025-11-30
S4,LINK,True,complete monthly PIT top-100 asset-month,2025-12-31,2025-12-31,1,1,1,2025-12-31
S4,LINK,True,complete monthly PIT top-100 asset-month,2026-01-31,2026-01-31,1,1,1,2026-01-31
S4,LINK,True,complete monthly PIT top-100 asset-month,2026-02-28,2026-02-28,1,1,1,2026-02-28
S4,LINK,True,complete monthly PIT top-100 asset-month,2026-03-31,2026-03-31,1,1,1,2026-03-31
S4,LINK,True,complete monthly PIT top-100 asset-month,2026-04-30,2026-04-30,1,1,1,2026-04-30
S4,LINK,True,complete monthly PIT top-100 asset-month,2026-05-31,2026-05-31,1,1,1,2026-05-31
S4,LRC,True,complete monthly PIT top-100 asset-month,2020-01-31,2020-01-31,1,1,1,2020-01-31
S4,LRC,True,complete monthly PIT top-100 asset-month,2020-02-29,2020-02-29,1,1,1,2020-02-29
S4,LRC,True,complete monthly PIT top-100 asset-month,2020-03-31,2020-03-31,1,1,1,2020-03-31
S4,LRC,True,complete monthly PIT top-100 asset-month,2020-04-30,2020-04-30,1,1,1,2020-04-30
S4,LRC,True,complete monthly PIT top-100 asset-month,2020-05-31,2020-05-31,1,1,1,2020-05-31
S4,LRC,True,complete monthly PIT top-100 asset-month,2020-06-30,2020-06-30,1,1,1,2020-06-30
S4,LRC,True,complete monthly PIT top-100 asset-month,2020-07-31,2020-07-31,1,1,1,2020-07-31
S4,LRC,True,complete monthly PIT top-100 asset-month,2020-08-31,2020-08-31,1,1,1,2020-08-31
S4,LRC,True,complete monthly PIT top-100 asset-month,2020-09-30,2020-09-30,1,1,1,2020-09-30
S4,LRC,True,complete monthly PIT top-100 asset-month,2020-10-31,2020-10-31,1,1,1,2020-10-31
S4,LRC,True,complete monthly PIT top-100 asset-month,2020-11-30,2020-11-30,1,1,1,2020-11-30
S4,LRC,True,complete monthly PIT top-100 asset-month,2020-12-31,2020-12-31,1,1,1,2020-12-31
S4,LRC,True,complete monthly PIT top-100 asset-month,2021-01-31,2021-01-31,1,1,1,2021-01-31
S4,LRC,True,complete monthly PIT top-100 asset-month,2021-02-28,2021-02-28,1,1,1,2021-02-28
S4,LRC,True,complete monthly PIT top-100 asset-month,2021-11-30,2021-11-30,1,1,1,2021-11-30
S4,LRC,True,complete monthly PIT top-100 asset-month,2021-12-31,2021-12-31,1,1,1,2021-12-31
S4,LRC,True,complete monthly PIT top-100 asset-month,2022-01-31,2022-01-31,1,1,1,2022-01-31
S4,LRC,True,complete monthly PIT top-100 asset-month,2022-02-28,2022-02-28,1,1,1,2022-02-28
S4,LRC,True,complete monthly PIT top-100 asset-month,2022-03-31,2022-03-31,1,1,1,2022-03-31
S4,LRC,True,complete monthly PIT top-100 asset-month,2022-04-30,2022-04-30,1,1,1,2022-04-30
S4,LRC,True,complete monthly PIT top-100 asset-month,2022-05-31,2022-05-31,1,1,1,2022-05-31
S4,LRC,True,complete monthly PIT top-100 asset-month,2022-06-30,2022-06-30,1,1,1,2022-06-30
S4,LRC,True,complete monthly PIT top-100 asset-month,2022-07-31,2022-07-31,1,1,1,2022-07-31
S4,LRC,True,complete monthly PIT top-100 asset-month,2022-08-31,2022-08-31,1,1,1,2022-08-31
S4,LRC,True,complete monthly PIT top-100 asset-month,2023-03-31,2023-03-31,1,1,1,2023-03-31
S4,LSETH,True,complete monthly PIT top-100 asset-month,2025-07-31,2025-07-31,1,1,1,2025-07-31
S4,LSETH,True,complete monthly PIT top-100 asset-month,2025-08-31,2025-08-31,1,1,1,2025-08-31
S4,LSETH,True,complete monthly PIT top-100 asset-month,2025-09-30,2025-09-30,1,1,1,2025-09-30
S4,LSETH,True,complete monthly PIT top-100 asset-month,2025-10-31,2025-10-31,1,1,1,2025-10-31
S4,LSETH,True,complete monthly PIT top-100 asset-month,2025-11-30,2025-11-30,1,1,1,2025-11-30
S4,LSK,True,complete monthly PIT top-100 asset-month,2020-01-31,2020-01-31,1,1,1,2020-01-31
S4,LSK,True,complete monthly PIT top-100 asset-month,2020-02-29,2020-02-29,1,1,1,2020-02-29
S4,LSK,True,complete monthly PIT top-100 asset-month,2020-03-31,2020-03-31,1,1,1,2020-03-31
S4,LSK,True,complete monthly PIT top-100 asset-month,2020-04-30,2020-04-30,1,1,1,2020-04-30
S4,LSK,True,complete monthly PIT top-100 asset-month,2020-05-31,2020-05-31,1,1,1,2020-05-31
S4,LSK,True,complete monthly PIT top-100 asset-month,2020-06-30,2020-06-30,1,1,1,2020-06-30
S4,LSK,True,complete monthly PIT top-100 asset-month,2020-07-31,2020-07-31,1,1,1,2020-07-31
S4,LSK,True,complete monthly PIT top-100 asset-month,2020-08-31,2020-08-31,1,1,1,2020-08-31
S4,LSK,True,complete monthly PIT top-100 asset-month,2020-09-30,2020-09-30,1,1,1,2020-09-30
S4,LSK,True,complete monthly PIT top-100 asset-month,2020-10-31,2020-10-31,1,1,1,2020-10-31
S4,LSK,True,complete monthly PIT top-100 asset-month,2020-11-30,2020-11-30,1,1,1,2020-11-30
S4,LSK,True,complete monthly PIT top-100 asset-month,2020-12-31,2020-12-31,1,1,1,2020-12-31
S4,LSK,True,complete monthly PIT top-100 asset-month,2021-02-28,2021-02-28,1,1,1,2021-02-28
S4,LSK,True,complete monthly PIT top-100 asset-month,2021-03-31,2021-03-31,1,1,1,2021-03-31
S4,LTC,True,complete monthly PIT top-100 asset-month,2020-01-31,2020-01-31,1,1,1,2020-01-31
S4,LTC,True,complete monthly PIT top-100 asset-month,2020-02-29,2020-02-29,1,1,1,2020-02-29
S4,LTC,True,complete monthly PIT top-100 asset-month,2020-03-31,2020-03-31,1,1,1,2020-03-31
S4,LTC,True,complete monthly PIT top-100 asset-month,2020-04-30,2020-04-30,1,1,1,2020-04-30
S4,LTC,True,complete monthly PIT top-100 asset-month,2020-05-31,2020-05-31,1,1,1,2020-05-31
S4,LTC,True,complete monthly PIT top-100 asset-month,2020-06-30,2020-06-30,1,1,1,2020-06-30
S4,LTC,True,complete monthly PIT top-100 asset-month,2020-07-31,2020-07-31,1,1,1,2020-07-31
S4,LTC,True,complete monthly PIT top-100 asset-month,2020-08-31,2020-08-31,1,1,1,2020-08-31
S4,LTC,True,complete monthly PIT top-100 asset-month,2020-09-30,2020-09-30,1,1,1,2020-09-30
S4,LTC,True,complete monthly PIT top-100 asset-month,2020-10-31,2020-10-31,1,1,1,2020-10-31
S4,LTC,True,complete monthly PIT top-100 asset-month,2020-11-30,2020-11-30,1,1,1,2020-11-30
S4,LTC,True,complete monthly PIT top-100 asset-month,2020-12-31,2020-12-31,1,1,1,2020-12-31
S4,LTC,True,complete monthly PIT top-100 asset-month,2021-01-31,2021-01-31,1,1,1,2021-01-31
S4,LTC,True,complete monthly PIT top-100 asset-month,2021-02-28,2021-02-28,1,1,1,2021-02-28
S4,LTC,True,complete monthly PIT top-100 asset-month,2021-03-31,2021-03-31,1,1,1,2021-03-31
S4,LTC,True,complete monthly PIT top-100 asset-month,2021-04-30,2021-04-30,1,1,1,2021-04-30
S4,LTC,True,complete monthly PIT top-100 asset-month,2021-05-31,2021-05-31,1,1,1,2021-05-31
S4,LTC,True,complete monthly PIT top-100 asset-month,2021-06-30,2021-06-30,1,1,1,2021-06-30
S4,LTC,True,complete monthly PIT top-100 asset-month,2021-07-31,2021-07-31,1,1,1,2021-07-31
S4,LTC,True,complete monthly PIT top-100 asset-month,2021-08-31,2021-08-31,1,1,1,2021-08-31
S4,LTC,True,complete monthly PIT top-100 asset-month,2021-09-30,2021-09-30,1,1,1,2021-09-30
S4,LTC,True,complete monthly PIT top-100 asset-month,2021-10-31,2021-10-31,1,1,1,2021-10-31
S4,LTC,True,complete monthly PIT top-100 asset-month,2021-11-30,2021-11-30,1,1,1,2021-11-30
S4,LTC,True,complete monthly PIT top-100 asset-month,2021-12-31,2021-12-31,1,1,1,2021-12-31
S4,LTC,True,complete monthly PIT top-100 asset-month,2022-01-31,2022-01-31,1,1,1,2022-01-31
S4,LTC,True,complete monthly PIT top-100 asset-month,2022-02-28,2022-02-28,1,1,1,2022-02-28
S4,LTC,True,complete monthly PIT top-100 asset-month,2022-03-31,2022-03-31,1,1,1,2022-03-31
S4,LTC,True,complete monthly PIT top-100 asset-month,2022-04-30,2022-04-30,1,1,1,2022-04-30
S4,LTC,True,complete monthly PIT top-100 asset-month,2022-05-31,2022-05-31,1,1,1,2022-05-31
S4,LTC,True,complete monthly PIT top-100 asset-month,2022-06-30,2022-06-30,1,1,1,2022-06-30
S4,LTC,True,complete monthly PIT top-100 asset-month,2022-07-31,2022-07-31,1,1,1,2022-07-31
S4,LTC,True,complete monthly PIT top-100 asset-month,2022-08-31,2022-08-31,1,1,1,2022-08-31
S4,LTC,True,complete monthly PIT top-100 asset-month,2022-09-30,2022-09-30,1,1,1,2022-09-30
S4,LTC,True,complete monthly PIT top-100 asset-month,2022-10-31,2022-10-31,1,1,1,2022-10-31
S4,LTC,True,complete monthly PIT top-100 asset-month,2022-11-30,2022-11-30,1,1,1,2022-11-30
S4,LTC,True,complete monthly PIT top-100 asset-month,2022-12-31,2022-12-31,1,1,1,2022-12-31
S4,LTC,True,complete monthly PIT top-100 asset-month,2023-01-31,2023-01-31,1,1,1,2023-01-31
S4,LTC,True,complete monthly PIT top-100 asset-month,2023-02-28,2023-02-28,1,1,1,2023-02-28
S4,LTC,True,complete monthly PIT top-100 asset-month,2023-03-31,2023-03-31,1,1,1,2023-03-31
S4,LTC,True,complete monthly PIT top-100 asset-month,2023-04-30,2023-04-30,1,1,1,2023-04-30
S4,LTC,True,complete monthly PIT top-100 asset-month,2023-05-31,2023-05-31,1,1,1,2023-05-31
S4,LTC,True,complete monthly PIT top-100 asset-month,2023-06-30,2023-06-30,1,1,1,2023-06-30
S4,LTC,True,complete monthly PIT top-100 asset-month,2023-07-31,2023-07-31,1,1,1,2023-07-31
S4,LTC,True,complete monthly PIT top-100 asset-month,2023-08-31,2023-08-31,1,1,1,2023-08-31
S4,LTC,True,complete monthly PIT top-100 asset-month,2023-09-30,2023-09-30,1,1,1,2023-09-30
S4,LTC,True,complete monthly PIT top-100 asset-month,2023-10-31,2023-10-31,1,1,1,2023-10-31
S4,LTC,True,complete monthly PIT top-100 asset-month,2023-11-30,2023-11-30,1,1,1,2023-11-30
S4,LTC,True,complete monthly PIT top-100 asset-month,2023-12-31,2023-12-31,1,1,1,2023-12-31
S4,LTC,True,complete monthly PIT top-100 asset-month,2024-01-31,2024-01-31,1,1,1,2024-01-31
S4,LTC,True,complete monthly PIT top-100 asset-month,2024-02-29,2024-02-29,1,1,1,2024-02-29
S4,LTC,True,complete monthly PIT top-100 asset-month,2024-03-31,2024-03-31,1,1,1,2024-03-31
S4,LTC,True,complete monthly PIT top-100 asset-month,2024-04-30,2024-04-30,1,1,1,2024-04-30
S4,LTC,True,complete monthly PIT top-100 asset-month,2024-05-31,2024-05-31,1,1,1,2024-05-31
S4,LTC,True,complete monthly PIT top-100 asset-month,2024-06-30,2024-06-30,1,1,1,2024-06-30
S4,LTC,True,complete monthly PIT top-100 asset-month,2024-07-31,2024-07-31,1,1,1,2024-07-31
S4,LTC,True,complete monthly PIT top-100 asset-month,2024-08-31,2024-08-31,1,1,1,2024-08-31
S4,LTC,True,complete monthly PIT top-100 asset-month,2024-09-30,2024-09-30,1,1,1,2024-09-30
S4,LTC,True,complete monthly PIT top-100 asset-month,2024-10-31,2024-10-31,1,1,1,2024-10-31
S4,LTC,True,complete monthly PIT top-100 asset-month,2024-11-30,2024-11-30,1,1,1,2024-11-30
S4,LTC,True,complete monthly PIT top-100 asset-month,2024-12-31,2024-12-31,1,1,1,2024-12-31
S4,LTC,True,complete monthly PIT top-100 asset-month,2025-01-31,2025-01-31,1,1,1,2025-01-31
S4,LTC,True,complete monthly PIT top-100 asset-month,2025-02-28,2025-02-28,1,1,1,2025-02-28
S4,LTC,True,complete monthly PIT top-100 asset-month,2025-03-31,2025-03-31,1,1,1,2025-03-31
S4,LTC,True,complete monthly PIT top-100 asset-month,2025-04-30,2025-04-30,1,1,1,2025-04-30
S4,LTC,True,complete monthly PIT top-100 asset-month,2025-05-31,2025-05-31,1,1,1,2025-05-31
S4,LTC,True,complete monthly PIT top-100 asset-month,2025-06-30,2025-06-30,1,1,1,2025-06-30
S4,LTC,True,complete monthly PIT top-100 asset-month,2025-07-31,2025-07-31,1,1,1,2025-07-31
S4,LTC,True,complete monthly PIT top-100 asset-month,2025-08-31,2025-08-31,1,1,1,2025-08-31
S4,LTC,True,complete monthly PIT top-100 asset-month,2025-09-30,2025-09-30,1,1,1,2025-09-30
S4,LTC,True,complete monthly PIT top-100 asset-month,2025-10-31,2025-10-31,1,1,1,2025-10-31
S4,LTC,True,complete monthly PIT top-100 asset-month,2025-11-30,2025-11-30,1,1,1,2025-11-30
S4,LTC,True,complete monthly PIT top-100 asset-month,2025-12-31,2025-12-31,1,1,1,2025-12-31
S4,LTC,True,complete monthly PIT top-100 asset-month,2026-01-31,2026-01-31,1,1,1,2026-01-31
S4,LTC,True,complete monthly PIT top-100 asset-month,2026-02-28,2026-02-28,1,1,1,2026-02-28
S4,LTC,True,complete monthly PIT top-100 asset-month,2026-03-31,2026-03-31,1,1,1,2026-03-31
S4,LTC,True,complete monthly PIT top-100 asset-month,2026-04-30,2026-04-30,1,1,1,2026-04-30
S4,LTC,True,complete monthly PIT top-100 asset-month,2026-05-31,2026-05-31,1,1,1,2026-05-31
S4,LUNA,True,complete monthly PIT top-100 asset-month,2022-09-30,2022-09-30,1,1,1,2022-09-30
S4,LUNC,True,complete monthly PIT top-100 asset-month,2020-01-31,2020-01-31,1,1,1,2020-01-31
S4,LUNC,True,complete monthly PIT top-100 asset-month,2020-02-29,2020-02-29,1,1,1,2020-02-29
S4,LUNC,True,complete monthly PIT top-100 asset-month,2020-03-31,2020-03-31,1,1,1,2020-03-31
S4,LUNC,True,complete monthly PIT top-100 asset-month,2020-04-30,2020-04-30,1,1,1,2020-04-30
S4,LUNC,True,complete monthly PIT top-100 asset-month,2020-06-30,2020-06-30,1,1,1,2020-06-30
S4,LUNC,True,complete monthly PIT top-100 asset-month,2020-07-31,2020-07-31,1,1,1,2020-07-31
S4,LUNC,True,complete monthly PIT top-100 asset-month,2020-08-31,2020-08-31,1,1,1,2020-08-31
S4,LUNC,True,complete monthly PIT top-100 asset-month,2020-09-30,2020-09-30,1,1,1,2020-09-30
S4,LUNC,True,complete monthly PIT top-100 asset-month,2020-10-31,2020-10-31,1,1,1,2020-10-31
S4,LUNC,True,complete monthly PIT top-100 asset-month,2020-11-30,2020-11-30,1,1,1,2020-11-30
S4,LUNC,True,complete monthly PIT top-100 asset-month,2020-12-31,2020-12-31,1,1,1,2020-12-31
S4,LUNC,True,complete monthly PIT top-100 asset-month,2021-01-31,2021-01-31,1,1,1,2021-01-31
S4,LUNC,True,complete monthly PIT top-100 asset-month,2021-02-28,2021-02-28,1,1,1,2021-02-28
S4,LUNC,True,complete monthly PIT top-100 asset-month,2021-03-31,2021-03-31,1,1,1,2021-03-31
S4,LUNC,True,complete monthly PIT top-100 asset-month,2021-04-30,2021-04-30,1,1,1,2021-04-30
S4,LUNC,True,complete monthly PIT top-100 asset-month,2021-05-31,2021-05-31,1,1,1,2021-05-31
S4,LUNC,True,complete monthly PIT top-100 asset-month,2021-06-30,2021-06-30,1,1,1,2021-06-30
S4,LUNC,True,complete monthly PIT top-100 asset-month,2021-07-31,2021-07-31,1,1,1,2021-07-31
S4,LUNC,True,complete monthly PIT top-100 asset-month,2021-08-31,2021-08-31,1,1,1,2021-08-31
S4,LUNC,True,complete monthly PIT top-100 asset-month,2021-09-30,2021-09-30,1,1,1,2021-09-30
S4,LUNC,True,complete monthly PIT top-100 asset-month,2021-10-31,2021-10-31,1,1,1,2021-10-31
S4,LUNC,True,complete monthly PIT top-100 asset-month,2021-11-30,2021-11-30,1,1,1,2021-11-30
S4,LUNC,True,complete monthly PIT top-100 asset-month,2021-12-31,2021-12-31,1,1,1,2021-12-31
S4,LUNC,True,complete monthly PIT top-100 asset-month,2022-01-31,2022-01-31,1,1,1,2022-01-31
S4,LUNC,True,complete monthly PIT top-100 asset-month,2022-02-28,2022-02-28,1,1,1,2022-02-28
S4,LUNC,True,complete monthly PIT top-100 asset-month,2022-03-31,2022-03-31,1,1,1,2022-03-31
S4,LUNC,True,complete monthly PIT top-100 asset-month,2022-04-30,2022-04-30,1,1,1,2022-04-30
S4,LUNC,True,complete monthly PIT top-100 asset-month,2022-05-31,2022-05-31,1,1,1,2022-05-31
S4,LUNC,True,complete monthly PIT top-100 asset-month,2022-09-30,2022-09-30,1,1,1,2022-09-30
S4,LUNC,True,complete monthly PIT top-100 asset-month,2022-10-31,2022-10-31,1,1,1,2022-10-31
S4,LUNC,True,complete monthly PIT top-100 asset-month,2022-11-30,2022-11-30,1,1,1,2022-11-30
S4,LUNC,True,complete monthly PIT top-100 asset-month,2022-12-31,2022-12-31,1,1,1,2022-12-31
S4,LUNC,True,complete monthly PIT top-100 asset-month,2023-01-31,2023-01-31,1,1,1,2023-01-31
S4,LUNC,True,complete monthly PIT top-100 asset-month,2023-02-28,2023-02-28,1,1,1,2023-02-28
S4,LUNC,True,complete monthly PIT top-100 asset-month,2023-03-31,2023-03-31,1,1,1,2023-03-31
S4,LUNC,True,complete monthly PIT top-100 asset-month,2023-04-30,2023-04-30,1,1,1,2023-04-30
S4,LUNC,True,complete monthly PIT top-100 asset-month,2023-05-31,2023-05-31,1,1,1,2023-05-31
S4,LUNC,True,complete monthly PIT top-100 asset-month,2023-06-30,2023-06-30,1,1,1,2023-06-30
S4,LUNC,True,complete monthly PIT top-100 asset-month,2023-07-31,2023-07-31,1,1,1,2023-07-31
S4,LUNC,True,complete monthly PIT top-100 asset-month,2023-08-31,2023-08-31,1,1,1,2023-08-31
S4,LUNC,True,complete monthly PIT top-100 asset-month,2023-09-30,2023-09-30,1,1,1,2023-09-30
S4,LUNC,True,complete monthly PIT top-100 asset-month,2023-11-30,2023-11-30,1,1,1,2023-11-30
S4,LUNC,True,complete monthly PIT top-100 asset-month,2023-12-31,2023-12-31,1,1,1,2023-12-31
S4,LUSD,True,complete monthly PIT top-100 asset-month,2021-04-30,2021-04-30,1,1,1,2021-04-30
S4,LUSD,True,complete monthly PIT top-100 asset-month,2021-05-31,2021-05-31,1,1,1,2021-05-31
S4,LUSD,True,complete monthly PIT top-100 asset-month,2021-06-30,2021-06-30,1,1,1,2021-06-30
S4,M,True,complete monthly PIT top-100 asset-month,2025-09-30,2025-09-30,1,1,1,2025-09-30
S4,M,True,complete monthly PIT top-100 asset-month,2025-10-31,2025-10-31,1,1,1,2025-10-31
S4,M,True,complete monthly PIT top-100 asset-month,2025-11-30,2025-11-30,1,1,1,2025-11-30
S4,M,True,complete monthly PIT top-100 asset-month,2025-12-31,2025-12-31,1,1,1,2025-12-31
S4,M,True,complete monthly PIT top-100 asset-month,2026-01-31,2026-01-31,1,1,1,2026-01-31
S4,M,True,complete monthly PIT top-100 asset-month,2026-02-28,2026-02-28,1,1,1,2026-02-28
S4,M,True,complete monthly PIT top-100 asset-month,2026-03-31,2026-03-31,1,1,1,2026-03-31
S4,M,True,complete monthly PIT top-100 asset-month,2026-04-30,2026-04-30,1,1,1,2026-04-30
S4,M,True,complete monthly PIT top-100 asset-month,2026-05-31,2026-05-31,1,1,1,2026-05-31
S4,MANA,True,complete monthly PIT top-100 asset-month,2020-01-31,2020-01-31,1,1,1,2020-01-31
S4,MANA,True,complete monthly PIT top-100 asset-month,2020-02-29,2020-02-29,1,1,1,2020-02-29
S4,MANA,True,complete monthly PIT top-100 asset-month,2020-03-31,2020-03-31,1,1,1,2020-03-31
S4,MANA,True,complete monthly PIT top-100 asset-month,2020-04-30,2020-04-30,1,1,1,2020-04-30
S4,MANA,True,complete monthly PIT top-100 asset-month,2020-05-31,2020-05-31,1,1,1,2020-05-31
S4,MANA,True,complete monthly PIT top-100 asset-month,2020-06-30,2020-06-30,1,1,1,2020-06-30
S4,MANA,True,complete monthly PIT top-100 asset-month,2020-08-31,2020-08-31,1,1,1,2020-08-31
S4,MANA,True,complete monthly PIT top-100 asset-month,2020-09-30,2020-09-30,1,1,1,2020-09-30
S4,MANA,True,complete monthly PIT top-100 asset-month,2020-10-31,2020-10-31,1,1,1,2020-10-31
S4,MANA,True,complete monthly PIT top-100 asset-month,2020-11-30,2020-11-30,1,1,1,2020-11-30
S4,MANA,True,complete monthly PIT top-100 asset-month,2021-03-31,2021-03-31,1,1,1,2021-03-31
S4,MANA,True,complete monthly PIT top-100 asset-month,2021-04-30,2021-04-30,1,1,1,2021-04-30
S4,MANA,True,complete monthly PIT top-100 asset-month,2021-05-31,2021-05-31,1,1,1,2021-05-31
S4,MANA,True,complete monthly PIT top-100 asset-month,2021-06-30,2021-06-30,1,1,1,2021-06-30
S4,MANA,True,complete monthly PIT top-100 asset-month,2021-07-31,2021-07-31,1,1,1,2021-07-31
S4,MANA,True,complete monthly PIT top-100 asset-month,2021-08-31,2021-08-31,1,1,1,2021-08-31
S4,MANA,True,complete monthly PIT top-100 asset-month,2021-10-31,2021-10-31,1,1,1,2021-10-31
S4,MANA,True,complete monthly PIT top-100 asset-month,2021-11-30,2021-11-30,1,1,1,2021-11-30
S4,MANA,True,complete monthly PIT top-100 asset-month,2021-12-31,2021-12-31,1,1,1,2021-12-31
S4,MANA,True,complete monthly PIT top-100 asset-month,2022-01-31,2022-01-31,1,1,1,2022-01-31
S4,MANA,True,complete monthly PIT top-100 asset-month,2022-02-28,2022-02-28,1,1,1,2022-02-28
S4,MANA,True,complete monthly PIT top-100 asset-month,2022-03-31,2022-03-31,1,1,1,2022-03-31
S4,MANA,True,complete monthly PIT top-100 asset-month,2022-04-30,2022-04-30,1,1,1,2022-04-30
S4,MANA,True,complete monthly PIT top-100 asset-month,2022-05-31,2022-05-31,1,1,1,2022-05-31
S4,MANA,True,complete monthly PIT top-100 asset-month,2022-06-30,2022-06-30,1,1,1,2022-06-30
S4,MANA,True,complete monthly PIT top-100 asset-month,2022-07-31,2022-07-31,1,1,1,2022-07-31
S4,MANA,True,complete monthly PIT top-100 asset-month,2022-08-31,2022-08-31,1,1,1,2022-08-31
S4,MANA,True,complete monthly PIT top-100 asset-month,2022-09-30,2022-09-30,1,1,1,2022-09-30
S4,MANA,True,complete monthly PIT top-100 asset-month,2022-10-31,2022-10-31,1,1,1,2022-10-31
S4,MANA,True,complete monthly PIT top-100 asset-month,2022-11-30,2022-11-30,1,1,1,2022-11-30
S4,MANA,True,complete monthly PIT top-100 asset-month,2022-12-31,2022-12-31,1,1,1,2022-12-31
S4,MANA,True,complete monthly PIT top-100 asset-month,2023-01-31,2023-01-31,1,1,1,2023-01-31
S4,MANA,True,complete monthly PIT top-100 asset-month,2023-02-28,2023-02-28,1,1,1,2023-02-28
S4,MANA,True,complete monthly PIT top-100 asset-month,2023-03-31,2023-03-31,1,1,1,2023-03-31
S4,MANA,True,complete monthly PIT top-100 asset-month,2023-04-30,2023-04-30,1,1,1,2023-04-30
S4,MANA,True,complete monthly PIT top-100 asset-month,2023-05-31,2023-05-31,1,1,1,2023-05-31
S4,MANA,True,complete monthly PIT top-100 asset-month,2023-06-30,2023-06-30,1,1,1,2023-06-30
S4,MANA,True,complete monthly PIT top-100 asset-month,2023-07-31,2023-07-31,1,1,1,2023-07-31
S4,MANA,True,complete monthly PIT top-100 asset-month,2023-08-31,2023-08-31,1,1,1,2023-08-31
S4,MANA,True,complete monthly PIT top-100 asset-month,2023-09-30,2023-09-30,1,1,1,2023-09-30
S4,MANA,True,complete monthly PIT top-100 asset-month,2023-10-31,2023-10-31,1,1,1,2023-10-31
S4,MANA,True,complete monthly PIT top-100 asset-month,2023-11-30,2023-11-30,1,1,1,2023-11-30
S4,MANA,True,complete monthly PIT top-100 asset-month,2023-12-31,2023-12-31,1,1,1,2023-12-31
S4,MANA,True,complete monthly PIT top-100 asset-month,2024-01-31,2024-01-31,1,1,1,2024-01-31
S4,MANA,True,complete monthly PIT top-100 asset-month,2024-02-29,2024-02-29,1,1,1,2024-02-29
S4,MANA,True,complete monthly PIT top-100 asset-month,2024-03-31,2024-03-31,1,1,1,2024-03-31
S4,MANTA,True,complete monthly PIT top-100 asset-month,2024-01-31,2024-01-31,1,1,1,2024-01-31
S4,MASK,True,complete monthly PIT top-100 asset-month,2021-03-31,2021-03-31,1,1,1,2021-03-31
S4,MASK,True,complete monthly PIT top-100 asset-month,2023-03-31,2023-03-31,1,1,1,2023-03-31
S4,MATIC,True,complete monthly PIT top-100 asset-month,2020-01-31,2020-01-31,1,1,1,2020-01-31
S4,MATIC,True,complete monthly PIT top-100 asset-month,2020-02-29,2020-02-29,1,1,1,2020-02-29
S4,MATIC,True,complete monthly PIT top-100 asset-month,2020-03-31,2020-03-31,1,1,1,2020-03-31
S4,MATIC,True,complete monthly PIT top-100 asset-month,2020-04-30,2020-04-30,1,1,1,2020-04-30
S4,MATIC,True,complete monthly PIT top-100 asset-month,2020-05-31,2020-05-31,1,1,1,2020-05-31
S4,MATIC,True,complete monthly PIT top-100 asset-month,2020-06-30,2020-06-30,1,1,1,2020-06-30
S4,MATIC,True,complete monthly PIT top-100 asset-month,2020-07-31,2020-07-31,1,1,1,2020-07-31
S4,MATIC,True,complete monthly PIT top-100 asset-month,2021-02-28,2021-02-28,1,1,1,2021-02-28
S4,MATIC,True,complete monthly PIT top-100 asset-month,2021-03-31,2021-03-31,1,1,1,2021-03-31
S4,MATIC,True,complete monthly PIT top-100 asset-month,2021-04-30,2021-04-30,1,1,1,2021-04-30
S4,MATIC,True,complete monthly PIT top-100 asset-month,2021-05-31,2021-05-31,1,1,1,2021-05-31
S4,MATIC,True,complete monthly PIT top-100 asset-month,2021-06-30,2021-06-30,1,1,1,2021-06-30
S4,MATIC,True,complete monthly PIT top-100 asset-month,2021-07-31,2021-07-31,1,1,1,2021-07-31
S4,MATIC,True,complete monthly PIT top-100 asset-month,2021-08-31,2021-08-31,1,1,1,2021-08-31
S4,MATIC,True,complete monthly PIT top-100 asset-month,2021-09-30,2021-09-30,1,1,1,2021-09-30
S4,MATIC,True,complete monthly PIT top-100 asset-month,2021-10-31,2021-10-31,1,1,1,2021-10-31
S4,MATIC,True,complete monthly PIT top-100 asset-month,2021-11-30,2021-11-30,1,1,1,2021-11-30
S4,MATIC,True,complete monthly PIT top-100 asset-month,2021-12-31,2021-12-31,1,1,1,2021-12-31
S4,MATIC,True,complete monthly PIT top-100 asset-month,2022-01-31,2022-01-31,1,1,1,2022-01-31
S4,MATIC,True,complete monthly PIT top-100 asset-month,2022-02-28,2022-02-28,1,1,1,2022-02-28
S4,MATIC,True,complete monthly PIT top-100 asset-month,2022-03-31,2022-03-31,1,1,1,2022-03-31
S4,MATIC,True,complete monthly PIT top-100 asset-month,2022-04-30,2022-04-30,1,1,1,2022-04-30
S4,MATIC,True,complete monthly PIT top-100 asset-month,2022-05-31,2022-05-31,1,1,1,2022-05-31
S4,MATIC,True,complete monthly PIT top-100 asset-month,2022-06-30,2022-06-30,1,1,1,2022-06-30
S4,MATIC,True,complete monthly PIT top-100 asset-month,2022-07-31,2022-07-31,1,1,1,2022-07-31
S4,MATIC,True,complete monthly PIT top-100 asset-month,2022-08-31,2022-08-31,1,1,1,2022-08-31
S4,MATIC,True,complete monthly PIT top-100 asset-month,2022-09-30,2022-09-30,1,1,1,2022-09-30
S4,MATIC,True,complete monthly PIT top-100 asset-month,2022-10-31,2022-10-31,1,1,1,2022-10-31
S4,MATIC,True,complete monthly PIT top-100 asset-month,2022-11-30,2022-11-30,1,1,1,2022-11-30
S4,MATIC,True,complete monthly PIT top-100 asset-month,2022-12-31,2022-12-31,1,1,1,2022-12-31
S4,MATIC,True,complete monthly PIT top-100 asset-month,2023-01-31,2023-01-31,1,1,1,2023-01-31
S4,MATIC,True,complete monthly PIT top-100 asset-month,2023-02-28,2023-02-28,1,1,1,2023-02-28
S4,MATIC,True,complete monthly PIT top-100 asset-month,2023-03-31,2023-03-31,1,1,1,2023-03-31
S4,MATIC,True,complete monthly PIT top-100 asset-month,2023-04-30,2023-04-30,1,1,1,2023-04-30
S4,MATIC,True,complete monthly PIT top-100 asset-month,2023-05-31,2023-05-31,1,1,1,2023-05-31
S4,MATIC,True,complete monthly PIT top-100 asset-month,2023-06-30,2023-06-30,1,1,1,2023-06-30
S4,MATIC,True,complete monthly PIT top-100 asset-month,2023-07-31,2023-07-31,1,1,1,2023-07-31
S4,MATIC,True,complete monthly PIT top-100 asset-month,2023-08-31,2023-08-31,1,1,1,2023-08-31
S4,MATIC,True,complete monthly PIT top-100 asset-month,2023-09-30,2023-09-30,1,1,1,2023-09-30
S4,MATIC,True,complete monthly PIT top-100 asset-month,2023-10-31,2023-10-31,1,1,1,2023-10-31
S4,MATIC,True,complete monthly PIT top-100 asset-month,2023-11-30,2023-11-30,1,1,1,2023-11-30
S4,MATIC,True,complete monthly PIT top-100 asset-month,2023-12-31,2023-12-31,1,1,1,2023-12-31
S4,MATIC,True,complete monthly PIT top-100 asset-month,2024-01-31,2024-01-31,1,1,1,2024-01-31
S4,MATIC,True,complete monthly PIT top-100 asset-month,2024-02-29,2024-02-29,1,1,1,2024-02-29
S4,MATIC,True,complete monthly PIT top-100 asset-month,2024-03-31,2024-03-31,1,1,1,2024-03-31
S4,MATIC,True,complete monthly PIT top-100 asset-month,2024-04-30,2024-04-30,1,1,1,2024-04-30
S4,MATIC,True,complete monthly PIT top-100 asset-month,2024-05-31,2024-05-31,1,1,1,2024-05-31
S4,MATIC,True,complete monthly PIT top-100 asset-month,2024-06-30,2024-06-30,1,1,1,2024-06-30
S4,MATIC,True,complete monthly PIT top-100 asset-month,2024-07-31,2024-07-31,1,1,1,2024-07-31
S4,MATIC,True,complete monthly PIT top-100 asset-month,2024-08-31,2024-08-31,1,1,1,2024-08-31
S4,MATIC,True,complete monthly PIT top-100 asset-month,2024-09-30,2024-09-30,1,1,1,2024-09-30
S4,MATIC,True,complete monthly PIT top-100 asset-month,2024-10-31,2024-10-31,1,1,1,2024-10-31
S4,MATIC,True,complete monthly PIT top-100 asset-month,2024-11-30,2024-11-30,1,1,1,2024-11-30
S4,METH,True,complete monthly PIT top-100 asset-month,2024-02-29,2024-02-29,1,1,1,2024-02-29
S4,METH,True,complete monthly PIT top-100 asset-month,2024-03-31,2024-03-31,1,1,1,2024-03-31
S4,METH,True,complete monthly PIT top-100 asset-month,2024-04-30,2024-04-30,1,1,1,2024-04-30
S4,METH,True,complete monthly PIT top-100 asset-month,2024-05-31,2024-05-31,1,1,1,2024-05-31
S4,METH,True,complete monthly PIT top-100 asset-month,2024-06-30,2024-06-30,1,1,1,2024-06-30
S4,METH,True,complete monthly PIT top-100 asset-month,2024-07-31,2024-07-31,1,1,1,2024-07-31
S4,METH,True,complete monthly PIT top-100 asset-month,2024-08-31,2024-08-31,1,1,1,2024-08-31
S4,METH,True,complete monthly PIT top-100 asset-month,2024-09-30,2024-09-30,1,1,1,2024-09-30
S4,METH,True,complete monthly PIT top-100 asset-month,2024-10-31,2024-10-31,1,1,1,2024-10-31
S4,METH,True,complete monthly PIT top-100 asset-month,2024-11-30,2024-11-30,1,1,1,2024-11-30
S4,METH,True,complete monthly PIT top-100 asset-month,2024-12-31,2024-12-31,1,1,1,2024-12-31
S4,METH,True,complete monthly PIT top-100 asset-month,2025-01-31,2025-01-31,1,1,1,2025-01-31
S4,METH,True,complete monthly PIT top-100 asset-month,2025-02-28,2025-02-28,1,1,1,2025-02-28
S4,METH,True,complete monthly PIT top-100 asset-month,2025-05-31,2025-05-31,1,1,1,2025-05-31
S4,METH,True,complete monthly PIT top-100 asset-month,2025-06-30,2025-06-30,1,1,1,2025-06-30
S4,METH,True,complete monthly PIT top-100 asset-month,2025-07-31,2025-07-31,1,1,1,2025-07-31
S4,METH,True,complete monthly PIT top-100 asset-month,2025-08-31,2025-08-31,1,1,1,2025-08-31
S4,MEW,True,complete monthly PIT top-100 asset-month,2024-10-31,2024-10-31,1,1,1,2024-10-31
S4,MIM,True,complete monthly PIT top-100 asset-month,2021-09-30,2021-09-30,1,1,1,2021-09-30
S4,MIM,True,complete monthly PIT top-100 asset-month,2021-10-31,2021-10-31,1,1,1,2021-10-31
S4,MIM,True,complete monthly PIT top-100 asset-month,2021-11-30,2021-11-30,1,1,1,2021-11-30
S4,MIM,True,complete monthly PIT top-100 asset-month,2021-12-31,2021-12-31,1,1,1,2021-12-31
S4,MIM,True,complete monthly PIT top-100 asset-month,2022-01-31,2022-01-31,1,1,1,2022-01-31
S4,MIM,True,complete monthly PIT top-100 asset-month,2022-02-28,2022-02-28,1,1,1,2022-02-28
S4,MIM,True,complete monthly PIT top-100 asset-month,2022-03-31,2022-03-31,1,1,1,2022-03-31
S4,MIM,True,complete monthly PIT top-100 asset-month,2022-04-30,2022-04-30,1,1,1,2022-04-30
S4,MINA,True,complete monthly PIT top-100 asset-month,2021-09-30,2021-09-30,1,1,1,2021-09-30
S4,MINA,True,complete monthly PIT top-100 asset-month,2021-10-31,2021-10-31,1,1,1,2021-10-31
S4,MINA,True,complete monthly PIT top-100 asset-month,2021-11-30,2021-11-30,1,1,1,2021-11-30
S4,MINA,True,complete monthly PIT top-100 asset-month,2021-12-31,2021-12-31,1,1,1,2021-12-31
S4,MINA,True,complete monthly PIT top-100 asset-month,2022-03-31,2022-03-31,1,1,1,2022-03-31
S4,MINA,True,complete monthly PIT top-100 asset-month,2022-07-31,2022-07-31,1,1,1,2022-07-31
S4,MINA,True,complete monthly PIT top-100 asset-month,2022-09-30,2022-09-30,1,1,1,2022-09-30
S4,MINA,True,complete monthly PIT top-100 asset-month,2022-10-31,2022-10-31,1,1,1,2022-10-31
S4,MINA,True,complete monthly PIT top-100 asset-month,2022-11-30,2022-11-30,1,1,1,2022-11-30
S4,MINA,True,complete monthly PIT top-100 asset-month,2022-12-31,2022-12-31,1,1,1,2022-12-31
S4,MINA,True,complete monthly PIT top-100 asset-month,2023-01-31,2023-01-31,1,1,1,2023-01-31
S4,MINA,True,complete monthly PIT top-100 asset-month,2023-02-28,2023-02-28,1,1,1,2023-02-28
S4,MINA,True,complete monthly PIT top-100 asset-month,2023-03-31,2023-03-31,1,1,1,2023-03-31
S4,MINA,True,complete monthly PIT top-100 asset-month,2023-04-30,2023-04-30,1,1,1,2023-04-30
S4,MINA,True,complete monthly PIT top-100 asset-month,2023-05-31,2023-05-31,1,1,1,2023-05-31
S4,MINA,True,complete monthly PIT top-100 asset-month,2023-06-30,2023-06-30,1,1,1,2023-06-30
S4,MINA,True,complete monthly PIT top-100 asset-month,2023-07-31,2023-07-31,1,1,1,2023-07-31
S4,MINA,True,complete monthly PIT top-100 asset-month,2023-08-31,2023-08-31,1,1,1,2023-08-31
S4,MINA,True,complete monthly PIT top-100 asset-month,2023-09-30,2023-09-30,1,1,1,2023-09-30
S4,MINA,True,complete monthly PIT top-100 asset-month,2023-10-31,2023-10-31,1,1,1,2023-10-31
S4,MINA,True,complete monthly PIT top-100 asset-month,2023-11-30,2023-11-30,1,1,1,2023-11-30
S4,MINA,True,complete monthly PIT top-100 asset-month,2023-12-31,2023-12-31,1,1,1,2023-12-31
S4,MINA,True,complete monthly PIT top-100 asset-month,2024-01-31,2024-01-31,1,1,1,2024-01-31
S4,MINA,True,complete monthly PIT top-100 asset-month,2024-02-29,2024-02-29,1,1,1,2024-02-29
S4,MINA,True,complete monthly PIT top-100 asset-month,2024-03-31,2024-03-31,1,1,1,2024-03-31
S4,MKR,True,complete monthly PIT top-100 asset-month,2020-01-31,2020-01-31,1,1,1,2020-01-31
S4,MKR,True,complete monthly PIT top-100 asset-month,2020-02-29,2020-02-29,1,1,1,2020-02-29
S4,MKR,True,complete monthly PIT top-100 asset-month,2020-03-31,2020-03-31,1,1,1,2020-03-31
S4,MKR,True,complete monthly PIT top-100 asset-month,2020-04-30,2020-04-30,1,1,1,2020-04-30
S4,MKR,True,complete monthly PIT top-100 asset-month,2020-05-31,2020-05-31,1,1,1,2020-05-31
S4,MKR,True,complete monthly PIT top-100 asset-month,2020-06-30,2020-06-30,1,1,1,2020-06-30
S4,MKR,True,complete monthly PIT top-100 asset-month,2020-07-31,2020-07-31,1,1,1,2020-07-31
S4,MKR,True,complete monthly PIT top-100 asset-month,2020-08-31,2020-08-31,1,1,1,2020-08-31
S4,MKR,True,complete monthly PIT top-100 asset-month,2020-09-30,2020-09-30,1,1,1,2020-09-30
S4,MKR,True,complete monthly PIT top-100 asset-month,2020-10-31,2020-10-31,1,1,1,2020-10-31
S4,MKR,True,complete monthly PIT top-100 asset-month,2020-11-30,2020-11-30,1,1,1,2020-11-30
S4,MKR,True,complete monthly PIT top-100 asset-month,2020-12-31,2020-12-31,1,1,1,2020-12-31
S4,MKR,True,complete monthly PIT top-100 asset-month,2021-01-31,2021-01-31,1,1,1,2021-01-31
S4,MKR,True,complete monthly PIT top-100 asset-month,2021-02-28,2021-02-28,1,1,1,2021-02-28
S4,MKR,True,complete monthly PIT top-100 asset-month,2021-03-31,2021-03-31,1,1,1,2021-03-31
S4,MKR,True,complete monthly PIT top-100 asset-month,2021-04-30,2021-04-30,1,1,1,2021-04-30
S4,MKR,True,complete monthly PIT top-100 asset-month,2021-05-31,2021-05-31,1,1,1,2021-05-31
S4,MKR,True,complete monthly PIT top-100 asset-month,2021-06-30,2021-06-30,1,1,1,2021-06-30
S4,MKR,True,complete monthly PIT top-100 asset-month,2021-07-31,2021-07-31,1,1,1,2021-07-31
S4,MKR,True,complete monthly PIT top-100 asset-month,2021-08-31,2021-08-31,1,1,1,2021-08-31
S4,MKR,True,complete monthly PIT top-100 asset-month,2021-09-30,2021-09-30,1,1,1,2021-09-30
S4,MKR,True,complete monthly PIT top-100 asset-month,2021-10-31,2021-10-31,1,1,1,2021-10-31
S4,MKR,True,complete monthly PIT top-100 asset-month,2021-11-30,2021-11-30,1,1,1,2021-11-30
S4,MKR,True,complete monthly PIT top-100 asset-month,2021-12-31,2021-12-31,1,1,1,2021-12-31
S4,MKR,True,complete monthly PIT top-100 asset-month,2022-01-31,2022-01-31,1,1,1,2022-01-31
S4,MKR,True,complete monthly PIT top-100 asset-month,2022-02-28,2022-02-28,1,1,1,2022-02-28
S4,MKR,True,complete monthly PIT top-100 asset-month,2022-03-31,2022-03-31,1,1,1,2022-03-31
S4,MKR,True,complete monthly PIT top-100 asset-month,2022-04-30,2022-04-30,1,1,1,2022-04-30
S4,MKR,True,complete monthly PIT top-100 asset-month,2022-05-31,2022-05-31,1,1,1,2022-05-31
S4,MKR,True,complete monthly PIT top-100 asset-month,2022-06-30,2022-06-30,1,1,1,2022-06-30
S4,MKR,True,complete monthly PIT top-100 asset-month,2022-07-31,2022-07-31,1,1,1,2022-07-31
S4,MKR,True,complete monthly PIT top-100 asset-month,2022-08-31,2022-08-31,1,1,1,2022-08-31
S4,MKR,True,complete monthly PIT top-100 asset-month,2022-09-30,2022-09-30,1,1,1,2022-09-30
S4,MKR,True,complete monthly PIT top-100 asset-month,2022-10-31,2022-10-31,1,1,1,2022-10-31
S4,MKR,True,complete monthly PIT top-100 asset-month,2022-11-30,2022-11-30,1,1,1,2022-11-30
S4,MKR,True,complete monthly PIT top-100 asset-month,2022-12-31,2022-12-31,1,1,1,2022-12-31
S4,MKR,True,complete monthly PIT top-100 asset-month,2023-01-31,2023-01-31,1,1,1,2023-01-31
S4,MKR,True,complete monthly PIT top-100 asset-month,2023-02-28,2023-02-28,1,1,1,2023-02-28
S4,MKR,True,complete monthly PIT top-100 asset-month,2023-03-31,2023-03-31,1,1,1,2023-03-31
S4,MKR,True,complete monthly PIT top-100 asset-month,2023-04-30,2023-04-30,1,1,1,2023-04-30
S4,MKR,True,complete monthly PIT top-100 asset-month,2023-05-31,2023-05-31,1,1,1,2023-05-31
S4,MKR,True,complete monthly PIT top-100 asset-month,2023-06-30,2023-06-30,1,1,1,2023-06-30
S4,MKR,True,complete monthly PIT top-100 asset-month,2023-07-31,2023-07-31,1,1,1,2023-07-31
S4,MKR,True,complete monthly PIT top-100 asset-month,2023-08-31,2023-08-31,1,1,1,2023-08-31
S4,MKR,True,complete monthly PIT top-100 asset-month,2023-09-30,2023-09-30,1,1,1,2023-09-30
S4,MKR,True,complete monthly PIT top-100 asset-month,2023-10-31,2023-10-31,1,1,1,2023-10-31
S4,MKR,True,complete monthly PIT top-100 asset-month,2023-11-30,2023-11-30,1,1,1,2023-11-30
S4,MKR,True,complete monthly PIT top-100 asset-month,2023-12-31,2023-12-31,1,1,1,2023-12-31
S4,MKR,True,complete monthly PIT top-100 asset-month,2024-01-31,2024-01-31,1,1,1,2024-01-31
S4,MKR,True,complete monthly PIT top-100 asset-month,2024-02-29,2024-02-29,1,1,1,2024-02-29
S4,MKR,True,complete monthly PIT top-100 asset-month,2024-03-31,2024-03-31,1,1,1,2024-03-31
S4,MKR,True,complete monthly PIT top-100 asset-month,2024-04-30,2024-04-30,1,1,1,2024-04-30
S4,MKR,True,complete monthly PIT top-100 asset-month,2024-05-31,2024-05-31,1,1,1,2024-05-31
S4,MKR,True,complete monthly PIT top-100 asset-month,2024-06-30,2024-06-30,1,1,1,2024-06-30
S4,MKR,True,complete monthly PIT top-100 asset-month,2024-07-31,2024-07-31,1,1,1,2024-07-31
S4,MKR,True,complete monthly PIT top-100 asset-month,2024-08-31,2024-08-31,1,1,1,2024-08-31
S4,MKR,True,complete monthly PIT top-100 asset-month,2024-09-30,2024-09-30,1,1,1,2024-09-30
S4,MKR,True,complete monthly PIT top-100 asset-month,2024-10-31,2024-10-31,1,1,1,2024-10-31
S4,MKR,True,complete monthly PIT top-100 asset-month,2024-11-30,2024-11-30,1,1,1,2024-11-30
S4,MKR,True,complete monthly PIT top-100 asset-month,2024-12-31,2024-12-31,1,1,1,2024-12-31
S4,MKR,True,complete monthly PIT top-100 asset-month,2025-02-28,2025-02-28,1,1,1,2025-02-28
S4,MKR,True,complete monthly PIT top-100 asset-month,2025-03-31,2025-03-31,1,1,1,2025-03-31
S4,MKR,True,complete monthly PIT top-100 asset-month,2025-04-30,2025-04-30,1,1,1,2025-04-30
S4,MKR,True,complete monthly PIT top-100 asset-month,2025-05-31,2025-05-31,1,1,1,2025-05-31
S4,MNT,True,complete monthly PIT top-100 asset-month,2023-07-31,2023-07-31,1,1,1,2023-07-31
S4,MNT,True,complete monthly PIT top-100 asset-month,2023-08-31,2023-08-31,1,1,1,2023-08-31
S4,MNT,True,complete monthly PIT top-100 asset-month,2023-09-30,2023-09-30,1,1,1,2023-09-30
S4,MNT,True,complete monthly PIT top-100 asset-month,2023-10-31,2023-10-31,1,1,1,2023-10-31
S4,MNT,True,complete monthly PIT top-100 asset-month,2023-11-30,2023-11-30,1,1,1,2023-11-30
S4,MNT,True,complete monthly PIT top-100 asset-month,2023-12-31,2023-12-31,1,1,1,2023-12-31
S4,MNT,True,complete monthly PIT top-100 asset-month,2024-01-31,2024-01-31,1,1,1,2024-01-31
S4,MNT,True,complete monthly PIT top-100 asset-month,2024-02-29,2024-02-29,1,1,1,2024-02-29
S4,MNT,True,complete monthly PIT top-100 asset-month,2024-03-31,2024-03-31,1,1,1,2024-03-31
S4,MNT,True,complete monthly PIT top-100 asset-month,2024-04-30,2024-04-30,1,1,1,2024-04-30
S4,MNT,True,complete monthly PIT top-100 asset-month,2024-05-31,2024-05-31,1,1,1,2024-05-31
S4,MNT,True,complete monthly PIT top-100 asset-month,2024-06-30,2024-06-30,1,1,1,2024-06-30
S4,MNT,True,complete monthly PIT top-100 asset-month,2024-07-31,2024-07-31,1,1,1,2024-07-31
S4,MNT,True,complete monthly PIT top-100 asset-month,2024-08-31,2024-08-31,1,1,1,2024-08-31
S4,MNT,True,complete monthly PIT top-100 asset-month,2024-09-30,2024-09-30,1,1,1,2024-09-30
S4,MNT,True,complete monthly PIT top-100 asset-month,2024-10-31,2024-10-31,1,1,1,2024-10-31
S4,MNT,True,complete monthly PIT top-100 asset-month,2024-11-30,2024-11-30,1,1,1,2024-11-30
S4,MNT,True,complete monthly PIT top-100 asset-month,2024-12-31,2024-12-31,1,1,1,2024-12-31
S4,MNT,True,complete monthly PIT top-100 asset-month,2025-01-31,2025-01-31,1,1,1,2025-01-31
S4,MNT,True,complete monthly PIT top-100 asset-month,2025-02-28,2025-02-28,1,1,1,2025-02-28
S4,MNT,True,complete monthly PIT top-100 asset-month,2025-03-31,2025-03-31,1,1,1,2025-03-31
S4,MNT,True,complete monthly PIT top-100 asset-month,2025-04-30,2025-04-30,1,1,1,2025-04-30
S4,MNT,True,complete monthly PIT top-100 asset-month,2025-05-31,2025-05-31,1,1,1,2025-05-31
S4,MNT,True,complete monthly PIT top-100 asset-month,2025-06-30,2025-06-30,1,1,1,2025-06-30
S4,MNT,True,complete monthly PIT top-100 asset-month,2025-07-31,2025-07-31,1,1,1,2025-07-31
S4,MNT,True,complete monthly PIT top-100 asset-month,2025-08-31,2025-08-31,1,1,1,2025-08-31
S4,MNT,True,complete monthly PIT top-100 asset-month,2025-09-30,2025-09-30,1,1,1,2025-09-30
S4,MNT,True,complete monthly PIT top-100 asset-month,2025-10-31,2025-10-31,1,1,1,2025-10-31
S4,MNT,True,complete monthly PIT top-100 asset-month,2025-11-30,2025-11-30,1,1,1,2025-11-30
S4,MNT,True,complete monthly PIT top-100 asset-month,2025-12-31,2025-12-31,1,1,1,2025-12-31
S4,MNT,True,complete monthly PIT top-100 asset-month,2026-01-31,2026-01-31,1,1,1,2026-01-31
S4,MNT,True,complete monthly PIT top-100 asset-month,2026-02-28,2026-02-28,1,1,1,2026-02-28
S4,MNT,True,complete monthly PIT top-100 asset-month,2026-03-31,2026-03-31,1,1,1,2026-03-31
S4,MNT,True,complete monthly PIT top-100 asset-month,2026-04-30,2026-04-30,1,1,1,2026-04-30
S4,MNT,True,complete monthly PIT top-100 asset-month,2026-05-31,2026-05-31,1,1,1,2026-05-31
S4,MONA,True,complete monthly PIT top-100 asset-month,2020-01-31,2020-01-31,1,1,1,2020-01-31
S4,MONA,True,complete monthly PIT top-100 asset-month,2020-02-29,2020-02-29,1,1,1,2020-02-29
S4,MONA,True,complete monthly PIT top-100 asset-month,2020-03-31,2020-03-31,1,1,1,2020-03-31
S4,MONA,True,complete monthly PIT top-100 asset-month,2020-04-30,2020-04-30,1,1,1,2020-04-30
S4,MONA,True,complete monthly PIT top-100 asset-month,2020-05-31,2020-05-31,1,1,1,2020-05-31
S4,MONA,True,complete monthly PIT top-100 asset-month,2020-06-30,2020-06-30,1,1,1,2020-06-30
S4,MONA,True,complete monthly PIT top-100 asset-month,2020-07-31,2020-07-31,1,1,1,2020-07-31
S4,MONA,True,complete monthly PIT top-100 asset-month,2020-08-31,2020-08-31,1,1,1,2020-08-31
S4,MONA,True,complete monthly PIT top-100 asset-month,2020-10-31,2020-10-31,1,1,1,2020-10-31
S4,MONA,True,complete monthly PIT top-100 asset-month,2020-11-30,2020-11-30,1,1,1,2020-11-30
S4,MORPHO,True,complete monthly PIT top-100 asset-month,2026-02-28,2026-02-28,1,1,1,2026-02-28
S4,MORPHO,True,complete monthly PIT top-100 asset-month,2026-03-31,2026-03-31,1,1,1,2026-03-31
S4,MORPHO,True,complete monthly PIT top-100 asset-month,2026-04-30,2026-04-30,1,1,1,2026-04-30
S4,MORPHO,True,complete monthly PIT top-100 asset-month,2026-05-31,2026-05-31,1,1,1,2026-05-31
S4,MOVE,True,complete monthly PIT top-100 asset-month,2024-12-31,2024-12-31,1,1,1,2024-12-31
S4,MOVE,True,complete monthly PIT top-100 asset-month,2025-01-31,2025-01-31,1,1,1,2025-01-31
S4,MOVE,True,complete monthly PIT top-100 asset-month,2025-02-28,2025-02-28,1,1,1,2025-02-28
S4,MOVE,True,complete monthly PIT top-100 asset-month,2025-03-31,2025-03-31,1,1,1,2025-03-31
S4,MSOL,True,complete monthly PIT top-100 asset-month,2021-12-31,2021-12-31,1,1,1,2021-12-31
S4,MSOL,True,complete monthly PIT top-100 asset-month,2023-12-31,2023-12-31,1,1,1,2023-12-31
S4,MSOL,True,complete monthly PIT top-100 asset-month,2024-03-31,2024-03-31,1,1,1,2024-03-31
S4,MSOL,True,complete monthly PIT top-100 asset-month,2024-07-31,2024-07-31,1,1,1,2024-07-31
S4,MSOL,True,complete monthly PIT top-100 asset-month,2024-09-30,2024-09-30,1,1,1,2024-09-30
S4,MSOL,True,complete monthly PIT top-100 asset-month,2024-10-31,2024-10-31,1,1,1,2024-10-31
S4,MSOL,True,complete monthly PIT top-100 asset-month,2025-01-31,2025-01-31,1,1,1,2025-01-31
S4,MYX,True,complete monthly PIT top-100 asset-month,2025-09-30,2025-09-30,1,1,1,2025-09-30
S4,MYX,True,complete monthly PIT top-100 asset-month,2026-01-31,2026-01-31,1,1,1,2026-01-31
S4,NAN,True,complete monthly PIT top-100 asset-month,2020-09-30,2020-09-30,1,1,1,2020-09-30
S4,NEAR,True,complete monthly PIT top-100 asset-month,2020-11-30,2020-11-30,1,1,1,2020-11-30
S4,NEAR,True,complete monthly PIT top-100 asset-month,2020-12-31,2020-12-31,1,1,1,2020-12-31
S4,NEAR,True,complete monthly PIT top-100 asset-month,2021-01-31,2021-01-31,1,1,1,2021-01-31
S4,NEAR,True,complete monthly PIT top-100 asset-month,2021-02-28,2021-02-28,1,1,1,2021-02-28
S4,NEAR,True,complete monthly PIT top-100 asset-month,2021-03-31,2021-03-31,1,1,1,2021-03-31
S4,NEAR,True,complete monthly PIT top-100 asset-month,2021-04-30,2021-04-30,1,1,1,2021-04-30
S4,NEAR,True,complete monthly PIT top-100 asset-month,2021-05-31,2021-05-31,1,1,1,2021-05-31
S4,NEAR,True,complete monthly PIT top-100 asset-month,2021-06-30,2021-06-30,1,1,1,2021-06-30
S4,NEAR,True,complete monthly PIT top-100 asset-month,2021-07-31,2021-07-31,1,1,1,2021-07-31
S4,NEAR,True,complete monthly PIT top-100 asset-month,2021-08-31,2021-08-31,1,1,1,2021-08-31
S4,NEAR,True,complete monthly PIT top-100 asset-month,2021-09-30,2021-09-30,1,1,1,2021-09-30
S4,NEAR,True,complete monthly PIT top-100 asset-month,2021-10-31,2021-10-31,1,1,1,2021-10-31
S4,NEAR,True,complete monthly PIT top-100 asset-month,2021-11-30,2021-11-30,1,1,1,2021-11-30
S4,NEAR,True,complete monthly PIT top-100 asset-month,2021-12-31,2021-12-31,1,1,1,2021-12-31
S4,NEAR,True,complete monthly PIT top-100 asset-month,2022-01-31,2022-01-31,1,1,1,2022-01-31
S4,NEAR,True,complete monthly PIT top-100 asset-month,2022-02-28,2022-02-28,1,1,1,2022-02-28
S4,NEAR,True,complete monthly PIT top-100 asset-month,2022-03-31,2022-03-31,1,1,1,2022-03-31
S4,NEAR,True,complete monthly PIT top-100 asset-month,2022-04-30,2022-04-30,1,1,1,2022-04-30
S4,NEAR,True,complete monthly PIT top-100 asset-month,2022-05-31,2022-05-31,1,1,1,2022-05-31
S4,NEAR,True,complete monthly PIT top-100 asset-month,2022-06-30,2022-06-30,1,1,1,2022-06-30
S4,NEAR,True,complete monthly PIT top-100 asset-month,2022-07-31,2022-07-31,1,1,1,2022-07-31
S4,NEAR,True,complete monthly PIT top-100 asset-month,2022-08-31,2022-08-31,1,1,1,2022-08-31
S4,NEAR,True,complete monthly PIT top-100 asset-month,2022-09-30,2022-09-30,1,1,1,2022-09-30
S4,NEAR,True,complete monthly PIT top-100 asset-month,2022-10-31,2022-10-31,1,1,1,2022-10-31
S4,NEAR,True,complete monthly PIT top-100 asset-month,2022-11-30,2022-11-30,1,1,1,2022-11-30
S4,NEAR,True,complete monthly PIT top-100 asset-month,2022-12-31,2022-12-31,1,1,1,2022-12-31
S4,NEAR,True,complete monthly PIT top-100 asset-month,2023-01-31,2023-01-31,1,1,1,2023-01-31
S4,NEAR,True,complete monthly PIT top-100 asset-month,2023-02-28,2023-02-28,1,1,1,2023-02-28
S4,NEAR,True,complete monthly PIT top-100 asset-month,2023-03-31,2023-03-31,1,1,1,2023-03-31
S4,NEAR,True,complete monthly PIT top-100 asset-month,2023-04-30,2023-04-30,1,1,1,2023-04-30
S4,NEAR,True,complete monthly PIT top-100 asset-month,2023-05-31,2023-05-31,1,1,1,2023-05-31
S4,NEAR,True,complete monthly PIT top-100 asset-month,2023-06-30,2023-06-30,1,1,1,2023-06-30
S4,NEAR,True,complete monthly PIT top-100 asset-month,2023-07-31,2023-07-31,1,1,1,2023-07-31
S4,NEAR,True,complete monthly PIT top-100 asset-month,2023-08-31,2023-08-31,1,1,1,2023-08-31
S4,NEAR,True,complete monthly PIT top-100 asset-month,2023-09-30,2023-09-30,1,1,1,2023-09-30
S4,NEAR,True,complete monthly PIT top-100 asset-month,2023-10-31,2023-10-31,1,1,1,2023-10-31
S4,NEAR,True,complete monthly PIT top-100 asset-month,2023-11-30,2023-11-30,1,1,1,2023-11-30
S4,NEAR,True,complete monthly PIT top-100 asset-month,2023-12-31,2023-12-31,1,1,1,2023-12-31
S4,NEAR,True,complete monthly PIT top-100 asset-month,2024-01-31,2024-01-31,1,1,1,2024-01-31
S4,NEAR,True,complete monthly PIT top-100 asset-month,2024-02-29,2024-02-29,1,1,1,2024-02-29
S4,NEAR,True,complete monthly PIT top-100 asset-month,2024-03-31,2024-03-31,1,1,1,2024-03-31
S4,NEAR,True,complete monthly PIT top-100 asset-month,2024-04-30,2024-04-30,1,1,1,2024-04-30
S4,NEAR,True,complete monthly PIT top-100 asset-month,2024-05-31,2024-05-31,1,1,1,2024-05-31
S4,NEAR,True,complete monthly PIT top-100 asset-month,2024-06-30,2024-06-30,1,1,1,2024-06-30
S4,NEAR,True,complete monthly PIT top-100 asset-month,2024-07-31,2024-07-31,1,1,1,2024-07-31
S4,NEAR,True,complete monthly PIT top-100 asset-month,2024-08-31,2024-08-31,1,1,1,2024-08-31
S4,NEAR,True,complete monthly PIT top-100 asset-month,2024-09-30,2024-09-30,1,1,1,2024-09-30
S4,NEAR,True,complete monthly PIT top-100 asset-month,2024-10-31,2024-10-31,1,1,1,2024-10-31
S4,NEAR,True,complete monthly PIT top-100 asset-month,2024-11-30,2024-11-30,1,1,1,2024-11-30
S4,NEAR,True,complete monthly PIT top-100 asset-month,2024-12-31,2024-12-31,1,1,1,2024-12-31
S4,NEAR,True,complete monthly PIT top-100 asset-month,2025-01-31,2025-01-31,1,1,1,2025-01-31
S4,NEAR,True,complete monthly PIT top-100 asset-month,2025-02-28,2025-02-28,1,1,1,2025-02-28
S4,NEAR,True,complete monthly PIT top-100 asset-month,2025-03-31,2025-03-31,1,1,1,2025-03-31
S4,NEAR,True,complete monthly PIT top-100 asset-month,2025-04-30,2025-04-30,1,1,1,2025-04-30
S4,NEAR,True,complete monthly PIT top-100 asset-month,2025-05-31,2025-05-31,1,1,1,2025-05-31
S4,NEAR,True,complete monthly PIT top-100 asset-month,2025-06-30,2025-06-30,1,1,1,2025-06-30
S4,NEAR,True,complete monthly PIT top-100 asset-month,2025-07-31,2025-07-31,1,1,1,2025-07-31
S4,NEAR,True,complete monthly PIT top-100 asset-month,2025-08-31,2025-08-31,1,1,1,2025-08-31
S4,NEAR,True,complete monthly PIT top-100 asset-month,2025-09-30,2025-09-30,1,1,1,2025-09-30
S4,NEAR,True,complete monthly PIT top-100 asset-month,2025-10-31,2025-10-31,1,1,1,2025-10-31
S4,NEAR,True,complete monthly PIT top-100 asset-month,2025-11-30,2025-11-30,1,1,1,2025-11-30
S4,NEAR,True,complete monthly PIT top-100 asset-month,2025-12-31,2025-12-31,1,1,1,2025-12-31
S4,NEAR,True,complete monthly PIT top-100 asset-month,2026-01-31,2026-01-31,1,1,1,2026-01-31
S4,NEAR,True,complete monthly PIT top-100 asset-month,2026-02-28,2026-02-28,1,1,1,2026-02-28
S4,NEAR,True,complete monthly PIT top-100 asset-month,2026-03-31,2026-03-31,1,1,1,2026-03-31
S4,NEAR,True,complete monthly PIT top-100 asset-month,2026-04-30,2026-04-30,1,1,1,2026-04-30
S4,NEAR,True,complete monthly PIT top-100 asset-month,2026-05-31,2026-05-31,1,1,1,2026-05-31
S4,NEO,True,complete monthly PIT top-100 asset-month,2020-01-31,2020-01-31,1,1,1,2020-01-31
S4,NEO,True,complete monthly PIT top-100 asset-month,2020-02-29,2020-02-29,1,1,1,2020-02-29
S4,NEO,True,complete monthly PIT top-100 asset-month,2020-03-31,2020-03-31,1,1,1,2020-03-31
S4,NEO,True,complete monthly PIT top-100 asset-month,2020-04-30,2020-04-30,1,1,1,2020-04-30
S4,NEO,True,complete monthly PIT top-100 asset-month,2020-05-31,2020-05-31,1,1,1,2020-05-31
S4,NEO,True,complete monthly PIT top-100 asset-month,2020-06-30,2020-06-30,1,1,1,2020-06-30
S4,NEO,True,complete monthly PIT top-100 asset-month,2020-07-31,2020-07-31,1,1,1,2020-07-31
S4,NEO,True,complete monthly PIT top-100 asset-month,2020-08-31,2020-08-31,1,1,1,2020-08-31
S4,NEO,True,complete monthly PIT top-100 asset-month,2020-09-30,2020-09-30,1,1,1,2020-09-30
S4,NEO,True,complete monthly PIT top-100 asset-month,2020-10-31,2020-10-31,1,1,1,2020-10-31
S4,NEO,True,complete monthly PIT top-100 asset-month,2020-11-30,2020-11-30,1,1,1,2020-11-30
S4,NEO,True,complete monthly PIT top-100 asset-month,2020-12-31,2020-12-31,1,1,1,2020-12-31
S4,NEO,True,complete monthly PIT top-100 asset-month,2021-01-31,2021-01-31,1,1,1,2021-01-31
S4,NEO,True,complete monthly PIT top-100 asset-month,2021-02-28,2021-02-28,1,1,1,2021-02-28
S4,NEO,True,complete monthly PIT top-100 asset-month,2021-03-31,2021-03-31,1,1,1,2021-03-31
S4,NEO,True,complete monthly PIT top-100 asset-month,2021-04-30,2021-04-30,1,1,1,2021-04-30
S4,NEO,True,complete monthly PIT top-100 asset-month,2021-05-31,2021-05-31,1,1,1,2021-05-31
S4,NEO,True,complete monthly PIT top-100 asset-month,2021-06-30,2021-06-30,1,1,1,2021-06-30
S4,NEO,True,complete monthly PIT top-100 asset-month,2021-07-31,2021-07-31,1,1,1,2021-07-31
S4,NEO,True,complete monthly PIT top-100 asset-month,2021-08-31,2021-08-31,1,1,1,2021-08-31
S4,NEO,True,complete monthly PIT top-100 asset-month,2021-09-30,2021-09-30,1,1,1,2021-09-30
S4,NEO,True,complete monthly PIT top-100 asset-month,2021-10-31,2021-10-31,1,1,1,2021-10-31
S4,NEO,True,complete monthly PIT top-100 asset-month,2021-11-30,2021-11-30,1,1,1,2021-11-30
S4,NEO,True,complete monthly PIT top-100 asset-month,2021-12-31,2021-12-31,1,1,1,2021-12-31
S4,NEO,True,complete monthly PIT top-100 asset-month,2022-01-31,2022-01-31,1,1,1,2022-01-31
S4,NEO,True,complete monthly PIT top-100 asset-month,2022-02-28,2022-02-28,1,1,1,2022-02-28
S4,NEO,True,complete monthly PIT top-100 asset-month,2022-03-31,2022-03-31,1,1,1,2022-03-31
S4,NEO,True,complete monthly PIT top-100 asset-month,2022-04-30,2022-04-30,1,1,1,2022-04-30
S4,NEO,True,complete monthly PIT top-100 asset-month,2022-05-31,2022-05-31,1,1,1,2022-05-31
S4,NEO,True,complete monthly PIT top-100 asset-month,2022-06-30,2022-06-30,1,1,1,2022-06-30
S4,NEO,True,complete monthly PIT top-100 asset-month,2022-07-31,2022-07-31,1,1,1,2022-07-31
S4,NEO,True,complete monthly PIT top-100 asset-month,2022-08-31,2022-08-31,1,1,1,2022-08-31
S4,NEO,True,complete monthly PIT top-100 asset-month,2022-09-30,2022-09-30,1,1,1,2022-09-30
S4,NEO,True,complete monthly PIT top-100 asset-month,2022-10-31,2022-10-31,1,1,1,2022-10-31
S4,NEO,True,complete monthly PIT top-100 asset-month,2022-11-30,2022-11-30,1,1,1,2022-11-30
S4,NEO,True,complete monthly PIT top-100 asset-month,2022-12-31,2022-12-31,1,1,1,2022-12-31
S4,NEO,True,complete monthly PIT top-100 asset-month,2023-01-31,2023-01-31,1,1,1,2023-01-31
S4,NEO,True,complete monthly PIT top-100 asset-month,2023-02-28,2023-02-28,1,1,1,2023-02-28
S4,NEO,True,complete monthly PIT top-100 asset-month,2023-03-31,2023-03-31,1,1,1,2023-03-31
S4,NEO,True,complete monthly PIT top-100 asset-month,2023-04-30,2023-04-30,1,1,1,2023-04-30
S4,NEO,True,complete monthly PIT top-100 asset-month,2023-05-31,2023-05-31,1,1,1,2023-05-31
S4,NEO,True,complete monthly PIT top-100 asset-month,2023-06-30,2023-06-30,1,1,1,2023-06-30
S4,NEO,True,complete monthly PIT top-100 asset-month,2023-07-31,2023-07-31,1,1,1,2023-07-31
S4,NEO,True,complete monthly PIT top-100 asset-month,2023-08-31,2023-08-31,1,1,1,2023-08-31
S4,NEO,True,complete monthly PIT top-100 asset-month,2023-09-30,2023-09-30,1,1,1,2023-09-30
S4,NEO,True,complete monthly PIT top-100 asset-month,2023-10-31,2023-10-31,1,1,1,2023-10-31
S4,NEO,True,complete monthly PIT top-100 asset-month,2023-11-30,2023-11-30,1,1,1,2023-11-30
S4,NEO,True,complete monthly PIT top-100 asset-month,2023-12-31,2023-12-31,1,1,1,2023-12-31
S4,NEO,True,complete monthly PIT top-100 asset-month,2024-01-31,2024-01-31,1,1,1,2024-01-31
S4,NEO,True,complete monthly PIT top-100 asset-month,2024-04-30,2024-04-30,1,1,1,2024-04-30
S4,NEO,True,complete monthly PIT top-100 asset-month,2024-05-31,2024-05-31,1,1,1,2024-05-31
S4,NEO,True,complete monthly PIT top-100 asset-month,2024-06-30,2024-06-30,1,1,1,2024-06-30
S4,NEO,True,complete monthly PIT top-100 asset-month,2024-07-31,2024-07-31,1,1,1,2024-07-31
S4,NEO,True,complete monthly PIT top-100 asset-month,2024-08-31,2024-08-31,1,1,1,2024-08-31
S4,NEST,True,complete monthly PIT top-100 asset-month,2020-08-31,2020-08-31,1,1,1,2020-08-31
S4,NEST,True,complete monthly PIT top-100 asset-month,2020-09-30,2020-09-30,1,1,1,2020-09-30
S4,NEXO,True,complete monthly PIT top-100 asset-month,2020-01-31,2020-01-31,1,1,1,2020-01-31
S4,NEXO,True,complete monthly PIT top-100 asset-month,2020-02-29,2020-02-29,1,1,1,2020-02-29
S4,NEXO,True,complete monthly PIT top-100 asset-month,2020-03-31,2020-03-31,1,1,1,2020-03-31
S4,NEXO,True,complete monthly PIT top-100 asset-month,2020-04-30,2020-04-30,1,1,1,2020-04-30
S4,NEXO,True,complete monthly PIT top-100 asset-month,2020-05-31,2020-05-31,1,1,1,2020-05-31
S4,NEXO,True,complete monthly PIT top-100 asset-month,2020-06-30,2020-06-30,1,1,1,2020-06-30
S4,NEXO,True,complete monthly PIT top-100 asset-month,2020-07-31,2020-07-31,1,1,1,2020-07-31
S4,NEXO,True,complete monthly PIT top-100 asset-month,2020-10-31,2020-10-31,1,1,1,2020-10-31
S4,NEXO,True,complete monthly PIT top-100 asset-month,2020-11-30,2020-11-30,1,1,1,2020-11-30
S4,NEXO,True,complete monthly PIT top-100 asset-month,2020-12-31,2020-12-31,1,1,1,2020-12-31
S4,NEXO,True,complete monthly PIT top-100 asset-month,2021-01-31,2021-01-31,1,1,1,2021-01-31
S4,NEXO,True,complete monthly PIT top-100 asset-month,2021-02-28,2021-02-28,1,1,1,2021-02-28
S4,NEXO,True,complete monthly PIT top-100 asset-month,2021-03-31,2021-03-31,1,1,1,2021-03-31
S4,NEXO,True,complete monthly PIT top-100 asset-month,2021-04-30,2021-04-30,1,1,1,2021-04-30
S4,NEXO,True,complete monthly PIT top-100 asset-month,2021-05-31,2021-05-31,1,1,1,2021-05-31
S4,NEXO,True,complete monthly PIT top-100 asset-month,2021-06-30,2021-06-30,1,1,1,2021-06-30
S4,NEXO,True,complete monthly PIT top-100 asset-month,2021-07-31,2021-07-31,1,1,1,2021-07-31
S4,NEXO,True,complete monthly PIT top-100 asset-month,2021-08-31,2021-08-31,1,1,1,2021-08-31
S4,NEXO,True,complete monthly PIT top-100 asset-month,2021-10-31,2021-10-31,1,1,1,2021-10-31
S4,NEXO,True,complete monthly PIT top-100 asset-month,2021-11-30,2021-11-30,1,1,1,2021-11-30
S4,NEXO,True,complete monthly PIT top-100 asset-month,2021-12-31,2021-12-31,1,1,1,2021-12-31
S4,NEXO,True,complete monthly PIT top-100 asset-month,2022-01-31,2022-01-31,1,1,1,2022-01-31
S4,NEXO,True,complete monthly PIT top-100 asset-month,2022-02-28,2022-02-28,1,1,1,2022-02-28
S4,NEXO,True,complete monthly PIT top-100 asset-month,2022-03-31,2022-03-31,1,1,1,2022-03-31
S4,NEXO,True,complete monthly PIT top-100 asset-month,2022-04-30,2022-04-30,1,1,1,2022-04-30
S4,NEXO,True,complete monthly PIT top-100 asset-month,2022-05-31,2022-05-31,1,1,1,2022-05-31
S4,NEXO,True,complete monthly PIT top-100 asset-month,2022-08-31,2022-08-31,1,1,1,2022-08-31
S4,NEXO,True,complete monthly PIT top-100 asset-month,2022-09-30,2022-09-30,1,1,1,2022-09-30
S4,NEXO,True,complete monthly PIT top-100 asset-month,2022-10-31,2022-10-31,1,1,1,2022-10-31
S4,NEXO,True,complete monthly PIT top-100 asset-month,2022-11-30,2022-11-30,1,1,1,2022-11-30
S4,NEXO,True,complete monthly PIT top-100 asset-month,2022-12-31,2022-12-31,1,1,1,2022-12-31
S4,NEXO,True,complete monthly PIT top-100 asset-month,2023-01-31,2023-01-31,1,1,1,2023-01-31
S4,NEXO,True,complete monthly PIT top-100 asset-month,2023-07-31,2023-07-31,1,1,1,2023-07-31
S4,NEXO,True,complete monthly PIT top-100 asset-month,2024-12-31,2024-12-31,1,1,1,2024-12-31
S4,NEXO,True,complete monthly PIT top-100 asset-month,2025-01-31,2025-01-31,1,1,1,2025-01-31
S4,NEXO,True,complete monthly PIT top-100 asset-month,2025-02-28,2025-02-28,1,1,1,2025-02-28
S4,NEXO,True,complete monthly PIT top-100 asset-month,2025-03-31,2025-03-31,1,1,1,2025-03-31
S4,NEXO,True,complete monthly PIT top-100 asset-month,2025-04-30,2025-04-30,1,1,1,2025-04-30
S4,NEXO,True,complete monthly PIT top-100 asset-month,2025-05-31,2025-05-31,1,1,1,2025-05-31
S4,NEXO,True,complete monthly PIT top-100 asset-month,2025-06-30,2025-06-30,1,1,1,2025-06-30
S4,NEXO,True,complete monthly PIT top-100 asset-month,2025-07-31,2025-07-31,1,1,1,2025-07-31
S4,NEXO,True,complete monthly PIT top-100 asset-month,2026-01-31,2026-01-31,1,1,1,2026-01-31
S4,NEXO,True,complete monthly PIT top-100 asset-month,2026-02-28,2026-02-28,1,1,1,2026-02-28
S4,NEXO,True,complete monthly PIT top-100 asset-month,2026-03-31,2026-03-31,1,1,1,2026-03-31
S4,NIGHT,True,complete monthly PIT top-100 asset-month,2025-12-31,2025-12-31,1,1,1,2025-12-31
S4,NIGHT,True,complete monthly PIT top-100 asset-month,2026-02-28,2026-02-28,1,1,1,2026-02-28
S4,NMR,True,complete monthly PIT top-100 asset-month,2020-02-29,2020-02-29,1,1,1,2020-02-29
S4,NMR,True,complete monthly PIT top-100 asset-month,2020-03-31,2020-03-31,1,1,1,2020-03-31
S4,NMR,True,complete monthly PIT top-100 asset-month,2020-04-30,2020-04-30,1,1,1,2020-04-30
S4,NMR,True,complete monthly PIT top-100 asset-month,2020-05-31,2020-05-31,1,1,1,2020-05-31
S4,NMR,True,complete monthly PIT top-100 asset-month,2020-06-30,2020-06-30,1,1,1,2020-06-30
S4,NMR,True,complete monthly PIT top-100 asset-month,2020-07-31,2020-07-31,1,1,1,2020-07-31
S4,NMR,True,complete monthly PIT top-100 asset-month,2020-08-31,2020-08-31,1,1,1,2020-08-31
S4,NMR,True,complete monthly PIT top-100 asset-month,2020-09-30,2020-09-30,1,1,1,2020-09-30
S4,NMR,True,complete monthly PIT top-100 asset-month,2020-10-31,2020-10-31,1,1,1,2020-10-31
S4,NMR,True,complete monthly PIT top-100 asset-month,2020-11-30,2020-11-30,1,1,1,2020-11-30
S4,NMR,True,complete monthly PIT top-100 asset-month,2020-12-31,2020-12-31,1,1,1,2020-12-31
S4,NOT,True,complete monthly PIT top-100 asset-month,2024-05-31,2024-05-31,1,1,1,2024-05-31
S4,NOT,True,complete monthly PIT top-100 asset-month,2024-06-30,2024-06-30,1,1,1,2024-06-30
S4,NOT,True,complete monthly PIT top-100 asset-month,2024-07-31,2024-07-31,1,1,1,2024-07-31
S4,NOT,True,complete monthly PIT top-100 asset-month,2024-08-31,2024-08-31,1,1,1,2024-08-31
S4,NOT,True,complete monthly PIT top-100 asset-month,2024-09-30,2024-09-30,1,1,1,2024-09-30
S4,NPXS,True,complete monthly PIT top-100 asset-month,2020-01-31,2020-01-31,1,1,1,2020-01-31
S4,NPXS,True,complete monthly PIT top-100 asset-month,2020-02-29,2020-02-29,1,1,1,2020-02-29
S4,NPXS,True,complete monthly PIT top-100 asset-month,2020-03-31,2020-03-31,1,1,1,2020-03-31
S4,NPXS,True,complete monthly PIT top-100 asset-month,2021-02-28,2021-02-28,1,1,1,2021-02-28
S4,NPXS,True,complete monthly PIT top-100 asset-month,2021-03-31,2021-03-31,1,1,1,2021-03-31
S4,NRG,True,complete monthly PIT top-100 asset-month,2020-01-31,2020-01-31,1,1,1,2020-01-31
S4,NRG,True,complete monthly PIT top-100 asset-month,2020-02-29,2020-02-29,1,1,1,2020-02-29
S4,NRG,True,complete monthly PIT top-100 asset-month,2020-03-31,2020-03-31,1,1,1,2020-03-31
S4,NRG,True,complete monthly PIT top-100 asset-month,2020-04-30,2020-04-30,1,1,1,2020-04-30
S4,NRG,True,complete monthly PIT top-100 asset-month,2020-05-31,2020-05-31,1,1,1,2020-05-31
S4,NRG,True,complete monthly PIT top-100 asset-month,2020-06-30,2020-06-30,1,1,1,2020-06-30
S4,NXM,True,complete monthly PIT top-100 asset-month,2020-08-31,2020-08-31,1,1,1,2020-08-31
S4,NXM,True,complete monthly PIT top-100 asset-month,2020-09-30,2020-09-30,1,1,1,2020-09-30
S4,NXM,True,complete monthly PIT top-100 asset-month,2020-10-31,2020-10-31,1,1,1,2020-10-31
S4,NXM,True,complete monthly PIT top-100 asset-month,2020-11-30,2020-11-30,1,1,1,2020-11-30
S4,NXM,True,complete monthly PIT top-100 asset-month,2020-12-31,2020-12-31,1,1,1,2020-12-31
S4,NXM,True,complete monthly PIT top-100 asset-month,2021-01-31,2021-01-31,1,1,1,2021-01-31
S4,NXM,True,complete monthly PIT top-100 asset-month,2021-06-30,2021-06-30,1,1,1,2021-06-30
S4,NXM,True,complete monthly PIT top-100 asset-month,2021-10-31,2021-10-31,1,1,1,2021-10-31
S4,OCEAN,True,complete monthly PIT top-100 asset-month,2020-08-31,2020-08-31,1,1,1,2020-08-31
S4,OCEAN,True,complete monthly PIT top-100 asset-month,2020-09-30,2020-09-30,1,1,1,2020-09-30
S4,OCEAN,True,complete monthly PIT top-100 asset-month,2020-10-31,2020-10-31,1,1,1,2020-10-31
S4,OCEAN,True,complete monthly PIT top-100 asset-month,2020-11-30,2020-11-30,1,1,1,2020-11-30
S4,OCEAN,True,complete monthly PIT top-100 asset-month,2020-12-31,2020-12-31,1,1,1,2020-12-31
S4,OCEAN,True,complete monthly PIT top-100 asset-month,2021-01-31,2021-01-31,1,1,1,2021-01-31
S4,OHM,True,complete monthly PIT top-100 asset-month,2021-09-30,2021-09-30,1,1,1,2021-09-30
S4,OHM,True,complete monthly PIT top-100 asset-month,2021-10-31,2021-10-31,1,1,1,2021-10-31
S4,OHM,True,complete monthly PIT top-100 asset-month,2021-11-30,2021-11-30,1,1,1,2021-11-30
S4,OHM,True,complete monthly PIT top-100 asset-month,2021-12-31,2021-12-31,1,1,1,2021-12-31
S4,OKB,True,complete monthly PIT top-100 asset-month,2020-01-31,2020-01-31,1,1,1,2020-01-31
S4,OKB,True,complete monthly PIT top-100 asset-month,2020-02-29,2020-02-29,1,1,1,2020-02-29
S4,OKB,True,complete monthly PIT top-100 asset-month,2020-03-31,2020-03-31,1,1,1,2020-03-31
S4,OKB,True,complete monthly PIT top-100 asset-month,2020-04-30,2020-04-30,1,1,1,2020-04-30
S4,OKB,True,complete monthly PIT top-100 asset-month,2020-05-31,2020-05-31,1,1,1,2020-05-31
S4,OKB,True,complete monthly PIT top-100 asset-month,2020-06-30,2020-06-30,1,1,1,2020-06-30
S4,OKB,True,complete monthly PIT top-100 asset-month,2020-07-31,2020-07-31,1,1,1,2020-07-31
S4,OKB,True,complete monthly PIT top-100 asset-month,2020-08-31,2020-08-31,1,1,1,2020-08-31
S4,OKB,True,complete monthly PIT top-100 asset-month,2020-09-30,2020-09-30,1,1,1,2020-09-30
S4,OKB,True,complete monthly PIT top-100 asset-month,2020-10-31,2020-10-31,1,1,1,2020-10-31
S4,OKB,True,complete monthly PIT top-100 asset-month,2020-11-30,2020-11-30,1,1,1,2020-11-30
S4,OKB,True,complete monthly PIT top-100 asset-month,2020-12-31,2020-12-31,1,1,1,2020-12-31
S4,OKB,True,complete monthly PIT top-100 asset-month,2021-01-31,2021-01-31,1,1,1,2021-01-31
S4,OKB,True,complete monthly PIT top-100 asset-month,2021-02-28,2021-02-28,1,1,1,2021-02-28
S4,OKB,True,complete monthly PIT top-100 asset-month,2021-03-31,2021-03-31,1,1,1,2021-03-31
S4,OKB,True,complete monthly PIT top-100 asset-month,2021-04-30,2021-04-30,1,1,1,2021-04-30
S4,OKB,True,complete monthly PIT top-100 asset-month,2021-05-31,2021-05-31,1,1,1,2021-05-31
S4,OKB,True,complete monthly PIT top-100 asset-month,2021-06-30,2021-06-30,1,1,1,2021-06-30
S4,OKB,True,complete monthly PIT top-100 asset-month,2021-07-31,2021-07-31,1,1,1,2021-07-31
S4,OKB,True,complete monthly PIT top-100 asset-month,2021-08-31,2021-08-31,1,1,1,2021-08-31
S4,OKB,True,complete monthly PIT top-100 asset-month,2021-09-30,2021-09-30,1,1,1,2021-09-30
S4,OKB,True,complete monthly PIT top-100 asset-month,2021-10-31,2021-10-31,1,1,1,2021-10-31
S4,OKB,True,complete monthly PIT top-100 asset-month,2021-11-30,2021-11-30,1,1,1,2021-11-30
S4,OKB,True,complete monthly PIT top-100 asset-month,2021-12-31,2021-12-31,1,1,1,2021-12-31
S4,OKB,True,complete monthly PIT top-100 asset-month,2022-01-31,2022-01-31,1,1,1,2022-01-31
S4,OKB,True,complete monthly PIT top-100 asset-month,2022-02-28,2022-02-28,1,1,1,2022-02-28
S4,OKB,True,complete monthly PIT top-100 asset-month,2022-03-31,2022-03-31,1,1,1,2022-03-31
S4,OKB,True,complete monthly PIT top-100 asset-month,2022-04-30,2022-04-30,1,1,1,2022-04-30
S4,OKB,True,complete monthly PIT top-100 asset-month,2022-05-31,2022-05-31,1,1,1,2022-05-31
S4,OKB,True,complete monthly PIT top-100 asset-month,2022-06-30,2022-06-30,1,1,1,2022-06-30
S4,OKB,True,complete monthly PIT top-100 asset-month,2022-07-31,2022-07-31,1,1,1,2022-07-31
S4,OKB,True,complete monthly PIT top-100 asset-month,2022-08-31,2022-08-31,1,1,1,2022-08-31
S4,OKB,True,complete monthly PIT top-100 asset-month,2022-09-30,2022-09-30,1,1,1,2022-09-30
S4,OKB,True,complete monthly PIT top-100 asset-month,2022-10-31,2022-10-31,1,1,1,2022-10-31
S4,OKB,True,complete monthly PIT top-100 asset-month,2022-11-30,2022-11-30,1,1,1,2022-11-30
S4,OKB,True,complete monthly PIT top-100 asset-month,2022-12-31,2022-12-31,1,1,1,2022-12-31
S4,OKB,True,complete monthly PIT top-100 asset-month,2023-01-31,2023-01-31,1,1,1,2023-01-31
S4,OKB,True,complete monthly PIT top-100 asset-month,2023-02-28,2023-02-28,1,1,1,2023-02-28
S4,OKB,True,complete monthly PIT top-100 asset-month,2023-03-31,2023-03-31,1,1,1,2023-03-31
S4,OKB,True,complete monthly PIT top-100 asset-month,2023-04-30,2023-04-30,1,1,1,2023-04-30
S4,OKB,True,complete monthly PIT top-100 asset-month,2023-05-31,2023-05-31,1,1,1,2023-05-31
S4,OKB,True,complete monthly PIT top-100 asset-month,2023-06-30,2023-06-30,1,1,1,2023-06-30
S4,OKB,True,complete monthly PIT top-100 asset-month,2023-07-31,2023-07-31,1,1,1,2023-07-31
S4,OKB,True,complete monthly PIT top-100 asset-month,2023-08-31,2023-08-31,1,1,1,2023-08-31
S4,OKB,True,complete monthly PIT top-100 asset-month,2023-09-30,2023-09-30,1,1,1,2023-09-30
S4,OKB,True,complete monthly PIT top-100 asset-month,2023-10-31,2023-10-31,1,1,1,2023-10-31
S4,OKB,True,complete monthly PIT top-100 asset-month,2023-11-30,2023-11-30,1,1,1,2023-11-30
S4,OKB,True,complete monthly PIT top-100 asset-month,2023-12-31,2023-12-31,1,1,1,2023-12-31
S4,OKB,True,complete monthly PIT top-100 asset-month,2024-01-31,2024-01-31,1,1,1,2024-01-31
S4,OKB,True,complete monthly PIT top-100 asset-month,2024-02-29,2024-02-29,1,1,1,2024-02-29
S4,OKB,True,complete monthly PIT top-100 asset-month,2024-03-31,2024-03-31,1,1,1,2024-03-31
S4,OKB,True,complete monthly PIT top-100 asset-month,2024-04-30,2024-04-30,1,1,1,2024-04-30
S4,OKB,True,complete monthly PIT top-100 asset-month,2024-05-31,2024-05-31,1,1,1,2024-05-31
S4,OKB,True,complete monthly PIT top-100 asset-month,2024-06-30,2024-06-30,1,1,1,2024-06-30
S4,OKB,True,complete monthly PIT top-100 asset-month,2024-07-31,2024-07-31,1,1,1,2024-07-31
S4,OKB,True,complete monthly PIT top-100 asset-month,2024-08-31,2024-08-31,1,1,1,2024-08-31
S4,OKB,True,complete monthly PIT top-100 asset-month,2024-09-30,2024-09-30,1,1,1,2024-09-30
S4,OKB,True,complete monthly PIT top-100 asset-month,2024-10-31,2024-10-31,1,1,1,2024-10-31
S4,OKB,True,complete monthly PIT top-100 asset-month,2024-11-30,2024-11-30,1,1,1,2024-11-30
S4,OKB,True,complete monthly PIT top-100 asset-month,2024-12-31,2024-12-31,1,1,1,2024-12-31
S4,OKB,True,complete monthly PIT top-100 asset-month,2025-01-31,2025-01-31,1,1,1,2025-01-31
S4,OKB,True,complete monthly PIT top-100 asset-month,2025-02-28,2025-02-28,1,1,1,2025-02-28
S4,OKB,True,complete monthly PIT top-100 asset-month,2025-03-31,2025-03-31,1,1,1,2025-03-31
S4,OKB,True,complete monthly PIT top-100 asset-month,2025-04-30,2025-04-30,1,1,1,2025-04-30
S4,OKB,True,complete monthly PIT top-100 asset-month,2025-05-31,2025-05-31,1,1,1,2025-05-31
S4,OKB,True,complete monthly PIT top-100 asset-month,2025-06-30,2025-06-30,1,1,1,2025-06-30
S4,OKB,True,complete monthly PIT top-100 asset-month,2025-07-31,2025-07-31,1,1,1,2025-07-31
S4,OKB,True,complete monthly PIT top-100 asset-month,2025-08-31,2025-08-31,1,1,1,2025-08-31
S4,OKB,True,complete monthly PIT top-100 asset-month,2025-09-30,2025-09-30,1,1,1,2025-09-30
S4,OKB,True,complete monthly PIT top-100 asset-month,2025-10-31,2025-10-31,1,1,1,2025-10-31
S4,OKB,True,complete monthly PIT top-100 asset-month,2025-11-30,2025-11-30,1,1,1,2025-11-30
S4,OKB,True,complete monthly PIT top-100 asset-month,2025-12-31,2025-12-31,1,1,1,2025-12-31
S4,OKB,True,complete monthly PIT top-100 asset-month,2026-01-31,2026-01-31,1,1,1,2026-01-31
S4,OKB,True,complete monthly PIT top-100 asset-month,2026-02-28,2026-02-28,1,1,1,2026-02-28
S4,OKB,True,complete monthly PIT top-100 asset-month,2026-03-31,2026-03-31,1,1,1,2026-03-31
S4,OKB,True,complete monthly PIT top-100 asset-month,2026-04-30,2026-04-30,1,1,1,2026-04-30
S4,OKB,True,complete monthly PIT top-100 asset-month,2026-05-31,2026-05-31,1,1,1,2026-05-31
S4,OKT,True,complete monthly PIT top-100 asset-month,2022-12-31,2022-12-31,1,1,1,2022-12-31
S4,OKT,True,complete monthly PIT top-100 asset-month,2023-01-31,2023-01-31,1,1,1,2023-01-31
S4,OKT,True,complete monthly PIT top-100 asset-month,2023-02-28,2023-02-28,1,1,1,2023-02-28
S4,OM,True,complete monthly PIT top-100 asset-month,2024-07-31,2024-07-31,1,1,1,2024-07-31
S4,OM,True,complete monthly PIT top-100 asset-month,2024-08-31,2024-08-31,1,1,1,2024-08-31
S4,OM,True,complete monthly PIT top-100 asset-month,2024-09-30,2024-09-30,1,1,1,2024-09-30
S4,OM,True,complete monthly PIT top-100 asset-month,2024-10-31,2024-10-31,1,1,1,2024-10-31
S4,OM,True,complete monthly PIT top-100 asset-month,2024-11-30,2024-11-30,1,1,1,2024-11-30
S4,OM,True,complete monthly PIT top-100 asset-month,2024-12-31,2024-12-31,1,1,1,2024-12-31
S4,OM,True,complete monthly PIT top-100 asset-month,2025-01-31,2025-01-31,1,1,1,2025-01-31
S4,OM,True,complete monthly PIT top-100 asset-month,2025-02-28,2025-02-28,1,1,1,2025-02-28
S4,OM,True,complete monthly PIT top-100 asset-month,2025-03-31,2025-03-31,1,1,1,2025-03-31
S4,OMG,True,complete monthly PIT top-100 asset-month,2020-01-31,2020-01-31,1,1,1,2020-01-31
S4,OMG,True,complete monthly PIT top-100 asset-month,2020-02-29,2020-02-29,1,1,1,2020-02-29
S4,OMG,True,complete monthly PIT top-100 asset-month,2020-03-31,2020-03-31,1,1,1,2020-03-31
S4,OMG,True,complete monthly PIT top-100 asset-month,2020-04-30,2020-04-30,1,1,1,2020-04-30
S4,OMG,True,complete monthly PIT top-100 asset-month,2020-05-31,2020-05-31,1,1,1,2020-05-31
S4,OMG,True,complete monthly PIT top-100 asset-month,2020-06-30,2020-06-30,1,1,1,2020-06-30
S4,OMG,True,complete monthly PIT top-100 asset-month,2020-07-31,2020-07-31,1,1,1,2020-07-31
S4,OMG,True,complete monthly PIT top-100 asset-month,2020-08-31,2020-08-31,1,1,1,2020-08-31
S4,OMG,True,complete monthly PIT top-100 asset-month,2020-09-30,2020-09-30,1,1,1,2020-09-30
S4,OMG,True,complete monthly PIT top-100 asset-month,2020-10-31,2020-10-31,1,1,1,2020-10-31
S4,OMG,True,complete monthly PIT top-100 asset-month,2020-11-30,2020-11-30,1,1,1,2020-11-30
S4,OMG,True,complete monthly PIT top-100 asset-month,2020-12-31,2020-12-31,1,1,1,2020-12-31
S4,OMG,True,complete monthly PIT top-100 asset-month,2021-01-31,2021-01-31,1,1,1,2021-01-31
S4,OMG,True,complete monthly PIT top-100 asset-month,2021-02-28,2021-02-28,1,1,1,2021-02-28
S4,OMG,True,complete monthly PIT top-100 asset-month,2021-03-31,2021-03-31,1,1,1,2021-03-31
S4,OMG,True,complete monthly PIT top-100 asset-month,2021-05-31,2021-05-31,1,1,1,2021-05-31
S4,OMG,True,complete monthly PIT top-100 asset-month,2021-06-30,2021-06-30,1,1,1,2021-06-30
S4,OMG,True,complete monthly PIT top-100 asset-month,2021-09-30,2021-09-30,1,1,1,2021-09-30
S4,OMG,True,complete monthly PIT top-100 asset-month,2021-10-31,2021-10-31,1,1,1,2021-10-31
S4,OMI,True,complete monthly PIT top-100 asset-month,2021-03-31,2021-03-31,1,1,1,2021-03-31
S4,OMI,True,complete monthly PIT top-100 asset-month,2021-09-30,2021-09-30,1,1,1,2021-09-30
S4,OMI,True,complete monthly PIT top-100 asset-month,2021-10-31,2021-10-31,1,1,1,2021-10-31
S4,OMI,True,complete monthly PIT top-100 asset-month,2021-12-31,2021-12-31,1,1,1,2021-12-31
S4,OMI,True,complete monthly PIT top-100 asset-month,2022-01-31,2022-01-31,1,1,1,2022-01-31
S4,OMI,True,complete monthly PIT top-100 asset-month,2022-02-28,2022-02-28,1,1,1,2022-02-28
S4,OMI,True,complete monthly PIT top-100 asset-month,2022-07-31,2022-07-31,1,1,1,2022-07-31
S4,ONDO,True,complete monthly PIT top-100 asset-month,2024-03-31,2024-03-31,1,1,1,2024-03-31
S4,ONDO,True,complete monthly PIT top-100 asset-month,2024-04-30,2024-04-30,1,1,1,2024-04-30
S4,ONDO,True,complete monthly PIT top-100 asset-month,2024-05-31,2024-05-31,1,1,1,2024-05-31
S4,ONDO,True,complete monthly PIT top-100 asset-month,2024-06-30,2024-06-30,1,1,1,2024-06-30
S4,ONDO,True,complete monthly PIT top-100 asset-month,2024-07-31,2024-07-31,1,1,1,2024-07-31
S4,ONDO,True,complete monthly PIT top-100 asset-month,2024-08-31,2024-08-31,1,1,1,2024-08-31
S4,ONDO,True,complete monthly PIT top-100 asset-month,2024-09-30,2024-09-30,1,1,1,2024-09-30
S4,ONDO,True,complete monthly PIT top-100 asset-month,2024-10-31,2024-10-31,1,1,1,2024-10-31
S4,ONDO,True,complete monthly PIT top-100 asset-month,2024-11-30,2024-11-30,1,1,1,2024-11-30
S4,ONDO,True,complete monthly PIT top-100 asset-month,2024-12-31,2024-12-31,1,1,1,2024-12-31
S4,ONDO,True,complete monthly PIT top-100 asset-month,2025-01-31,2025-01-31,1,1,1,2025-01-31
S4,ONDO,True,complete monthly PIT top-100 asset-month,2025-02-28,2025-02-28,1,1,1,2025-02-28
S4,ONDO,True,complete monthly PIT top-100 asset-month,2025-03-31,2025-03-31,1,1,1,2025-03-31
S4,ONDO,True,complete monthly PIT top-100 asset-month,2025-04-30,2025-04-30,1,1,1,2025-04-30
S4,ONDO,True,complete monthly PIT top-100 asset-month,2025-05-31,2025-05-31,1,1,1,2025-05-31
S4,ONDO,True,complete monthly PIT top-100 asset-month,2025-06-30,2025-06-30,1,1,1,2025-06-30
S4,ONDO,True,complete monthly PIT top-100 asset-month,2025-07-31,2025-07-31,1,1,1,2025-07-31
S4,ONDO,True,complete monthly PIT top-100 asset-month,2025-08-31,2025-08-31,1,1,1,2025-08-31
S4,ONDO,True,complete monthly PIT top-100 asset-month,2025-09-30,2025-09-30,1,1,1,2025-09-30
S4,ONDO,True,complete monthly PIT top-100 asset-month,2025-10-31,2025-10-31,1,1,1,2025-10-31
S4,ONDO,True,complete monthly PIT top-100 asset-month,2025-11-30,2025-11-30,1,1,1,2025-11-30
S4,ONDO,True,complete monthly PIT top-100 asset-month,2025-12-31,2025-12-31,1,1,1,2025-12-31
S4,ONDO,True,complete monthly PIT top-100 asset-month,2026-01-31,2026-01-31,1,1,1,2026-01-31
S4,ONDO,True,complete monthly PIT top-100 asset-month,2026-02-28,2026-02-28,1,1,1,2026-02-28
S4,ONDO,True,complete monthly PIT top-100 asset-month,2026-03-31,2026-03-31,1,1,1,2026-03-31
S4,ONDO,True,complete monthly PIT top-100 asset-month,2026-04-30,2026-04-30,1,1,1,2026-04-30
S4,ONDO,True,complete monthly PIT top-100 asset-month,2026-05-31,2026-05-31,1,1,1,2026-05-31
S4,ONE,True,complete monthly PIT top-100 asset-month,2021-03-31,2021-03-31,1,1,1,2021-03-31
S4,ONE,True,complete monthly PIT top-100 asset-month,2021-04-30,2021-04-30,1,1,1,2021-04-30
S4,ONE,True,complete monthly PIT top-100 asset-month,2021-05-31,2021-05-31,1,1,1,2021-05-31
S4,ONE,True,complete monthly PIT top-100 asset-month,2021-06-30,2021-06-30,1,1,1,2021-06-30
S4,ONE,True,complete monthly PIT top-100 asset-month,2021-07-31,2021-07-31,1,1,1,2021-07-31
S4,ONE,True,complete monthly PIT top-100 asset-month,2021-08-31,2021-08-31,1,1,1,2021-08-31
S4,ONE,True,complete monthly PIT top-100 asset-month,2021-09-30,2021-09-30,1,1,1,2021-09-30
S4,ONE,True,complete monthly PIT top-100 asset-month,2021-10-31,2021-10-31,1,1,1,2021-10-31
S4,ONE,True,complete monthly PIT top-100 asset-month,2021-11-30,2021-11-30,1,1,1,2021-11-30
S4,ONE,True,complete monthly PIT top-100 asset-month,2021-12-31,2021-12-31,1,1,1,2021-12-31
S4,ONE,True,complete monthly PIT top-100 asset-month,2022-01-31,2022-01-31,1,1,1,2022-01-31
S4,ONE,True,complete monthly PIT top-100 asset-month,2022-02-28,2022-02-28,1,1,1,2022-02-28
S4,ONE,True,complete monthly PIT top-100 asset-month,2022-03-31,2022-03-31,1,1,1,2022-03-31
S4,ONE,True,complete monthly PIT top-100 asset-month,2022-04-30,2022-04-30,1,1,1,2022-04-30
S4,ONE,True,complete monthly PIT top-100 asset-month,2022-05-31,2022-05-31,1,1,1,2022-05-31
S4,ONT,True,complete monthly PIT top-100 asset-month,2020-01-31,2020-01-31,1,1,1,2020-01-31
S4,ONT,True,complete monthly PIT top-100 asset-month,2020-02-29,2020-02-29,1,1,1,2020-02-29
S4,ONT,True,complete monthly PIT top-100 asset-month,2020-03-31,2020-03-31,1,1,1,2020-03-31
S4,ONT,True,complete monthly PIT top-100 asset-month,2020-04-30,2020-04-30,1,1,1,2020-04-30
S4,ONT,True,complete monthly PIT top-100 asset-month,2020-05-31,2020-05-31,1,1,1,2020-05-31
S4,ONT,True,complete monthly PIT top-100 asset-month,2020-06-30,2020-06-30,1,1,1,2020-06-30
S4,ONT,True,complete monthly PIT top-100 asset-month,2020-07-31,2020-07-31,1,1,1,2020-07-31
S4,ONT,True,complete monthly PIT top-100 asset-month,2020-08-31,2020-08-31,1,1,1,2020-08-31
S4,ONT,True,complete monthly PIT top-100 asset-month,2020-09-30,2020-09-30,1,1,1,2020-09-30
S4,ONT,True,complete monthly PIT top-100 asset-month,2020-10-31,2020-10-31,1,1,1,2020-10-31
S4,ONT,True,complete monthly PIT top-100 asset-month,2020-11-30,2020-11-30,1,1,1,2020-11-30
S4,ONT,True,complete monthly PIT top-100 asset-month,2020-12-31,2020-12-31,1,1,1,2020-12-31
S4,ONT,True,complete monthly PIT top-100 asset-month,2021-01-31,2021-01-31,1,1,1,2021-01-31
S4,ONT,True,complete monthly PIT top-100 asset-month,2021-02-28,2021-02-28,1,1,1,2021-02-28
S4,ONT,True,complete monthly PIT top-100 asset-month,2021-03-31,2021-03-31,1,1,1,2021-03-31
S4,ONT,True,complete monthly PIT top-100 asset-month,2021-04-30,2021-04-30,1,1,1,2021-04-30
S4,ONT,True,complete monthly PIT top-100 asset-month,2021-05-31,2021-05-31,1,1,1,2021-05-31
S4,ONT,True,complete monthly PIT top-100 asset-month,2021-06-30,2021-06-30,1,1,1,2021-06-30
S4,ONT,True,complete monthly PIT top-100 asset-month,2021-07-31,2021-07-31,1,1,1,2021-07-31
S4,OP,True,complete monthly PIT top-100 asset-month,2023-01-31,2023-01-31,1,1,1,2023-01-31
S4,OP,True,complete monthly PIT top-100 asset-month,2023-02-28,2023-02-28,1,1,1,2023-02-28
S4,OP,True,complete monthly PIT top-100 asset-month,2023-03-31,2023-03-31,1,1,1,2023-03-31
S4,OP,True,complete monthly PIT top-100 asset-month,2023-04-30,2023-04-30,1,1,1,2023-04-30
S4,OP,True,complete monthly PIT top-100 asset-month,2023-05-31,2023-05-31,1,1,1,2023-05-31
S4,OP,True,complete monthly PIT top-100 asset-month,2023-06-30,2023-06-30,1,1,1,2023-06-30
S4,OP,True,complete monthly PIT top-100 asset-month,2023-07-31,2023-07-31,1,1,1,2023-07-31
S4,OP,True,complete monthly PIT top-100 asset-month,2023-08-31,2023-08-31,1,1,1,2023-08-31
S4,OP,True,complete monthly PIT top-100 asset-month,2023-09-30,2023-09-30,1,1,1,2023-09-30
S4,OP,True,complete monthly PIT top-100 asset-month,2023-10-31,2023-10-31,1,1,1,2023-10-31
S4,OP,True,complete monthly PIT top-100 asset-month,2023-11-30,2023-11-30,1,1,1,2023-11-30
S4,OP,True,complete monthly PIT top-100 asset-month,2023-12-31,2023-12-31,1,1,1,2023-12-31
S4,OP,True,complete monthly PIT top-100 asset-month,2024-01-31,2024-01-31,1,1,1,2024-01-31
S4,OP,True,complete monthly PIT top-100 asset-month,2024-02-29,2024-02-29,1,1,1,2024-02-29
S4,OP,True,complete monthly PIT top-100 asset-month,2024-03-31,2024-03-31,1,1,1,2024-03-31
S4,OP,True,complete monthly PIT top-100 asset-month,2024-04-30,2024-04-30,1,1,1,2024-04-30
S4,OP,True,complete monthly PIT top-100 asset-month,2024-05-31,2024-05-31,1,1,1,2024-05-31
S4,OP,True,complete monthly PIT top-100 asset-month,2024-06-30,2024-06-30,1,1,1,2024-06-30
S4,OP,True,complete monthly PIT top-100 asset-month,2024-07-31,2024-07-31,1,1,1,2024-07-31
S4,OP,True,complete monthly PIT top-100 asset-month,2024-08-31,2024-08-31,1,1,1,2024-08-31
S4,OP,True,complete monthly PIT top-100 asset-month,2024-09-30,2024-09-30,1,1,1,2024-09-30
S4,OP,True,complete monthly PIT top-100 asset-month,2024-10-31,2024-10-31,1,1,1,2024-10-31
S4,OP,True,complete monthly PIT top-100 asset-month,2024-11-30,2024-11-30,1,1,1,2024-11-30
S4,OP,True,complete monthly PIT top-100 asset-month,2024-12-31,2024-12-31,1,1,1,2024-12-31
S4,OP,True,complete monthly PIT top-100 asset-month,2025-01-31,2025-01-31,1,1,1,2025-01-31
S4,OP,True,complete monthly PIT top-100 asset-month,2025-02-28,2025-02-28,1,1,1,2025-02-28
S4,OP,True,complete monthly PIT top-100 asset-month,2025-03-31,2025-03-31,1,1,1,2025-03-31
S4,OP,True,complete monthly PIT top-100 asset-month,2025-04-30,2025-04-30,1,1,1,2025-04-30
S4,OP,True,complete monthly PIT top-100 asset-month,2025-05-31,2025-05-31,1,1,1,2025-05-31
S4,OP,True,complete monthly PIT top-100 asset-month,2025-06-30,2025-06-30,1,1,1,2025-06-30
S4,OP,True,complete monthly PIT top-100 asset-month,2025-07-31,2025-07-31,1,1,1,2025-07-31
S4,OP,True,complete monthly PIT top-100 asset-month,2025-08-31,2025-08-31,1,1,1,2025-08-31
S4,ORDI,True,complete monthly PIT top-100 asset-month,2023-12-31,2023-12-31,1,1,1,2023-12-31
S4,ORDI,True,complete monthly PIT top-100 asset-month,2024-01-31,2024-01-31,1,1,1,2024-01-31
S4,ORDI,True,complete monthly PIT top-100 asset-month,2024-02-29,2024-02-29,1,1,1,2024-02-29
S4,ORDI,True,complete monthly PIT top-100 asset-month,2024-03-31,2024-03-31,1,1,1,2024-03-31
S4,ORDI,True,complete monthly PIT top-100 asset-month,2024-05-31,2024-05-31,1,1,1,2024-05-31
S4,ORDI,True,complete monthly PIT top-100 asset-month,2024-06-30,2024-06-30,1,1,1,2024-06-30
S4,ORDI,True,complete monthly PIT top-100 asset-month,2024-07-31,2024-07-31,1,1,1,2024-07-31
S4,ORDI,True,complete monthly PIT top-100 asset-month,2024-09-30,2024-09-30,1,1,1,2024-09-30
S4,OSETH,True,complete monthly PIT top-100 asset-month,2025-07-31,2025-07-31,1,1,1,2025-07-31
S4,OSETH,True,complete monthly PIT top-100 asset-month,2025-08-31,2025-08-31,1,1,1,2025-08-31
S4,OSETH,True,complete monthly PIT top-100 asset-month,2025-09-30,2025-09-30,1,1,1,2025-09-30
S4,OSETH,True,complete monthly PIT top-100 asset-month,2025-10-31,2025-10-31,1,1,1,2025-10-31
S4,OSMO,True,complete monthly PIT top-100 asset-month,2021-09-30,2021-09-30,1,1,1,2021-09-30
S4,OSMO,True,complete monthly PIT top-100 asset-month,2021-12-31,2021-12-31,1,1,1,2021-12-31
S4,OSMO,True,complete monthly PIT top-100 asset-month,2022-01-31,2022-01-31,1,1,1,2022-01-31
S4,OSMO,True,complete monthly PIT top-100 asset-month,2022-02-28,2022-02-28,1,1,1,2022-02-28
S4,OSMO,True,complete monthly PIT top-100 asset-month,2022-03-31,2022-03-31,1,1,1,2022-03-31
S4,OSMO,True,complete monthly PIT top-100 asset-month,2022-04-30,2022-04-30,1,1,1,2022-04-30
S4,OSMO,True,complete monthly PIT top-100 asset-month,2022-05-31,2022-05-31,1,1,1,2022-05-31
S4,OSMO,True,complete monthly PIT top-100 asset-month,2022-08-31,2022-08-31,1,1,1,2022-08-31
S4,OSMO,True,complete monthly PIT top-100 asset-month,2022-09-30,2022-09-30,1,1,1,2022-09-30
S4,OSMO,True,complete monthly PIT top-100 asset-month,2022-10-31,2022-10-31,1,1,1,2022-10-31
S4,OSMO,True,complete monthly PIT top-100 asset-month,2022-11-30,2022-11-30,1,1,1,2022-11-30
S4,OSMO,True,complete monthly PIT top-100 asset-month,2022-12-31,2022-12-31,1,1,1,2022-12-31
S4,OSMO,True,complete monthly PIT top-100 asset-month,2023-01-31,2023-01-31,1,1,1,2023-01-31
S4,OSMO,True,complete monthly PIT top-100 asset-month,2023-02-28,2023-02-28,1,1,1,2023-02-28
S4,OSMO,True,complete monthly PIT top-100 asset-month,2023-03-31,2023-03-31,1,1,1,2023-03-31
S4,OSMO,True,complete monthly PIT top-100 asset-month,2023-04-30,2023-04-30,1,1,1,2023-04-30
S4,OSMO,True,complete monthly PIT top-100 asset-month,2023-12-31,2023-12-31,1,1,1,2023-12-31
S4,OSMO,True,complete monthly PIT top-100 asset-month,2024-01-31,2024-01-31,1,1,1,2024-01-31
S4,OSMO,True,complete monthly PIT top-100 asset-month,2024-02-29,2024-02-29,1,1,1,2024-02-29
S4,PAXG,True,complete monthly PIT top-100 asset-month,2022-05-31,2022-05-31,1,1,1,2022-05-31
S4,PAXG,True,complete monthly PIT top-100 asset-month,2022-06-30,2022-06-30,1,1,1,2022-06-30
S4,PAXG,True,complete monthly PIT top-100 asset-month,2022-07-31,2022-07-31,1,1,1,2022-07-31
S4,PAXG,True,complete monthly PIT top-100 asset-month,2022-08-31,2022-08-31,1,1,1,2022-08-31
S4,PAXG,True,complete monthly PIT top-100 asset-month,2022-09-30,2022-09-30,1,1,1,2022-09-30
S4,PAXG,True,complete monthly PIT top-100 asset-month,2022-10-31,2022-10-31,1,1,1,2022-10-31
S4,PAXG,True,complete monthly PIT top-100 asset-month,2022-11-30,2022-11-30,1,1,1,2022-11-30
S4,PAXG,True,complete monthly PIT top-100 asset-month,2022-12-31,2022-12-31,1,1,1,2022-12-31
S4,PAXG,True,complete monthly PIT top-100 asset-month,2023-01-31,2023-01-31,1,1,1,2023-01-31
S4,PAXG,True,complete monthly PIT top-100 asset-month,2023-03-31,2023-03-31,1,1,1,2023-03-31
S4,PAXG,True,complete monthly PIT top-100 asset-month,2023-04-30,2023-04-30,1,1,1,2023-04-30
S4,PAXG,True,complete monthly PIT top-100 asset-month,2023-05-31,2023-05-31,1,1,1,2023-05-31
S4,PAXG,True,complete monthly PIT top-100 asset-month,2023-06-30,2023-06-30,1,1,1,2023-06-30
S4,PAXG,True,complete monthly PIT top-100 asset-month,2023-07-31,2023-07-31,1,1,1,2023-07-31
S4,PAXG,True,complete monthly PIT top-100 asset-month,2023-08-31,2023-08-31,1,1,1,2023-08-31
S4,PAXG,True,complete monthly PIT top-100 asset-month,2023-09-30,2023-09-30,1,1,1,2023-09-30
S4,PAXG,True,complete monthly PIT top-100 asset-month,2023-10-31,2023-10-31,1,1,1,2023-10-31
S4,PAXG,True,complete monthly PIT top-100 asset-month,2025-10-31,2025-10-31,1,1,1,2025-10-31
S4,PAXG,True,complete monthly PIT top-100 asset-month,2025-11-30,2025-11-30,1,1,1,2025-11-30
S4,PAXG,True,complete monthly PIT top-100 asset-month,2025-12-31,2025-12-31,1,1,1,2025-12-31
S4,PAXG,True,complete monthly PIT top-100 asset-month,2026-01-31,2026-01-31,1,1,1,2026-01-31
S4,PAXG,True,complete monthly PIT top-100 asset-month,2026-02-28,2026-02-28,1,1,1,2026-02-28
S4,PAXG,True,complete monthly PIT top-100 asset-month,2026-03-31,2026-03-31,1,1,1,2026-03-31
S4,PAXG,True,complete monthly PIT top-100 asset-month,2026-04-30,2026-04-30,1,1,1,2026-04-30
S4,PAXG,True,complete monthly PIT top-100 asset-month,2026-05-31,2026-05-31,1,1,1,2026-05-31
S4,PENDLE,True,complete monthly PIT top-100 asset-month,2024-06-30,2024-06-30,1,1,1,2024-06-30
S4,PENGU,True,complete monthly PIT top-100 asset-month,2024-12-31,2024-12-31,1,1,1,2024-12-31
S4,PENGU,True,complete monthly PIT top-100 asset-month,2025-07-31,2025-07-31,1,1,1,2025-07-31
S4,PENGU,True,complete monthly PIT top-100 asset-month,2025-08-31,2025-08-31,1,1,1,2025-08-31
S4,PENGU,True,complete monthly PIT top-100 asset-month,2025-09-30,2025-09-30,1,1,1,2025-09-30
S4,PENGU,True,complete monthly PIT top-100 asset-month,2025-10-31,2025-10-31,1,1,1,2025-10-31
S4,PEPE,True,complete monthly PIT top-100 asset-month,2023-05-31,2023-05-31,1,1,1,2023-05-31
S4,PEPE,True,complete monthly PIT top-100 asset-month,2023-06-30,2023-06-30,1,1,1,2023-06-30
S4,PEPE,True,complete monthly PIT top-100 asset-month,2023-07-31,2023-07-31,1,1,1,2023-07-31
S4,PEPE,True,complete monthly PIT top-100 asset-month,2023-08-31,2023-08-31,1,1,1,2023-08-31
S4,PEPE,True,complete monthly PIT top-100 asset-month,2023-10-31,2023-10-31,1,1,1,2023-10-31
S4,PEPE,True,complete monthly PIT top-100 asset-month,2024-02-29,2024-02-29,1,1,1,2024-02-29
S4,PEPE,True,complete monthly PIT top-100 asset-month,2024-03-31,2024-03-31,1,1,1,2024-03-31
S4,PEPE,True,complete monthly PIT top-100 asset-month,2024-04-30,2024-04-30,1,1,1,2024-04-30
S4,PEPE,True,complete monthly PIT top-100 asset-month,2024-05-31,2024-05-31,1,1,1,2024-05-31
S4,PEPE,True,complete monthly PIT top-100 asset-month,2024-06-30,2024-06-30,1,1,1,2024-06-30
S4,PEPE,True,complete monthly PIT top-100 asset-month,2024-07-31,2024-07-31,1,1,1,2024-07-31
S4,PEPE,True,complete monthly PIT top-100 asset-month,2024-08-31,2024-08-31,1,1,1,2024-08-31
S4,PEPE,True,complete monthly PIT top-100 asset-month,2024-09-30,2024-09-30,1,1,1,2024-09-30
S4,PEPE,True,complete monthly PIT top-100 asset-month,2024-10-31,2024-10-31,1,1,1,2024-10-31
S4,PEPE,True,complete monthly PIT top-100 asset-month,2024-11-30,2024-11-30,1,1,1,2024-11-30
S4,PEPE,True,complete monthly PIT top-100 asset-month,2024-12-31,2024-12-31,1,1,1,2024-12-31
S4,PEPE,True,complete monthly PIT top-100 asset-month,2025-01-31,2025-01-31,1,1,1,2025-01-31
S4,PEPE,True,complete monthly PIT top-100 asset-month,2025-02-28,2025-02-28,1,1,1,2025-02-28
S4,PEPE,True,complete monthly PIT top-100 asset-month,2025-03-31,2025-03-31,1,1,1,2025-03-31
S4,PEPE,True,complete monthly PIT top-100 asset-month,2025-04-30,2025-04-30,1,1,1,2025-04-30
S4,PEPE,True,complete monthly PIT top-100 asset-month,2025-05-31,2025-05-31,1,1,1,2025-05-31
S4,PEPE,True,complete monthly PIT top-100 asset-month,2025-06-30,2025-06-30,1,1,1,2025-06-30
S4,PEPE,True,complete monthly PIT top-100 asset-month,2025-07-31,2025-07-31,1,1,1,2025-07-31
S4,PEPE,True,complete monthly PIT top-100 asset-month,2025-08-31,2025-08-31,1,1,1,2025-08-31
S4,PEPE,True,complete monthly PIT top-100 asset-month,2025-09-30,2025-09-30,1,1,1,2025-09-30
S4,PEPE,True,complete monthly PIT top-100 asset-month,2025-10-31,2025-10-31,1,1,1,2025-10-31
S4,PEPE,True,complete monthly PIT top-100 asset-month,2025-11-30,2025-11-30,1,1,1,2025-11-30
S4,PEPE,True,complete monthly PIT top-100 asset-month,2025-12-31,2025-12-31,1,1,1,2025-12-31
S4,PEPE,True,complete monthly PIT top-100 asset-month,2026-01-31,2026-01-31,1,1,1,2026-01-31
S4,PEPE,True,complete monthly PIT top-100 asset-month,2026-02-28,2026-02-28,1,1,1,2026-02-28
S4,PEPE,True,complete monthly PIT top-100 asset-month,2026-03-31,2026-03-31,1,1,1,2026-03-31
S4,PEPE,True,complete monthly PIT top-100 asset-month,2026-04-30,2026-04-30,1,1,1,2026-04-30
S4,PEPE,True,complete monthly PIT top-100 asset-month,2026-05-31,2026-05-31,1,1,1,2026-05-31
S4,PERP,True,complete monthly PIT top-100 asset-month,2021-08-31,2021-08-31,1,1,1,2021-08-31
S4,PI,True,complete monthly PIT top-100 asset-month,2025-03-31,2025-03-31,1,1,1,2025-03-31
S4,PI,True,complete monthly PIT top-100 asset-month,2025-04-30,2025-04-30,1,1,1,2025-04-30
S4,PI,True,complete monthly PIT top-100 asset-month,2025-05-31,2025-05-31,1,1,1,2025-05-31
S4,PI,True,complete monthly PIT top-100 asset-month,2025-06-30,2025-06-30,1,1,1,2025-06-30
S4,PI,True,complete monthly PIT top-100 asset-month,2025-07-31,2025-07-31,1,1,1,2025-07-31
S4,PI,True,complete monthly PIT top-100 asset-month,2025-08-31,2025-08-31,1,1,1,2025-08-31
S4,PI,True,complete monthly PIT top-100 asset-month,2025-09-30,2025-09-30,1,1,1,2025-09-30
S4,PI,True,complete monthly PIT top-100 asset-month,2025-10-31,2025-10-31,1,1,1,2025-10-31
S4,PI,True,complete monthly PIT top-100 asset-month,2025-11-30,2025-11-30,1,1,1,2025-11-30
S4,PI,True,complete monthly PIT top-100 asset-month,2025-12-31,2025-12-31,1,1,1,2025-12-31
S4,PI,True,complete monthly PIT top-100 asset-month,2026-01-31,2026-01-31,1,1,1,2026-01-31
S4,PI,True,complete monthly PIT top-100 asset-month,2026-02-28,2026-02-28,1,1,1,2026-02-28
S4,PI,True,complete monthly PIT top-100 asset-month,2026-03-31,2026-03-31,1,1,1,2026-03-31
S4,PI,True,complete monthly PIT top-100 asset-month,2026-04-30,2026-04-30,1,1,1,2026-04-30
S4,PI,True,complete monthly PIT top-100 asset-month,2026-05-31,2026-05-31,1,1,1,2026-05-31
S4,POKT,True,complete monthly PIT top-100 asset-month,2022-01-31,2022-01-31,1,1,1,2022-01-31
S4,POL,True,complete monthly PIT top-100 asset-month,2024-09-30,2024-09-30,1,1,1,2024-09-30
S4,POL,True,complete monthly PIT top-100 asset-month,2024-10-31,2024-10-31,1,1,1,2024-10-31
S4,POL,True,complete monthly PIT top-100 asset-month,2024-11-30,2024-11-30,1,1,1,2024-11-30
S4,POL,True,complete monthly PIT top-100 asset-month,2024-12-31,2024-12-31,1,1,1,2024-12-31
S4,POL,True,complete monthly PIT top-100 asset-month,2025-01-31,2025-01-31,1,1,1,2025-01-31
S4,POL,True,complete monthly PIT top-100 asset-month,2025-02-28,2025-02-28,1,1,1,2025-02-28
S4,POL,True,complete monthly PIT top-100 asset-month,2025-03-31,2025-03-31,1,1,1,2025-03-31
S4,POL,True,complete monthly PIT top-100 asset-month,2025-04-30,2025-04-30,1,1,1,2025-04-30
S4,POL,True,complete monthly PIT top-100 asset-month,2025-05-31,2025-05-31,1,1,1,2025-05-31
S4,POL,True,complete monthly PIT top-100 asset-month,2025-06-30,2025-06-30,1,1,1,2025-06-30
S4,POL,True,complete monthly PIT top-100 asset-month,2025-07-31,2025-07-31,1,1,1,2025-07-31
S4,POL,True,complete monthly PIT top-100 asset-month,2025-08-31,2025-08-31,1,1,1,2025-08-31
S4,POL,True,complete monthly PIT top-100 asset-month,2025-09-30,2025-09-30,1,1,1,2025-09-30
S4,POL,True,complete monthly PIT top-100 asset-month,2025-10-31,2025-10-31,1,1,1,2025-10-31
S4,POL,True,complete monthly PIT top-100 asset-month,2025-11-30,2025-11-30,1,1,1,2025-11-30
S4,POL,True,complete monthly PIT top-100 asset-month,2025-12-31,2025-12-31,1,1,1,2025-12-31
S4,POL,True,complete monthly PIT top-100 asset-month,2026-01-31,2026-01-31,1,1,1,2026-01-31
S4,POL,True,complete monthly PIT top-100 asset-month,2026-02-28,2026-02-28,1,1,1,2026-02-28
S4,POL,True,complete monthly PIT top-100 asset-month,2026-03-31,2026-03-31,1,1,1,2026-03-31
S4,POL,True,complete monthly PIT top-100 asset-month,2026-04-30,2026-04-30,1,1,1,2026-04-30
S4,POL,True,complete monthly PIT top-100 asset-month,2026-05-31,2026-05-31,1,1,1,2026-05-31
S4,POPCAT,True,complete monthly PIT top-100 asset-month,2024-09-30,2024-09-30,1,1,1,2024-09-30
S4,POPCAT,True,complete monthly PIT top-100 asset-month,2024-10-31,2024-10-31,1,1,1,2024-10-31
S4,POPCAT,True,complete monthly PIT top-100 asset-month,2024-11-30,2024-11-30,1,1,1,2024-11-30
S4,POWR,True,complete monthly PIT top-100 asset-month,2020-02-29,2020-02-29,1,1,1,2020-02-29
S4,PUMP,True,complete monthly PIT top-100 asset-month,2025-09-30,2025-09-30,1,1,1,2025-09-30
S4,PUMP,True,complete monthly PIT top-100 asset-month,2025-10-31,2025-10-31,1,1,1,2025-10-31
S4,PUMP,True,complete monthly PIT top-100 asset-month,2025-11-30,2025-11-30,1,1,1,2025-11-30
S4,PUMP,True,complete monthly PIT top-100 asset-month,2025-12-31,2025-12-31,1,1,1,2025-12-31
S4,PUMP,True,complete monthly PIT top-100 asset-month,2026-01-31,2026-01-31,1,1,1,2026-01-31
S4,PUMP,True,complete monthly PIT top-100 asset-month,2026-02-28,2026-02-28,1,1,1,2026-02-28
S4,PUMP,True,complete monthly PIT top-100 asset-month,2026-03-31,2026-03-31,1,1,1,2026-03-31
S4,PYTH,True,complete monthly PIT top-100 asset-month,2023-11-30,2023-11-30,1,1,1,2023-11-30
S4,PYTH,True,complete monthly PIT top-100 asset-month,2024-02-29,2024-02-29,1,1,1,2024-02-29
S4,PYTH,True,complete monthly PIT top-100 asset-month,2024-03-31,2024-03-31,1,1,1,2024-03-31
S4,PYTH,True,complete monthly PIT top-100 asset-month,2024-05-31,2024-05-31,1,1,1,2024-05-31
S4,PYTH,True,complete monthly PIT top-100 asset-month,2024-06-30,2024-06-30,1,1,1,2024-06-30
S4,PYTH,True,complete monthly PIT top-100 asset-month,2024-07-31,2024-07-31,1,1,1,2024-07-31
S4,PYTH,True,complete monthly PIT top-100 asset-month,2024-08-31,2024-08-31,1,1,1,2024-08-31
S4,PYTH,True,complete monthly PIT top-100 asset-month,2024-09-30,2024-09-30,1,1,1,2024-09-30
S4,PYTH,True,complete monthly PIT top-100 asset-month,2024-10-31,2024-10-31,1,1,1,2024-10-31
S4,PYTH,True,complete monthly PIT top-100 asset-month,2024-11-30,2024-11-30,1,1,1,2024-11-30
S4,PYTH,True,complete monthly PIT top-100 asset-month,2024-12-31,2024-12-31,1,1,1,2024-12-31
S4,PYUSD,True,complete monthly PIT top-100 asset-month,2024-08-31,2024-08-31,1,1,1,2024-08-31
S4,PYUSD,True,complete monthly PIT top-100 asset-month,2025-03-31,2025-03-31,1,1,1,2025-03-31
S4,PYUSD,True,complete monthly PIT top-100 asset-month,2025-04-30,2025-04-30,1,1,1,2025-04-30
S4,PYUSD,True,complete monthly PIT top-100 asset-month,2025-05-31,2025-05-31,1,1,1,2025-05-31
S4,PYUSD,True,complete monthly PIT top-100 asset-month,2025-06-30,2025-06-30,1,1,1,2025-06-30
S4,PYUSD,True,complete monthly PIT top-100 asset-month,2025-09-30,2025-09-30,1,1,1,2025-09-30
S4,PYUSD,True,complete monthly PIT top-100 asset-month,2025-10-31,2025-10-31,1,1,1,2025-10-31
S4,PYUSD,True,complete monthly PIT top-100 asset-month,2025-11-30,2025-11-30,1,1,1,2025-11-30
S4,PYUSD,True,complete monthly PIT top-100 asset-month,2025-12-31,2025-12-31,1,1,1,2025-12-31
S4,PYUSD,True,complete monthly PIT top-100 asset-month,2026-01-31,2026-01-31,1,1,1,2026-01-31
S4,PYUSD,True,complete monthly PIT top-100 asset-month,2026-02-28,2026-02-28,1,1,1,2026-02-28
S4,PYUSD,True,complete monthly PIT top-100 asset-month,2026-03-31,2026-03-31,1,1,1,2026-03-31
S4,PYUSD,True,complete monthly PIT top-100 asset-month,2026-04-30,2026-04-30,1,1,1,2026-04-30
S4,PYUSD,True,complete monthly PIT top-100 asset-month,2026-05-31,2026-05-31,1,1,1,2026-05-31
S4,QNT,True,complete monthly PIT top-100 asset-month,2020-01-31,2020-01-31,1,1,1,2020-01-31
S4,QNT,True,complete monthly PIT top-100 asset-month,2020-03-31,2020-03-31,1,1,1,2020-03-31
S4,QNT,True,complete monthly PIT top-100 asset-month,2020-04-30,2020-04-30,1,1,1,2020-04-30
S4,QNT,True,complete monthly PIT top-100 asset-month,2020-05-31,2020-05-31,1,1,1,2020-05-31
S4,QNT,True,complete monthly PIT top-100 asset-month,2020-06-30,2020-06-30,1,1,1,2020-06-30
S4,QNT,True,complete monthly PIT top-100 asset-month,2020-07-31,2020-07-31,1,1,1,2020-07-31
S4,QNT,True,complete monthly PIT top-100 asset-month,2020-09-30,2020-09-30,1,1,1,2020-09-30
S4,QNT,True,complete monthly PIT top-100 asset-month,2020-10-31,2020-10-31,1,1,1,2020-10-31
S4,QNT,True,complete monthly PIT top-100 asset-month,2020-11-30,2020-11-30,1,1,1,2020-11-30
S4,QNT,True,complete monthly PIT top-100 asset-month,2020-12-31,2020-12-31,1,1,1,2020-12-31
S4,QNT,True,complete monthly PIT top-100 asset-month,2021-01-31,2021-01-31,1,1,1,2021-01-31
S4,QNT,True,complete monthly PIT top-100 asset-month,2021-02-28,2021-02-28,1,1,1,2021-02-28
S4,QNT,True,complete monthly PIT top-100 asset-month,2021-06-30,2021-06-30,1,1,1,2021-06-30
S4,QNT,True,complete monthly PIT top-100 asset-month,2021-07-31,2021-07-31,1,1,1,2021-07-31
S4,QNT,True,complete monthly PIT top-100 asset-month,2021-08-31,2021-08-31,1,1,1,2021-08-31
S4,QNT,True,complete monthly PIT top-100 asset-month,2021-09-30,2021-09-30,1,1,1,2021-09-30
S4,QNT,True,complete monthly PIT top-100 asset-month,2021-10-31,2021-10-31,1,1,1,2021-10-31
S4,QNT,True,complete monthly PIT top-100 asset-month,2021-11-30,2021-11-30,1,1,1,2021-11-30
S4,QNT,True,complete monthly PIT top-100 asset-month,2021-12-31,2021-12-31,1,1,1,2021-12-31
S4,QNT,True,complete monthly PIT top-100 asset-month,2022-01-31,2022-01-31,1,1,1,2022-01-31
S4,QNT,True,complete monthly PIT top-100 asset-month,2022-02-28,2022-02-28,1,1,1,2022-02-28
S4,QNT,True,complete monthly PIT top-100 asset-month,2022-03-31,2022-03-31,1,1,1,2022-03-31
S4,QNT,True,complete monthly PIT top-100 asset-month,2022-04-30,2022-04-30,1,1,1,2022-04-30
S4,QNT,True,complete monthly PIT top-100 asset-month,2022-05-31,2022-05-31,1,1,1,2022-05-31
S4,QNT,True,complete monthly PIT top-100 asset-month,2022-06-30,2022-06-30,1,1,1,2022-06-30
S4,QNT,True,complete monthly PIT top-100 asset-month,2022-07-31,2022-07-31,1,1,1,2022-07-31
S4,QNT,True,complete monthly PIT top-100 asset-month,2022-08-31,2022-08-31,1,1,1,2022-08-31
S4,QNT,True,complete monthly PIT top-100 asset-month,2022-09-30,2022-09-30,1,1,1,2022-09-30
S4,QNT,True,complete monthly PIT top-100 asset-month,2022-10-31,2022-10-31,1,1,1,2022-10-31
S4,QNT,True,complete monthly PIT top-100 asset-month,2022-11-30,2022-11-30,1,1,1,2022-11-30
S4,QNT,True,complete monthly PIT top-100 asset-month,2022-12-31,2022-12-31,1,1,1,2022-12-31
S4,QNT,True,complete monthly PIT top-100 asset-month,2023-01-31,2023-01-31,1,1,1,2023-01-31
S4,QNT,True,complete monthly PIT top-100 asset-month,2023-02-28,2023-02-28,1,1,1,2023-02-28
S4,QNT,True,complete monthly PIT top-100 asset-month,2023-03-31,2023-03-31,1,1,1,2023-03-31
S4,QNT,True,complete monthly PIT top-100 asset-month,2023-04-30,2023-04-30,1,1,1,2023-04-30
S4,QNT,True,complete monthly PIT top-100 asset-month,2023-05-31,2023-05-31,1,1,1,2023-05-31
S4,QNT,True,complete monthly PIT top-100 asset-month,2023-06-30,2023-06-30,1,1,1,2023-06-30
S4,QNT,True,complete monthly PIT top-100 asset-month,2023-07-31,2023-07-31,1,1,1,2023-07-31
S4,QNT,True,complete monthly PIT top-100 asset-month,2023-08-31,2023-08-31,1,1,1,2023-08-31
S4,QNT,True,complete monthly PIT top-100 asset-month,2023-09-30,2023-09-30,1,1,1,2023-09-30
S4,QNT,True,complete monthly PIT top-100 asset-month,2023-10-31,2023-10-31,1,1,1,2023-10-31
S4,QNT,True,complete monthly PIT top-100 asset-month,2023-11-30,2023-11-30,1,1,1,2023-11-30
S4,QNT,True,complete monthly PIT top-100 asset-month,2023-12-31,2023-12-31,1,1,1,2023-12-31
S4,QNT,True,complete monthly PIT top-100 asset-month,2024-01-31,2024-01-31,1,1,1,2024-01-31
S4,QNT,True,complete monthly PIT top-100 asset-month,2024-02-29,2024-02-29,1,1,1,2024-02-29
S4,QNT,True,complete monthly PIT top-100 asset-month,2024-03-31,2024-03-31,1,1,1,2024-03-31
S4,QNT,True,complete monthly PIT top-100 asset-month,2024-04-30,2024-04-30,1,1,1,2024-04-30
S4,QNT,True,complete monthly PIT top-100 asset-month,2024-05-31,2024-05-31,1,1,1,2024-05-31
S4,QNT,True,complete monthly PIT top-100 asset-month,2024-06-30,2024-06-30,1,1,1,2024-06-30
S4,QNT,True,complete monthly PIT top-100 asset-month,2024-07-31,2024-07-31,1,1,1,2024-07-31
S4,QNT,True,complete monthly PIT top-100 asset-month,2024-08-31,2024-08-31,1,1,1,2024-08-31
S4,QNT,True,complete monthly PIT top-100 asset-month,2024-09-30,2024-09-30,1,1,1,2024-09-30
S4,QNT,True,complete monthly PIT top-100 asset-month,2024-10-31,2024-10-31,1,1,1,2024-10-31
S4,QNT,True,complete monthly PIT top-100 asset-month,2024-11-30,2024-11-30,1,1,1,2024-11-30
S4,QNT,True,complete monthly PIT top-100 asset-month,2024-12-31,2024-12-31,1,1,1,2024-12-31
S4,QNT,True,complete monthly PIT top-100 asset-month,2025-01-31,2025-01-31,1,1,1,2025-01-31
S4,QNT,True,complete monthly PIT top-100 asset-month,2025-02-28,2025-02-28,1,1,1,2025-02-28
S4,QNT,True,complete monthly PIT top-100 asset-month,2025-03-31,2025-03-31,1,1,1,2025-03-31
S4,QNT,True,complete monthly PIT top-100 asset-month,2025-04-30,2025-04-30,1,1,1,2025-04-30
S4,QNT,True,complete monthly PIT top-100 asset-month,2025-05-31,2025-05-31,1,1,1,2025-05-31
S4,QNT,True,complete monthly PIT top-100 asset-month,2025-06-30,2025-06-30,1,1,1,2025-06-30
S4,QNT,True,complete monthly PIT top-100 asset-month,2025-07-31,2025-07-31,1,1,1,2025-07-31
S4,QNT,True,complete monthly PIT top-100 asset-month,2025-08-31,2025-08-31,1,1,1,2025-08-31
S4,QNT,True,complete monthly PIT top-100 asset-month,2025-09-30,2025-09-30,1,1,1,2025-09-30
S4,QNT,True,complete monthly PIT top-100 asset-month,2025-11-30,2025-11-30,1,1,1,2025-11-30
S4,QNT,True,complete monthly PIT top-100 asset-month,2025-12-31,2025-12-31,1,1,1,2025-12-31
S4,QNT,True,complete monthly PIT top-100 asset-month,2026-01-31,2026-01-31,1,1,1,2026-01-31
S4,QNT,True,complete monthly PIT top-100 asset-month,2026-02-28,2026-02-28,1,1,1,2026-02-28
S4,QNT,True,complete monthly PIT top-100 asset-month,2026-03-31,2026-03-31,1,1,1,2026-03-31
S4,QNT,True,complete monthly PIT top-100 asset-month,2026-04-30,2026-04-30,1,1,1,2026-04-30
S4,QNT,True,complete monthly PIT top-100 asset-month,2026-05-31,2026-05-31,1,1,1,2026-05-31
S4,QTUM,True,complete monthly PIT top-100 asset-month,2020-01-31,2020-01-31,1,1,1,2020-01-31
S4,QTUM,True,complete monthly PIT top-100 asset-month,2020-02-29,2020-02-29,1,1,1,2020-02-29
S4,QTUM,True,complete monthly PIT top-100 asset-month,2020-03-31,2020-03-31,1,1,1,2020-03-31
S4,QTUM,True,complete monthly PIT top-100 asset-month,2020-04-30,2020-04-30,1,1,1,2020-04-30
S4,QTUM,True,complete monthly PIT top-100 asset-month,2020-05-31,2020-05-31,1,1,1,2020-05-31
S4,QTUM,True,complete monthly PIT top-100 asset-month,2020-06-30,2020-06-30,1,1,1,2020-06-30
S4,QTUM,True,complete monthly PIT top-100 asset-month,2020-07-31,2020-07-31,1,1,1,2020-07-31
S4,QTUM,True,complete monthly PIT top-100 asset-month,2020-08-31,2020-08-31,1,1,1,2020-08-31
S4,QTUM,True,complete monthly PIT top-100 asset-month,2020-09-30,2020-09-30,1,1,1,2020-09-30
S4,QTUM,True,complete monthly PIT top-100 asset-month,2020-10-31,2020-10-31,1,1,1,2020-10-31
S4,QTUM,True,complete monthly PIT top-100 asset-month,2020-11-30,2020-11-30,1,1,1,2020-11-30
S4,QTUM,True,complete monthly PIT top-100 asset-month,2020-12-31,2020-12-31,1,1,1,2020-12-31
S4,QTUM,True,complete monthly PIT top-100 asset-month,2021-01-31,2021-01-31,1,1,1,2021-01-31
S4,QTUM,True,complete monthly PIT top-100 asset-month,2021-02-28,2021-02-28,1,1,1,2021-02-28
S4,QTUM,True,complete monthly PIT top-100 asset-month,2021-03-31,2021-03-31,1,1,1,2021-03-31
S4,QTUM,True,complete monthly PIT top-100 asset-month,2021-04-30,2021-04-30,1,1,1,2021-04-30
S4,QTUM,True,complete monthly PIT top-100 asset-month,2021-05-31,2021-05-31,1,1,1,2021-05-31
S4,QTUM,True,complete monthly PIT top-100 asset-month,2021-06-30,2021-06-30,1,1,1,2021-06-30
S4,QTUM,True,complete monthly PIT top-100 asset-month,2021-07-31,2021-07-31,1,1,1,2021-07-31
S4,QTUM,True,complete monthly PIT top-100 asset-month,2021-08-31,2021-08-31,1,1,1,2021-08-31
S4,QTUM,True,complete monthly PIT top-100 asset-month,2021-09-30,2021-09-30,1,1,1,2021-09-30
S4,QTUM,True,complete monthly PIT top-100 asset-month,2021-10-31,2021-10-31,1,1,1,2021-10-31
S4,QTUM,True,complete monthly PIT top-100 asset-month,2021-11-30,2021-11-30,1,1,1,2021-11-30
S4,RAIN,True,complete monthly PIT top-100 asset-month,2025-11-30,2025-11-30,1,1,1,2025-11-30
S4,RAIN,True,complete monthly PIT top-100 asset-month,2025-12-31,2025-12-31,1,1,1,2025-12-31
S4,RAIN,True,complete monthly PIT top-100 asset-month,2026-01-31,2026-01-31,1,1,1,2026-01-31
S4,RAIN,True,complete monthly PIT top-100 asset-month,2026-02-28,2026-02-28,1,1,1,2026-02-28
S4,RAIN,True,complete monthly PIT top-100 asset-month,2026-03-31,2026-03-31,1,1,1,2026-03-31
S4,RAIN,True,complete monthly PIT top-100 asset-month,2026-04-30,2026-04-30,1,1,1,2026-04-30
S4,RAIN,True,complete monthly PIT top-100 asset-month,2026-05-31,2026-05-31,1,1,1,2026-05-31
S4,RAY,True,complete monthly PIT top-100 asset-month,2024-11-30,2024-11-30,1,1,1,2024-11-30
S4,RAY,True,complete monthly PIT top-100 asset-month,2024-12-31,2024-12-31,1,1,1,2024-12-31
S4,RAY,True,complete monthly PIT top-100 asset-month,2025-01-31,2025-01-31,1,1,1,2025-01-31
S4,RBN,True,complete monthly PIT top-100 asset-month,2024-03-31,2024-03-31,1,1,1,2024-03-31
S4,RBN,True,complete monthly PIT top-100 asset-month,2024-04-30,2024-04-30,1,1,1,2024-04-30
S4,REN,True,complete monthly PIT top-100 asset-month,2020-01-31,2020-01-31,1,1,1,2020-01-31
S4,REN,True,complete monthly PIT top-100 asset-month,2020-02-29,2020-02-29,1,1,1,2020-02-29
S4,REN,True,complete monthly PIT top-100 asset-month,2020-03-31,2020-03-31,1,1,1,2020-03-31
S4,REN,True,complete monthly PIT top-100 asset-month,2020-04-30,2020-04-30,1,1,1,2020-04-30
S4,REN,True,complete monthly PIT top-100 asset-month,2020-05-31,2020-05-31,1,1,1,2020-05-31
S4,REN,True,complete monthly PIT top-100 asset-month,2020-06-30,2020-06-30,1,1,1,2020-06-30
S4,REN,True,complete monthly PIT top-100 asset-month,2020-07-31,2020-07-31,1,1,1,2020-07-31
S4,REN,True,complete monthly PIT top-100 asset-month,2020-08-31,2020-08-31,1,1,1,2020-08-31
S4,REN,True,complete monthly PIT top-100 asset-month,2020-09-30,2020-09-30,1,1,1,2020-09-30
S4,REN,True,complete monthly PIT top-100 asset-month,2020-10-31,2020-10-31,1,1,1,2020-10-31
S4,REN,True,complete monthly PIT top-100 asset-month,2020-11-30,2020-11-30,1,1,1,2020-11-30
S4,REN,True,complete monthly PIT top-100 asset-month,2020-12-31,2020-12-31,1,1,1,2020-12-31
S4,REN,True,complete monthly PIT top-100 asset-month,2021-01-31,2021-01-31,1,1,1,2021-01-31
S4,REN,True,complete monthly PIT top-100 asset-month,2021-02-28,2021-02-28,1,1,1,2021-02-28
S4,REN,True,complete monthly PIT top-100 asset-month,2021-03-31,2021-03-31,1,1,1,2021-03-31
S4,RENBTC,True,complete monthly PIT top-100 asset-month,2020-08-31,2020-08-31,1,1,1,2020-08-31
S4,RENBTC,True,complete monthly PIT top-100 asset-month,2020-09-30,2020-09-30,1,1,1,2020-09-30
S4,RENBTC,True,complete monthly PIT top-100 asset-month,2020-10-31,2020-10-31,1,1,1,2020-10-31
S4,RENBTC,True,complete monthly PIT top-100 asset-month,2020-11-30,2020-11-30,1,1,1,2020-11-30
S4,RENBTC,True,complete monthly PIT top-100 asset-month,2020-12-31,2020-12-31,1,1,1,2020-12-31
S4,RENBTC,True,complete monthly PIT top-100 asset-month,2021-01-31,2021-01-31,1,1,1,2021-01-31
S4,RENBTC,True,complete monthly PIT top-100 asset-month,2021-02-28,2021-02-28,1,1,1,2021-02-28
S4,RENDER,True,complete monthly PIT top-100 asset-month,2023-02-28,2023-02-28,1,1,1,2023-02-28
S4,RENDER,True,complete monthly PIT top-100 asset-month,2023-03-31,2023-03-31,1,1,1,2023-03-31
S4,RENDER,True,complete monthly PIT top-100 asset-month,2023-04-30,2023-04-30,1,1,1,2023-04-30
S4,RENDER,True,complete monthly PIT top-100 asset-month,2023-05-31,2023-05-31,1,1,1,2023-05-31
S4,RENDER,True,complete monthly PIT top-100 asset-month,2023-06-30,2023-06-30,1,1,1,2023-06-30
S4,RENDER,True,complete monthly PIT top-100 asset-month,2023-07-31,2023-07-31,1,1,1,2023-07-31
S4,RENDER,True,complete monthly PIT top-100 asset-month,2023-08-31,2023-08-31,1,1,1,2023-08-31
S4,RENDER,True,complete monthly PIT top-100 asset-month,2023-09-30,2023-09-30,1,1,1,2023-09-30
S4,RENDER,True,complete monthly PIT top-100 asset-month,2023-10-31,2023-10-31,1,1,1,2023-10-31
S4,RENDER,True,complete monthly PIT top-100 asset-month,2023-11-30,2023-11-30,1,1,1,2023-11-30
S4,RENDER,True,complete monthly PIT top-100 asset-month,2023-12-31,2023-12-31,1,1,1,2023-12-31
S4,RENDER,True,complete monthly PIT top-100 asset-month,2024-01-31,2024-01-31,1,1,1,2024-01-31
S4,RENDER,True,complete monthly PIT top-100 asset-month,2024-02-29,2024-02-29,1,1,1,2024-02-29
S4,RENDER,True,complete monthly PIT top-100 asset-month,2024-03-31,2024-03-31,1,1,1,2024-03-31
S4,RENDER,True,complete monthly PIT top-100 asset-month,2024-04-30,2024-04-30,1,1,1,2024-04-30
S4,RENDER,True,complete monthly PIT top-100 asset-month,2024-05-31,2024-05-31,1,1,1,2024-05-31
S4,RENDER,True,complete monthly PIT top-100 asset-month,2024-06-30,2024-06-30,1,1,1,2024-06-30
S4,RENDER,True,complete monthly PIT top-100 asset-month,2024-07-31,2024-07-31,1,1,1,2024-07-31
S4,RENDER,True,complete monthly PIT top-100 asset-month,2024-08-31,2024-08-31,1,1,1,2024-08-31
S4,RENDER,True,complete monthly PIT top-100 asset-month,2024-09-30,2024-09-30,1,1,1,2024-09-30
S4,RENDER,True,complete monthly PIT top-100 asset-month,2024-10-31,2024-10-31,1,1,1,2024-10-31
S4,RENDER,True,complete monthly PIT top-100 asset-month,2024-11-30,2024-11-30,1,1,1,2024-11-30
S4,RENDER,True,complete monthly PIT top-100 asset-month,2024-12-31,2024-12-31,1,1,1,2024-12-31
S4,RENDER,True,complete monthly PIT top-100 asset-month,2025-01-31,2025-01-31,1,1,1,2025-01-31
S4,RENDER,True,complete monthly PIT top-100 asset-month,2025-02-28,2025-02-28,1,1,1,2025-02-28
S4,RENDER,True,complete monthly PIT top-100 asset-month,2025-03-31,2025-03-31,1,1,1,2025-03-31
S4,RENDER,True,complete monthly PIT top-100 asset-month,2025-04-30,2025-04-30,1,1,1,2025-04-30
S4,RENDER,True,complete monthly PIT top-100 asset-month,2025-05-31,2025-05-31,1,1,1,2025-05-31
S4,RENDER,True,complete monthly PIT top-100 asset-month,2025-06-30,2025-06-30,1,1,1,2025-06-30
S4,RENDER,True,complete monthly PIT top-100 asset-month,2025-07-31,2025-07-31,1,1,1,2025-07-31
S4,RENDER,True,complete monthly PIT top-100 asset-month,2025-08-31,2025-08-31,1,1,1,2025-08-31
S4,RENDER,True,complete monthly PIT top-100 asset-month,2025-09-30,2025-09-30,1,1,1,2025-09-30
S4,RENDER,True,complete monthly PIT top-100 asset-month,2025-10-31,2025-10-31,1,1,1,2025-10-31
S4,RENDER,True,complete monthly PIT top-100 asset-month,2026-03-31,2026-03-31,1,1,1,2026-03-31
S4,RENDER,True,complete monthly PIT top-100 asset-month,2026-04-30,2026-04-30,1,1,1,2026-04-30
S4,RENDER,True,complete monthly PIT top-100 asset-month,2026-05-31,2026-05-31,1,1,1,2026-05-31
S4,REP,True,complete monthly PIT top-100 asset-month,2020-01-31,2020-01-31,1,1,1,2020-01-31
S4,REP,True,complete monthly PIT top-100 asset-month,2020-02-29,2020-02-29,1,1,1,2020-02-29
S4,REP,True,complete monthly PIT top-100 asset-month,2020-03-31,2020-03-31,1,1,1,2020-03-31
S4,REP,True,complete monthly PIT top-100 asset-month,2020-04-30,2020-04-30,1,1,1,2020-04-30
S4,REP,True,complete monthly PIT top-100 asset-month,2020-05-31,2020-05-31,1,1,1,2020-05-31
S4,REP,True,complete monthly PIT top-100 asset-month,2020-06-30,2020-06-30,1,1,1,2020-06-30
S4,REP,True,complete monthly PIT top-100 asset-month,2020-07-31,2020-07-31,1,1,1,2020-07-31
S4,RETH,True,complete monthly PIT top-100 asset-month,2023-04-30,2023-04-30,1,1,1,2023-04-30
S4,RETH,True,complete monthly PIT top-100 asset-month,2023-05-31,2023-05-31,1,1,1,2023-05-31
S4,RETH,True,complete monthly PIT top-100 asset-month,2023-06-30,2023-06-30,1,1,1,2023-06-30
S4,RETH,True,complete monthly PIT top-100 asset-month,2023-07-31,2023-07-31,1,1,1,2023-07-31
S4,RETH,True,complete monthly PIT top-100 asset-month,2023-08-31,2023-08-31,1,1,1,2023-08-31
S4,RETH,True,complete monthly PIT top-100 asset-month,2023-09-30,2023-09-30,1,1,1,2023-09-30
S4,RETH,True,complete monthly PIT top-100 asset-month,2023-10-31,2023-10-31,1,1,1,2023-10-31
S4,RETH,True,complete monthly PIT top-100 asset-month,2023-11-30,2023-11-30,1,1,1,2023-11-30
S4,RETH,True,complete monthly PIT top-100 asset-month,2023-12-31,2023-12-31,1,1,1,2023-12-31
S4,RETH,True,complete monthly PIT top-100 asset-month,2024-01-31,2024-01-31,1,1,1,2024-01-31
S4,RETH,True,complete monthly PIT top-100 asset-month,2024-02-29,2024-02-29,1,1,1,2024-02-29
S4,RETH,True,complete monthly PIT top-100 asset-month,2024-03-31,2024-03-31,1,1,1,2024-03-31
S4,RETH,True,complete monthly PIT top-100 asset-month,2024-04-30,2024-04-30,1,1,1,2024-04-30
S4,RETH,True,complete monthly PIT top-100 asset-month,2024-05-31,2024-05-31,1,1,1,2024-05-31
S4,RETH,True,complete monthly PIT top-100 asset-month,2024-06-30,2024-06-30,1,1,1,2024-06-30
S4,RETH,True,complete monthly PIT top-100 asset-month,2024-07-31,2024-07-31,1,1,1,2024-07-31
S4,RETH,True,complete monthly PIT top-100 asset-month,2024-08-31,2024-08-31,1,1,1,2024-08-31
S4,RETH,True,complete monthly PIT top-100 asset-month,2024-09-30,2024-09-30,1,1,1,2024-09-30
S4,RETH,True,complete monthly PIT top-100 asset-month,2024-10-31,2024-10-31,1,1,1,2024-10-31
S4,RETH,True,complete monthly PIT top-100 asset-month,2024-11-30,2024-11-30,1,1,1,2024-11-30
S4,RETH,True,complete monthly PIT top-100 asset-month,2024-12-31,2024-12-31,1,1,1,2024-12-31
S4,RETH,True,complete monthly PIT top-100 asset-month,2025-01-31,2025-01-31,1,1,1,2025-01-31
S4,RETH,True,complete monthly PIT top-100 asset-month,2025-02-28,2025-02-28,1,1,1,2025-02-28
S4,RETH,True,complete monthly PIT top-100 asset-month,2025-03-31,2025-03-31,1,1,1,2025-03-31
S4,RETH,True,complete monthly PIT top-100 asset-month,2025-05-31,2025-05-31,1,1,1,2025-05-31
S4,RETH,True,complete monthly PIT top-100 asset-month,2025-06-30,2025-06-30,1,1,1,2025-06-30
S4,RETH,True,complete monthly PIT top-100 asset-month,2025-07-31,2025-07-31,1,1,1,2025-07-31
S4,RETH,True,complete monthly PIT top-100 asset-month,2025-08-31,2025-08-31,1,1,1,2025-08-31
S4,RETH,True,complete monthly PIT top-100 asset-month,2025-09-30,2025-09-30,1,1,1,2025-09-30
S4,RETH,True,complete monthly PIT top-100 asset-month,2025-10-31,2025-10-31,1,1,1,2025-10-31
S4,RETH,True,complete monthly PIT top-100 asset-month,2025-11-30,2025-11-30,1,1,1,2025-11-30
S4,RETH,True,complete monthly PIT top-100 asset-month,2025-12-31,2025-12-31,1,1,1,2025-12-31
S4,RETH,True,complete monthly PIT top-100 asset-month,2026-01-31,2026-01-31,1,1,1,2026-01-31
S4,RETH,True,complete monthly PIT top-100 asset-month,2026-02-28,2026-02-28,1,1,1,2026-02-28
S4,RIF,True,complete monthly PIT top-100 asset-month,2020-01-31,2020-01-31,1,1,1,2020-01-31
S4,RIF,True,complete monthly PIT top-100 asset-month,2020-02-29,2020-02-29,1,1,1,2020-02-29
S4,RIF,True,complete monthly PIT top-100 asset-month,2020-03-31,2020-03-31,1,1,1,2020-03-31
S4,RIF,True,complete monthly PIT top-100 asset-month,2020-04-30,2020-04-30,1,1,1,2020-04-30
S4,RLB,True,complete monthly PIT top-100 asset-month,2023-08-31,2023-08-31,1,1,1,2023-08-31
S4,RLB,True,complete monthly PIT top-100 asset-month,2023-09-30,2023-09-30,1,1,1,2023-09-30
S4,RLB,True,complete monthly PIT top-100 asset-month,2023-10-31,2023-10-31,1,1,1,2023-10-31
S4,RLC,True,complete monthly PIT top-100 asset-month,2020-01-31,2020-01-31,1,1,1,2020-01-31
S4,RLC,True,complete monthly PIT top-100 asset-month,2020-02-29,2020-02-29,1,1,1,2020-02-29
S4,RLC,True,complete monthly PIT top-100 asset-month,2020-07-31,2020-07-31,1,1,1,2020-07-31
S4,RLC,True,complete monthly PIT top-100 asset-month,2020-08-31,2020-08-31,1,1,1,2020-08-31
S4,RLUSD,True,complete monthly PIT top-100 asset-month,2025-11-30,2025-11-30,1,1,1,2025-11-30
S4,RLUSD,True,complete monthly PIT top-100 asset-month,2025-12-31,2025-12-31,1,1,1,2025-12-31
S4,RLUSD,True,complete monthly PIT top-100 asset-month,2026-01-31,2026-01-31,1,1,1,2026-01-31
S4,RLUSD,True,complete monthly PIT top-100 asset-month,2026-02-28,2026-02-28,1,1,1,2026-02-28
S4,RLUSD,True,complete monthly PIT top-100 asset-month,2026-03-31,2026-03-31,1,1,1,2026-03-31
S4,RLUSD,True,complete monthly PIT top-100 asset-month,2026-04-30,2026-04-30,1,1,1,2026-04-30
S4,RLUSD,True,complete monthly PIT top-100 asset-month,2026-05-31,2026-05-31,1,1,1,2026-05-31
S4,RON,True,complete monthly PIT top-100 asset-month,2024-01-31,2024-01-31,1,1,1,2024-01-31
S4,ROSE,True,complete monthly PIT top-100 asset-month,2021-12-31,2021-12-31,1,1,1,2021-12-31
S4,ROSE,True,complete monthly PIT top-100 asset-month,2022-01-31,2022-01-31,1,1,1,2022-01-31
S4,ROSE,True,complete monthly PIT top-100 asset-month,2024-01-31,2024-01-31,1,1,1,2024-01-31
S4,RPL,True,complete monthly PIT top-100 asset-month,2020-05-31,2020-05-31,1,1,1,2020-05-31
S4,RPL,True,complete monthly PIT top-100 asset-month,2022-09-30,2022-09-30,1,1,1,2022-09-30
S4,RPL,True,complete monthly PIT top-100 asset-month,2022-10-31,2022-10-31,1,1,1,2022-10-31
S4,RPL,True,complete monthly PIT top-100 asset-month,2022-11-30,2022-11-30,1,1,1,2022-11-30
S4,RPL,True,complete monthly PIT top-100 asset-month,2022-12-31,2022-12-31,1,1,1,2022-12-31
S4,RPL,True,complete monthly PIT top-100 asset-month,2023-01-31,2023-01-31,1,1,1,2023-01-31
S4,RPL,True,complete monthly PIT top-100 asset-month,2023-02-28,2023-02-28,1,1,1,2023-02-28
S4,RPL,True,complete monthly PIT top-100 asset-month,2023-03-31,2023-03-31,1,1,1,2023-03-31
S4,RPL,True,complete monthly PIT top-100 asset-month,2023-04-30,2023-04-30,1,1,1,2023-04-30
S4,RPL,True,complete monthly PIT top-100 asset-month,2023-05-31,2023-05-31,1,1,1,2023-05-31
S4,RPL,True,complete monthly PIT top-100 asset-month,2023-06-30,2023-06-30,1,1,1,2023-06-30
S4,RPL,True,complete monthly PIT top-100 asset-month,2023-07-31,2023-07-31,1,1,1,2023-07-31
S4,RPL,True,complete monthly PIT top-100 asset-month,2023-08-31,2023-08-31,1,1,1,2023-08-31
S4,RPL,True,complete monthly PIT top-100 asset-month,2023-09-30,2023-09-30,1,1,1,2023-09-30
S4,RPL,True,complete monthly PIT top-100 asset-month,2023-10-31,2023-10-31,1,1,1,2023-10-31
S4,RPL,True,complete monthly PIT top-100 asset-month,2023-11-30,2023-11-30,1,1,1,2023-11-30
S4,RSETH,True,complete monthly PIT top-100 asset-month,2024-05-31,2024-05-31,1,1,1,2024-05-31
S4,RSETH,True,complete monthly PIT top-100 asset-month,2024-06-30,2024-06-30,1,1,1,2024-06-30
S4,RSETH,True,complete monthly PIT top-100 asset-month,2024-07-31,2024-07-31,1,1,1,2024-07-31
S4,RSETH,True,complete monthly PIT top-100 asset-month,2024-12-31,2024-12-31,1,1,1,2024-12-31
S4,RSETH,True,complete monthly PIT top-100 asset-month,2025-01-31,2025-01-31,1,1,1,2025-01-31
S4,RSETH,True,complete monthly PIT top-100 asset-month,2025-02-28,2025-02-28,1,1,1,2025-02-28
S4,RSETH,True,complete monthly PIT top-100 asset-month,2025-03-31,2025-03-31,1,1,1,2025-03-31
S4,RSETH,True,complete monthly PIT top-100 asset-month,2025-04-30,2025-04-30,1,1,1,2025-04-30
S4,RSETH,True,complete monthly PIT top-100 asset-month,2025-05-31,2025-05-31,1,1,1,2025-05-31
S4,RSETH,True,complete monthly PIT top-100 asset-month,2025-06-30,2025-06-30,1,1,1,2025-06-30
S4,RSETH,True,complete monthly PIT top-100 asset-month,2025-07-31,2025-07-31,1,1,1,2025-07-31
S4,RSETH,True,complete monthly PIT top-100 asset-month,2025-08-31,2025-08-31,1,1,1,2025-08-31
S4,RSETH,True,complete monthly PIT top-100 asset-month,2025-09-30,2025-09-30,1,1,1,2025-09-30
S4,RSETH,True,complete monthly PIT top-100 asset-month,2025-10-31,2025-10-31,1,1,1,2025-10-31
S4,RSETH,True,complete monthly PIT top-100 asset-month,2025-11-30,2025-11-30,1,1,1,2025-11-30
S4,RSETH,True,complete monthly PIT top-100 asset-month,2025-12-31,2025-12-31,1,1,1,2025-12-31
S4,RSETH,True,complete monthly PIT top-100 asset-month,2026-01-31,2026-01-31,1,1,1,2026-01-31
S4,RSETH,True,complete monthly PIT top-100 asset-month,2026-02-28,2026-02-28,1,1,1,2026-02-28
S4,RSETH,True,complete monthly PIT top-100 asset-month,2026-03-31,2026-03-31,1,1,1,2026-03-31
S4,RSETH,True,complete monthly PIT top-100 asset-month,2026-04-30,2026-04-30,1,1,1,2026-04-30
S4,RSETH,True,complete monthly PIT top-100 asset-month,2026-05-31,2026-05-31,1,1,1,2026-05-31
S4,RSR,True,complete monthly PIT top-100 asset-month,2020-08-31,2020-08-31,1,1,1,2020-08-31
S4,RSR,True,complete monthly PIT top-100 asset-month,2020-10-31,2020-10-31,1,1,1,2020-10-31
S4,RSR,True,complete monthly PIT top-100 asset-month,2020-11-30,2020-11-30,1,1,1,2020-11-30
S4,RSR,True,complete monthly PIT top-100 asset-month,2020-12-31,2020-12-31,1,1,1,2020-12-31
S4,RSR,True,complete monthly PIT top-100 asset-month,2021-01-31,2021-01-31,1,1,1,2021-01-31
S4,RSR,True,complete monthly PIT top-100 asset-month,2021-02-28,2021-02-28,1,1,1,2021-02-28
S4,RSR,True,complete monthly PIT top-100 asset-month,2021-03-31,2021-03-31,1,1,1,2021-03-31
S4,RSR,True,complete monthly PIT top-100 asset-month,2021-04-30,2021-04-30,1,1,1,2021-04-30
S4,RUNE,True,complete monthly PIT top-100 asset-month,2020-06-30,2020-06-30,1,1,1,2020-06-30
S4,RUNE,True,complete monthly PIT top-100 asset-month,2020-07-31,2020-07-31,1,1,1,2020-07-31
S4,RUNE,True,complete monthly PIT top-100 asset-month,2020-08-31,2020-08-31,1,1,1,2020-08-31
S4,RUNE,True,complete monthly PIT top-100 asset-month,2020-09-30,2020-09-30,1,1,1,2020-09-30
S4,RUNE,True,complete monthly PIT top-100 asset-month,2020-10-31,2020-10-31,1,1,1,2020-10-31
S4,RUNE,True,complete monthly PIT top-100 asset-month,2020-11-30,2020-11-30,1,1,1,2020-11-30
S4,RUNE,True,complete monthly PIT top-100 asset-month,2020-12-31,2020-12-31,1,1,1,2020-12-31
S4,RUNE,True,complete monthly PIT top-100 asset-month,2021-01-31,2021-01-31,1,1,1,2021-01-31
S4,RUNE,True,complete monthly PIT top-100 asset-month,2021-02-28,2021-02-28,1,1,1,2021-02-28
S4,RUNE,True,complete monthly PIT top-100 asset-month,2021-03-31,2021-03-31,1,1,1,2021-03-31
S4,RUNE,True,complete monthly PIT top-100 asset-month,2021-04-30,2021-04-30,1,1,1,2021-04-30
S4,RUNE,True,complete monthly PIT top-100 asset-month,2021-05-31,2021-05-31,1,1,1,2021-05-31
S4,RUNE,True,complete monthly PIT top-100 asset-month,2021-06-30,2021-06-30,1,1,1,2021-06-30
S4,RUNE,True,complete monthly PIT top-100 asset-month,2021-07-31,2021-07-31,1,1,1,2021-07-31
S4,RUNE,True,complete monthly PIT top-100 asset-month,2021-08-31,2021-08-31,1,1,1,2021-08-31
S4,RUNE,True,complete monthly PIT top-100 asset-month,2021-09-30,2021-09-30,1,1,1,2021-09-30
S4,RUNE,True,complete monthly PIT top-100 asset-month,2021-10-31,2021-10-31,1,1,1,2021-10-31
S4,RUNE,True,complete monthly PIT top-100 asset-month,2021-11-30,2021-11-30,1,1,1,2021-11-30
S4,RUNE,True,complete monthly PIT top-100 asset-month,2021-12-31,2021-12-31,1,1,1,2021-12-31
S4,RUNE,True,complete monthly PIT top-100 asset-month,2022-01-31,2022-01-31,1,1,1,2022-01-31
S4,RUNE,True,complete monthly PIT top-100 asset-month,2022-02-28,2022-02-28,1,1,1,2022-02-28
S4,RUNE,True,complete monthly PIT top-100 asset-month,2022-03-31,2022-03-31,1,1,1,2022-03-31
S4,RUNE,True,complete monthly PIT top-100 asset-month,2022-04-30,2022-04-30,1,1,1,2022-04-30
S4,RUNE,True,complete monthly PIT top-100 asset-month,2022-05-31,2022-05-31,1,1,1,2022-05-31
S4,RUNE,True,complete monthly PIT top-100 asset-month,2022-06-30,2022-06-30,1,1,1,2022-06-30
S4,RUNE,True,complete monthly PIT top-100 asset-month,2022-07-31,2022-07-31,1,1,1,2022-07-31
S4,RUNE,True,complete monthly PIT top-100 asset-month,2022-08-31,2022-08-31,1,1,1,2022-08-31
S4,RUNE,True,complete monthly PIT top-100 asset-month,2022-09-30,2022-09-30,1,1,1,2022-09-30
S4,RUNE,True,complete monthly PIT top-100 asset-month,2022-10-31,2022-10-31,1,1,1,2022-10-31
S4,RUNE,True,complete monthly PIT top-100 asset-month,2022-11-30,2022-11-30,1,1,1,2022-11-30
S4,RUNE,True,complete monthly PIT top-100 asset-month,2022-12-31,2022-12-31,1,1,1,2022-12-31
S4,RUNE,True,complete monthly PIT top-100 asset-month,2023-01-31,2023-01-31,1,1,1,2023-01-31
S4,RUNE,True,complete monthly PIT top-100 asset-month,2023-02-28,2023-02-28,1,1,1,2023-02-28
S4,RUNE,True,complete monthly PIT top-100 asset-month,2023-08-31,2023-08-31,1,1,1,2023-08-31
S4,RUNE,True,complete monthly PIT top-100 asset-month,2023-09-30,2023-09-30,1,1,1,2023-09-30
S4,RUNE,True,complete monthly PIT top-100 asset-month,2023-10-31,2023-10-31,1,1,1,2023-10-31
S4,RUNE,True,complete monthly PIT top-100 asset-month,2023-11-30,2023-11-30,1,1,1,2023-11-30
S4,RUNE,True,complete monthly PIT top-100 asset-month,2023-12-31,2023-12-31,1,1,1,2023-12-31
S4,RUNE,True,complete monthly PIT top-100 asset-month,2024-01-31,2024-01-31,1,1,1,2024-01-31
S4,RUNE,True,complete monthly PIT top-100 asset-month,2024-02-29,2024-02-29,1,1,1,2024-02-29
S4,RUNE,True,complete monthly PIT top-100 asset-month,2024-03-31,2024-03-31,1,1,1,2024-03-31
S4,RUNE,True,complete monthly PIT top-100 asset-month,2024-04-30,2024-04-30,1,1,1,2024-04-30
S4,RUNE,True,complete monthly PIT top-100 asset-month,2024-05-31,2024-05-31,1,1,1,2024-05-31
S4,RUNE,True,complete monthly PIT top-100 asset-month,2024-06-30,2024-06-30,1,1,1,2024-06-30
S4,RUNE,True,complete monthly PIT top-100 asset-month,2024-07-31,2024-07-31,1,1,1,2024-07-31
S4,RUNE,True,complete monthly PIT top-100 asset-month,2024-08-31,2024-08-31,1,1,1,2024-08-31
S4,RUNE,True,complete monthly PIT top-100 asset-month,2024-09-30,2024-09-30,1,1,1,2024-09-30
S4,RUNE,True,complete monthly PIT top-100 asset-month,2024-10-31,2024-10-31,1,1,1,2024-10-31
S4,RUNE,True,complete monthly PIT top-100 asset-month,2024-11-30,2024-11-30,1,1,1,2024-11-30
S4,RUNE,True,complete monthly PIT top-100 asset-month,2024-12-31,2024-12-31,1,1,1,2024-12-31
S4,RVN,True,complete monthly PIT top-100 asset-month,2020-01-31,2020-01-31,1,1,1,2020-01-31
S4,RVN,True,complete monthly PIT top-100 asset-month,2020-02-29,2020-02-29,1,1,1,2020-02-29
S4,RVN,True,complete monthly PIT top-100 asset-month,2020-03-31,2020-03-31,1,1,1,2020-03-31
S4,RVN,True,complete monthly PIT top-100 asset-month,2020-04-30,2020-04-30,1,1,1,2020-04-30
S4,RVN,True,complete monthly PIT top-100 asset-month,2020-05-31,2020-05-31,1,1,1,2020-05-31
S4,RVN,True,complete monthly PIT top-100 asset-month,2020-06-30,2020-06-30,1,1,1,2020-06-30
S4,RVN,True,complete monthly PIT top-100 asset-month,2020-07-31,2020-07-31,1,1,1,2020-07-31
S4,RVN,True,complete monthly PIT top-100 asset-month,2020-08-31,2020-08-31,1,1,1,2020-08-31
S4,RVN,True,complete monthly PIT top-100 asset-month,2020-09-30,2020-09-30,1,1,1,2020-09-30
S4,RVN,True,complete monthly PIT top-100 asset-month,2020-10-31,2020-10-31,1,1,1,2020-10-31
S4,RVN,True,complete monthly PIT top-100 asset-month,2020-11-30,2020-11-30,1,1,1,2020-11-30
S4,RVN,True,complete monthly PIT top-100 asset-month,2021-02-28,2021-02-28,1,1,1,2021-02-28
S4,RVN,True,complete monthly PIT top-100 asset-month,2021-03-31,2021-03-31,1,1,1,2021-03-31
S4,RVN,True,complete monthly PIT top-100 asset-month,2021-04-30,2021-04-30,1,1,1,2021-04-30
S4,RVN,True,complete monthly PIT top-100 asset-month,2021-08-31,2021-08-31,1,1,1,2021-08-31
S4,RVN,True,complete monthly PIT top-100 asset-month,2021-09-30,2021-09-30,1,1,1,2021-09-30
S4,RVN,True,complete monthly PIT top-100 asset-month,2022-07-31,2022-07-31,1,1,1,2022-07-31
S4,RVN,True,complete monthly PIT top-100 asset-month,2022-09-30,2022-09-30,1,1,1,2022-09-30
S4,S,True,complete monthly PIT top-100 asset-month,2025-01-31,2025-01-31,1,1,1,2025-01-31
S4,S,True,complete monthly PIT top-100 asset-month,2025-02-28,2025-02-28,1,1,1,2025-02-28
S4,S,True,complete monthly PIT top-100 asset-month,2025-03-31,2025-03-31,1,1,1,2025-03-31
S4,S,True,complete monthly PIT top-100 asset-month,2025-04-30,2025-04-30,1,1,1,2025-04-30
S4,S,True,complete monthly PIT top-100 asset-month,2025-05-31,2025-05-31,1,1,1,2025-05-31
S4,S,True,complete monthly PIT top-100 asset-month,2025-06-30,2025-06-30,1,1,1,2025-06-30
S4,SAND,True,complete monthly PIT top-100 asset-month,2021-10-31,2021-10-31,1,1,1,2021-10-31
S4,SAND,True,complete monthly PIT top-100 asset-month,2021-11-30,2021-11-30,1,1,1,2021-11-30
S4,SAND,True,complete monthly PIT top-100 asset-month,2021-12-31,2021-12-31,1,1,1,2021-12-31
S4,SAND,True,complete monthly PIT top-100 asset-month,2022-01-31,2022-01-31,1,1,1,2022-01-31
S4,SAND,True,complete monthly PIT top-100 asset-month,2022-02-28,2022-02-28,1,1,1,2022-02-28
S4,SAND,True,complete monthly PIT top-100 asset-month,2022-03-31,2022-03-31,1,1,1,2022-03-31
S4,SAND,True,complete monthly PIT top-100 asset-month,2022-04-30,2022-04-30,1,1,1,2022-04-30
S4,SAND,True,complete monthly PIT top-100 asset-month,2022-05-31,2022-05-31,1,1,1,2022-05-31
S4,SAND,True,complete monthly PIT top-100 asset-month,2022-06-30,2022-06-30,1,1,1,2022-06-30
S4,SAND,True,complete monthly PIT top-100 asset-month,2022-07-31,2022-07-31,1,1,1,2022-07-31
S4,SAND,True,complete monthly PIT top-100 asset-month,2022-08-31,2022-08-31,1,1,1,2022-08-31
S4,SAND,True,complete monthly PIT top-100 asset-month,2022-09-30,2022-09-30,1,1,1,2022-09-30
S4,SAND,True,complete monthly PIT top-100 asset-month,2022-10-31,2022-10-31,1,1,1,2022-10-31
S4,SAND,True,complete monthly PIT top-100 asset-month,2022-11-30,2022-11-30,1,1,1,2022-11-30
S4,SAND,True,complete monthly PIT top-100 asset-month,2022-12-31,2022-12-31,1,1,1,2022-12-31
S4,SAND,True,complete monthly PIT top-100 asset-month,2023-01-31,2023-01-31,1,1,1,2023-01-31
S4,SAND,True,complete monthly PIT top-100 asset-month,2023-02-28,2023-02-28,1,1,1,2023-02-28
S4,SAND,True,complete monthly PIT top-100 asset-month,2023-03-31,2023-03-31,1,1,1,2023-03-31
S4,SAND,True,complete monthly PIT top-100 asset-month,2023-04-30,2023-04-30,1,1,1,2023-04-30
S4,SAND,True,complete monthly PIT top-100 asset-month,2023-05-31,2023-05-31,1,1,1,2023-05-31
S4,SAND,True,complete monthly PIT top-100 asset-month,2023-06-30,2023-06-30,1,1,1,2023-06-30
S4,SAND,True,complete monthly PIT top-100 asset-month,2023-07-31,2023-07-31,1,1,1,2023-07-31
S4,SAND,True,complete monthly PIT top-100 asset-month,2023-08-31,2023-08-31,1,1,1,2023-08-31
S4,SAND,True,complete monthly PIT top-100 asset-month,2023-09-30,2023-09-30,1,1,1,2023-09-30
S4,SAND,True,complete monthly PIT top-100 asset-month,2023-10-31,2023-10-31,1,1,1,2023-10-31
S4,SAND,True,complete monthly PIT top-100 asset-month,2023-11-30,2023-11-30,1,1,1,2023-11-30
S4,SAND,True,complete monthly PIT top-100 asset-month,2023-12-31,2023-12-31,1,1,1,2023-12-31
S4,SAND,True,complete monthly PIT top-100 asset-month,2024-01-31,2024-01-31,1,1,1,2024-01-31
S4,SAND,True,complete monthly PIT top-100 asset-month,2024-02-29,2024-02-29,1,1,1,2024-02-29
S4,SAND,True,complete monthly PIT top-100 asset-month,2024-03-31,2024-03-31,1,1,1,2024-03-31
S4,SAND,True,complete monthly PIT top-100 asset-month,2024-04-30,2024-04-30,1,1,1,2024-04-30
S4,SAND,True,complete monthly PIT top-100 asset-month,2024-05-31,2024-05-31,1,1,1,2024-05-31
S4,SAND,True,complete monthly PIT top-100 asset-month,2024-11-30,2024-11-30,1,1,1,2024-11-30
S4,SAND,True,complete monthly PIT top-100 asset-month,2024-12-31,2024-12-31,1,1,1,2024-12-31
S4,SAND,True,complete monthly PIT top-100 asset-month,2025-01-31,2025-01-31,1,1,1,2025-01-31
S4,SATS,True,complete monthly PIT top-100 asset-month,2024-01-31,2024-01-31,1,1,1,2024-01-31
S4,SATS,True,complete monthly PIT top-100 asset-month,2024-02-29,2024-02-29,1,1,1,2024-02-29
S4,SC,True,complete monthly PIT top-100 asset-month,2020-01-31,2020-01-31,1,1,1,2020-01-31
S4,SC,True,complete monthly PIT top-100 asset-month,2020-02-29,2020-02-29,1,1,1,2020-02-29
S4,SC,True,complete monthly PIT top-100 asset-month,2020-03-31,2020-03-31,1,1,1,2020-03-31
S4,SC,True,complete monthly PIT top-100 asset-month,2020-04-30,2020-04-30,1,1,1,2020-04-30
S4,SC,True,complete monthly PIT top-100 asset-month,2020-05-31,2020-05-31,1,1,1,2020-05-31
S4,SC,True,complete monthly PIT top-100 asset-month,2020-06-30,2020-06-30,1,1,1,2020-06-30
S4,SC,True,complete monthly PIT top-100 asset-month,2020-07-31,2020-07-31,1,1,1,2020-07-31
S4,SC,True,complete monthly PIT top-100 asset-month,2020-08-31,2020-08-31,1,1,1,2020-08-31
S4,SC,True,complete monthly PIT top-100 asset-month,2020-09-30,2020-09-30,1,1,1,2020-09-30
S4,SC,True,complete monthly PIT top-100 asset-month,2020-10-31,2020-10-31,1,1,1,2020-10-31
S4,SC,True,complete monthly PIT top-100 asset-month,2020-11-30,2020-11-30,1,1,1,2020-11-30
S4,SC,True,complete monthly PIT top-100 asset-month,2020-12-31,2020-12-31,1,1,1,2020-12-31
S4,SC,True,complete monthly PIT top-100 asset-month,2021-01-31,2021-01-31,1,1,1,2021-01-31
S4,SC,True,complete monthly PIT top-100 asset-month,2021-02-28,2021-02-28,1,1,1,2021-02-28
S4,SC,True,complete monthly PIT top-100 asset-month,2021-03-31,2021-03-31,1,1,1,2021-03-31
S4,SC,True,complete monthly PIT top-100 asset-month,2021-04-30,2021-04-30,1,1,1,2021-04-30
S4,SC,True,complete monthly PIT top-100 asset-month,2021-05-31,2021-05-31,1,1,1,2021-05-31
S4,SC,True,complete monthly PIT top-100 asset-month,2021-06-30,2021-06-30,1,1,1,2021-06-30
S4,SC,True,complete monthly PIT top-100 asset-month,2021-07-31,2021-07-31,1,1,1,2021-07-31
S4,SC,True,complete monthly PIT top-100 asset-month,2021-08-31,2021-08-31,1,1,1,2021-08-31
S4,SCRT,True,complete monthly PIT top-100 asset-month,2021-10-31,2021-10-31,1,1,1,2021-10-31
S4,SCRT,True,complete monthly PIT top-100 asset-month,2022-02-28,2022-02-28,1,1,1,2022-02-28
S4,SEI,True,complete monthly PIT top-100 asset-month,2023-12-31,2023-12-31,1,1,1,2023-12-31
S4,SEI,True,complete monthly PIT top-100 asset-month,2024-01-31,2024-01-31,1,1,1,2024-01-31
S4,SEI,True,complete monthly PIT top-100 asset-month,2024-02-29,2024-02-29,1,1,1,2024-02-29
S4,SEI,True,complete monthly PIT top-100 asset-month,2024-03-31,2024-03-31,1,1,1,2024-03-31
S4,SEI,True,complete monthly PIT top-100 asset-month,2024-04-30,2024-04-30,1,1,1,2024-04-30
S4,SEI,True,complete monthly PIT top-100 asset-month,2024-05-31,2024-05-31,1,1,1,2024-05-31
S4,SEI,True,complete monthly PIT top-100 asset-month,2024-06-30,2024-06-30,1,1,1,2024-06-30
S4,SEI,True,complete monthly PIT top-100 asset-month,2024-07-31,2024-07-31,1,1,1,2024-07-31
S4,SEI,True,complete monthly PIT top-100 asset-month,2024-08-31,2024-08-31,1,1,1,2024-08-31
S4,SEI,True,complete monthly PIT top-100 asset-month,2024-09-30,2024-09-30,1,1,1,2024-09-30
S4,SEI,True,complete monthly PIT top-100 asset-month,2024-10-31,2024-10-31,1,1,1,2024-10-31
S4,SEI,True,complete monthly PIT top-100 asset-month,2024-11-30,2024-11-30,1,1,1,2024-11-30
S4,SEI,True,complete monthly PIT top-100 asset-month,2024-12-31,2024-12-31,1,1,1,2024-12-31
S4,SEI,True,complete monthly PIT top-100 asset-month,2025-01-31,2025-01-31,1,1,1,2025-01-31
S4,SEI,True,complete monthly PIT top-100 asset-month,2025-02-28,2025-02-28,1,1,1,2025-02-28
S4,SEI,True,complete monthly PIT top-100 asset-month,2025-03-31,2025-03-31,1,1,1,2025-03-31
S4,SEI,True,complete monthly PIT top-100 asset-month,2025-04-30,2025-04-30,1,1,1,2025-04-30
S4,SEI,True,complete monthly PIT top-100 asset-month,2025-05-31,2025-05-31,1,1,1,2025-05-31
S4,SEI,True,complete monthly PIT top-100 asset-month,2025-06-30,2025-06-30,1,1,1,2025-06-30
S4,SEI,True,complete monthly PIT top-100 asset-month,2025-07-31,2025-07-31,1,1,1,2025-07-31
S4,SEI,True,complete monthly PIT top-100 asset-month,2025-08-31,2025-08-31,1,1,1,2025-08-31
S4,SEI,True,complete monthly PIT top-100 asset-month,2025-09-30,2025-09-30,1,1,1,2025-09-30
S4,SFM,True,complete monthly PIT top-100 asset-month,2022-01-31,2022-01-31,1,1,1,2022-01-31
S4,SHIB,True,complete monthly PIT top-100 asset-month,2021-05-31,2021-05-31,1,1,1,2021-05-31
S4,SHIB,True,complete monthly PIT top-100 asset-month,2021-06-30,2021-06-30,1,1,1,2021-06-30
S4,SHIB,True,complete monthly PIT top-100 asset-month,2021-07-31,2021-07-31,1,1,1,2021-07-31
S4,SHIB,True,complete monthly PIT top-100 asset-month,2021-08-31,2021-08-31,1,1,1,2021-08-31
S4,SHIB,True,complete monthly PIT top-100 asset-month,2021-09-30,2021-09-30,1,1,1,2021-09-30
S4,SHIB,True,complete monthly PIT top-100 asset-month,2021-10-31,2021-10-31,1,1,1,2021-10-31
S4,SHIB,True,complete monthly PIT top-100 asset-month,2021-11-30,2021-11-30,1,1,1,2021-11-30
S4,SHIB,True,complete monthly PIT top-100 asset-month,2021-12-31,2021-12-31,1,1,1,2021-12-31
S4,SHIB,True,complete monthly PIT top-100 asset-month,2022-01-31,2022-01-31,1,1,1,2022-01-31
S4,SHIB,True,complete monthly PIT top-100 asset-month,2022-02-28,2022-02-28,1,1,1,2022-02-28
S4,SHIB,True,complete monthly PIT top-100 asset-month,2022-03-31,2022-03-31,1,1,1,2022-03-31
S4,SHIB,True,complete monthly PIT top-100 asset-month,2022-04-30,2022-04-30,1,1,1,2022-04-30
S4,SHIB,True,complete monthly PIT top-100 asset-month,2022-05-31,2022-05-31,1,1,1,2022-05-31
S4,SHIB,True,complete monthly PIT top-100 asset-month,2022-06-30,2022-06-30,1,1,1,2022-06-30
S4,SHIB,True,complete monthly PIT top-100 asset-month,2022-07-31,2022-07-31,1,1,1,2022-07-31
S4,SHIB,True,complete monthly PIT top-100 asset-month,2022-08-31,2022-08-31,1,1,1,2022-08-31
S4,SHIB,True,complete monthly PIT top-100 asset-month,2022-09-30,2022-09-30,1,1,1,2022-09-30
S4,SHIB,True,complete monthly PIT top-100 asset-month,2022-10-31,2022-10-31,1,1,1,2022-10-31
S4,SHIB,True,complete monthly PIT top-100 asset-month,2022-11-30,2022-11-30,1,1,1,2022-11-30
S4,SHIB,True,complete monthly PIT top-100 asset-month,2022-12-31,2022-12-31,1,1,1,2022-12-31
S4,SHIB,True,complete monthly PIT top-100 asset-month,2023-01-31,2023-01-31,1,1,1,2023-01-31
S4,SHIB,True,complete monthly PIT top-100 asset-month,2023-02-28,2023-02-28,1,1,1,2023-02-28
S4,SHIB,True,complete monthly PIT top-100 asset-month,2023-03-31,2023-03-31,1,1,1,2023-03-31
S4,SHIB,True,complete monthly PIT top-100 asset-month,2023-04-30,2023-04-30,1,1,1,2023-04-30
S4,SHIB,True,complete monthly PIT top-100 asset-month,2023-05-31,2023-05-31,1,1,1,2023-05-31
S4,SHIB,True,complete monthly PIT top-100 asset-month,2023-06-30,2023-06-30,1,1,1,2023-06-30
S4,SHIB,True,complete monthly PIT top-100 asset-month,2023-07-31,2023-07-31,1,1,1,2023-07-31
S4,SHIB,True,complete monthly PIT top-100 asset-month,2023-08-31,2023-08-31,1,1,1,2023-08-31
S4,SHIB,True,complete monthly PIT top-100 asset-month,2023-09-30,2023-09-30,1,1,1,2023-09-30
S4,SHIB,True,complete monthly PIT top-100 asset-month,2023-10-31,2023-10-31,1,1,1,2023-10-31
S4,SHIB,True,complete monthly PIT top-100 asset-month,2023-11-30,2023-11-30,1,1,1,2023-11-30
S4,SHIB,True,complete monthly PIT top-100 asset-month,2023-12-31,2023-12-31,1,1,1,2023-12-31
S4,SHIB,True,complete monthly PIT top-100 asset-month,2024-01-31,2024-01-31,1,1,1,2024-01-31
S4,SHIB,True,complete monthly PIT top-100 asset-month,2024-02-29,2024-02-29,1,1,1,2024-02-29
S4,SHIB,True,complete monthly PIT top-100 asset-month,2024-03-31,2024-03-31,1,1,1,2024-03-31
S4,SHIB,True,complete monthly PIT top-100 asset-month,2024-04-30,2024-04-30,1,1,1,2024-04-30
S4,SHIB,True,complete monthly PIT top-100 asset-month,2024-05-31,2024-05-31,1,1,1,2024-05-31
S4,SHIB,True,complete monthly PIT top-100 asset-month,2024-06-30,2024-06-30,1,1,1,2024-06-30
S4,SHIB,True,complete monthly PIT top-100 asset-month,2024-07-31,2024-07-31,1,1,1,2024-07-31
S4,SHIB,True,complete monthly PIT top-100 asset-month,2024-08-31,2024-08-31,1,1,1,2024-08-31
S4,SHIB,True,complete monthly PIT top-100 asset-month,2024-09-30,2024-09-30,1,1,1,2024-09-30
S4,SHIB,True,complete monthly PIT top-100 asset-month,2024-10-31,2024-10-31,1,1,1,2024-10-31
S4,SHIB,True,complete monthly PIT top-100 asset-month,2024-11-30,2024-11-30,1,1,1,2024-11-30
S4,SHIB,True,complete monthly PIT top-100 asset-month,2024-12-31,2024-12-31,1,1,1,2024-12-31
S4,SHIB,True,complete monthly PIT top-100 asset-month,2025-01-31,2025-01-31,1,1,1,2025-01-31
S4,SHIB,True,complete monthly PIT top-100 asset-month,2025-02-28,2025-02-28,1,1,1,2025-02-28
S4,SHIB,True,complete monthly PIT top-100 asset-month,2025-03-31,2025-03-31,1,1,1,2025-03-31
S4,SHIB,True,complete monthly PIT top-100 asset-month,2025-04-30,2025-04-30,1,1,1,2025-04-30
S4,SHIB,True,complete monthly PIT top-100 asset-month,2025-06-30,2025-06-30,1,1,1,2025-06-30
S4,SHIB,True,complete monthly PIT top-100 asset-month,2025-07-31,2025-07-31,1,1,1,2025-07-31
S4,SHIB,True,complete monthly PIT top-100 asset-month,2025-08-31,2025-08-31,1,1,1,2025-08-31
S4,SHIB,True,complete monthly PIT top-100 asset-month,2025-09-30,2025-09-30,1,1,1,2025-09-30
S4,SHIB,True,complete monthly PIT top-100 asset-month,2025-10-31,2025-10-31,1,1,1,2025-10-31
S4,SHIB,True,complete monthly PIT top-100 asset-month,2025-11-30,2025-11-30,1,1,1,2025-11-30
S4,SHIB,True,complete monthly PIT top-100 asset-month,2025-12-31,2025-12-31,1,1,1,2025-12-31
S4,SHIB,True,complete monthly PIT top-100 asset-month,2026-01-31,2026-01-31,1,1,1,2026-01-31
S4,SHIB,True,complete monthly PIT top-100 asset-month,2026-02-28,2026-02-28,1,1,1,2026-02-28
S4,SHIB,True,complete monthly PIT top-100 asset-month,2026-03-31,2026-03-31,1,1,1,2026-03-31
S4,SHIB,True,complete monthly PIT top-100 asset-month,2026-04-30,2026-04-30,1,1,1,2026-04-30
S4,SHIB,True,complete monthly PIT top-100 asset-month,2026-05-31,2026-05-31,1,1,1,2026-05-31
S4,SIREN,True,complete monthly PIT top-100 asset-month,2026-03-31,2026-03-31,1,1,1,2026-03-31
S4,SKY,True,complete monthly PIT top-100 asset-month,2025-06-30,2025-06-30,1,1,1,2025-06-30
S4,SKY,True,complete monthly PIT top-100 asset-month,2025-07-31,2025-07-31,1,1,1,2025-07-31
S4,SKY,True,complete monthly PIT top-100 asset-month,2025-08-31,2025-08-31,1,1,1,2025-08-31
S4,SKY,True,complete monthly PIT top-100 asset-month,2025-09-30,2025-09-30,1,1,1,2025-09-30
S4,SKY,True,complete monthly PIT top-100 asset-month,2025-10-31,2025-10-31,1,1,1,2025-10-31
S4,SKY,True,complete monthly PIT top-100 asset-month,2025-11-30,2025-11-30,1,1,1,2025-11-30
S4,SKY,True,complete monthly PIT top-100 asset-month,2025-12-31,2025-12-31,1,1,1,2025-12-31
S4,SKY,True,complete monthly PIT top-100 asset-month,2026-01-31,2026-01-31,1,1,1,2026-01-31
S4,SKY,True,complete monthly PIT top-100 asset-month,2026-02-28,2026-02-28,1,1,1,2026-02-28
S4,SKY,True,complete monthly PIT top-100 asset-month,2026-03-31,2026-03-31,1,1,1,2026-03-31
S4,SKY,True,complete monthly PIT top-100 asset-month,2026-04-30,2026-04-30,1,1,1,2026-04-30
S4,SKY,True,complete monthly PIT top-100 asset-month,2026-05-31,2026-05-31,1,1,1,2026-05-31
S4,SN0,True,complete monthly PIT top-100 asset-month,2026-04-30,2026-04-30,1,1,1,2026-04-30
S4,SN0,True,complete monthly PIT top-100 asset-month,2026-05-31,2026-05-31,1,1,1,2026-05-31
S4,SNT,True,complete monthly PIT top-100 asset-month,2020-01-31,2020-01-31,1,1,1,2020-01-31
S4,SNT,True,complete monthly PIT top-100 asset-month,2020-02-29,2020-02-29,1,1,1,2020-02-29
S4,SNT,True,complete monthly PIT top-100 asset-month,2020-03-31,2020-03-31,1,1,1,2020-03-31
S4,SNT,True,complete monthly PIT top-100 asset-month,2020-04-30,2020-04-30,1,1,1,2020-04-30
S4,SNT,True,complete monthly PIT top-100 asset-month,2020-05-31,2020-05-31,1,1,1,2020-05-31
S4,SNT,True,complete monthly PIT top-100 asset-month,2020-06-30,2020-06-30,1,1,1,2020-06-30
S4,SNT,True,complete monthly PIT top-100 asset-month,2020-07-31,2020-07-31,1,1,1,2020-07-31
S4,SNT,True,complete monthly PIT top-100 asset-month,2020-08-31,2020-08-31,1,1,1,2020-08-31
S4,SNT,True,complete monthly PIT top-100 asset-month,2020-10-31,2020-10-31,1,1,1,2020-10-31
S4,SNT,True,complete monthly PIT top-100 asset-month,2020-11-30,2020-11-30,1,1,1,2020-11-30
S4,SNT,True,complete monthly PIT top-100 asset-month,2020-12-31,2020-12-31,1,1,1,2020-12-31
S4,SNX,True,complete monthly PIT top-100 asset-month,2020-01-31,2020-01-31,1,1,1,2020-01-31
S4,SNX,True,complete monthly PIT top-100 asset-month,2020-02-29,2020-02-29,1,1,1,2020-02-29
S4,SNX,True,complete monthly PIT top-100 asset-month,2020-03-31,2020-03-31,1,1,1,2020-03-31
S4,SNX,True,complete monthly PIT top-100 asset-month,2020-04-30,2020-04-30,1,1,1,2020-04-30
S4,SNX,True,complete monthly PIT top-100 asset-month,2020-05-31,2020-05-31,1,1,1,2020-05-31
S4,SNX,True,complete monthly PIT top-100 asset-month,2020-06-30,2020-06-30,1,1,1,2020-06-30
S4,SNX,True,complete monthly PIT top-100 asset-month,2020-07-31,2020-07-31,1,1,1,2020-07-31
S4,SNX,True,complete monthly PIT top-100 asset-month,2020-08-31,2020-08-31,1,1,1,2020-08-31
S4,SNX,True,complete monthly PIT top-100 asset-month,2020-09-30,2020-09-30,1,1,1,2020-09-30
S4,SNX,True,complete monthly PIT top-100 asset-month,2020-10-31,2020-10-31,1,1,1,2020-10-31
S4,SNX,True,complete monthly PIT top-100 asset-month,2020-11-30,2020-11-30,1,1,1,2020-11-30
S4,SNX,True,complete monthly PIT top-100 asset-month,2020-12-31,2020-12-31,1,1,1,2020-12-31
S4,SNX,True,complete monthly PIT top-100 asset-month,2021-01-31,2021-01-31,1,1,1,2021-01-31
S4,SNX,True,complete monthly PIT top-100 asset-month,2021-02-28,2021-02-28,1,1,1,2021-02-28
S4,SNX,True,complete monthly PIT top-100 asset-month,2021-03-31,2021-03-31,1,1,1,2021-03-31
S4,SNX,True,complete monthly PIT top-100 asset-month,2021-04-30,2021-04-30,1,1,1,2021-04-30
S4,SNX,True,complete monthly PIT top-100 asset-month,2021-05-31,2021-05-31,1,1,1,2021-05-31
S4,SNX,True,complete monthly PIT top-100 asset-month,2021-06-30,2021-06-30,1,1,1,2021-06-30
S4,SNX,True,complete monthly PIT top-100 asset-month,2021-07-31,2021-07-31,1,1,1,2021-07-31
S4,SNX,True,complete monthly PIT top-100 asset-month,2021-08-31,2021-08-31,1,1,1,2021-08-31
S4,SNX,True,complete monthly PIT top-100 asset-month,2021-09-30,2021-09-30,1,1,1,2021-09-30
S4,SNX,True,complete monthly PIT top-100 asset-month,2021-10-31,2021-10-31,1,1,1,2021-10-31
S4,SNX,True,complete monthly PIT top-100 asset-month,2021-11-30,2021-11-30,1,1,1,2021-11-30
S4,SNX,True,complete monthly PIT top-100 asset-month,2022-01-31,2022-01-31,1,1,1,2022-01-31
S4,SNX,True,complete monthly PIT top-100 asset-month,2022-03-31,2022-03-31,1,1,1,2022-03-31
S4,SNX,True,complete monthly PIT top-100 asset-month,2022-04-30,2022-04-30,1,1,1,2022-04-30
S4,SNX,True,complete monthly PIT top-100 asset-month,2022-05-31,2022-05-31,1,1,1,2022-05-31
S4,SNX,True,complete monthly PIT top-100 asset-month,2022-06-30,2022-06-30,1,1,1,2022-06-30
S4,SNX,True,complete monthly PIT top-100 asset-month,2022-07-31,2022-07-31,1,1,1,2022-07-31
S4,SNX,True,complete monthly PIT top-100 asset-month,2022-08-31,2022-08-31,1,1,1,2022-08-31
S4,SNX,True,complete monthly PIT top-100 asset-month,2022-09-30,2022-09-30,1,1,1,2022-09-30
S4,SNX,True,complete monthly PIT top-100 asset-month,2022-10-31,2022-10-31,1,1,1,2022-10-31
S4,SNX,True,complete monthly PIT top-100 asset-month,2022-11-30,2022-11-30,1,1,1,2022-11-30
S4,SNX,True,complete monthly PIT top-100 asset-month,2022-12-31,2022-12-31,1,1,1,2022-12-31
S4,SNX,True,complete monthly PIT top-100 asset-month,2023-01-31,2023-01-31,1,1,1,2023-01-31
S4,SNX,True,complete monthly PIT top-100 asset-month,2023-02-28,2023-02-28,1,1,1,2023-02-28
S4,SNX,True,complete monthly PIT top-100 asset-month,2023-03-31,2023-03-31,1,1,1,2023-03-31
S4,SNX,True,complete monthly PIT top-100 asset-month,2023-04-30,2023-04-30,1,1,1,2023-04-30
S4,SNX,True,complete monthly PIT top-100 asset-month,2023-05-31,2023-05-31,1,1,1,2023-05-31
S4,SNX,True,complete monthly PIT top-100 asset-month,2023-06-30,2023-06-30,1,1,1,2023-06-30
S4,SNX,True,complete monthly PIT top-100 asset-month,2023-07-31,2023-07-31,1,1,1,2023-07-31
S4,SNX,True,complete monthly PIT top-100 asset-month,2023-08-31,2023-08-31,1,1,1,2023-08-31
S4,SNX,True,complete monthly PIT top-100 asset-month,2023-09-30,2023-09-30,1,1,1,2023-09-30
S4,SNX,True,complete monthly PIT top-100 asset-month,2023-10-31,2023-10-31,1,1,1,2023-10-31
S4,SNX,True,complete monthly PIT top-100 asset-month,2023-11-30,2023-11-30,1,1,1,2023-11-30
S4,SNX,True,complete monthly PIT top-100 asset-month,2023-12-31,2023-12-31,1,1,1,2023-12-31
S4,SNX,True,complete monthly PIT top-100 asset-month,2024-01-31,2024-01-31,1,1,1,2024-01-31
S4,SNX,True,complete monthly PIT top-100 asset-month,2024-02-29,2024-02-29,1,1,1,2024-02-29
S4,SNX,True,complete monthly PIT top-100 asset-month,2024-03-31,2024-03-31,1,1,1,2024-03-31
S4,SNX,True,complete monthly PIT top-100 asset-month,2024-04-30,2024-04-30,1,1,1,2024-04-30
S4,SOL,True,complete monthly PIT top-100 asset-month,2020-08-31,2020-08-31,1,1,1,2020-08-31
S4,SOL,True,complete monthly PIT top-100 asset-month,2020-09-30,2020-09-30,1,1,1,2020-09-30
S4,SOL,True,complete monthly PIT top-100 asset-month,2021-01-31,2021-01-31,1,1,1,2021-01-31
S4,SOL,True,complete monthly PIT top-100 asset-month,2021-02-28,2021-02-28,1,1,1,2021-02-28
S4,SOL,True,complete monthly PIT top-100 asset-month,2021-03-31,2021-03-31,1,1,1,2021-03-31
S4,SOL,True,complete monthly PIT top-100 asset-month,2021-04-30,2021-04-30,1,1,1,2021-04-30
S4,SOL,True,complete monthly PIT top-100 asset-month,2021-05-31,2021-05-31,1,1,1,2021-05-31
S4,SOL,True,complete monthly PIT top-100 asset-month,2021-06-30,2021-06-30,1,1,1,2021-06-30
S4,SOL,True,complete monthly PIT top-100 asset-month,2021-07-31,2021-07-31,1,1,1,2021-07-31
S4,SOL,True,complete monthly PIT top-100 asset-month,2021-08-31,2021-08-31,1,1,1,2021-08-31
S4,SOL,True,complete monthly PIT top-100 asset-month,2021-09-30,2021-09-30,1,1,1,2021-09-30
S4,SOL,True,complete monthly PIT top-100 asset-month,2021-10-31,2021-10-31,1,1,1,2021-10-31
S4,SOL,True,complete monthly PIT top-100 asset-month,2021-11-30,2021-11-30,1,1,1,2021-11-30
S4,SOL,True,complete monthly PIT top-100 asset-month,2021-12-31,2021-12-31,1,1,1,2021-12-31
S4,SOL,True,complete monthly PIT top-100 asset-month,2022-01-31,2022-01-31,1,1,1,2022-01-31
S4,SOL,True,complete monthly PIT top-100 asset-month,2022-02-28,2022-02-28,1,1,1,2022-02-28
S4,SOL,True,complete monthly PIT top-100 asset-month,2022-03-31,2022-03-31,1,1,1,2022-03-31
S4,SOL,True,complete monthly PIT top-100 asset-month,2022-04-30,2022-04-30,1,1,1,2022-04-30
S4,SOL,True,complete monthly PIT top-100 asset-month,2022-05-31,2022-05-31,1,1,1,2022-05-31
S4,SOL,True,complete monthly PIT top-100 asset-month,2022-06-30,2022-06-30,1,1,1,2022-06-30
S4,SOL,True,complete monthly PIT top-100 asset-month,2022-07-31,2022-07-31,1,1,1,2022-07-31
S4,SOL,True,complete monthly PIT top-100 asset-month,2022-08-31,2022-08-31,1,1,1,2022-08-31
S4,SOL,True,complete monthly PIT top-100 asset-month,2022-09-30,2022-09-30,1,1,1,2022-09-30
S4,SOL,True,complete monthly PIT top-100 asset-month,2022-10-31,2022-10-31,1,1,1,2022-10-31
S4,SOL,True,complete monthly PIT top-100 asset-month,2022-11-30,2022-11-30,1,1,1,2022-11-30
S4,SOL,True,complete monthly PIT top-100 asset-month,2022-12-31,2022-12-31,1,1,1,2022-12-31
S4,SOL,True,complete monthly PIT top-100 asset-month,2023-01-31,2023-01-31,1,1,1,2023-01-31
S4,SOL,True,complete monthly PIT top-100 asset-month,2023-02-28,2023-02-28,1,1,1,2023-02-28
S4,SOL,True,complete monthly PIT top-100 asset-month,2023-03-31,2023-03-31,1,1,1,2023-03-31
S4,SOL,True,complete monthly PIT top-100 asset-month,2023-04-30,2023-04-30,1,1,1,2023-04-30
S4,SOL,True,complete monthly PIT top-100 asset-month,2023-05-31,2023-05-31,1,1,1,2023-05-31
S4,SOL,True,complete monthly PIT top-100 asset-month,2023-06-30,2023-06-30,1,1,1,2023-06-30
S4,SOL,True,complete monthly PIT top-100 asset-month,2023-07-31,2023-07-31,1,1,1,2023-07-31
S4,SOL,True,complete monthly PIT top-100 asset-month,2023-08-31,2023-08-31,1,1,1,2023-08-31
S4,SOL,True,complete monthly PIT top-100 asset-month,2023-09-30,2023-09-30,1,1,1,2023-09-30
S4,SOL,True,complete monthly PIT top-100 asset-month,2023-10-31,2023-10-31,1,1,1,2023-10-31
S4,SOL,True,complete monthly PIT top-100 asset-month,2023-11-30,2023-11-30,1,1,1,2023-11-30
S4,SOL,True,complete monthly PIT top-100 asset-month,2023-12-31,2023-12-31,1,1,1,2023-12-31
S4,SOL,True,complete monthly PIT top-100 asset-month,2024-01-31,2024-01-31,1,1,1,2024-01-31
S4,SOL,True,complete monthly PIT top-100 asset-month,2024-02-29,2024-02-29,1,1,1,2024-02-29
S4,SOL,True,complete monthly PIT top-100 asset-month,2024-03-31,2024-03-31,1,1,1,2024-03-31
S4,SOL,True,complete monthly PIT top-100 asset-month,2024-04-30,2024-04-30,1,1,1,2024-04-30
S4,SOL,True,complete monthly PIT top-100 asset-month,2024-05-31,2024-05-31,1,1,1,2024-05-31
S4,SOL,True,complete monthly PIT top-100 asset-month,2024-06-30,2024-06-30,1,1,1,2024-06-30
S4,SOL,True,complete monthly PIT top-100 asset-month,2024-07-31,2024-07-31,1,1,1,2024-07-31
S4,SOL,True,complete monthly PIT top-100 asset-month,2024-08-31,2024-08-31,1,1,1,2024-08-31
S4,SOL,True,complete monthly PIT top-100 asset-month,2024-09-30,2024-09-30,1,1,1,2024-09-30
S4,SOL,True,complete monthly PIT top-100 asset-month,2024-10-31,2024-10-31,1,1,1,2024-10-31
S4,SOL,True,complete monthly PIT top-100 asset-month,2024-11-30,2024-11-30,1,1,1,2024-11-30
S4,SOL,True,complete monthly PIT top-100 asset-month,2024-12-31,2024-12-31,1,1,1,2024-12-31
S4,SOL,True,complete monthly PIT top-100 asset-month,2025-01-31,2025-01-31,1,1,1,2025-01-31
S4,SOL,True,complete monthly PIT top-100 asset-month,2025-02-28,2025-02-28,1,1,1,2025-02-28
S4,SOL,True,complete monthly PIT top-100 asset-month,2025-03-31,2025-03-31,1,1,1,2025-03-31
S4,SOL,True,complete monthly PIT top-100 asset-month,2025-04-30,2025-04-30,1,1,1,2025-04-30
S4,SOL,True,complete monthly PIT top-100 asset-month,2025-05-31,2025-05-31,1,1,1,2025-05-31
S4,SOL,True,complete monthly PIT top-100 asset-month,2025-06-30,2025-06-30,1,1,1,2025-06-30
S4,SOL,True,complete monthly PIT top-100 asset-month,2025-07-31,2025-07-31,1,1,1,2025-07-31
S4,SOL,True,complete monthly PIT top-100 asset-month,2025-08-31,2025-08-31,1,1,1,2025-08-31
S4,SOL,True,complete monthly PIT top-100 asset-month,2025-09-30,2025-09-30,1,1,1,2025-09-30
S4,SOL,True,complete monthly PIT top-100 asset-month,2025-10-31,2025-10-31,1,1,1,2025-10-31
S4,SOL,True,complete monthly PIT top-100 asset-month,2025-10-31,2025-10-31,1,1,1,2025-10-31
S4,SOL,True,complete monthly PIT top-100 asset-month,2025-11-30,2025-11-30,1,1,1,2025-11-30
S4,SOL,True,complete monthly PIT top-100 asset-month,2025-11-30,2025-11-30,1,1,1,2025-11-30
S4,SOL,True,complete monthly PIT top-100 asset-month,2025-12-31,2025-12-31,1,1,1,2025-12-31
S4,SOL,True,complete monthly PIT top-100 asset-month,2025-12-31,2025-12-31,1,1,1,2025-12-31
S4,SOL,True,complete monthly PIT top-100 asset-month,2026-01-31,2026-01-31,1,1,1,2026-01-31
S4,SOL,True,complete monthly PIT top-100 asset-month,2026-01-31,2026-01-31,1,1,1,2026-01-31
S4,SOL,True,complete monthly PIT top-100 asset-month,2026-02-28,2026-02-28,1,1,1,2026-02-28
S4,SOL,True,complete monthly PIT top-100 asset-month,2026-02-28,2026-02-28,1,1,1,2026-02-28
S4,SOL,True,complete monthly PIT top-100 asset-month,2026-03-31,2026-03-31,1,1,1,2026-03-31
S4,SOL,True,complete monthly PIT top-100 asset-month,2026-03-31,2026-03-31,1,1,1,2026-03-31
S4,SOL,True,complete monthly PIT top-100 asset-month,2026-04-30,2026-04-30,1,1,1,2026-04-30
S4,SOL,True,complete monthly PIT top-100 asset-month,2026-04-30,2026-04-30,1,1,1,2026-04-30
S4,SOL,True,complete monthly PIT top-100 asset-month,2026-05-31,2026-05-31,1,1,1,2026-05-31
S4,SOL,True,complete monthly PIT top-100 asset-month,2026-05-31,2026-05-31,1,1,1,2026-05-31
S4,SOLVBTC,True,complete monthly PIT top-100 asset-month,2024-08-31,2024-08-31,1,1,1,2024-08-31
S4,SOLVBTC,True,complete monthly PIT top-100 asset-month,2024-09-30,2024-09-30,1,1,1,2024-09-30
S4,SOLVBTC,True,complete monthly PIT top-100 asset-month,2024-10-31,2024-10-31,1,1,1,2024-10-31
S4,SOLVBTC,True,complete monthly PIT top-100 asset-month,2024-11-30,2024-11-30,1,1,1,2024-11-30
S4,SOLVBTC,True,complete monthly PIT top-100 asset-month,2024-12-31,2024-12-31,1,1,1,2024-12-31
S4,SOLVBTC,True,complete monthly PIT top-100 asset-month,2025-01-31,2025-01-31,1,1,1,2025-01-31
S4,SOLVBTC,True,complete monthly PIT top-100 asset-month,2025-02-28,2025-02-28,1,1,1,2025-02-28
S4,SOLVBTC,True,complete monthly PIT top-100 asset-month,2025-03-31,2025-03-31,1,1,1,2025-03-31
S4,SOLVBTC,True,complete monthly PIT top-100 asset-month,2025-04-30,2025-04-30,1,1,1,2025-04-30
S4,SOLVBTC,True,complete monthly PIT top-100 asset-month,2025-05-31,2025-05-31,1,1,1,2025-05-31
S4,SOLVBTC,True,complete monthly PIT top-100 asset-month,2025-12-31,2025-12-31,1,1,1,2025-12-31
S4,SOLVE,True,complete monthly PIT top-100 asset-month,2020-05-31,2020-05-31,1,1,1,2020-05-31
S4,SPELL,True,complete monthly PIT top-100 asset-month,2021-10-31,2021-10-31,1,1,1,2021-10-31
S4,SPELL,True,complete monthly PIT top-100 asset-month,2021-12-31,2021-12-31,1,1,1,2021-12-31
S4,SPX,True,complete monthly PIT top-100 asset-month,2025-01-31,2025-01-31,1,1,1,2025-01-31
S4,SPX,True,complete monthly PIT top-100 asset-month,2025-05-31,2025-05-31,1,1,1,2025-05-31
S4,SPX,True,complete monthly PIT top-100 asset-month,2025-06-30,2025-06-30,1,1,1,2025-06-30
S4,SPX,True,complete monthly PIT top-100 asset-month,2025-07-31,2025-07-31,1,1,1,2025-07-31
S4,SRM,True,complete monthly PIT top-100 asset-month,2020-08-31,2020-08-31,1,1,1,2020-08-31
S4,SRM,True,complete monthly PIT top-100 asset-month,2021-09-30,2021-09-30,1,1,1,2021-09-30
S4,STEEM,True,complete monthly PIT top-100 asset-month,2020-01-31,2020-01-31,1,1,1,2020-01-31
S4,STEEM,True,complete monthly PIT top-100 asset-month,2020-02-29,2020-02-29,1,1,1,2020-02-29
S4,STEEM,True,complete monthly PIT top-100 asset-month,2020-03-31,2020-03-31,1,1,1,2020-03-31
S4,STEEM,True,complete monthly PIT top-100 asset-month,2020-04-30,2020-04-30,1,1,1,2020-04-30
S4,STEEM,True,complete monthly PIT top-100 asset-month,2020-05-31,2020-05-31,1,1,1,2020-05-31
S4,STEEM,True,complete monthly PIT top-100 asset-month,2020-06-30,2020-06-30,1,1,1,2020-06-30
S4,STEEM,True,complete monthly PIT top-100 asset-month,2020-07-31,2020-07-31,1,1,1,2020-07-31
S4,STETH,True,complete monthly PIT top-100 asset-month,2021-05-31,2021-05-31,1,1,1,2021-05-31
S4,STETH,True,complete monthly PIT top-100 asset-month,2021-06-30,2021-06-30,1,1,1,2021-06-30
S4,STETH,True,complete monthly PIT top-100 asset-month,2021-07-31,2021-07-31,1,1,1,2021-07-31
S4,STETH,True,complete monthly PIT top-100 asset-month,2021-08-31,2021-08-31,1,1,1,2021-08-31
S4,STETH,True,complete monthly PIT top-100 asset-month,2021-09-30,2021-09-30,1,1,1,2021-09-30
S4,STETH,True,complete monthly PIT top-100 asset-month,2021-10-31,2021-10-31,1,1,1,2021-10-31
S4,STETH,True,complete monthly PIT top-100 asset-month,2021-11-30,2021-11-30,1,1,1,2021-11-30
S4,STETH,True,complete monthly PIT top-100 asset-month,2021-12-31,2021-12-31,1,1,1,2021-12-31
S4,STETH,True,complete monthly PIT top-100 asset-month,2022-01-31,2022-01-31,1,1,1,2022-01-31
S4,STETH,True,complete monthly PIT top-100 asset-month,2022-02-28,2022-02-28,1,1,1,2022-02-28
S4,STETH,True,complete monthly PIT top-100 asset-month,2022-03-31,2022-03-31,1,1,1,2022-03-31
S4,STETH,True,complete monthly PIT top-100 asset-month,2022-04-30,2022-04-30,1,1,1,2022-04-30
S4,STETH,True,complete monthly PIT top-100 asset-month,2022-05-31,2022-05-31,1,1,1,2022-05-31
S4,STETH,True,complete monthly PIT top-100 asset-month,2022-06-30,2022-06-30,1,1,1,2022-06-30
S4,STETH,True,complete monthly PIT top-100 asset-month,2022-07-31,2022-07-31,1,1,1,2022-07-31
S4,STETH,True,complete monthly PIT top-100 asset-month,2022-08-31,2022-08-31,1,1,1,2022-08-31
S4,STETH,True,complete monthly PIT top-100 asset-month,2022-09-30,2022-09-30,1,1,1,2022-09-30
S4,STETH,True,complete monthly PIT top-100 asset-month,2022-10-31,2022-10-31,1,1,1,2022-10-31
S4,STETH,True,complete monthly PIT top-100 asset-month,2022-11-30,2022-11-30,1,1,1,2022-11-30
S4,STETH,True,complete monthly PIT top-100 asset-month,2022-12-31,2022-12-31,1,1,1,2022-12-31
S4,STETH,True,complete monthly PIT top-100 asset-month,2023-01-31,2023-01-31,1,1,1,2023-01-31
S4,STETH,True,complete monthly PIT top-100 asset-month,2023-02-28,2023-02-28,1,1,1,2023-02-28
S4,STETH,True,complete monthly PIT top-100 asset-month,2023-03-31,2023-03-31,1,1,1,2023-03-31
S4,STETH,True,complete monthly PIT top-100 asset-month,2023-04-30,2023-04-30,1,1,1,2023-04-30
S4,STETH,True,complete monthly PIT top-100 asset-month,2023-05-31,2023-05-31,1,1,1,2023-05-31
S4,STETH,True,complete monthly PIT top-100 asset-month,2023-06-30,2023-06-30,1,1,1,2023-06-30
S4,STETH,True,complete monthly PIT top-100 asset-month,2023-07-31,2023-07-31,1,1,1,2023-07-31
S4,STETH,True,complete monthly PIT top-100 asset-month,2023-08-31,2023-08-31,1,1,1,2023-08-31
S4,STETH,True,complete monthly PIT top-100 asset-month,2023-09-30,2023-09-30,1,1,1,2023-09-30
S4,STETH,True,complete monthly PIT top-100 asset-month,2023-10-31,2023-10-31,1,1,1,2023-10-31
S4,STETH,True,complete monthly PIT top-100 asset-month,2023-11-30,2023-11-30,1,1,1,2023-11-30
S4,STETH,True,complete monthly PIT top-100 asset-month,2023-12-31,2023-12-31,1,1,1,2023-12-31
S4,STETH,True,complete monthly PIT top-100 asset-month,2024-01-31,2024-01-31,1,1,1,2024-01-31
S4,STETH,True,complete monthly PIT top-100 asset-month,2024-02-29,2024-02-29,1,1,1,2024-02-29
S4,STETH,True,complete monthly PIT top-100 asset-month,2024-03-31,2024-03-31,1,1,1,2024-03-31
S4,STETH,True,complete monthly PIT top-100 asset-month,2024-04-30,2024-04-30,1,1,1,2024-04-30
S4,STETH,True,complete monthly PIT top-100 asset-month,2024-05-31,2024-05-31,1,1,1,2024-05-31
S4,STETH,True,complete monthly PIT top-100 asset-month,2024-06-30,2024-06-30,1,1,1,2024-06-30
S4,STETH,True,complete monthly PIT top-100 asset-month,2024-07-31,2024-07-31,1,1,1,2024-07-31
S4,STETH,True,complete monthly PIT top-100 asset-month,2024-08-31,2024-08-31,1,1,1,2024-08-31
S4,STETH,True,complete monthly PIT top-100 asset-month,2024-09-30,2024-09-30,1,1,1,2024-09-30
S4,STETH,True,complete monthly PIT top-100 asset-month,2024-10-31,2024-10-31,1,1,1,2024-10-31
S4,STETH,True,complete monthly PIT top-100 asset-month,2024-11-30,2024-11-30,1,1,1,2024-11-30
S4,STETH,True,complete monthly PIT top-100 asset-month,2024-12-31,2024-12-31,1,1,1,2024-12-31
S4,STETH,True,complete monthly PIT top-100 asset-month,2025-01-31,2025-01-31,1,1,1,2025-01-31
S4,STETH,True,complete monthly PIT top-100 asset-month,2025-02-28,2025-02-28,1,1,1,2025-02-28
S4,STETH,True,complete monthly PIT top-100 asset-month,2025-03-31,2025-03-31,1,1,1,2025-03-31
S4,STETH,True,complete monthly PIT top-100 asset-month,2025-04-30,2025-04-30,1,1,1,2025-04-30
S4,STETH,True,complete monthly PIT top-100 asset-month,2025-05-31,2025-05-31,1,1,1,2025-05-31
S4,STETH,True,complete monthly PIT top-100 asset-month,2025-06-30,2025-06-30,1,1,1,2025-06-30
S4,STETH,True,complete monthly PIT top-100 asset-month,2025-07-31,2025-07-31,1,1,1,2025-07-31
S4,STETH,True,complete monthly PIT top-100 asset-month,2025-08-31,2025-08-31,1,1,1,2025-08-31
S4,STETH,True,complete monthly PIT top-100 asset-month,2025-09-30,2025-09-30,1,1,1,2025-09-30
S4,STETH,True,complete monthly PIT top-100 asset-month,2025-10-31,2025-10-31,1,1,1,2025-10-31
S4,STETH,True,complete monthly PIT top-100 asset-month,2025-11-30,2025-11-30,1,1,1,2025-11-30
S4,STETH,True,complete monthly PIT top-100 asset-month,2025-12-31,2025-12-31,1,1,1,2025-12-31
S4,STETH,True,complete monthly PIT top-100 asset-month,2026-01-31,2026-01-31,1,1,1,2026-01-31
S4,STETH,True,complete monthly PIT top-100 asset-month,2026-02-28,2026-02-28,1,1,1,2026-02-28
S4,STETH,True,complete monthly PIT top-100 asset-month,2026-03-31,2026-03-31,1,1,1,2026-03-31
S4,STETH,True,complete monthly PIT top-100 asset-month,2026-04-30,2026-04-30,1,1,1,2026-04-30
S4,STETH,True,complete monthly PIT top-100 asset-month,2026-05-31,2026-05-31,1,1,1,2026-05-31
S4,STRAX,True,complete monthly PIT top-100 asset-month,2020-01-31,2020-01-31,1,1,1,2020-01-31
S4,STRAX,True,complete monthly PIT top-100 asset-month,2020-02-29,2020-02-29,1,1,1,2020-02-29
S4,STRK,True,complete monthly PIT top-100 asset-month,2024-02-29,2024-02-29,1,1,1,2024-02-29
S4,STRK,True,complete monthly PIT top-100 asset-month,2024-03-31,2024-03-31,1,1,1,2024-03-31
S4,STRK,True,complete monthly PIT top-100 asset-month,2024-05-31,2024-05-31,1,1,1,2024-05-31
S4,STRK,True,complete monthly PIT top-100 asset-month,2024-06-30,2024-06-30,1,1,1,2024-06-30
S4,STRK,True,complete monthly PIT top-100 asset-month,2024-09-30,2024-09-30,1,1,1,2024-09-30
S4,STRK,True,complete monthly PIT top-100 asset-month,2024-11-30,2024-11-30,1,1,1,2024-11-30
S4,STX,True,complete monthly PIT top-100 asset-month,2020-01-31,2020-01-31,1,1,1,2020-01-31
S4,STX,True,complete monthly PIT top-100 asset-month,2020-02-29,2020-02-29,1,1,1,2020-02-29
S4,STX,True,complete monthly PIT top-100 asset-month,2020-03-31,2020-03-31,1,1,1,2020-03-31
S4,STX,True,complete monthly PIT top-100 asset-month,2020-04-30,2020-04-30,1,1,1,2020-04-30
S4,STX,True,complete monthly PIT top-100 asset-month,2020-05-31,2020-05-31,1,1,1,2020-05-31
S4,STX,True,complete monthly PIT top-100 asset-month,2020-06-30,2020-06-30,1,1,1,2020-06-30
S4,STX,True,complete monthly PIT top-100 asset-month,2020-07-31,2020-07-31,1,1,1,2020-07-31
S4,STX,True,complete monthly PIT top-100 asset-month,2020-08-31,2020-08-31,1,1,1,2020-08-31
S4,STX,True,complete monthly PIT top-100 asset-month,2020-09-30,2020-09-30,1,1,1,2020-09-30
S4,STX,True,complete monthly PIT top-100 asset-month,2020-10-31,2020-10-31,1,1,1,2020-10-31
S4,STX,True,complete monthly PIT top-100 asset-month,2020-11-30,2020-11-30,1,1,1,2020-11-30
S4,STX,True,complete monthly PIT top-100 asset-month,2020-12-31,2020-12-31,1,1,1,2020-12-31
S4,STX,True,complete monthly PIT top-100 asset-month,2021-01-31,2021-01-31,1,1,1,2021-01-31
S4,STX,True,complete monthly PIT top-100 asset-month,2021-02-28,2021-02-28,1,1,1,2021-02-28
S4,STX,True,complete monthly PIT top-100 asset-month,2021-03-31,2021-03-31,1,1,1,2021-03-31
S4,STX,True,complete monthly PIT top-100 asset-month,2021-04-30,2021-04-30,1,1,1,2021-04-30
S4,STX,True,complete monthly PIT top-100 asset-month,2021-05-31,2021-05-31,1,1,1,2021-05-31
S4,STX,True,complete monthly PIT top-100 asset-month,2021-06-30,2021-06-30,1,1,1,2021-06-30
S4,STX,True,complete monthly PIT top-100 asset-month,2021-07-31,2021-07-31,1,1,1,2021-07-31
S4,STX,True,complete monthly PIT top-100 asset-month,2021-08-31,2021-08-31,1,1,1,2021-08-31
S4,STX,True,complete monthly PIT top-100 asset-month,2021-09-30,2021-09-30,1,1,1,2021-09-30
S4,STX,True,complete monthly PIT top-100 asset-month,2021-10-31,2021-10-31,1,1,1,2021-10-31
S4,STX,True,complete monthly PIT top-100 asset-month,2021-11-30,2021-11-30,1,1,1,2021-11-30
S4,STX,True,complete monthly PIT top-100 asset-month,2021-12-31,2021-12-31,1,1,1,2021-12-31
S4,STX,True,complete monthly PIT top-100 asset-month,2022-01-31,2022-01-31,1,1,1,2022-01-31
S4,STX,True,complete monthly PIT top-100 asset-month,2022-02-28,2022-02-28,1,1,1,2022-02-28
S4,STX,True,complete monthly PIT top-100 asset-month,2022-03-31,2022-03-31,1,1,1,2022-03-31
S4,STX,True,complete monthly PIT top-100 asset-month,2022-04-30,2022-04-30,1,1,1,2022-04-30
S4,STX,True,complete monthly PIT top-100 asset-month,2022-05-31,2022-05-31,1,1,1,2022-05-31
S4,STX,True,complete monthly PIT top-100 asset-month,2022-06-30,2022-06-30,1,1,1,2022-06-30
S4,STX,True,complete monthly PIT top-100 asset-month,2022-07-31,2022-07-31,1,1,1,2022-07-31
S4,STX,True,complete monthly PIT top-100 asset-month,2022-08-31,2022-08-31,1,1,1,2022-08-31
S4,STX,True,complete monthly PIT top-100 asset-month,2022-09-30,2022-09-30,1,1,1,2022-09-30
S4,STX,True,complete monthly PIT top-100 asset-month,2022-11-30,2022-11-30,1,1,1,2022-11-30
S4,STX,True,complete monthly PIT top-100 asset-month,2022-12-31,2022-12-31,1,1,1,2022-12-31
S4,STX,True,complete monthly PIT top-100 asset-month,2023-02-28,2023-02-28,1,1,1,2023-02-28
S4,STX,True,complete monthly PIT top-100 asset-month,2023-03-31,2023-03-31,1,1,1,2023-03-31
S4,STX,True,complete monthly PIT top-100 asset-month,2023-04-30,2023-04-30,1,1,1,2023-04-30
S4,STX,True,complete monthly PIT top-100 asset-month,2023-05-31,2023-05-31,1,1,1,2023-05-31
S4,STX,True,complete monthly PIT top-100 asset-month,2023-06-30,2023-06-30,1,1,1,2023-06-30
S4,STX,True,complete monthly PIT top-100 asset-month,2023-07-31,2023-07-31,1,1,1,2023-07-31
S4,STX,True,complete monthly PIT top-100 asset-month,2023-08-31,2023-08-31,1,1,1,2023-08-31
S4,STX,True,complete monthly PIT top-100 asset-month,2023-09-30,2023-09-30,1,1,1,2023-09-30
S4,STX,True,complete monthly PIT top-100 asset-month,2023-10-31,2023-10-31,1,1,1,2023-10-31
S4,STX,True,complete monthly PIT top-100 asset-month,2023-11-30,2023-11-30,1,1,1,2023-11-30
S4,STX,True,complete monthly PIT top-100 asset-month,2023-12-31,2023-12-31,1,1,1,2023-12-31
S4,STX,True,complete monthly PIT top-100 asset-month,2024-01-31,2024-01-31,1,1,1,2024-01-31
S4,STX,True,complete monthly PIT top-100 asset-month,2024-02-29,2024-02-29,1,1,1,2024-02-29
S4,STX,True,complete monthly PIT top-100 asset-month,2024-03-31,2024-03-31,1,1,1,2024-03-31
S4,STX,True,complete monthly PIT top-100 asset-month,2024-04-30,2024-04-30,1,1,1,2024-04-30
S4,STX,True,complete monthly PIT top-100 asset-month,2024-05-31,2024-05-31,1,1,1,2024-05-31
S4,STX,True,complete monthly PIT top-100 asset-month,2024-06-30,2024-06-30,1,1,1,2024-06-30
S4,STX,True,complete monthly PIT top-100 asset-month,2024-07-31,2024-07-31,1,1,1,2024-07-31
S4,STX,True,complete monthly PIT top-100 asset-month,2024-08-31,2024-08-31,1,1,1,2024-08-31
S4,STX,True,complete monthly PIT top-100 asset-month,2024-09-30,2024-09-30,1,1,1,2024-09-30
S4,STX,True,complete monthly PIT top-100 asset-month,2024-10-31,2024-10-31,1,1,1,2024-10-31
S4,STX,True,complete monthly PIT top-100 asset-month,2024-11-30,2024-11-30,1,1,1,2024-11-30
S4,STX,True,complete monthly PIT top-100 asset-month,2024-12-31,2024-12-31,1,1,1,2024-12-31
S4,STX,True,complete monthly PIT top-100 asset-month,2025-01-31,2025-01-31,1,1,1,2025-01-31
S4,STX,True,complete monthly PIT top-100 asset-month,2025-02-28,2025-02-28,1,1,1,2025-02-28
S4,STX,True,complete monthly PIT top-100 asset-month,2025-03-31,2025-03-31,1,1,1,2025-03-31
S4,STX,True,complete monthly PIT top-100 asset-month,2025-04-30,2025-04-30,1,1,1,2025-04-30
S4,STX,True,complete monthly PIT top-100 asset-month,2025-05-31,2025-05-31,1,1,1,2025-05-31
S4,STX,True,complete monthly PIT top-100 asset-month,2025-06-30,2025-06-30,1,1,1,2025-06-30
S4,STX,True,complete monthly PIT top-100 asset-month,2025-07-31,2025-07-31,1,1,1,2025-07-31
S4,SUI,True,complete monthly PIT top-100 asset-month,2023-05-31,2023-05-31,1,1,1,2023-05-31
S4,SUI,True,complete monthly PIT top-100 asset-month,2023-06-30,2023-06-30,1,1,1,2023-06-30
S4,SUI,True,complete monthly PIT top-100 asset-month,2023-07-31,2023-07-31,1,1,1,2023-07-31
S4,SUI,True,complete monthly PIT top-100 asset-month,2023-08-31,2023-08-31,1,1,1,2023-08-31
S4,SUI,True,complete monthly PIT top-100 asset-month,2023-09-30,2023-09-30,1,1,1,2023-09-30
S4,SUI,True,complete monthly PIT top-100 asset-month,2023-10-31,2023-10-31,1,1,1,2023-10-31
S4,SUI,True,complete monthly PIT top-100 asset-month,2023-11-30,2023-11-30,1,1,1,2023-11-30
S4,SUI,True,complete monthly PIT top-100 asset-month,2023-12-31,2023-12-31,1,1,1,2023-12-31
S4,SUI,True,complete monthly PIT top-100 asset-month,2024-01-31,2024-01-31,1,1,1,2024-01-31
S4,SUI,True,complete monthly PIT top-100 asset-month,2024-02-29,2024-02-29,1,1,1,2024-02-29
S4,SUI,True,complete monthly PIT top-100 asset-month,2024-03-31,2024-03-31,1,1,1,2024-03-31
S4,SUI,True,complete monthly PIT top-100 asset-month,2024-04-30,2024-04-30,1,1,1,2024-04-30
S4,SUI,True,complete monthly PIT top-100 asset-month,2024-05-31,2024-05-31,1,1,1,2024-05-31
S4,SUI,True,complete monthly PIT top-100 asset-month,2024-06-30,2024-06-30,1,1,1,2024-06-30
S4,SUI,True,complete monthly PIT top-100 asset-month,2024-07-31,2024-07-31,1,1,1,2024-07-31
S4,SUI,True,complete monthly PIT top-100 asset-month,2024-08-31,2024-08-31,1,1,1,2024-08-31
S4,SUI,True,complete monthly PIT top-100 asset-month,2024-09-30,2024-09-30,1,1,1,2024-09-30
S4,SUI,True,complete monthly PIT top-100 asset-month,2024-10-31,2024-10-31,1,1,1,2024-10-31
S4,SUI,True,complete monthly PIT top-100 asset-month,2024-11-30,2024-11-30,1,1,1,2024-11-30
S4,SUI,True,complete monthly PIT top-100 asset-month,2024-12-31,2024-12-31,1,1,1,2024-12-31
S4,SUI,True,complete monthly PIT top-100 asset-month,2025-01-31,2025-01-31,1,1,1,2025-01-31
S4,SUI,True,complete monthly PIT top-100 asset-month,2025-02-28,2025-02-28,1,1,1,2025-02-28
S4,SUI,True,complete monthly PIT top-100 asset-month,2025-03-31,2025-03-31,1,1,1,2025-03-31
S4,SUI,True,complete monthly PIT top-100 asset-month,2025-04-30,2025-04-30,1,1,1,2025-04-30
S4,SUI,True,complete monthly PIT top-100 asset-month,2025-05-31,2025-05-31,1,1,1,2025-05-31
S4,SUI,True,complete monthly PIT top-100 asset-month,2025-06-30,2025-06-30,1,1,1,2025-06-30
S4,SUI,True,complete monthly PIT top-100 asset-month,2025-07-31,2025-07-31,1,1,1,2025-07-31
S4,SUI,True,complete monthly PIT top-100 asset-month,2025-08-31,2025-08-31,1,1,1,2025-08-31
S4,SUI,True,complete monthly PIT top-100 asset-month,2025-09-30,2025-09-30,1,1,1,2025-09-30
S4,SUI,True,complete monthly PIT top-100 asset-month,2025-10-31,2025-10-31,1,1,1,2025-10-31
S4,SUI,True,complete monthly PIT top-100 asset-month,2025-11-30,2025-11-30,1,1,1,2025-11-30
S4,SUI,True,complete monthly PIT top-100 asset-month,2025-12-31,2025-12-31,1,1,1,2025-12-31
S4,SUI,True,complete monthly PIT top-100 asset-month,2026-01-31,2026-01-31,1,1,1,2026-01-31
S4,SUI,True,complete monthly PIT top-100 asset-month,2026-02-28,2026-02-28,1,1,1,2026-02-28
S4,SUI,True,complete monthly PIT top-100 asset-month,2026-03-31,2026-03-31,1,1,1,2026-03-31
S4,SUI,True,complete monthly PIT top-100 asset-month,2026-04-30,2026-04-30,1,1,1,2026-04-30
S4,SUI,True,complete monthly PIT top-100 asset-month,2026-05-31,2026-05-31,1,1,1,2026-05-31
S4,SUSD,True,complete monthly PIT top-100 asset-month,2020-12-31,2020-12-31,1,1,1,2020-12-31
S4,SUSDE,True,complete monthly PIT top-100 asset-month,2025-03-31,2025-03-31,1,1,1,2025-03-31
S4,SUSDE,True,complete monthly PIT top-100 asset-month,2025-04-30,2025-04-30,1,1,1,2025-04-30
S4,SUSDE,True,complete monthly PIT top-100 asset-month,2025-05-31,2025-05-31,1,1,1,2025-05-31
S4,SUSDE,True,complete monthly PIT top-100 asset-month,2025-06-30,2025-06-30,1,1,1,2025-06-30
S4,SUSDE,True,complete monthly PIT top-100 asset-month,2025-07-31,2025-07-31,1,1,1,2025-07-31
S4,SUSDE,True,complete monthly PIT top-100 asset-month,2025-08-31,2025-08-31,1,1,1,2025-08-31
S4,SUSDE,True,complete monthly PIT top-100 asset-month,2025-09-30,2025-09-30,1,1,1,2025-09-30
S4,SUSDE,True,complete monthly PIT top-100 asset-month,2025-10-31,2025-10-31,1,1,1,2025-10-31
S4,SUSDE,True,complete monthly PIT top-100 asset-month,2025-11-30,2025-11-30,1,1,1,2025-11-30
S4,SUSDE,True,complete monthly PIT top-100 asset-month,2025-12-31,2025-12-31,1,1,1,2025-12-31
S4,SUSDE,True,complete monthly PIT top-100 asset-month,2026-01-31,2026-01-31,1,1,1,2026-01-31
S4,SUSDE,True,complete monthly PIT top-100 asset-month,2026-02-28,2026-02-28,1,1,1,2026-02-28
S4,SUSDE,True,complete monthly PIT top-100 asset-month,2026-03-31,2026-03-31,1,1,1,2026-03-31
S4,SUSDE,True,complete monthly PIT top-100 asset-month,2026-04-30,2026-04-30,1,1,1,2026-04-30
S4,SUSDE,True,complete monthly PIT top-100 asset-month,2026-05-31,2026-05-31,1,1,1,2026-05-31
S4,SUSDS,True,complete monthly PIT top-100 asset-month,2025-01-31,2025-01-31,1,1,1,2025-01-31
S4,SUSDS,True,complete monthly PIT top-100 asset-month,2025-02-28,2025-02-28,1,1,1,2025-02-28
S4,SUSDS,True,complete monthly PIT top-100 asset-month,2025-03-31,2025-03-31,1,1,1,2025-03-31
S4,SUSDS,True,complete monthly PIT top-100 asset-month,2025-04-30,2025-04-30,1,1,1,2025-04-30
S4,SUSDS,True,complete monthly PIT top-100 asset-month,2025-05-31,2025-05-31,1,1,1,2025-05-31
S4,SUSDS,True,complete monthly PIT top-100 asset-month,2025-06-30,2025-06-30,1,1,1,2025-06-30
S4,SUSDS,True,complete monthly PIT top-100 asset-month,2025-07-31,2025-07-31,1,1,1,2025-07-31
S4,SUSDS,True,complete monthly PIT top-100 asset-month,2025-08-31,2025-08-31,1,1,1,2025-08-31
S4,SUSDS,True,complete monthly PIT top-100 asset-month,2025-09-30,2025-09-30,1,1,1,2025-09-30
S4,SUSDS,True,complete monthly PIT top-100 asset-month,2025-10-31,2025-10-31,1,1,1,2025-10-31
S4,SUSDS,True,complete monthly PIT top-100 asset-month,2025-11-30,2025-11-30,1,1,1,2025-11-30
S4,SUSDS,True,complete monthly PIT top-100 asset-month,2025-12-31,2025-12-31,1,1,1,2025-12-31
S4,SUSDS,True,complete monthly PIT top-100 asset-month,2026-01-31,2026-01-31,1,1,1,2026-01-31
S4,SUSDS,True,complete monthly PIT top-100 asset-month,2026-02-28,2026-02-28,1,1,1,2026-02-28
S4,SUSDS,True,complete monthly PIT top-100 asset-month,2026-03-31,2026-03-31,1,1,1,2026-03-31
S4,SUSDS,True,complete monthly PIT top-100 asset-month,2026-04-30,2026-04-30,1,1,1,2026-04-30
S4,SUSDS,True,complete monthly PIT top-100 asset-month,2026-05-31,2026-05-31,1,1,1,2026-05-31
S4,SUSHI,True,complete monthly PIT top-100 asset-month,2020-09-30,2020-09-30,1,1,1,2020-09-30
S4,SUSHI,True,complete monthly PIT top-100 asset-month,2020-11-30,2020-11-30,1,1,1,2020-11-30
S4,SUSHI,True,complete monthly PIT top-100 asset-month,2020-12-31,2020-12-31,1,1,1,2020-12-31
S4,SUSHI,True,complete monthly PIT top-100 asset-month,2021-01-31,2021-01-31,1,1,1,2021-01-31
S4,SUSHI,True,complete monthly PIT top-100 asset-month,2021-02-28,2021-02-28,1,1,1,2021-02-28
S4,SUSHI,True,complete monthly PIT top-100 asset-month,2021-03-31,2021-03-31,1,1,1,2021-03-31
S4,SUSHI,True,complete monthly PIT top-100 asset-month,2021-04-30,2021-04-30,1,1,1,2021-04-30
S4,SUSHI,True,complete monthly PIT top-100 asset-month,2021-05-31,2021-05-31,1,1,1,2021-05-31
S4,SUSHI,True,complete monthly PIT top-100 asset-month,2021-06-30,2021-06-30,1,1,1,2021-06-30
S4,SUSHI,True,complete monthly PIT top-100 asset-month,2021-07-31,2021-07-31,1,1,1,2021-07-31
S4,SUSHI,True,complete monthly PIT top-100 asset-month,2021-08-31,2021-08-31,1,1,1,2021-08-31
S4,SUSHI,True,complete monthly PIT top-100 asset-month,2021-09-30,2021-09-30,1,1,1,2021-09-30
S4,SUSHI,True,complete monthly PIT top-100 asset-month,2021-10-31,2021-10-31,1,1,1,2021-10-31
S4,SUSHI,True,complete monthly PIT top-100 asset-month,2021-11-30,2021-11-30,1,1,1,2021-11-30
S4,SUSHI,True,complete monthly PIT top-100 asset-month,2021-12-31,2021-12-31,1,1,1,2021-12-31
S4,SXP,True,complete monthly PIT top-100 asset-month,2020-01-31,2020-01-31,1,1,1,2020-01-31
S4,SXP,True,complete monthly PIT top-100 asset-month,2020-02-29,2020-02-29,1,1,1,2020-02-29
S4,SXP,True,complete monthly PIT top-100 asset-month,2020-04-30,2020-04-30,1,1,1,2020-04-30
S4,SXP,True,complete monthly PIT top-100 asset-month,2020-07-31,2020-07-31,1,1,1,2020-07-31
S4,SXP,True,complete monthly PIT top-100 asset-month,2020-08-31,2020-08-31,1,1,1,2020-08-31
S4,SXP,True,complete monthly PIT top-100 asset-month,2020-09-30,2020-09-30,1,1,1,2020-09-30
S4,SYRUPUSDC,True,complete monthly PIT top-100 asset-month,2025-10-31,2025-10-31,1,1,1,2025-10-31
S4,SYRUPUSDC,True,complete monthly PIT top-100 asset-month,2025-11-30,2025-11-30,1,1,1,2025-11-30
S4,SYRUPUSDC,True,complete monthly PIT top-100 asset-month,2025-12-31,2025-12-31,1,1,1,2025-12-31
S4,SYRUPUSDC,True,complete monthly PIT top-100 asset-month,2026-01-31,2026-01-31,1,1,1,2026-01-31
S4,SYRUPUSDC,True,complete monthly PIT top-100 asset-month,2026-02-28,2026-02-28,1,1,1,2026-02-28
S4,SYRUPUSDC,True,complete monthly PIT top-100 asset-month,2026-03-31,2026-03-31,1,1,1,2026-03-31
S4,SYRUPUSDC,True,complete monthly PIT top-100 asset-month,2026-04-30,2026-04-30,1,1,1,2026-04-30
S4,SYRUPUSDC,True,complete monthly PIT top-100 asset-month,2026-05-31,2026-05-31,1,1,1,2026-05-31
S4,SYRUPUSDT,True,complete monthly PIT top-100 asset-month,2025-10-31,2025-10-31,1,1,1,2025-10-31
S4,SYRUPUSDT,True,complete monthly PIT top-100 asset-month,2026-03-31,2026-03-31,1,1,1,2026-03-31
S4,TAO,True,complete monthly PIT top-100 asset-month,2023-11-30,2023-11-30,1,1,1,2023-11-30
S4,TAO,True,complete monthly PIT top-100 asset-month,2023-12-31,2023-12-31,1,1,1,2023-12-31
S4,TAO,True,complete monthly PIT top-100 asset-month,2024-01-31,2024-01-31,1,1,1,2024-01-31
S4,TAO,True,complete monthly PIT top-100 asset-month,2024-02-29,2024-02-29,1,1,1,2024-02-29
S4,TAO,True,complete monthly PIT top-100 asset-month,2024-03-31,2024-03-31,1,1,1,2024-03-31
S4,TAO,True,complete monthly PIT top-100 asset-month,2024-04-30,2024-04-30,1,1,1,2024-04-30
S4,TAO,True,complete monthly PIT top-100 asset-month,2024-05-31,2024-05-31,1,1,1,2024-05-31
S4,TAO,True,complete monthly PIT top-100 asset-month,2024-06-30,2024-06-30,1,1,1,2024-06-30
S4,TAO,True,complete monthly PIT top-100 asset-month,2024-07-31,2024-07-31,1,1,1,2024-07-31
S4,TAO,True,complete monthly PIT top-100 asset-month,2024-08-31,2024-08-31,1,1,1,2024-08-31
S4,TAO,True,complete monthly PIT top-100 asset-month,2024-09-30,2024-09-30,1,1,1,2024-09-30
S4,TAO,True,complete monthly PIT top-100 asset-month,2024-10-31,2024-10-31,1,1,1,2024-10-31
S4,TAO,True,complete monthly PIT top-100 asset-month,2024-11-30,2024-11-30,1,1,1,2024-11-30
S4,TAO,True,complete monthly PIT top-100 asset-month,2024-12-31,2024-12-31,1,1,1,2024-12-31
S4,TAO,True,complete monthly PIT top-100 asset-month,2025-01-31,2025-01-31,1,1,1,2025-01-31
S4,TAO,True,complete monthly PIT top-100 asset-month,2025-02-28,2025-02-28,1,1,1,2025-02-28
S4,TAO,True,complete monthly PIT top-100 asset-month,2025-03-31,2025-03-31,1,1,1,2025-03-31
S4,TAO,True,complete monthly PIT top-100 asset-month,2025-04-30,2025-04-30,1,1,1,2025-04-30
S4,TAO,True,complete monthly PIT top-100 asset-month,2025-06-30,2025-06-30,1,1,1,2025-06-30
S4,TAO,True,complete monthly PIT top-100 asset-month,2025-07-31,2025-07-31,1,1,1,2025-07-31
S4,TAO,True,complete monthly PIT top-100 asset-month,2025-08-31,2025-08-31,1,1,1,2025-08-31
S4,TAO,True,complete monthly PIT top-100 asset-month,2025-09-30,2025-09-30,1,1,1,2025-09-30
S4,TAO,True,complete monthly PIT top-100 asset-month,2025-10-31,2025-10-31,1,1,1,2025-10-31
S4,TAO,True,complete monthly PIT top-100 asset-month,2025-11-30,2025-11-30,1,1,1,2025-11-30
S4,TAO,True,complete monthly PIT top-100 asset-month,2025-12-31,2025-12-31,1,1,1,2025-12-31
S4,TAO,True,complete monthly PIT top-100 asset-month,2026-01-31,2026-01-31,1,1,1,2026-01-31
S4,TAO,True,complete monthly PIT top-100 asset-month,2026-02-28,2026-02-28,1,1,1,2026-02-28
S4,TAO,True,complete monthly PIT top-100 asset-month,2026-03-31,2026-03-31,1,1,1,2026-03-31
S4,TAO,True,complete monthly PIT top-100 asset-month,2026-04-30,2026-04-30,1,1,1,2026-04-30
S4,TAO,True,complete monthly PIT top-100 asset-month,2026-05-31,2026-05-31,1,1,1,2026-05-31
S4,TEL,True,complete monthly PIT top-100 asset-month,2021-05-31,2021-05-31,1,1,1,2021-05-31
S4,TEL,True,complete monthly PIT top-100 asset-month,2021-06-30,2021-06-30,1,1,1,2021-06-30
S4,TEL,True,complete monthly PIT top-100 asset-month,2021-07-31,2021-07-31,1,1,1,2021-07-31
S4,TEL,True,complete monthly PIT top-100 asset-month,2021-08-31,2021-08-31,1,1,1,2021-08-31
S4,TFUEL,True,complete monthly PIT top-100 asset-month,2021-05-31,2021-05-31,1,1,1,2021-05-31
S4,TFUEL,True,complete monthly PIT top-100 asset-month,2021-06-30,2021-06-30,1,1,1,2021-06-30
S4,TFUEL,True,complete monthly PIT top-100 asset-month,2021-07-31,2021-07-31,1,1,1,2021-07-31
S4,TFUEL,True,complete monthly PIT top-100 asset-month,2021-08-31,2021-08-31,1,1,1,2021-08-31
S4,TFUEL,True,complete monthly PIT top-100 asset-month,2021-09-30,2021-09-30,1,1,1,2021-09-30
S4,TFUEL,True,complete monthly PIT top-100 asset-month,2021-10-31,2021-10-31,1,1,1,2021-10-31
S4,TFUEL,True,complete monthly PIT top-100 asset-month,2021-11-30,2021-11-30,1,1,1,2021-11-30
S4,TFUEL,True,complete monthly PIT top-100 asset-month,2021-12-31,2021-12-31,1,1,1,2021-12-31
S4,TFUEL,True,complete monthly PIT top-100 asset-month,2022-01-31,2022-01-31,1,1,1,2022-01-31
S4,TFUEL,True,complete monthly PIT top-100 asset-month,2022-02-28,2022-02-28,1,1,1,2022-02-28
S4,TFUEL,True,complete monthly PIT top-100 asset-month,2022-03-31,2022-03-31,1,1,1,2022-03-31
S4,TFUEL,True,complete monthly PIT top-100 asset-month,2022-04-30,2022-04-30,1,1,1,2022-04-30
S4,TFUEL,True,complete monthly PIT top-100 asset-month,2022-05-31,2022-05-31,1,1,1,2022-05-31
S4,TFUEL,True,complete monthly PIT top-100 asset-month,2022-06-30,2022-06-30,1,1,1,2022-06-30
S4,THETA,True,complete monthly PIT top-100 asset-month,2020-01-31,2020-01-31,1,1,1,2020-01-31
S4,THETA,True,complete monthly PIT top-100 asset-month,2020-02-29,2020-02-29,1,1,1,2020-02-29
S4,THETA,True,complete monthly PIT top-100 asset-month,2020-03-31,2020-03-31,1,1,1,2020-03-31
S4,THETA,True,complete monthly PIT top-100 asset-month,2020-04-30,2020-04-30,1,1,1,2020-04-30
S4,THETA,True,complete monthly PIT top-100 asset-month,2020-05-31,2020-05-31,1,1,1,2020-05-31
S4,THETA,True,complete monthly PIT top-100 asset-month,2020-06-30,2020-06-30,1,1,1,2020-06-30
S4,THETA,True,complete monthly PIT top-100 asset-month,2020-07-31,2020-07-31,1,1,1,2020-07-31
S4,THETA,True,complete monthly PIT top-100 asset-month,2020-08-31,2020-08-31,1,1,1,2020-08-31
S4,THETA,True,complete monthly PIT top-100 asset-month,2020-09-30,2020-09-30,1,1,1,2020-09-30
S4,THETA,True,complete monthly PIT top-100 asset-month,2020-10-31,2020-10-31,1,1,1,2020-10-31
S4,THETA,True,complete monthly PIT top-100 asset-month,2020-11-30,2020-11-30,1,1,1,2020-11-30
S4,THETA,True,complete monthly PIT top-100 asset-month,2020-12-31,2020-12-31,1,1,1,2020-12-31
S4,THETA,True,complete monthly PIT top-100 asset-month,2021-01-31,2021-01-31,1,1,1,2021-01-31
S4,THETA,True,complete monthly PIT top-100 asset-month,2021-02-28,2021-02-28,1,1,1,2021-02-28
S4,THETA,True,complete monthly PIT top-100 asset-month,2021-03-31,2021-03-31,1,1,1,2021-03-31
S4,THETA,True,complete monthly PIT top-100 asset-month,2021-04-30,2021-04-30,1,1,1,2021-04-30
S4,THETA,True,complete monthly PIT top-100 asset-month,2021-05-31,2021-05-31,1,1,1,2021-05-31
S4,THETA,True,complete monthly PIT top-100 asset-month,2021-06-30,2021-06-30,1,1,1,2021-06-30
S4,THETA,True,complete monthly PIT top-100 asset-month,2021-07-31,2021-07-31,1,1,1,2021-07-31
S4,THETA,True,complete monthly PIT top-100 asset-month,2021-08-31,2021-08-31,1,1,1,2021-08-31
S4,THETA,True,complete monthly PIT top-100 asset-month,2021-09-30,2021-09-30,1,1,1,2021-09-30
S4,THETA,True,complete monthly PIT top-100 asset-month,2021-10-31,2021-10-31,1,1,1,2021-10-31
S4,THETA,True,complete monthly PIT top-100 asset-month,2021-11-30,2021-11-30,1,1,1,2021-11-30
S4,THETA,True,complete monthly PIT top-100 asset-month,2021-12-31,2021-12-31,1,1,1,2021-12-31
S4,THETA,True,complete monthly PIT top-100 asset-month,2022-01-31,2022-01-31,1,1,1,2022-01-31
S4,THETA,True,complete monthly PIT top-100 asset-month,2022-02-28,2022-02-28,1,1,1,2022-02-28
S4,THETA,True,complete monthly PIT top-100 asset-month,2022-03-31,2022-03-31,1,1,1,2022-03-31
S4,THETA,True,complete monthly PIT top-100 asset-month,2022-04-30,2022-04-30,1,1,1,2022-04-30
S4,THETA,True,complete monthly PIT top-100 asset-month,2022-05-31,2022-05-31,1,1,1,2022-05-31
S4,THETA,True,complete monthly PIT top-100 asset-month,2022-06-30,2022-06-30,1,1,1,2022-06-30
S4,THETA,True,complete monthly PIT top-100 asset-month,2022-07-31,2022-07-31,1,1,1,2022-07-31
S4,THETA,True,complete monthly PIT top-100 asset-month,2022-08-31,2022-08-31,1,1,1,2022-08-31
S4,THETA,True,complete monthly PIT top-100 asset-month,2022-09-30,2022-09-30,1,1,1,2022-09-30
S4,THETA,True,complete monthly PIT top-100 asset-month,2022-10-31,2022-10-31,1,1,1,2022-10-31
S4,THETA,True,complete monthly PIT top-100 asset-month,2022-11-30,2022-11-30,1,1,1,2022-11-30
S4,THETA,True,complete monthly PIT top-100 asset-month,2022-12-31,2022-12-31,1,1,1,2022-12-31
S4,THETA,True,complete monthly PIT top-100 asset-month,2023-01-31,2023-01-31,1,1,1,2023-01-31
S4,THETA,True,complete monthly PIT top-100 asset-month,2023-02-28,2023-02-28,1,1,1,2023-02-28
S4,THETA,True,complete monthly PIT top-100 asset-month,2023-03-31,2023-03-31,1,1,1,2023-03-31
S4,THETA,True,complete monthly PIT top-100 asset-month,2023-04-30,2023-04-30,1,1,1,2023-04-30
S4,THETA,True,complete monthly PIT top-100 asset-month,2023-05-31,2023-05-31,1,1,1,2023-05-31
S4,THETA,True,complete monthly PIT top-100 asset-month,2023-06-30,2023-06-30,1,1,1,2023-06-30
S4,THETA,True,complete monthly PIT top-100 asset-month,2023-07-31,2023-07-31,1,1,1,2023-07-31
S4,THETA,True,complete monthly PIT top-100 asset-month,2023-08-31,2023-08-31,1,1,1,2023-08-31
S4,THETA,True,complete monthly PIT top-100 asset-month,2023-09-30,2023-09-30,1,1,1,2023-09-30
S4,THETA,True,complete monthly PIT top-100 asset-month,2023-10-31,2023-10-31,1,1,1,2023-10-31
S4,THETA,True,complete monthly PIT top-100 asset-month,2023-11-30,2023-11-30,1,1,1,2023-11-30
S4,THETA,True,complete monthly PIT top-100 asset-month,2023-12-31,2023-12-31,1,1,1,2023-12-31
S4,THETA,True,complete monthly PIT top-100 asset-month,2024-01-31,2024-01-31,1,1,1,2024-01-31
S4,THETA,True,complete monthly PIT top-100 asset-month,2024-02-29,2024-02-29,1,1,1,2024-02-29
S4,THETA,True,complete monthly PIT top-100 asset-month,2024-03-31,2024-03-31,1,1,1,2024-03-31
S4,THETA,True,complete monthly PIT top-100 asset-month,2024-04-30,2024-04-30,1,1,1,2024-04-30
S4,THETA,True,complete monthly PIT top-100 asset-month,2024-05-31,2024-05-31,1,1,1,2024-05-31
S4,THETA,True,complete monthly PIT top-100 asset-month,2024-06-30,2024-06-30,1,1,1,2024-06-30
S4,THETA,True,complete monthly PIT top-100 asset-month,2024-07-31,2024-07-31,1,1,1,2024-07-31
S4,THETA,True,complete monthly PIT top-100 asset-month,2024-08-31,2024-08-31,1,1,1,2024-08-31
S4,THETA,True,complete monthly PIT top-100 asset-month,2024-09-30,2024-09-30,1,1,1,2024-09-30
S4,THETA,True,complete monthly PIT top-100 asset-month,2024-10-31,2024-10-31,1,1,1,2024-10-31
S4,THETA,True,complete monthly PIT top-100 asset-month,2024-11-30,2024-11-30,1,1,1,2024-11-30
S4,THETA,True,complete monthly PIT top-100 asset-month,2024-12-31,2024-12-31,1,1,1,2024-12-31
S4,THETA,True,complete monthly PIT top-100 asset-month,2025-01-31,2025-01-31,1,1,1,2025-01-31
S4,THETA,True,complete monthly PIT top-100 asset-month,2025-02-28,2025-02-28,1,1,1,2025-02-28
S4,THETA,True,complete monthly PIT top-100 asset-month,2025-03-31,2025-03-31,1,1,1,2025-03-31
S4,TIA,True,complete monthly PIT top-100 asset-month,2023-11-30,2023-11-30,1,1,1,2023-11-30
S4,TIA,True,complete monthly PIT top-100 asset-month,2023-12-31,2023-12-31,1,1,1,2023-12-31
S4,TIA,True,complete monthly PIT top-100 asset-month,2024-01-31,2024-01-31,1,1,1,2024-01-31
S4,TIA,True,complete monthly PIT top-100 asset-month,2024-02-29,2024-02-29,1,1,1,2024-02-29
S4,TIA,True,complete monthly PIT top-100 asset-month,2024-03-31,2024-03-31,1,1,1,2024-03-31
S4,TIA,True,complete monthly PIT top-100 asset-month,2024-04-30,2024-04-30,1,1,1,2024-04-30
S4,TIA,True,complete monthly PIT top-100 asset-month,2024-05-31,2024-05-31,1,1,1,2024-05-31
S4,TIA,True,complete monthly PIT top-100 asset-month,2024-06-30,2024-06-30,1,1,1,2024-06-30
S4,TIA,True,complete monthly PIT top-100 asset-month,2024-07-31,2024-07-31,1,1,1,2024-07-31
S4,TIA,True,complete monthly PIT top-100 asset-month,2024-08-31,2024-08-31,1,1,1,2024-08-31
S4,TIA,True,complete monthly PIT top-100 asset-month,2024-09-30,2024-09-30,1,1,1,2024-09-30
S4,TIA,True,complete monthly PIT top-100 asset-month,2024-10-31,2024-10-31,1,1,1,2024-10-31
S4,TIA,True,complete monthly PIT top-100 asset-month,2024-11-30,2024-11-30,1,1,1,2024-11-30
S4,TIA,True,complete monthly PIT top-100 asset-month,2024-12-31,2024-12-31,1,1,1,2024-12-31
S4,TIA,True,complete monthly PIT top-100 asset-month,2025-01-31,2025-01-31,1,1,1,2025-01-31
S4,TIA,True,complete monthly PIT top-100 asset-month,2025-02-28,2025-02-28,1,1,1,2025-02-28
S4,TIA,True,complete monthly PIT top-100 asset-month,2025-03-31,2025-03-31,1,1,1,2025-03-31
S4,TIA,True,complete monthly PIT top-100 asset-month,2025-04-30,2025-04-30,1,1,1,2025-04-30
S4,TIA,True,complete monthly PIT top-100 asset-month,2025-05-31,2025-05-31,1,1,1,2025-05-31
S4,TIA,True,complete monthly PIT top-100 asset-month,2025-06-30,2025-06-30,1,1,1,2025-06-30
S4,TIA,True,complete monthly PIT top-100 asset-month,2025-07-31,2025-07-31,1,1,1,2025-07-31
S4,TIA,True,complete monthly PIT top-100 asset-month,2025-08-31,2025-08-31,1,1,1,2025-08-31
S4,TIME,True,complete monthly PIT top-100 asset-month,2021-11-30,2021-11-30,1,1,1,2021-11-30
S4,TKX,True,complete monthly PIT top-100 asset-month,2020-04-30,2020-04-30,1,1,1,2020-04-30
S4,TKX,True,complete monthly PIT top-100 asset-month,2020-05-31,2020-05-31,1,1,1,2020-05-31
S4,TKX,True,complete monthly PIT top-100 asset-month,2020-06-30,2020-06-30,1,1,1,2020-06-30
S4,TKX,True,complete monthly PIT top-100 asset-month,2020-07-31,2020-07-31,1,1,1,2020-07-31
S4,TKX,True,complete monthly PIT top-100 asset-month,2020-09-30,2020-09-30,1,1,1,2020-09-30
S4,TKX,True,complete monthly PIT top-100 asset-month,2022-08-31,2022-08-31,1,1,1,2022-08-31
S4,TKX,True,complete monthly PIT top-100 asset-month,2022-09-30,2022-09-30,1,1,1,2022-09-30
S4,TKX,True,complete monthly PIT top-100 asset-month,2022-10-31,2022-10-31,1,1,1,2022-10-31
S4,TKX,True,complete monthly PIT top-100 asset-month,2022-11-30,2022-11-30,1,1,1,2022-11-30
S4,TKX,True,complete monthly PIT top-100 asset-month,2022-12-31,2022-12-31,1,1,1,2022-12-31
S4,TKX,True,complete monthly PIT top-100 asset-month,2023-01-31,2023-01-31,1,1,1,2023-01-31
S4,TKX,True,complete monthly PIT top-100 asset-month,2023-02-28,2023-02-28,1,1,1,2023-02-28
S4,TKX,True,complete monthly PIT top-100 asset-month,2023-03-31,2023-03-31,1,1,1,2023-03-31
S4,TKX,True,complete monthly PIT top-100 asset-month,2023-04-30,2023-04-30,1,1,1,2023-04-30
S4,TKX,True,complete monthly PIT top-100 asset-month,2023-05-31,2023-05-31,1,1,1,2023-05-31
S4,TKX,True,complete monthly PIT top-100 asset-month,2023-06-30,2023-06-30,1,1,1,2023-06-30
S4,TKX,True,complete monthly PIT top-100 asset-month,2023-07-31,2023-07-31,1,1,1,2023-07-31
S4,TKX,True,complete monthly PIT top-100 asset-month,2023-08-31,2023-08-31,1,1,1,2023-08-31
S4,TKX,True,complete monthly PIT top-100 asset-month,2023-09-30,2023-09-30,1,1,1,2023-09-30
S4,TKX,True,complete monthly PIT top-100 asset-month,2023-10-31,2023-10-31,1,1,1,2023-10-31
S4,TKX,True,complete monthly PIT top-100 asset-month,2023-11-30,2023-11-30,1,1,1,2023-11-30
S4,TKX,True,complete monthly PIT top-100 asset-month,2023-12-31,2023-12-31,1,1,1,2023-12-31
S4,TKX,True,complete monthly PIT top-100 asset-month,2024-01-31,2024-01-31,1,1,1,2024-01-31
S4,TKX,True,complete monthly PIT top-100 asset-month,2024-02-29,2024-02-29,1,1,1,2024-02-29
S4,TKX,True,complete monthly PIT top-100 asset-month,2024-04-30,2024-04-30,1,1,1,2024-04-30
S4,TKX,True,complete monthly PIT top-100 asset-month,2024-05-31,2024-05-31,1,1,1,2024-05-31
S4,TKX,True,complete monthly PIT top-100 asset-month,2024-06-30,2024-06-30,1,1,1,2024-06-30
S4,TKX,True,complete monthly PIT top-100 asset-month,2024-07-31,2024-07-31,1,1,1,2024-07-31
S4,TKX,True,complete monthly PIT top-100 asset-month,2024-12-31,2024-12-31,1,1,1,2024-12-31
S4,TKX,True,complete monthly PIT top-100 asset-month,2025-01-31,2025-01-31,1,1,1,2025-01-31
S4,TKX,True,complete monthly PIT top-100 asset-month,2025-02-28,2025-02-28,1,1,1,2025-02-28
S4,TKX,True,complete monthly PIT top-100 asset-month,2025-03-31,2025-03-31,1,1,1,2025-03-31
S4,TKX,True,complete monthly PIT top-100 asset-month,2025-04-30,2025-04-30,1,1,1,2025-04-30
S4,TKX,True,complete monthly PIT top-100 asset-month,2025-05-31,2025-05-31,1,1,1,2025-05-31
S4,TKX,True,complete monthly PIT top-100 asset-month,2025-06-30,2025-06-30,1,1,1,2025-06-30
S4,TRUMP,True,complete monthly PIT top-100 asset-month,2025-01-31,2025-01-31,1,1,1,2025-01-31
S4,TRUMP,True,complete monthly PIT top-100 asset-month,2025-02-28,2025-02-28,1,1,1,2025-02-28
S4,TRUMP,True,complete monthly PIT top-100 asset-month,2025-03-31,2025-03-31,1,1,1,2025-03-31
S4,TRUMP,True,complete monthly PIT top-100 asset-month,2025-04-30,2025-04-30,1,1,1,2025-04-30
S4,TRUMP,True,complete monthly PIT top-100 asset-month,2025-05-31,2025-05-31,1,1,1,2025-05-31
S4,TRUMP,True,complete monthly PIT top-100 asset-month,2025-06-30,2025-06-30,1,1,1,2025-06-30
S4,TRUMP,True,complete monthly PIT top-100 asset-month,2025-07-31,2025-07-31,1,1,1,2025-07-31
S4,TRUMP,True,complete monthly PIT top-100 asset-month,2025-08-31,2025-08-31,1,1,1,2025-08-31
S4,TRUMP,True,complete monthly PIT top-100 asset-month,2025-09-30,2025-09-30,1,1,1,2025-09-30
S4,TRUMP,True,complete monthly PIT top-100 asset-month,2025-10-31,2025-10-31,1,1,1,2025-10-31
S4,TRUMP,True,complete monthly PIT top-100 asset-month,2025-11-30,2025-11-30,1,1,1,2025-11-30
S4,TRUMP,True,complete monthly PIT top-100 asset-month,2025-12-31,2025-12-31,1,1,1,2025-12-31
S4,TRUMP,True,complete monthly PIT top-100 asset-month,2026-01-31,2026-01-31,1,1,1,2026-01-31
S4,TRUMP,True,complete monthly PIT top-100 asset-month,2026-02-28,2026-02-28,1,1,1,2026-02-28
S4,TRX,True,complete monthly PIT top-100 asset-month,2020-01-31,2020-01-31,1,1,1,2020-01-31
S4,TRX,True,complete monthly PIT top-100 asset-month,2020-02-29,2020-02-29,1,1,1,2020-02-29
S4,TRX,True,complete monthly PIT top-100 asset-month,2020-03-31,2020-03-31,1,1,1,2020-03-31
S4,TRX,True,complete monthly PIT top-100 asset-month,2020-04-30,2020-04-30,1,1,1,2020-04-30
S4,TRX,True,complete monthly PIT top-100 asset-month,2020-05-31,2020-05-31,1,1,1,2020-05-31
S4,TRX,True,complete monthly PIT top-100 asset-month,2020-06-30,2020-06-30,1,1,1,2020-06-30
S4,TRX,True,complete monthly PIT top-100 asset-month,2020-07-31,2020-07-31,1,1,1,2020-07-31
S4,TRX,True,complete monthly PIT top-100 asset-month,2020-08-31,2020-08-31,1,1,1,2020-08-31
S4,TRX,True,complete monthly PIT top-100 asset-month,2020-09-30,2020-09-30,1,1,1,2020-09-30
S4,TRX,True,complete monthly PIT top-100 asset-month,2020-10-31,2020-10-31,1,1,1,2020-10-31
S4,TRX,True,complete monthly PIT top-100 asset-month,2020-11-30,2020-11-30,1,1,1,2020-11-30
S4,TRX,True,complete monthly PIT top-100 asset-month,2020-12-31,2020-12-31,1,1,1,2020-12-31
S4,TRX,True,complete monthly PIT top-100 asset-month,2021-01-31,2021-01-31,1,1,1,2021-01-31
S4,TRX,True,complete monthly PIT top-100 asset-month,2021-02-28,2021-02-28,1,1,1,2021-02-28
S4,TRX,True,complete monthly PIT top-100 asset-month,2021-03-31,2021-03-31,1,1,1,2021-03-31
S4,TRX,True,complete monthly PIT top-100 asset-month,2021-04-30,2021-04-30,1,1,1,2021-04-30
S4,TRX,True,complete monthly PIT top-100 asset-month,2021-05-31,2021-05-31,1,1,1,2021-05-31
S4,TRX,True,complete monthly PIT top-100 asset-month,2021-06-30,2021-06-30,1,1,1,2021-06-30
S4,TRX,True,complete monthly PIT top-100 asset-month,2021-07-31,2021-07-31,1,1,1,2021-07-31
S4,TRX,True,complete monthly PIT top-100 asset-month,2021-08-31,2021-08-31,1,1,1,2021-08-31
S4,TRX,True,complete monthly PIT top-100 asset-month,2021-09-30,2021-09-30,1,1,1,2021-09-30
S4,TRX,True,complete monthly PIT top-100 asset-month,2021-10-31,2021-10-31,1,1,1,2021-10-31
S4,TRX,True,complete monthly PIT top-100 asset-month,2021-11-30,2021-11-30,1,1,1,2021-11-30
S4,TRX,True,complete monthly PIT top-100 asset-month,2021-12-31,2021-12-31,1,1,1,2021-12-31
S4,TRX,True,complete monthly PIT top-100 asset-month,2022-01-31,2022-01-31,1,1,1,2022-01-31
S4,TRX,True,complete monthly PIT top-100 asset-month,2022-02-28,2022-02-28,1,1,1,2022-02-28
S4,TRX,True,complete monthly PIT top-100 asset-month,2022-03-31,2022-03-31,1,1,1,2022-03-31
S4,TRX,True,complete monthly PIT top-100 asset-month,2022-04-30,2022-04-30,1,1,1,2022-04-30
S4,TRX,True,complete monthly PIT top-100 asset-month,2022-05-31,2022-05-31,1,1,1,2022-05-31
S4,TRX,True,complete monthly PIT top-100 asset-month,2022-06-30,2022-06-30,1,1,1,2022-06-30
S4,TRX,True,complete monthly PIT top-100 asset-month,2022-07-31,2022-07-31,1,1,1,2022-07-31
S4,TRX,True,complete monthly PIT top-100 asset-month,2022-08-31,2022-08-31,1,1,1,2022-08-31
S4,TRX,True,complete monthly PIT top-100 asset-month,2022-09-30,2022-09-30,1,1,1,2022-09-30
S4,TRX,True,complete monthly PIT top-100 asset-month,2022-10-31,2022-10-31,1,1,1,2022-10-31
S4,TRX,True,complete monthly PIT top-100 asset-month,2022-11-30,2022-11-30,1,1,1,2022-11-30
S4,TRX,True,complete monthly PIT top-100 asset-month,2022-12-31,2022-12-31,1,1,1,2022-12-31
S4,TRX,True,complete monthly PIT top-100 asset-month,2023-01-31,2023-01-31,1,1,1,2023-01-31
S4,TRX,True,complete monthly PIT top-100 asset-month,2023-02-28,2023-02-28,1,1,1,2023-02-28
S4,TRX,True,complete monthly PIT top-100 asset-month,2023-03-31,2023-03-31,1,1,1,2023-03-31
S4,TRX,True,complete monthly PIT top-100 asset-month,2023-04-30,2023-04-30,1,1,1,2023-04-30
S4,TRX,True,complete monthly PIT top-100 asset-month,2023-05-31,2023-05-31,1,1,1,2023-05-31
S4,TRX,True,complete monthly PIT top-100 asset-month,2023-06-30,2023-06-30,1,1,1,2023-06-30
S4,TRX,True,complete monthly PIT top-100 asset-month,2023-07-31,2023-07-31,1,1,1,2023-07-31
S4,TRX,True,complete monthly PIT top-100 asset-month,2023-08-31,2023-08-31,1,1,1,2023-08-31
S4,TRX,True,complete monthly PIT top-100 asset-month,2023-09-30,2023-09-30,1,1,1,2023-09-30
S4,TRX,True,complete monthly PIT top-100 asset-month,2023-10-31,2023-10-31,1,1,1,2023-10-31
S4,TRX,True,complete monthly PIT top-100 asset-month,2023-11-30,2023-11-30,1,1,1,2023-11-30
S4,TRX,True,complete monthly PIT top-100 asset-month,2023-12-31,2023-12-31,1,1,1,2023-12-31
S4,TRX,True,complete monthly PIT top-100 asset-month,2024-01-31,2024-01-31,1,1,1,2024-01-31
S4,TRX,True,complete monthly PIT top-100 asset-month,2024-02-29,2024-02-29,1,1,1,2024-02-29
S4,TRX,True,complete monthly PIT top-100 asset-month,2024-03-31,2024-03-31,1,1,1,2024-03-31
S4,TRX,True,complete monthly PIT top-100 asset-month,2024-04-30,2024-04-30,1,1,1,2024-04-30
S4,TRX,True,complete monthly PIT top-100 asset-month,2024-05-31,2024-05-31,1,1,1,2024-05-31
S4,TRX,True,complete monthly PIT top-100 asset-month,2024-06-30,2024-06-30,1,1,1,2024-06-30
S4,TRX,True,complete monthly PIT top-100 asset-month,2024-07-31,2024-07-31,1,1,1,2024-07-31
S4,TRX,True,complete monthly PIT top-100 asset-month,2024-08-31,2024-08-31,1,1,1,2024-08-31
S4,TRX,True,complete monthly PIT top-100 asset-month,2024-09-30,2024-09-30,1,1,1,2024-09-30
S4,TRX,True,complete monthly PIT top-100 asset-month,2024-10-31,2024-10-31,1,1,1,2024-10-31
S4,TRX,True,complete monthly PIT top-100 asset-month,2024-11-30,2024-11-30,1,1,1,2024-11-30
S4,TRX,True,complete monthly PIT top-100 asset-month,2024-12-31,2024-12-31,1,1,1,2024-12-31
S4,TRX,True,complete monthly PIT top-100 asset-month,2025-01-31,2025-01-31,1,1,1,2025-01-31
S4,TRX,True,complete monthly PIT top-100 asset-month,2025-02-28,2025-02-28,1,1,1,2025-02-28
S4,TRX,True,complete monthly PIT top-100 asset-month,2025-03-31,2025-03-31,1,1,1,2025-03-31
S4,TRX,True,complete monthly PIT top-100 asset-month,2025-04-30,2025-04-30,1,1,1,2025-04-30
S4,TRX,True,complete monthly PIT top-100 asset-month,2025-05-31,2025-05-31,1,1,1,2025-05-31
S4,TRX,True,complete monthly PIT top-100 asset-month,2025-06-30,2025-06-30,1,1,1,2025-06-30
S4,TRX,True,complete monthly PIT top-100 asset-month,2025-07-31,2025-07-31,1,1,1,2025-07-31
S4,TRX,True,complete monthly PIT top-100 asset-month,2025-08-31,2025-08-31,1,1,1,2025-08-31
S4,TRX,True,complete monthly PIT top-100 asset-month,2025-09-30,2025-09-30,1,1,1,2025-09-30
S4,TRX,True,complete monthly PIT top-100 asset-month,2025-10-31,2025-10-31,1,1,1,2025-10-31
S4,TRX,True,complete monthly PIT top-100 asset-month,2025-11-30,2025-11-30,1,1,1,2025-11-30
S4,TRX,True,complete monthly PIT top-100 asset-month,2025-12-31,2025-12-31,1,1,1,2025-12-31
S4,TRX,True,complete monthly PIT top-100 asset-month,2026-01-31,2026-01-31,1,1,1,2026-01-31
S4,TRX,True,complete monthly PIT top-100 asset-month,2026-02-28,2026-02-28,1,1,1,2026-02-28
S4,TRX,True,complete monthly PIT top-100 asset-month,2026-03-31,2026-03-31,1,1,1,2026-03-31
S4,TRX,True,complete monthly PIT top-100 asset-month,2026-04-30,2026-04-30,1,1,1,2026-04-30
S4,TRX,True,complete monthly PIT top-100 asset-month,2026-05-31,2026-05-31,1,1,1,2026-05-31
S4,TT,True,complete monthly PIT top-100 asset-month,2020-03-31,2020-03-31,1,1,1,2020-03-31
S4,TUSD,True,complete monthly PIT top-100 asset-month,2020-01-31,2020-01-31,1,1,1,2020-01-31
S4,TUSD,True,complete monthly PIT top-100 asset-month,2020-02-29,2020-02-29,1,1,1,2020-02-29
S4,TUSD,True,complete monthly PIT top-100 asset-month,2020-03-31,2020-03-31,1,1,1,2020-03-31
S4,TUSD,True,complete monthly PIT top-100 asset-month,2020-04-30,2020-04-30,1,1,1,2020-04-30
S4,TUSD,True,complete monthly PIT top-100 asset-month,2020-05-31,2020-05-31,1,1,1,2020-05-31
S4,TUSD,True,complete monthly PIT top-100 asset-month,2020-06-30,2020-06-30,1,1,1,2020-06-30
S4,TUSD,True,complete monthly PIT top-100 asset-month,2020-07-31,2020-07-31,1,1,1,2020-07-31
S4,TUSD,True,complete monthly PIT top-100 asset-month,2020-08-31,2020-08-31,1,1,1,2020-08-31
S4,TUSD,True,complete monthly PIT top-100 asset-month,2020-09-30,2020-09-30,1,1,1,2020-09-30
S4,TUSD,True,complete monthly PIT top-100 asset-month,2020-10-31,2020-10-31,1,1,1,2020-10-31
S4,TUSD,True,complete monthly PIT top-100 asset-month,2020-11-30,2020-11-30,1,1,1,2020-11-30
S4,TUSD,True,complete monthly PIT top-100 asset-month,2020-12-31,2020-12-31,1,1,1,2020-12-31
S4,TUSD,True,complete monthly PIT top-100 asset-month,2021-01-31,2021-01-31,1,1,1,2021-01-31
S4,TUSD,True,complete monthly PIT top-100 asset-month,2021-05-31,2021-05-31,1,1,1,2021-05-31
S4,TUSD,True,complete monthly PIT top-100 asset-month,2021-06-30,2021-06-30,1,1,1,2021-06-30
S4,TUSD,True,complete monthly PIT top-100 asset-month,2021-07-31,2021-07-31,1,1,1,2021-07-31
S4,TUSD,True,complete monthly PIT top-100 asset-month,2021-08-31,2021-08-31,1,1,1,2021-08-31
S4,TUSD,True,complete monthly PIT top-100 asset-month,2021-09-30,2021-09-30,1,1,1,2021-09-30
S4,TUSD,True,complete monthly PIT top-100 asset-month,2021-10-31,2021-10-31,1,1,1,2021-10-31
S4,TUSD,True,complete monthly PIT top-100 asset-month,2021-12-31,2021-12-31,1,1,1,2021-12-31
S4,TUSD,True,complete monthly PIT top-100 asset-month,2022-01-31,2022-01-31,1,1,1,2022-01-31
S4,TUSD,True,complete monthly PIT top-100 asset-month,2022-02-28,2022-02-28,1,1,1,2022-02-28
S4,TUSD,True,complete monthly PIT top-100 asset-month,2022-03-31,2022-03-31,1,1,1,2022-03-31
S4,TUSD,True,complete monthly PIT top-100 asset-month,2022-04-30,2022-04-30,1,1,1,2022-04-30
S4,TUSD,True,complete monthly PIT top-100 asset-month,2022-05-31,2022-05-31,1,1,1,2022-05-31
S4,TUSD,True,complete monthly PIT top-100 asset-month,2022-06-30,2022-06-30,1,1,1,2022-06-30
S4,TUSD,True,complete monthly PIT top-100 asset-month,2022-07-31,2022-07-31,1,1,1,2022-07-31
S4,TUSD,True,complete monthly PIT top-100 asset-month,2022-08-31,2022-08-31,1,1,1,2022-08-31
S4,TUSD,True,complete monthly PIT top-100 asset-month,2022-09-30,2022-09-30,1,1,1,2022-09-30
S4,TUSD,True,complete monthly PIT top-100 asset-month,2022-10-31,2022-10-31,1,1,1,2022-10-31
S4,TUSD,True,complete monthly PIT top-100 asset-month,2022-11-30,2022-11-30,1,1,1,2022-11-30
S4,TUSD,True,complete monthly PIT top-100 asset-month,2022-12-31,2022-12-31,1,1,1,2022-12-31
S4,TUSD,True,complete monthly PIT top-100 asset-month,2023-01-31,2023-01-31,1,1,1,2023-01-31
S4,TUSD,True,complete monthly PIT top-100 asset-month,2023-02-28,2023-02-28,1,1,1,2023-02-28
S4,TUSD,True,complete monthly PIT top-100 asset-month,2023-03-31,2023-03-31,1,1,1,2023-03-31
S4,TUSD,True,complete monthly PIT top-100 asset-month,2023-04-30,2023-04-30,1,1,1,2023-04-30
S4,TUSD,True,complete monthly PIT top-100 asset-month,2023-05-31,2023-05-31,1,1,1,2023-05-31
S4,TUSD,True,complete monthly PIT top-100 asset-month,2023-06-30,2023-06-30,1,1,1,2023-06-30
S4,TUSD,True,complete monthly PIT top-100 asset-month,2023-07-31,2023-07-31,1,1,1,2023-07-31
S4,TUSD,True,complete monthly PIT top-100 asset-month,2023-08-31,2023-08-31,1,1,1,2023-08-31
S4,TUSD,True,complete monthly PIT top-100 asset-month,2023-09-30,2023-09-30,1,1,1,2023-09-30
S4,TUSD,True,complete monthly PIT top-100 asset-month,2023-10-31,2023-10-31,1,1,1,2023-10-31
S4,TUSD,True,complete monthly PIT top-100 asset-month,2023-11-30,2023-11-30,1,1,1,2023-11-30
S4,TUSD,True,complete monthly PIT top-100 asset-month,2023-12-31,2023-12-31,1,1,1,2023-12-31
S4,TUSD,True,complete monthly PIT top-100 asset-month,2024-01-31,2024-01-31,1,1,1,2024-01-31
S4,TUSD,True,complete monthly PIT top-100 asset-month,2024-02-29,2024-02-29,1,1,1,2024-02-29
S4,TWT,True,complete monthly PIT top-100 asset-month,2022-08-31,2022-08-31,1,1,1,2022-08-31
S4,TWT,True,complete monthly PIT top-100 asset-month,2022-10-31,2022-10-31,1,1,1,2022-10-31
S4,TWT,True,complete monthly PIT top-100 asset-month,2022-11-30,2022-11-30,1,1,1,2022-11-30
S4,TWT,True,complete monthly PIT top-100 asset-month,2022-12-31,2022-12-31,1,1,1,2022-12-31
S4,TWT,True,complete monthly PIT top-100 asset-month,2023-01-31,2023-01-31,1,1,1,2023-01-31
S4,TWT,True,complete monthly PIT top-100 asset-month,2023-02-28,2023-02-28,1,1,1,2023-02-28
S4,TWT,True,complete monthly PIT top-100 asset-month,2023-03-31,2023-03-31,1,1,1,2023-03-31
S4,TWT,True,complete monthly PIT top-100 asset-month,2023-04-30,2023-04-30,1,1,1,2023-04-30
S4,TWT,True,complete monthly PIT top-100 asset-month,2023-05-31,2023-05-31,1,1,1,2023-05-31
S4,TWT,True,complete monthly PIT top-100 asset-month,2023-06-30,2023-06-30,1,1,1,2023-06-30
S4,TWT,True,complete monthly PIT top-100 asset-month,2023-07-31,2023-07-31,1,1,1,2023-07-31
S4,TWT,True,complete monthly PIT top-100 asset-month,2023-08-31,2023-08-31,1,1,1,2023-08-31
S4,TWT,True,complete monthly PIT top-100 asset-month,2023-10-31,2023-10-31,1,1,1,2023-10-31
S4,U,True,complete monthly PIT top-100 asset-month,2026-04-30,2026-04-30,1,1,1,2026-04-30
S4,U,True,complete monthly PIT top-100 asset-month,2026-05-31,2026-05-31,1,1,1,2026-05-31
S4,UBT,True,complete monthly PIT top-100 asset-month,2020-04-30,2020-04-30,1,1,1,2020-04-30
S4,UBT,True,complete monthly PIT top-100 asset-month,2020-05-31,2020-05-31,1,1,1,2020-05-31
S4,UMA,True,complete monthly PIT top-100 asset-month,2020-04-30,2020-04-30,1,1,1,2020-04-30
S4,UMA,True,complete monthly PIT top-100 asset-month,2020-05-31,2020-05-31,1,1,1,2020-05-31
S4,UMA,True,complete monthly PIT top-100 asset-month,2020-06-30,2020-06-30,1,1,1,2020-06-30
S4,UMA,True,complete monthly PIT top-100 asset-month,2020-07-31,2020-07-31,1,1,1,2020-07-31
S4,UMA,True,complete monthly PIT top-100 asset-month,2020-08-31,2020-08-31,1,1,1,2020-08-31
S4,UMA,True,complete monthly PIT top-100 asset-month,2020-09-30,2020-09-30,1,1,1,2020-09-30
S4,UMA,True,complete monthly PIT top-100 asset-month,2020-10-31,2020-10-31,1,1,1,2020-10-31
S4,UMA,True,complete monthly PIT top-100 asset-month,2020-11-30,2020-11-30,1,1,1,2020-11-30
S4,UMA,True,complete monthly PIT top-100 asset-month,2020-12-31,2020-12-31,1,1,1,2020-12-31
S4,UMA,True,complete monthly PIT top-100 asset-month,2021-01-31,2021-01-31,1,1,1,2021-01-31
S4,UMA,True,complete monthly PIT top-100 asset-month,2021-02-28,2021-02-28,1,1,1,2021-02-28
S4,UMA,True,complete monthly PIT top-100 asset-month,2021-03-31,2021-03-31,1,1,1,2021-03-31
S4,UMA,True,complete monthly PIT top-100 asset-month,2021-04-30,2021-04-30,1,1,1,2021-04-30
S4,UMA,True,complete monthly PIT top-100 asset-month,2021-05-31,2021-05-31,1,1,1,2021-05-31
S4,UNI,True,complete monthly PIT top-100 asset-month,2020-09-30,2020-09-30,1,1,1,2020-09-30
S4,UNI,True,complete monthly PIT top-100 asset-month,2020-10-31,2020-10-31,1,1,1,2020-10-31
S4,UNI,True,complete monthly PIT top-100 asset-month,2020-11-30,2020-11-30,1,1,1,2020-11-30
S4,UNI,True,complete monthly PIT top-100 asset-month,2020-12-31,2020-12-31,1,1,1,2020-12-31
S4,UNI,True,complete monthly PIT top-100 asset-month,2021-01-31,2021-01-31,1,1,1,2021-01-31
S4,UNI,True,complete monthly PIT top-100 asset-month,2021-02-28,2021-02-28,1,1,1,2021-02-28
S4,UNI,True,complete monthly PIT top-100 asset-month,2021-03-31,2021-03-31,1,1,1,2021-03-31
S4,UNI,True,complete monthly PIT top-100 asset-month,2021-04-30,2021-04-30,1,1,1,2021-04-30
S4,UNI,True,complete monthly PIT top-100 asset-month,2021-05-31,2021-05-31,1,1,1,2021-05-31
S4,UNI,True,complete monthly PIT top-100 asset-month,2021-06-30,2021-06-30,1,1,1,2021-06-30
S4,UNI,True,complete monthly PIT top-100 asset-month,2021-07-31,2021-07-31,1,1,1,2021-07-31
S4,UNI,True,complete monthly PIT top-100 asset-month,2021-08-31,2021-08-31,1,1,1,2021-08-31
S4,UNI,True,complete monthly PIT top-100 asset-month,2021-09-30,2021-09-30,1,1,1,2021-09-30
S4,UNI,True,complete monthly PIT top-100 asset-month,2021-10-31,2021-10-31,1,1,1,2021-10-31
S4,UNI,True,complete monthly PIT top-100 asset-month,2021-11-30,2021-11-30,1,1,1,2021-11-30
S4,UNI,True,complete monthly PIT top-100 asset-month,2021-12-31,2021-12-31,1,1,1,2021-12-31
S4,UNI,True,complete monthly PIT top-100 asset-month,2022-01-31,2022-01-31,1,1,1,2022-01-31
S4,UNI,True,complete monthly PIT top-100 asset-month,2022-02-28,2022-02-28,1,1,1,2022-02-28
S4,UNI,True,complete monthly PIT top-100 asset-month,2022-03-31,2022-03-31,1,1,1,2022-03-31
S4,UNI,True,complete monthly PIT top-100 asset-month,2022-04-30,2022-04-30,1,1,1,2022-04-30
S4,UNI,True,complete monthly PIT top-100 asset-month,2022-05-31,2022-05-31,1,1,1,2022-05-31
S4,UNI,True,complete monthly PIT top-100 asset-month,2022-06-30,2022-06-30,1,1,1,2022-06-30
S4,UNI,True,complete monthly PIT top-100 asset-month,2022-07-31,2022-07-31,1,1,1,2022-07-31
S4,UNI,True,complete monthly PIT top-100 asset-month,2022-08-31,2022-08-31,1,1,1,2022-08-31
S4,UNI,True,complete monthly PIT top-100 asset-month,2022-09-30,2022-09-30,1,1,1,2022-09-30
S4,UNI,True,complete monthly PIT top-100 asset-month,2022-10-31,2022-10-31,1,1,1,2022-10-31
S4,UNI,True,complete monthly PIT top-100 asset-month,2022-11-30,2022-11-30,1,1,1,2022-11-30
S4,UNI,True,complete monthly PIT top-100 asset-month,2022-12-31,2022-12-31,1,1,1,2022-12-31
S4,UNI,True,complete monthly PIT top-100 asset-month,2023-01-31,2023-01-31,1,1,1,2023-01-31
S4,UNI,True,complete monthly PIT top-100 asset-month,2023-02-28,2023-02-28,1,1,1,2023-02-28
S4,UNI,True,complete monthly PIT top-100 asset-month,2023-03-31,2023-03-31,1,1,1,2023-03-31
S4,UNI,True,complete monthly PIT top-100 asset-month,2023-04-30,2023-04-30,1,1,1,2023-04-30
S4,UNI,True,complete monthly PIT top-100 asset-month,2023-05-31,2023-05-31,1,1,1,2023-05-31
S4,UNI,True,complete monthly PIT top-100 asset-month,2023-06-30,2023-06-30,1,1,1,2023-06-30
S4,UNI,True,complete monthly PIT top-100 asset-month,2023-07-31,2023-07-31,1,1,1,2023-07-31
S4,UNI,True,complete monthly PIT top-100 asset-month,2023-08-31,2023-08-31,1,1,1,2023-08-31
S4,UNI,True,complete monthly PIT top-100 asset-month,2023-09-30,2023-09-30,1,1,1,2023-09-30
S4,UNI,True,complete monthly PIT top-100 asset-month,2023-10-31,2023-10-31,1,1,1,2023-10-31
S4,UNI,True,complete monthly PIT top-100 asset-month,2023-11-30,2023-11-30,1,1,1,2023-11-30
S4,UNI,True,complete monthly PIT top-100 asset-month,2023-12-31,2023-12-31,1,1,1,2023-12-31
S4,UNI,True,complete monthly PIT top-100 asset-month,2024-01-31,2024-01-31,1,1,1,2024-01-31
S4,UNI,True,complete monthly PIT top-100 asset-month,2024-02-29,2024-02-29,1,1,1,2024-02-29
S4,UNI,True,complete monthly PIT top-100 asset-month,2024-03-31,2024-03-31,1,1,1,2024-03-31
S4,UNI,True,complete monthly PIT top-100 asset-month,2024-04-30,2024-04-30,1,1,1,2024-04-30
S4,UNI,True,complete monthly PIT top-100 asset-month,2024-05-31,2024-05-31,1,1,1,2024-05-31
S4,UNI,True,complete monthly PIT top-100 asset-month,2024-06-30,2024-06-30,1,1,1,2024-06-30
S4,UNI,True,complete monthly PIT top-100 asset-month,2024-07-31,2024-07-31,1,1,1,2024-07-31
S4,UNI,True,complete monthly PIT top-100 asset-month,2024-08-31,2024-08-31,1,1,1,2024-08-31
S4,UNI,True,complete monthly PIT top-100 asset-month,2024-09-30,2024-09-30,1,1,1,2024-09-30
S4,UNI,True,complete monthly PIT top-100 asset-month,2024-10-31,2024-10-31,1,1,1,2024-10-31
S4,UNI,True,complete monthly PIT top-100 asset-month,2024-11-30,2024-11-30,1,1,1,2024-11-30
S4,UNI,True,complete monthly PIT top-100 asset-month,2024-12-31,2024-12-31,1,1,1,2024-12-31
S4,UNI,True,complete monthly PIT top-100 asset-month,2025-01-31,2025-01-31,1,1,1,2025-01-31
S4,UNI,True,complete monthly PIT top-100 asset-month,2025-02-28,2025-02-28,1,1,1,2025-02-28
S4,UNI,True,complete monthly PIT top-100 asset-month,2025-03-31,2025-03-31,1,1,1,2025-03-31
S4,UNI,True,complete monthly PIT top-100 asset-month,2025-04-30,2025-04-30,1,1,1,2025-04-30
S4,UNI,True,complete monthly PIT top-100 asset-month,2025-05-31,2025-05-31,1,1,1,2025-05-31
S4,UNI,True,complete monthly PIT top-100 asset-month,2025-06-30,2025-06-30,1,1,1,2025-06-30
S4,UNI,True,complete monthly PIT top-100 asset-month,2025-07-31,2025-07-31,1,1,1,2025-07-31
S4,UNI,True,complete monthly PIT top-100 asset-month,2025-08-31,2025-08-31,1,1,1,2025-08-31
S4,UNI,True,complete monthly PIT top-100 asset-month,2025-09-30,2025-09-30,1,1,1,2025-09-30
S4,UNI,True,complete monthly PIT top-100 asset-month,2025-10-31,2025-10-31,1,1,1,2025-10-31
S4,UNI,True,complete monthly PIT top-100 asset-month,2025-11-30,2025-11-30,1,1,1,2025-11-30
S4,UNI,True,complete monthly PIT top-100 asset-month,2025-12-31,2025-12-31,1,1,1,2025-12-31
S4,UNI,True,complete monthly PIT top-100 asset-month,2026-01-31,2026-01-31,1,1,1,2026-01-31
S4,UNI,True,complete monthly PIT top-100 asset-month,2026-02-28,2026-02-28,1,1,1,2026-02-28
S4,UNI,True,complete monthly PIT top-100 asset-month,2026-03-31,2026-03-31,1,1,1,2026-03-31
S4,UNI,True,complete monthly PIT top-100 asset-month,2026-04-30,2026-04-30,1,1,1,2026-04-30
S4,UNI,True,complete monthly PIT top-100 asset-month,2026-05-31,2026-05-31,1,1,1,2026-05-31
S4,USD0,True,complete monthly PIT top-100 asset-month,2024-12-31,2024-12-31,1,1,1,2024-12-31
S4,USD0,True,complete monthly PIT top-100 asset-month,2025-01-31,2025-01-31,1,1,1,2025-01-31
S4,USD0,True,complete monthly PIT top-100 asset-month,2025-02-28,2025-02-28,1,1,1,2025-02-28
S4,USD0,True,complete monthly PIT top-100 asset-month,2025-03-31,2025-03-31,1,1,1,2025-03-31
S4,USD1,True,complete monthly PIT top-100 asset-month,2025-04-30,2025-04-30,1,1,1,2025-04-30
S4,USD1,True,complete monthly PIT top-100 asset-month,2025-05-31,2025-05-31,1,1,1,2025-05-31
S4,USD1,True,complete monthly PIT top-100 asset-month,2025-06-30,2025-06-30,1,1,1,2025-06-30
S4,USD1,True,complete monthly PIT top-100 asset-month,2025-07-31,2025-07-31,1,1,1,2025-07-31
S4,USD1,True,complete monthly PIT top-100 asset-month,2025-08-31,2025-08-31,1,1,1,2025-08-31
S4,USD1,True,complete monthly PIT top-100 asset-month,2025-09-30,2025-09-30,1,1,1,2025-09-30
S4,USD1,True,complete monthly PIT top-100 asset-month,2025-10-31,2025-10-31,1,1,1,2025-10-31
S4,USD1,True,complete monthly PIT top-100 asset-month,2025-11-30,2025-11-30,1,1,1,2025-11-30
S4,USD1,True,complete monthly PIT top-100 asset-month,2025-12-31,2025-12-31,1,1,1,2025-12-31
S4,USD1,True,complete monthly PIT top-100 asset-month,2026-01-31,2026-01-31,1,1,1,2026-01-31
S4,USD1,True,complete monthly PIT top-100 asset-month,2026-02-28,2026-02-28,1,1,1,2026-02-28
S4,USD1,True,complete monthly PIT top-100 asset-month,2026-03-31,2026-03-31,1,1,1,2026-03-31
S4,USD1,True,complete monthly PIT top-100 asset-month,2026-04-30,2026-04-30,1,1,1,2026-04-30
S4,USD1,True,complete monthly PIT top-100 asset-month,2026-05-31,2026-05-31,1,1,1,2026-05-31
S4,USDC,True,complete monthly PIT top-100 asset-month,2020-01-31,2020-01-31,1,1,1,2020-01-31
S4,USDC,True,complete monthly PIT top-100 asset-month,2020-02-29,2020-02-29,1,1,1,2020-02-29
S4,USDC,True,complete monthly PIT top-100 asset-month,2020-03-31,2020-03-31,1,1,1,2020-03-31
S4,USDC,True,complete monthly PIT top-100 asset-month,2020-04-30,2020-04-30,1,1,1,2020-04-30
S4,USDC,True,complete monthly PIT top-100 asset-month,2020-05-31,2020-05-31,1,1,1,2020-05-31
S4,USDC,True,complete monthly PIT top-100 asset-month,2020-06-30,2020-06-30,1,1,1,2020-06-30
S4,USDC,True,complete monthly PIT top-100 asset-month,2020-07-31,2020-07-31,1,1,1,2020-07-31
S4,USDC,True,complete monthly PIT top-100 asset-month,2020-08-31,2020-08-31,1,1,1,2020-08-31
S4,USDC,True,complete monthly PIT top-100 asset-month,2020-09-30,2020-09-30,1,1,1,2020-09-30
S4,USDC,True,complete monthly PIT top-100 asset-month,2020-10-31,2020-10-31,1,1,1,2020-10-31
S4,USDC,True,complete monthly PIT top-100 asset-month,2020-11-30,2020-11-30,1,1,1,2020-11-30
S4,USDC,True,complete monthly PIT top-100 asset-month,2020-12-31,2020-12-31,1,1,1,2020-12-31
S4,USDC,True,complete monthly PIT top-100 asset-month,2021-01-31,2021-01-31,1,1,1,2021-01-31
S4,USDC,True,complete monthly PIT top-100 asset-month,2021-02-28,2021-02-28,1,1,1,2021-02-28
S4,USDC,True,complete monthly PIT top-100 asset-month,2021-03-31,2021-03-31,1,1,1,2021-03-31
S4,USDC,True,complete monthly PIT top-100 asset-month,2021-04-30,2021-04-30,1,1,1,2021-04-30
S4,USDC,True,complete monthly PIT top-100 asset-month,2021-05-31,2021-05-31,1,1,1,2021-05-31
S4,USDC,True,complete monthly PIT top-100 asset-month,2021-06-30,2021-06-30,1,1,1,2021-06-30
S4,USDC,True,complete monthly PIT top-100 asset-month,2021-07-31,2021-07-31,1,1,1,2021-07-31
S4,USDC,True,complete monthly PIT top-100 asset-month,2021-08-31,2021-08-31,1,1,1,2021-08-31
S4,USDC,True,complete monthly PIT top-100 asset-month,2021-09-30,2021-09-30,1,1,1,2021-09-30
S4,USDC,True,complete monthly PIT top-100 asset-month,2021-10-31,2021-10-31,1,1,1,2021-10-31
S4,USDC,True,complete monthly PIT top-100 asset-month,2021-11-30,2021-11-30,1,1,1,2021-11-30
S4,USDC,True,complete monthly PIT top-100 asset-month,2021-12-31,2021-12-31,1,1,1,2021-12-31
S4,USDC,True,complete monthly PIT top-100 asset-month,2022-01-31,2022-01-31,1,1,1,2022-01-31
S4,USDC,True,complete monthly PIT top-100 asset-month,2022-02-28,2022-02-28,1,1,1,2022-02-28
S4,USDC,True,complete monthly PIT top-100 asset-month,2022-03-31,2022-03-31,1,1,1,2022-03-31
S4,USDC,True,complete monthly PIT top-100 asset-month,2022-04-30,2022-04-30,1,1,1,2022-04-30
S4,USDC,True,complete monthly PIT top-100 asset-month,2022-05-31,2022-05-31,1,1,1,2022-05-31
S4,USDC,True,complete monthly PIT top-100 asset-month,2022-06-30,2022-06-30,1,1,1,2022-06-30
S4,USDC,True,complete monthly PIT top-100 asset-month,2022-07-31,2022-07-31,1,1,1,2022-07-31
S4,USDC,True,complete monthly PIT top-100 asset-month,2022-08-31,2022-08-31,1,1,1,2022-08-31
S4,USDC,True,complete monthly PIT top-100 asset-month,2022-09-30,2022-09-30,1,1,1,2022-09-30
S4,USDC,True,complete monthly PIT top-100 asset-month,2022-10-31,2022-10-31,1,1,1,2022-10-31
S4,USDC,True,complete monthly PIT top-100 asset-month,2022-11-30,2022-11-30,1,1,1,2022-11-30
S4,USDC,True,complete monthly PIT top-100 asset-month,2022-12-31,2022-12-31,1,1,1,2022-12-31
S4,USDC,True,complete monthly PIT top-100 asset-month,2023-01-31,2023-01-31,1,1,1,2023-01-31
S4,USDC,True,complete monthly PIT top-100 asset-month,2023-02-28,2023-02-28,1,1,1,2023-02-28
S4,USDC,True,complete monthly PIT top-100 asset-month,2023-03-31,2023-03-31,1,1,1,2023-03-31
S4,USDC,True,complete monthly PIT top-100 asset-month,2023-04-30,2023-04-30,1,1,1,2023-04-30
S4,USDC,True,complete monthly PIT top-100 asset-month,2023-05-31,2023-05-31,1,1,1,2023-05-31
S4,USDC,True,complete monthly PIT top-100 asset-month,2023-06-30,2023-06-30,1,1,1,2023-06-30
S4,USDC,True,complete monthly PIT top-100 asset-month,2023-07-31,2023-07-31,1,1,1,2023-07-31
S4,USDC,True,complete monthly PIT top-100 asset-month,2023-08-31,2023-08-31,1,1,1,2023-08-31
S4,USDC,True,complete monthly PIT top-100 asset-month,2023-09-30,2023-09-30,1,1,1,2023-09-30
S4,USDC,True,complete monthly PIT top-100 asset-month,2023-10-31,2023-10-31,1,1,1,2023-10-31
S4,USDC,True,complete monthly PIT top-100 asset-month,2023-11-30,2023-11-30,1,1,1,2023-11-30
S4,USDC,True,complete monthly PIT top-100 asset-month,2023-12-31,2023-12-31,1,1,1,2023-12-31
S4,USDC,True,complete monthly PIT top-100 asset-month,2024-01-31,2024-01-31,1,1,1,2024-01-31
S4,USDC,True,complete monthly PIT top-100 asset-month,2024-02-29,2024-02-29,1,1,1,2024-02-29
S4,USDC,True,complete monthly PIT top-100 asset-month,2024-03-31,2024-03-31,1,1,1,2024-03-31
S4,USDC,True,complete monthly PIT top-100 asset-month,2024-04-30,2024-04-30,1,1,1,2024-04-30
S4,USDC,True,complete monthly PIT top-100 asset-month,2024-05-31,2024-05-31,1,1,1,2024-05-31
S4,USDC,True,complete monthly PIT top-100 asset-month,2024-06-30,2024-06-30,1,1,1,2024-06-30
S4,USDC,True,complete monthly PIT top-100 asset-month,2024-07-31,2024-07-31,1,1,1,2024-07-31
S4,USDC,True,complete monthly PIT top-100 asset-month,2024-08-31,2024-08-31,1,1,1,2024-08-31
S4,USDC,True,complete monthly PIT top-100 asset-month,2024-09-30,2024-09-30,1,1,1,2024-09-30
S4,USDC,True,complete monthly PIT top-100 asset-month,2024-10-31,2024-10-31,1,1,1,2024-10-31
S4,USDC,True,complete monthly PIT top-100 asset-month,2024-11-30,2024-11-30,1,1,1,2024-11-30
S4,USDC,True,complete monthly PIT top-100 asset-month,2024-12-31,2024-12-31,1,1,1,2024-12-31
S4,USDC,True,complete monthly PIT top-100 asset-month,2025-01-31,2025-01-31,1,1,1,2025-01-31
S4,USDC,True,complete monthly PIT top-100 asset-month,2025-02-28,2025-02-28,1,1,1,2025-02-28
S4,USDC,True,complete monthly PIT top-100 asset-month,2025-03-31,2025-03-31,1,1,1,2025-03-31
S4,USDC,True,complete monthly PIT top-100 asset-month,2025-04-30,2025-04-30,1,1,1,2025-04-30
S4,USDC,True,complete monthly PIT top-100 asset-month,2025-04-30,2025-04-30,1,1,1,2025-04-30
S4,USDC,True,complete monthly PIT top-100 asset-month,2025-05-31,2025-05-31,1,1,1,2025-05-31
S4,USDC,True,complete monthly PIT top-100 asset-month,2025-06-30,2025-06-30,1,1,1,2025-06-30
S4,USDC,True,complete monthly PIT top-100 asset-month,2025-06-30,2025-06-30,1,1,1,2025-06-30
S4,USDC,True,complete monthly PIT top-100 asset-month,2025-07-31,2025-07-31,1,1,1,2025-07-31
S4,USDC,True,complete monthly PIT top-100 asset-month,2025-08-31,2025-08-31,1,1,1,2025-08-31
S4,USDC,True,complete monthly PIT top-100 asset-month,2025-09-30,2025-09-30,1,1,1,2025-09-30
S4,USDC,True,complete monthly PIT top-100 asset-month,2025-10-31,2025-10-31,1,1,1,2025-10-31
S4,USDC,True,complete monthly PIT top-100 asset-month,2025-11-30,2025-11-30,1,1,1,2025-11-30
S4,USDC,True,complete monthly PIT top-100 asset-month,2025-11-30,2025-11-30,1,1,1,2025-11-30
S4,USDC,True,complete monthly PIT top-100 asset-month,2025-12-31,2025-12-31,1,1,1,2025-12-31
S4,USDC,True,complete monthly PIT top-100 asset-month,2025-12-31,2025-12-31,1,1,1,2025-12-31
S4,USDC,True,complete monthly PIT top-100 asset-month,2026-01-31,2026-01-31,1,1,1,2026-01-31
S4,USDC,True,complete monthly PIT top-100 asset-month,2026-01-31,2026-01-31,1,1,1,2026-01-31
S4,USDC,True,complete monthly PIT top-100 asset-month,2026-02-28,2026-02-28,1,1,1,2026-02-28
S4,USDC,True,complete monthly PIT top-100 asset-month,2026-02-28,2026-02-28,1,1,1,2026-02-28
S4,USDC,True,complete monthly PIT top-100 asset-month,2026-03-31,2026-03-31,1,1,1,2026-03-31
S4,USDC,True,complete monthly PIT top-100 asset-month,2026-03-31,2026-03-31,1,1,1,2026-03-31
S4,USDC,True,complete monthly PIT top-100 asset-month,2026-04-30,2026-04-30,1,1,1,2026-04-30
S4,USDC,True,complete monthly PIT top-100 asset-month,2026-04-30,2026-04-30,1,1,1,2026-04-30
S4,USDC,True,complete monthly PIT top-100 asset-month,2026-05-31,2026-05-31,1,1,1,2026-05-31
S4,USDC,True,complete monthly PIT top-100 asset-month,2026-05-31,2026-05-31,1,1,1,2026-05-31
S4,USDC.E,True,complete monthly PIT top-100 asset-month,2026-02-28,2026-02-28,1,1,1,2026-02-28
S4,USDC.E,True,complete monthly PIT top-100 asset-month,2026-03-31,2026-03-31,1,1,1,2026-03-31
S4,USDC.E,True,complete monthly PIT top-100 asset-month,2026-04-30,2026-04-30,1,1,1,2026-04-30
S4,USDC.E,True,complete monthly PIT top-100 asset-month,2026-05-31,2026-05-31,1,1,1,2026-05-31
S4,USDD,True,complete monthly PIT top-100 asset-month,2022-05-31,2022-05-31,1,1,1,2022-05-31
S4,USDD,True,complete monthly PIT top-100 asset-month,2022-06-30,2022-06-30,1,1,1,2022-06-30
S4,USDD,True,complete monthly PIT top-100 asset-month,2022-07-31,2022-07-31,1,1,1,2022-07-31
S4,USDD,True,complete monthly PIT top-100 asset-month,2022-08-31,2022-08-31,1,1,1,2022-08-31
S4,USDD,True,complete monthly PIT top-100 asset-month,2022-09-30,2022-09-30,1,1,1,2022-09-30
S4,USDD,True,complete monthly PIT top-100 asset-month,2022-10-31,2022-10-31,1,1,1,2022-10-31
S4,USDD,True,complete monthly PIT top-100 asset-month,2022-11-30,2022-11-30,1,1,1,2022-11-30
S4,USDD,True,complete monthly PIT top-100 asset-month,2022-12-31,2022-12-31,1,1,1,2022-12-31
S4,USDD,True,complete monthly PIT top-100 asset-month,2023-01-31,2023-01-31,1,1,1,2023-01-31
S4,USDD,True,complete monthly PIT top-100 asset-month,2023-02-28,2023-02-28,1,1,1,2023-02-28
S4,USDD,True,complete monthly PIT top-100 asset-month,2023-03-31,2023-03-31,1,1,1,2023-03-31
S4,USDD,True,complete monthly PIT top-100 asset-month,2023-04-30,2023-04-30,1,1,1,2023-04-30
S4,USDD,True,complete monthly PIT top-100 asset-month,2023-05-31,2023-05-31,1,1,1,2023-05-31
S4,USDD,True,complete monthly PIT top-100 asset-month,2023-06-30,2023-06-30,1,1,1,2023-06-30
S4,USDD,True,complete monthly PIT top-100 asset-month,2023-07-31,2023-07-31,1,1,1,2023-07-31
S4,USDD,True,complete monthly PIT top-100 asset-month,2023-08-31,2023-08-31,1,1,1,2023-08-31
S4,USDD,True,complete monthly PIT top-100 asset-month,2023-09-30,2023-09-30,1,1,1,2023-09-30
S4,USDD,True,complete monthly PIT top-100 asset-month,2023-10-31,2023-10-31,1,1,1,2023-10-31
S4,USDD,True,complete monthly PIT top-100 asset-month,2023-11-30,2023-11-30,1,1,1,2023-11-30
S4,USDD,True,complete monthly PIT top-100 asset-month,2023-12-31,2023-12-31,1,1,1,2023-12-31
S4,USDD,True,complete monthly PIT top-100 asset-month,2024-01-31,2024-01-31,1,1,1,2024-01-31
S4,USDD,True,complete monthly PIT top-100 asset-month,2024-08-31,2024-08-31,1,1,1,2024-08-31
S4,USDD,True,complete monthly PIT top-100 asset-month,2026-01-31,2026-01-31,1,1,1,2026-01-31
S4,USDD,True,complete monthly PIT top-100 asset-month,2026-03-31,2026-03-31,1,1,1,2026-03-31
S4,USDD,True,complete monthly PIT top-100 asset-month,2026-04-30,2026-04-30,1,1,1,2026-04-30
S4,USDD,True,complete monthly PIT top-100 asset-month,2026-05-31,2026-05-31,1,1,1,2026-05-31
S4,USDE,True,complete monthly PIT top-100 asset-month,2024-03-31,2024-03-31,1,1,1,2024-03-31
S4,USDE,True,complete monthly PIT top-100 asset-month,2024-04-30,2024-04-30,1,1,1,2024-04-30
S4,USDE,True,complete monthly PIT top-100 asset-month,2024-05-31,2024-05-31,1,1,1,2024-05-31
S4,USDE,True,complete monthly PIT top-100 asset-month,2024-06-30,2024-06-30,1,1,1,2024-06-30
S4,USDE,True,complete monthly PIT top-100 asset-month,2024-07-31,2024-07-31,1,1,1,2024-07-31
S4,USDE,True,complete monthly PIT top-100 asset-month,2024-08-31,2024-08-31,1,1,1,2024-08-31
S4,USDE,True,complete monthly PIT top-100 asset-month,2024-09-30,2024-09-30,1,1,1,2024-09-30
S4,USDE,True,complete monthly PIT top-100 asset-month,2024-10-31,2024-10-31,1,1,1,2024-10-31
S4,USDE,True,complete monthly PIT top-100 asset-month,2024-11-30,2024-11-30,1,1,1,2024-11-30
S4,USDE,True,complete monthly PIT top-100 asset-month,2024-12-31,2024-12-31,1,1,1,2024-12-31
S4,USDE,True,complete monthly PIT top-100 asset-month,2025-01-31,2025-01-31,1,1,1,2025-01-31
S4,USDE,True,complete monthly PIT top-100 asset-month,2025-02-28,2025-02-28,1,1,1,2025-02-28
S4,USDE,True,complete monthly PIT top-100 asset-month,2025-03-31,2025-03-31,1,1,1,2025-03-31
S4,USDE,True,complete monthly PIT top-100 asset-month,2025-04-30,2025-04-30,1,1,1,2025-04-30
S4,USDE,True,complete monthly PIT top-100 asset-month,2025-05-31,2025-05-31,1,1,1,2025-05-31
S4,USDE,True,complete monthly PIT top-100 asset-month,2025-06-30,2025-06-30,1,1,1,2025-06-30
S4,USDE,True,complete monthly PIT top-100 asset-month,2025-07-31,2025-07-31,1,1,1,2025-07-31
S4,USDE,True,complete monthly PIT top-100 asset-month,2025-08-31,2025-08-31,1,1,1,2025-08-31
S4,USDE,True,complete monthly PIT top-100 asset-month,2025-09-30,2025-09-30,1,1,1,2025-09-30
S4,USDE,True,complete monthly PIT top-100 asset-month,2025-10-31,2025-10-31,1,1,1,2025-10-31
S4,USDE,True,complete monthly PIT top-100 asset-month,2025-11-30,2025-11-30,1,1,1,2025-11-30
S4,USDE,True,complete monthly PIT top-100 asset-month,2025-12-31,2025-12-31,1,1,1,2025-12-31
S4,USDE,True,complete monthly PIT top-100 asset-month,2026-01-31,2026-01-31,1,1,1,2026-01-31
S4,USDE,True,complete monthly PIT top-100 asset-month,2026-02-28,2026-02-28,1,1,1,2026-02-28
S4,USDE,True,complete monthly PIT top-100 asset-month,2026-03-31,2026-03-31,1,1,1,2026-03-31
S4,USDE,True,complete monthly PIT top-100 asset-month,2026-04-30,2026-04-30,1,1,1,2026-04-30
S4,USDE,True,complete monthly PIT top-100 asset-month,2026-05-31,2026-05-31,1,1,1,2026-05-31
S4,USDF,True,complete monthly PIT top-100 asset-month,2025-07-31,2025-07-31,1,1,1,2025-07-31
S4,USDF,True,complete monthly PIT top-100 asset-month,2025-08-31,2025-08-31,1,1,1,2025-08-31
S4,USDF,True,complete monthly PIT top-100 asset-month,2025-09-30,2025-09-30,1,1,1,2025-09-30
S4,USDF,True,complete monthly PIT top-100 asset-month,2025-10-31,2025-10-31,1,1,1,2025-10-31
S4,USDF,True,complete monthly PIT top-100 asset-month,2025-11-30,2025-11-30,1,1,1,2025-11-30
S4,USDF,True,complete monthly PIT top-100 asset-month,2025-12-31,2025-12-31,1,1,1,2025-12-31
S4,USDF,True,complete monthly PIT top-100 asset-month,2026-01-31,2026-01-31,1,1,1,2026-01-31
S4,USDF,True,complete monthly PIT top-100 asset-month,2026-02-28,2026-02-28,1,1,1,2026-02-28
S4,USDF,True,complete monthly PIT top-100 asset-month,2026-03-31,2026-03-31,1,1,1,2026-03-31
S4,USDF,True,complete monthly PIT top-100 asset-month,2026-04-30,2026-04-30,1,1,1,2026-04-30
S4,USDF,True,complete monthly PIT top-100 asset-month,2026-05-31,2026-05-31,1,1,1,2026-05-31
S4,USDG,True,complete monthly PIT top-100 asset-month,2025-11-30,2025-11-30,1,1,1,2025-11-30
S4,USDG,True,complete monthly PIT top-100 asset-month,2025-12-31,2025-12-31,1,1,1,2025-12-31
S4,USDG,True,complete monthly PIT top-100 asset-month,2026-01-31,2026-01-31,1,1,1,2026-01-31
S4,USDG,True,complete monthly PIT top-100 asset-month,2026-02-28,2026-02-28,1,1,1,2026-02-28
S4,USDG,True,complete monthly PIT top-100 asset-month,2026-03-31,2026-03-31,1,1,1,2026-03-31
S4,USDG,True,complete monthly PIT top-100 asset-month,2026-04-30,2026-04-30,1,1,1,2026-04-30
S4,USDG,True,complete monthly PIT top-100 asset-month,2026-05-31,2026-05-31,1,1,1,2026-05-31
S4,USDP,True,complete monthly PIT top-100 asset-month,2020-01-31,2020-01-31,1,1,1,2020-01-31
S4,USDP,True,complete monthly PIT top-100 asset-month,2020-02-29,2020-02-29,1,1,1,2020-02-29
S4,USDP,True,complete monthly PIT top-100 asset-month,2020-03-31,2020-03-31,1,1,1,2020-03-31
S4,USDP,True,complete monthly PIT top-100 asset-month,2020-04-30,2020-04-30,1,1,1,2020-04-30
S4,USDP,True,complete monthly PIT top-100 asset-month,2020-05-31,2020-05-31,1,1,1,2020-05-31
S4,USDP,True,complete monthly PIT top-100 asset-month,2020-06-30,2020-06-30,1,1,1,2020-06-30
S4,USDP,True,complete monthly PIT top-100 asset-month,2020-07-31,2020-07-31,1,1,1,2020-07-31
S4,USDP,True,complete monthly PIT top-100 asset-month,2020-08-31,2020-08-31,1,1,1,2020-08-31
S4,USDP,True,complete monthly PIT top-100 asset-month,2020-09-30,2020-09-30,1,1,1,2020-09-30
S4,USDP,True,complete monthly PIT top-100 asset-month,2020-10-31,2020-10-31,1,1,1,2020-10-31
S4,USDP,True,complete monthly PIT top-100 asset-month,2020-11-30,2020-11-30,1,1,1,2020-11-30
S4,USDP,True,complete monthly PIT top-100 asset-month,2020-12-31,2020-12-31,1,1,1,2020-12-31
S4,USDP,True,complete monthly PIT top-100 asset-month,2021-01-31,2021-01-31,1,1,1,2021-01-31
S4,USDP,True,complete monthly PIT top-100 asset-month,2021-02-28,2021-02-28,1,1,1,2021-02-28
S4,USDP,True,complete monthly PIT top-100 asset-month,2021-03-31,2021-03-31,1,1,1,2021-03-31
S4,USDP,True,complete monthly PIT top-100 asset-month,2021-04-30,2021-04-30,1,1,1,2021-04-30
S4,USDP,True,complete monthly PIT top-100 asset-month,2021-05-31,2021-05-31,1,1,1,2021-05-31
S4,USDP,True,complete monthly PIT top-100 asset-month,2021-06-30,2021-06-30,1,1,1,2021-06-30
S4,USDP,True,complete monthly PIT top-100 asset-month,2021-07-31,2021-07-31,1,1,1,2021-07-31
S4,USDP,True,complete monthly PIT top-100 asset-month,2021-08-31,2021-08-31,1,1,1,2021-08-31
S4,USDP,True,complete monthly PIT top-100 asset-month,2021-09-30,2021-09-30,1,1,1,2021-09-30
S4,USDP,True,complete monthly PIT top-100 asset-month,2022-01-31,2022-01-31,1,1,1,2022-01-31
S4,USDP,True,complete monthly PIT top-100 asset-month,2022-02-28,2022-02-28,1,1,1,2022-02-28
S4,USDP,True,complete monthly PIT top-100 asset-month,2022-04-30,2022-04-30,1,1,1,2022-04-30
S4,USDP,True,complete monthly PIT top-100 asset-month,2022-05-31,2022-05-31,1,1,1,2022-05-31
S4,USDP,True,complete monthly PIT top-100 asset-month,2022-06-30,2022-06-30,1,1,1,2022-06-30
S4,USDP,True,complete monthly PIT top-100 asset-month,2022-07-31,2022-07-31,1,1,1,2022-07-31
S4,USDP,True,complete monthly PIT top-100 asset-month,2022-08-31,2022-08-31,1,1,1,2022-08-31
S4,USDP,True,complete monthly PIT top-100 asset-month,2022-09-30,2022-09-30,1,1,1,2022-09-30
S4,USDP,True,complete monthly PIT top-100 asset-month,2022-10-31,2022-10-31,1,1,1,2022-10-31
S4,USDP,True,complete monthly PIT top-100 asset-month,2022-11-30,2022-11-30,1,1,1,2022-11-30
S4,USDP,True,complete monthly PIT top-100 asset-month,2022-12-31,2022-12-31,1,1,1,2022-12-31
S4,USDP,True,complete monthly PIT top-100 asset-month,2023-01-31,2023-01-31,1,1,1,2023-01-31
S4,USDP,True,complete monthly PIT top-100 asset-month,2023-02-28,2023-02-28,1,1,1,2023-02-28
S4,USDP,True,complete monthly PIT top-100 asset-month,2023-03-31,2023-03-31,1,1,1,2023-03-31
S4,USDP,True,complete monthly PIT top-100 asset-month,2023-04-30,2023-04-30,1,1,1,2023-04-30
S4,USDP,True,complete monthly PIT top-100 asset-month,2023-05-31,2023-05-31,1,1,1,2023-05-31
S4,USDP,True,complete monthly PIT top-100 asset-month,2023-06-30,2023-06-30,1,1,1,2023-06-30
S4,USDP,True,complete monthly PIT top-100 asset-month,2023-07-31,2023-07-31,1,1,1,2023-07-31
S4,USDP,True,complete monthly PIT top-100 asset-month,2023-08-31,2023-08-31,1,1,1,2023-08-31
S4,USDP,True,complete monthly PIT top-100 asset-month,2023-09-30,2023-09-30,1,1,1,2023-09-30
S4,USDP,True,complete monthly PIT top-100 asset-month,2023-10-31,2023-10-31,1,1,1,2023-10-31
S4,USDS,True,complete monthly PIT top-100 asset-month,2024-10-31,2024-10-31,1,1,1,2024-10-31
S4,USDS,True,complete monthly PIT top-100 asset-month,2024-11-30,2024-11-30,1,1,1,2024-11-30
S4,USDS,True,complete monthly PIT top-100 asset-month,2024-12-31,2024-12-31,1,1,1,2024-12-31
S4,USDS,True,complete monthly PIT top-100 asset-month,2025-01-31,2025-01-31,1,1,1,2025-01-31
S4,USDS,True,complete monthly PIT top-100 asset-month,2025-02-28,2025-02-28,1,1,1,2025-02-28
S4,USDS,True,complete monthly PIT top-100 asset-month,2025-03-31,2025-03-31,1,1,1,2025-03-31
S4,USDS,True,complete monthly PIT top-100 asset-month,2025-04-30,2025-04-30,1,1,1,2025-04-30
S4,USDS,True,complete monthly PIT top-100 asset-month,2025-05-31,2025-05-31,1,1,1,2025-05-31
S4,USDS,True,complete monthly PIT top-100 asset-month,2025-06-30,2025-06-30,1,1,1,2025-06-30
S4,USDS,True,complete monthly PIT top-100 asset-month,2025-07-31,2025-07-31,1,1,1,2025-07-31
S4,USDS,True,complete monthly PIT top-100 asset-month,2025-08-31,2025-08-31,1,1,1,2025-08-31
S4,USDS,True,complete monthly PIT top-100 asset-month,2025-09-30,2025-09-30,1,1,1,2025-09-30
S4,USDS,True,complete monthly PIT top-100 asset-month,2025-10-31,2025-10-31,1,1,1,2025-10-31
S4,USDS,True,complete monthly PIT top-100 asset-month,2025-11-30,2025-11-30,1,1,1,2025-11-30
S4,USDS,True,complete monthly PIT top-100 asset-month,2025-12-31,2025-12-31,1,1,1,2025-12-31
S4,USDS,True,complete monthly PIT top-100 asset-month,2026-01-31,2026-01-31,1,1,1,2026-01-31
S4,USDS,True,complete monthly PIT top-100 asset-month,2026-02-28,2026-02-28,1,1,1,2026-02-28
S4,USDS,True,complete monthly PIT top-100 asset-month,2026-03-31,2026-03-31,1,1,1,2026-03-31
S4,USDS,True,complete monthly PIT top-100 asset-month,2026-04-30,2026-04-30,1,1,1,2026-04-30
S4,USDS,True,complete monthly PIT top-100 asset-month,2026-05-31,2026-05-31,1,1,1,2026-05-31
S4,USDT,True,complete monthly PIT top-100 asset-month,2020-01-31,2020-01-31,1,1,1,2020-01-31
S4,USDT,True,complete monthly PIT top-100 asset-month,2020-02-29,2020-02-29,1,1,1,2020-02-29
S4,USDT,True,complete monthly PIT top-100 asset-month,2020-03-31,2020-03-31,1,1,1,2020-03-31
S4,USDT,True,complete monthly PIT top-100 asset-month,2020-04-30,2020-04-30,1,1,1,2020-04-30
S4,USDT,True,complete monthly PIT top-100 asset-month,2020-05-31,2020-05-31,1,1,1,2020-05-31
S4,USDT,True,complete monthly PIT top-100 asset-month,2020-06-30,2020-06-30,1,1,1,2020-06-30
S4,USDT,True,complete monthly PIT top-100 asset-month,2020-07-31,2020-07-31,1,1,1,2020-07-31
S4,USDT,True,complete monthly PIT top-100 asset-month,2020-08-31,2020-08-31,1,1,1,2020-08-31
S4,USDT,True,complete monthly PIT top-100 asset-month,2020-09-30,2020-09-30,1,1,1,2020-09-30
S4,USDT,True,complete monthly PIT top-100 asset-month,2020-10-31,2020-10-31,1,1,1,2020-10-31
S4,USDT,True,complete monthly PIT top-100 asset-month,2020-11-30,2020-11-30,1,1,1,2020-11-30
S4,USDT,True,complete monthly PIT top-100 asset-month,2020-12-31,2020-12-31,1,1,1,2020-12-31
S4,USDT,True,complete monthly PIT top-100 asset-month,2021-01-31,2021-01-31,1,1,1,2021-01-31
S4,USDT,True,complete monthly PIT top-100 asset-month,2021-02-28,2021-02-28,1,1,1,2021-02-28
S4,USDT,True,complete monthly PIT top-100 asset-month,2021-03-31,2021-03-31,1,1,1,2021-03-31
S4,USDT,True,complete monthly PIT top-100 asset-month,2021-04-30,2021-04-30,1,1,1,2021-04-30
S4,USDT,True,complete monthly PIT top-100 asset-month,2021-05-31,2021-05-31,1,1,1,2021-05-31
S4,USDT,True,complete monthly PIT top-100 asset-month,2021-06-30,2021-06-30,1,1,1,2021-06-30
S4,USDT,True,complete monthly PIT top-100 asset-month,2021-07-31,2021-07-31,1,1,1,2021-07-31
S4,USDT,True,complete monthly PIT top-100 asset-month,2021-08-31,2021-08-31,1,1,1,2021-08-31
S4,USDT,True,complete monthly PIT top-100 asset-month,2021-09-30,2021-09-30,1,1,1,2021-09-30
S4,USDT,True,complete monthly PIT top-100 asset-month,2021-10-31,2021-10-31,1,1,1,2021-10-31
S4,USDT,True,complete monthly PIT top-100 asset-month,2021-11-30,2021-11-30,1,1,1,2021-11-30
S4,USDT,True,complete monthly PIT top-100 asset-month,2021-12-31,2021-12-31,1,1,1,2021-12-31
S4,USDT,True,complete monthly PIT top-100 asset-month,2022-01-31,2022-01-31,1,1,1,2022-01-31
S4,USDT,True,complete monthly PIT top-100 asset-month,2022-02-28,2022-02-28,1,1,1,2022-02-28
S4,USDT,True,complete monthly PIT top-100 asset-month,2022-03-31,2022-03-31,1,1,1,2022-03-31
S4,USDT,True,complete monthly PIT top-100 asset-month,2022-04-30,2022-04-30,1,1,1,2022-04-30
S4,USDT,True,complete monthly PIT top-100 asset-month,2022-05-31,2022-05-31,1,1,1,2022-05-31
S4,USDT,True,complete monthly PIT top-100 asset-month,2022-06-30,2022-06-30,1,1,1,2022-06-30
S4,USDT,True,complete monthly PIT top-100 asset-month,2022-07-31,2022-07-31,1,1,1,2022-07-31
S4,USDT,True,complete monthly PIT top-100 asset-month,2022-08-31,2022-08-31,1,1,1,2022-08-31
S4,USDT,True,complete monthly PIT top-100 asset-month,2022-09-30,2022-09-30,1,1,1,2022-09-30
S4,USDT,True,complete monthly PIT top-100 asset-month,2022-10-31,2022-10-31,1,1,1,2022-10-31
S4,USDT,True,complete monthly PIT top-100 asset-month,2022-11-30,2022-11-30,1,1,1,2022-11-30
S4,USDT,True,complete monthly PIT top-100 asset-month,2022-12-31,2022-12-31,1,1,1,2022-12-31
S4,USDT,True,complete monthly PIT top-100 asset-month,2023-01-31,2023-01-31,1,1,1,2023-01-31
S4,USDT,True,complete monthly PIT top-100 asset-month,2023-02-28,2023-02-28,1,1,1,2023-02-28
S4,USDT,True,complete monthly PIT top-100 asset-month,2023-03-31,2023-03-31,1,1,1,2023-03-31
S4,USDT,True,complete monthly PIT top-100 asset-month,2023-04-30,2023-04-30,1,1,1,2023-04-30
S4,USDT,True,complete monthly PIT top-100 asset-month,2023-05-31,2023-05-31,1,1,1,2023-05-31
S4,USDT,True,complete monthly PIT top-100 asset-month,2023-06-30,2023-06-30,1,1,1,2023-06-30
S4,USDT,True,complete monthly PIT top-100 asset-month,2023-07-31,2023-07-31,1,1,1,2023-07-31
S4,USDT,True,complete monthly PIT top-100 asset-month,2023-08-31,2023-08-31,1,1,1,2023-08-31
S4,USDT,True,complete monthly PIT top-100 asset-month,2023-09-30,2023-09-30,1,1,1,2023-09-30
S4,USDT,True,complete monthly PIT top-100 asset-month,2023-10-31,2023-10-31,1,1,1,2023-10-31
S4,USDT,True,complete monthly PIT top-100 asset-month,2023-11-30,2023-11-30,1,1,1,2023-11-30
S4,USDT,True,complete monthly PIT top-100 asset-month,2023-12-31,2023-12-31,1,1,1,2023-12-31
S4,USDT,True,complete monthly PIT top-100 asset-month,2024-01-31,2024-01-31,1,1,1,2024-01-31
S4,USDT,True,complete monthly PIT top-100 asset-month,2024-02-29,2024-02-29,1,1,1,2024-02-29
S4,USDT,True,complete monthly PIT top-100 asset-month,2024-03-31,2024-03-31,1,1,1,2024-03-31
S4,USDT,True,complete monthly PIT top-100 asset-month,2024-04-30,2024-04-30,1,1,1,2024-04-30
S4,USDT,True,complete monthly PIT top-100 asset-month,2024-05-31,2024-05-31,1,1,1,2024-05-31
S4,USDT,True,complete monthly PIT top-100 asset-month,2024-06-30,2024-06-30,1,1,1,2024-06-30
S4,USDT,True,complete monthly PIT top-100 asset-month,2024-07-31,2024-07-31,1,1,1,2024-07-31
S4,USDT,True,complete monthly PIT top-100 asset-month,2024-08-31,2024-08-31,1,1,1,2024-08-31
S4,USDT,True,complete monthly PIT top-100 asset-month,2024-09-30,2024-09-30,1,1,1,2024-09-30
S4,USDT,True,complete monthly PIT top-100 asset-month,2024-10-31,2024-10-31,1,1,1,2024-10-31
S4,USDT,True,complete monthly PIT top-100 asset-month,2024-11-30,2024-11-30,1,1,1,2024-11-30
S4,USDT,True,complete monthly PIT top-100 asset-month,2024-12-31,2024-12-31,1,1,1,2024-12-31
S4,USDT,True,complete monthly PIT top-100 asset-month,2025-01-31,2025-01-31,1,1,1,2025-01-31
S4,USDT,True,complete monthly PIT top-100 asset-month,2025-02-28,2025-02-28,1,1,1,2025-02-28
S4,USDT,True,complete monthly PIT top-100 asset-month,2025-03-31,2025-03-31,1,1,1,2025-03-31
S4,USDT,True,complete monthly PIT top-100 asset-month,2025-03-31,2025-03-31,1,1,1,2025-03-31
S4,USDT,True,complete monthly PIT top-100 asset-month,2025-04-30,2025-04-30,1,1,1,2025-04-30
S4,USDT,True,complete monthly PIT top-100 asset-month,2025-05-31,2025-05-31,1,1,1,2025-05-31
S4,USDT,True,complete monthly PIT top-100 asset-month,2025-05-31,2025-05-31,1,1,1,2025-05-31
S4,USDT,True,complete monthly PIT top-100 asset-month,2025-06-30,2025-06-30,1,1,1,2025-06-30
S4,USDT,True,complete monthly PIT top-100 asset-month,2025-06-30,2025-06-30,1,1,1,2025-06-30
S4,USDT,True,complete monthly PIT top-100 asset-month,2025-07-31,2025-07-31,1,1,1,2025-07-31
S4,USDT,True,complete monthly PIT top-100 asset-month,2025-07-31,2025-07-31,1,1,1,2025-07-31
S4,USDT,True,complete monthly PIT top-100 asset-month,2025-08-31,2025-08-31,1,1,1,2025-08-31
S4,USDT,True,complete monthly PIT top-100 asset-month,2025-08-31,2025-08-31,1,1,1,2025-08-31
S4,USDT,True,complete monthly PIT top-100 asset-month,2025-09-30,2025-09-30,1,1,1,2025-09-30
S4,USDT,True,complete monthly PIT top-100 asset-month,2025-10-31,2025-10-31,1,1,1,2025-10-31
S4,USDT,True,complete monthly PIT top-100 asset-month,2025-11-30,2025-11-30,1,1,1,2025-11-30
S4,USDT,True,complete monthly PIT top-100 asset-month,2025-12-31,2025-12-31,1,1,1,2025-12-31
S4,USDT,True,complete monthly PIT top-100 asset-month,2026-01-31,2026-01-31,1,1,1,2026-01-31
S4,USDT,True,complete monthly PIT top-100 asset-month,2026-02-28,2026-02-28,1,1,1,2026-02-28
S4,USDT,True,complete monthly PIT top-100 asset-month,2026-03-31,2026-03-31,1,1,1,2026-03-31
S4,USDT,True,complete monthly PIT top-100 asset-month,2026-04-30,2026-04-30,1,1,1,2026-04-30
S4,USDT,True,complete monthly PIT top-100 asset-month,2026-05-31,2026-05-31,1,1,1,2026-05-31
S4,USDT0,True,complete monthly PIT top-100 asset-month,2025-03-31,2025-03-31,1,1,1,2025-03-31
S4,USDT0,True,complete monthly PIT top-100 asset-month,2025-04-30,2025-04-30,1,1,1,2025-04-30
S4,USDT0,True,complete monthly PIT top-100 asset-month,2025-05-31,2025-05-31,1,1,1,2025-05-31
S4,USDT0,True,complete monthly PIT top-100 asset-month,2025-06-30,2025-06-30,1,1,1,2025-06-30
S4,USDT0,True,complete monthly PIT top-100 asset-month,2025-07-31,2025-07-31,1,1,1,2025-07-31
S4,USDT0,True,complete monthly PIT top-100 asset-month,2025-08-31,2025-08-31,1,1,1,2025-08-31
S4,USDT0,True,complete monthly PIT top-100 asset-month,2025-09-30,2025-09-30,1,1,1,2025-09-30
S4,USDT0,True,complete monthly PIT top-100 asset-month,2025-10-31,2025-10-31,1,1,1,2025-10-31
S4,USDT0,True,complete monthly PIT top-100 asset-month,2025-11-30,2025-11-30,1,1,1,2025-11-30
S4,USDT0,True,complete monthly PIT top-100 asset-month,2025-12-31,2025-12-31,1,1,1,2025-12-31
S4,USDT0,True,complete monthly PIT top-100 asset-month,2026-01-31,2026-01-31,1,1,1,2026-01-31
S4,USDT0,True,complete monthly PIT top-100 asset-month,2026-02-28,2026-02-28,1,1,1,2026-02-28
S4,USDT0,True,complete monthly PIT top-100 asset-month,2026-03-31,2026-03-31,1,1,1,2026-03-31
S4,USDT0,True,complete monthly PIT top-100 asset-month,2026-04-30,2026-04-30,1,1,1,2026-04-30
S4,USDT0,True,complete monthly PIT top-100 asset-month,2026-05-31,2026-05-31,1,1,1,2026-05-31
S4,USDTB,True,complete monthly PIT top-100 asset-month,2025-03-31,2025-03-31,1,1,1,2025-03-31
S4,USDTB,True,complete monthly PIT top-100 asset-month,2025-04-30,2025-04-30,1,1,1,2025-04-30
S4,USDTB,True,complete monthly PIT top-100 asset-month,2025-05-31,2025-05-31,1,1,1,2025-05-31
S4,USDTB,True,complete monthly PIT top-100 asset-month,2025-06-30,2025-06-30,1,1,1,2025-06-30
S4,USDTB,True,complete monthly PIT top-100 asset-month,2025-07-31,2025-07-31,1,1,1,2025-07-31
S4,USDTB,True,complete monthly PIT top-100 asset-month,2025-08-31,2025-08-31,1,1,1,2025-08-31
S4,USDTB,True,complete monthly PIT top-100 asset-month,2025-09-30,2025-09-30,1,1,1,2025-09-30
S4,USDTB,True,complete monthly PIT top-100 asset-month,2025-10-31,2025-10-31,1,1,1,2025-10-31
S4,USDTB,True,complete monthly PIT top-100 asset-month,2025-11-30,2025-11-30,1,1,1,2025-11-30
S4,USDTB,True,complete monthly PIT top-100 asset-month,2026-02-28,2026-02-28,1,1,1,2026-02-28
S4,USDTB,True,complete monthly PIT top-100 asset-month,2026-03-31,2026-03-31,1,1,1,2026-03-31
S4,USDTB,True,complete monthly PIT top-100 asset-month,2026-05-31,2026-05-31,1,1,1,2026-05-31
S4,USDY,True,complete monthly PIT top-100 asset-month,2026-03-31,2026-03-31,1,1,1,2026-03-31
S4,USDY,True,complete monthly PIT top-100 asset-month,2026-04-30,2026-04-30,1,1,1,2026-04-30
S4,USDY,True,complete monthly PIT top-100 asset-month,2026-05-31,2026-05-31,1,1,1,2026-05-31
S4,USTB,True,complete monthly PIT top-100 asset-month,2026-02-28,2026-02-28,1,1,1,2026-02-28
S4,USTB,True,complete monthly PIT top-100 asset-month,2026-04-30,2026-04-30,1,1,1,2026-04-30
S4,USTB,True,complete monthly PIT top-100 asset-month,2026-05-31,2026-05-31,1,1,1,2026-05-31
S4,USTC,True,complete monthly PIT top-100 asset-month,2020-12-31,2020-12-31,1,1,1,2020-12-31
S4,USTC,True,complete monthly PIT top-100 asset-month,2021-01-31,2021-01-31,1,1,1,2021-01-31
S4,USTC,True,complete monthly PIT top-100 asset-month,2021-02-28,2021-02-28,1,1,1,2021-02-28
S4,USTC,True,complete monthly PIT top-100 asset-month,2021-03-31,2021-03-31,1,1,1,2021-03-31
S4,USTC,True,complete monthly PIT top-100 asset-month,2021-04-30,2021-04-30,1,1,1,2021-04-30
S4,USTC,True,complete monthly PIT top-100 asset-month,2021-05-31,2021-05-31,1,1,1,2021-05-31
S4,USTC,True,complete monthly PIT top-100 asset-month,2021-06-30,2021-06-30,1,1,1,2021-06-30
S4,USTC,True,complete monthly PIT top-100 asset-month,2021-07-31,2021-07-31,1,1,1,2021-07-31
S4,USTC,True,complete monthly PIT top-100 asset-month,2021-08-31,2021-08-31,1,1,1,2021-08-31
S4,USTC,True,complete monthly PIT top-100 asset-month,2021-09-30,2021-09-30,1,1,1,2021-09-30
S4,USTC,True,complete monthly PIT top-100 asset-month,2021-10-31,2021-10-31,1,1,1,2021-10-31
S4,USTC,True,complete monthly PIT top-100 asset-month,2021-11-30,2021-11-30,1,1,1,2021-11-30
S4,USTC,True,complete monthly PIT top-100 asset-month,2021-12-31,2021-12-31,1,1,1,2021-12-31
S4,USTC,True,complete monthly PIT top-100 asset-month,2022-01-31,2022-01-31,1,1,1,2022-01-31
S4,USTC,True,complete monthly PIT top-100 asset-month,2022-02-28,2022-02-28,1,1,1,2022-02-28
S4,USTC,True,complete monthly PIT top-100 asset-month,2022-03-31,2022-03-31,1,1,1,2022-03-31
S4,USTC,True,complete monthly PIT top-100 asset-month,2022-04-30,2022-04-30,1,1,1,2022-04-30
S4,USTC,True,complete monthly PIT top-100 asset-month,2022-06-30,2022-06-30,1,1,1,2022-06-30
S4,USYC,True,complete monthly PIT top-100 asset-month,2025-12-31,2025-12-31,1,1,1,2025-12-31
S4,USYC,True,complete monthly PIT top-100 asset-month,2026-01-31,2026-01-31,1,1,1,2026-01-31
S4,USYC,True,complete monthly PIT top-100 asset-month,2026-02-28,2026-02-28,1,1,1,2026-02-28
S4,USYC,True,complete monthly PIT top-100 asset-month,2026-03-31,2026-03-31,1,1,1,2026-03-31
S4,USYC,True,complete monthly PIT top-100 asset-month,2026-04-30,2026-04-30,1,1,1,2026-04-30
S4,USYC,True,complete monthly PIT top-100 asset-month,2026-05-31,2026-05-31,1,1,1,2026-05-31
S4,VET,True,complete monthly PIT top-100 asset-month,2020-01-31,2020-01-31,1,1,1,2020-01-31
S4,VET,True,complete monthly PIT top-100 asset-month,2020-02-29,2020-02-29,1,1,1,2020-02-29
S4,VET,True,complete monthly PIT top-100 asset-month,2020-03-31,2020-03-31,1,1,1,2020-03-31
S4,VET,True,complete monthly PIT top-100 asset-month,2020-04-30,2020-04-30,1,1,1,2020-04-30
S4,VET,True,complete monthly PIT top-100 asset-month,2020-05-31,2020-05-31,1,1,1,2020-05-31
S4,VET,True,complete monthly PIT top-100 asset-month,2020-06-30,2020-06-30,1,1,1,2020-06-30
S4,VET,True,complete monthly PIT top-100 asset-month,2020-07-31,2020-07-31,1,1,1,2020-07-31
S4,VET,True,complete monthly PIT top-100 asset-month,2020-08-31,2020-08-31,1,1,1,2020-08-31
S4,VET,True,complete monthly PIT top-100 asset-month,2020-09-30,2020-09-30,1,1,1,2020-09-30
S4,VET,True,complete monthly PIT top-100 asset-month,2020-10-31,2020-10-31,1,1,1,2020-10-31
S4,VET,True,complete monthly PIT top-100 asset-month,2020-11-30,2020-11-30,1,1,1,2020-11-30
S4,VET,True,complete monthly PIT top-100 asset-month,2020-12-31,2020-12-31,1,1,1,2020-12-31
S4,VET,True,complete monthly PIT top-100 asset-month,2021-01-31,2021-01-31,1,1,1,2021-01-31
S4,VET,True,complete monthly PIT top-100 asset-month,2021-02-28,2021-02-28,1,1,1,2021-02-28
S4,VET,True,complete monthly PIT top-100 asset-month,2021-03-31,2021-03-31,1,1,1,2021-03-31
S4,VET,True,complete monthly PIT top-100 asset-month,2021-04-30,2021-04-30,1,1,1,2021-04-30
S4,VET,True,complete monthly PIT top-100 asset-month,2021-05-31,2021-05-31,1,1,1,2021-05-31
S4,VET,True,complete monthly PIT top-100 asset-month,2021-06-30,2021-06-30,1,1,1,2021-06-30
S4,VET,True,complete monthly PIT top-100 asset-month,2021-07-31,2021-07-31,1,1,1,2021-07-31
S4,VET,True,complete monthly PIT top-100 asset-month,2021-08-31,2021-08-31,1,1,1,2021-08-31
S4,VET,True,complete monthly PIT top-100 asset-month,2021-09-30,2021-09-30,1,1,1,2021-09-30
S4,VET,True,complete monthly PIT top-100 asset-month,2021-10-31,2021-10-31,1,1,1,2021-10-31
S4,VET,True,complete monthly PIT top-100 asset-month,2021-11-30,2021-11-30,1,1,1,2021-11-30
S4,VET,True,complete monthly PIT top-100 asset-month,2021-12-31,2021-12-31,1,1,1,2021-12-31
S4,VET,True,complete monthly PIT top-100 asset-month,2022-01-31,2022-01-31,1,1,1,2022-01-31
S4,VET,True,complete monthly PIT top-100 asset-month,2022-02-28,2022-02-28,1,1,1,2022-02-28
S4,VET,True,complete monthly PIT top-100 asset-month,2022-03-31,2022-03-31,1,1,1,2022-03-31
S4,VET,True,complete monthly PIT top-100 asset-month,2022-04-30,2022-04-30,1,1,1,2022-04-30
S4,VET,True,complete monthly PIT top-100 asset-month,2022-05-31,2022-05-31,1,1,1,2022-05-31
S4,VET,True,complete monthly PIT top-100 asset-month,2022-06-30,2022-06-30,1,1,1,2022-06-30
S4,VET,True,complete monthly PIT top-100 asset-month,2022-07-31,2022-07-31,1,1,1,2022-07-31
S4,VET,True,complete monthly PIT top-100 asset-month,2022-08-31,2022-08-31,1,1,1,2022-08-31
S4,VET,True,complete monthly PIT top-100 asset-month,2022-09-30,2022-09-30,1,1,1,2022-09-30
S4,VET,True,complete monthly PIT top-100 asset-month,2022-10-31,2022-10-31,1,1,1,2022-10-31
S4,VET,True,complete monthly PIT top-100 asset-month,2022-11-30,2022-11-30,1,1,1,2022-11-30
S4,VET,True,complete monthly PIT top-100 asset-month,2022-12-31,2022-12-31,1,1,1,2022-12-31
S4,VET,True,complete monthly PIT top-100 asset-month,2023-01-31,2023-01-31,1,1,1,2023-01-31
S4,VET,True,complete monthly PIT top-100 asset-month,2023-02-28,2023-02-28,1,1,1,2023-02-28
S4,VET,True,complete monthly PIT top-100 asset-month,2023-03-31,2023-03-31,1,1,1,2023-03-31
S4,VET,True,complete monthly PIT top-100 asset-month,2023-04-30,2023-04-30,1,1,1,2023-04-30
S4,VET,True,complete monthly PIT top-100 asset-month,2023-05-31,2023-05-31,1,1,1,2023-05-31
S4,VET,True,complete monthly PIT top-100 asset-month,2023-06-30,2023-06-30,1,1,1,2023-06-30
S4,VET,True,complete monthly PIT top-100 asset-month,2023-07-31,2023-07-31,1,1,1,2023-07-31
S4,VET,True,complete monthly PIT top-100 asset-month,2023-08-31,2023-08-31,1,1,1,2023-08-31
S4,VET,True,complete monthly PIT top-100 asset-month,2023-09-30,2023-09-30,1,1,1,2023-09-30
S4,VET,True,complete monthly PIT top-100 asset-month,2023-10-31,2023-10-31,1,1,1,2023-10-31
S4,VET,True,complete monthly PIT top-100 asset-month,2023-11-30,2023-11-30,1,1,1,2023-11-30
S4,VET,True,complete monthly PIT top-100 asset-month,2023-12-31,2023-12-31,1,1,1,2023-12-31
S4,VET,True,complete monthly PIT top-100 asset-month,2024-01-31,2024-01-31,1,1,1,2024-01-31
S4,VET,True,complete monthly PIT top-100 asset-month,2024-02-29,2024-02-29,1,1,1,2024-02-29
S4,VET,True,complete monthly PIT top-100 asset-month,2024-03-31,2024-03-31,1,1,1,2024-03-31
S4,VET,True,complete monthly PIT top-100 asset-month,2024-04-30,2024-04-30,1,1,1,2024-04-30
S4,VET,True,complete monthly PIT top-100 asset-month,2024-05-31,2024-05-31,1,1,1,2024-05-31
S4,VET,True,complete monthly PIT top-100 asset-month,2024-06-30,2024-06-30,1,1,1,2024-06-30
S4,VET,True,complete monthly PIT top-100 asset-month,2024-07-31,2024-07-31,1,1,1,2024-07-31
S4,VET,True,complete monthly PIT top-100 asset-month,2024-08-31,2024-08-31,1,1,1,2024-08-31
S4,VET,True,complete monthly PIT top-100 asset-month,2024-09-30,2024-09-30,1,1,1,2024-09-30
S4,VET,True,complete monthly PIT top-100 asset-month,2024-10-31,2024-10-31,1,1,1,2024-10-31
S4,VET,True,complete monthly PIT top-100 asset-month,2024-11-30,2024-11-30,1,1,1,2024-11-30
S4,VET,True,complete monthly PIT top-100 asset-month,2024-12-31,2024-12-31,1,1,1,2024-12-31
S4,VET,True,complete monthly PIT top-100 asset-month,2025-01-31,2025-01-31,1,1,1,2025-01-31
S4,VET,True,complete monthly PIT top-100 asset-month,2025-02-28,2025-02-28,1,1,1,2025-02-28
S4,VET,True,complete monthly PIT top-100 asset-month,2025-03-31,2025-03-31,1,1,1,2025-03-31
S4,VET,True,complete monthly PIT top-100 asset-month,2025-04-30,2025-04-30,1,1,1,2025-04-30
S4,VET,True,complete monthly PIT top-100 asset-month,2025-05-31,2025-05-31,1,1,1,2025-05-31
S4,VET,True,complete monthly PIT top-100 asset-month,2025-06-30,2025-06-30,1,1,1,2025-06-30
S4,VET,True,complete monthly PIT top-100 asset-month,2025-07-31,2025-07-31,1,1,1,2025-07-31
S4,VET,True,complete monthly PIT top-100 asset-month,2025-08-31,2025-08-31,1,1,1,2025-08-31
S4,VET,True,complete monthly PIT top-100 asset-month,2025-09-30,2025-09-30,1,1,1,2025-09-30
S4,VET,True,complete monthly PIT top-100 asset-month,2025-10-31,2025-10-31,1,1,1,2025-10-31
S4,VET,True,complete monthly PIT top-100 asset-month,2025-11-30,2025-11-30,1,1,1,2025-11-30
S4,VGX,True,complete monthly PIT top-100 asset-month,2021-01-31,2021-01-31,1,1,1,2021-01-31
S4,VGX,True,complete monthly PIT top-100 asset-month,2021-02-28,2021-02-28,1,1,1,2021-02-28
S4,VGX,True,complete monthly PIT top-100 asset-month,2021-03-31,2021-03-31,1,1,1,2021-03-31
S4,VIC,True,complete monthly PIT top-100 asset-month,2020-02-29,2020-02-29,1,1,1,2020-02-29
S4,VIRTUAL,True,complete monthly PIT top-100 asset-month,2024-11-30,2024-11-30,1,1,1,2024-11-30
S4,VIRTUAL,True,complete monthly PIT top-100 asset-month,2024-12-31,2024-12-31,1,1,1,2024-12-31
S4,VIRTUAL,True,complete monthly PIT top-100 asset-month,2025-01-31,2025-01-31,1,1,1,2025-01-31
S4,VIRTUAL,True,complete monthly PIT top-100 asset-month,2025-04-30,2025-04-30,1,1,1,2025-04-30
S4,VIRTUAL,True,complete monthly PIT top-100 asset-month,2025-05-31,2025-05-31,1,1,1,2025-05-31
S4,VIRTUAL,True,complete monthly PIT top-100 asset-month,2025-06-30,2025-06-30,1,1,1,2025-06-30
S4,VSYS,True,complete monthly PIT top-100 asset-month,2020-01-31,2020-01-31,1,1,1,2020-01-31
S4,VSYS,True,complete monthly PIT top-100 asset-month,2020-02-29,2020-02-29,1,1,1,2020-02-29
S4,VSYS,True,complete monthly PIT top-100 asset-month,2020-03-31,2020-03-31,1,1,1,2020-03-31
S4,VSYS,True,complete monthly PIT top-100 asset-month,2020-04-30,2020-04-30,1,1,1,2020-04-30
S4,VSYS,True,complete monthly PIT top-100 asset-month,2020-05-31,2020-05-31,1,1,1,2020-05-31
S4,VSYS,True,complete monthly PIT top-100 asset-month,2020-06-30,2020-06-30,1,1,1,2020-06-30
S4,W,True,complete monthly PIT top-100 asset-month,2024-04-30,2024-04-30,1,1,1,2024-04-30
S4,W,True,complete monthly PIT top-100 asset-month,2024-05-31,2024-05-31,1,1,1,2024-05-31
S4,WAVES,True,complete monthly PIT top-100 asset-month,2020-01-31,2020-01-31,1,1,1,2020-01-31
S4,WAVES,True,complete monthly PIT top-100 asset-month,2020-02-29,2020-02-29,1,1,1,2020-02-29
S4,WAVES,True,complete monthly PIT top-100 asset-month,2020-03-31,2020-03-31,1,1,1,2020-03-31
S4,WAVES,True,complete monthly PIT top-100 asset-month,2020-04-30,2020-04-30,1,1,1,2020-04-30
S4,WAVES,True,complete monthly PIT top-100 asset-month,2020-05-31,2020-05-31,1,1,1,2020-05-31
S4,WAVES,True,complete monthly PIT top-100 asset-month,2020-06-30,2020-06-30,1,1,1,2020-06-30
S4,WAVES,True,complete monthly PIT top-100 asset-month,2020-07-31,2020-07-31,1,1,1,2020-07-31
S4,WAVES,True,complete monthly PIT top-100 asset-month,2020-08-31,2020-08-31,1,1,1,2020-08-31
S4,WAVES,True,complete monthly PIT top-100 asset-month,2020-09-30,2020-09-30,1,1,1,2020-09-30
S4,WAVES,True,complete monthly PIT top-100 asset-month,2020-10-31,2020-10-31,1,1,1,2020-10-31
S4,WAVES,True,complete monthly PIT top-100 asset-month,2020-11-30,2020-11-30,1,1,1,2020-11-30
S4,WAVES,True,complete monthly PIT top-100 asset-month,2020-12-31,2020-12-31,1,1,1,2020-12-31
S4,WAVES,True,complete monthly PIT top-100 asset-month,2021-01-31,2021-01-31,1,1,1,2021-01-31
S4,WAVES,True,complete monthly PIT top-100 asset-month,2021-02-28,2021-02-28,1,1,1,2021-02-28
S4,WAVES,True,complete monthly PIT top-100 asset-month,2021-03-31,2021-03-31,1,1,1,2021-03-31
S4,WAVES,True,complete monthly PIT top-100 asset-month,2021-04-30,2021-04-30,1,1,1,2021-04-30
S4,WAVES,True,complete monthly PIT top-100 asset-month,2021-05-31,2021-05-31,1,1,1,2021-05-31
S4,WAVES,True,complete monthly PIT top-100 asset-month,2021-06-30,2021-06-30,1,1,1,2021-06-30
S4,WAVES,True,complete monthly PIT top-100 asset-month,2021-07-31,2021-07-31,1,1,1,2021-07-31
S4,WAVES,True,complete monthly PIT top-100 asset-month,2021-08-31,2021-08-31,1,1,1,2021-08-31
S4,WAVES,True,complete monthly PIT top-100 asset-month,2021-09-30,2021-09-30,1,1,1,2021-09-30
S4,WAVES,True,complete monthly PIT top-100 asset-month,2021-10-31,2021-10-31,1,1,1,2021-10-31
S4,WAVES,True,complete monthly PIT top-100 asset-month,2021-11-30,2021-11-30,1,1,1,2021-11-30
S4,WAVES,True,complete monthly PIT top-100 asset-month,2021-12-31,2021-12-31,1,1,1,2021-12-31
S4,WAVES,True,complete monthly PIT top-100 asset-month,2022-01-31,2022-01-31,1,1,1,2022-01-31
S4,WAVES,True,complete monthly PIT top-100 asset-month,2022-02-28,2022-02-28,1,1,1,2022-02-28
S4,WAVES,True,complete monthly PIT top-100 asset-month,2022-03-31,2022-03-31,1,1,1,2022-03-31
S4,WAVES,True,complete monthly PIT top-100 asset-month,2022-04-30,2022-04-30,1,1,1,2022-04-30
S4,WAVES,True,complete monthly PIT top-100 asset-month,2022-05-31,2022-05-31,1,1,1,2022-05-31
S4,WAVES,True,complete monthly PIT top-100 asset-month,2022-06-30,2022-06-30,1,1,1,2022-06-30
S4,WAVES,True,complete monthly PIT top-100 asset-month,2022-07-31,2022-07-31,1,1,1,2022-07-31
S4,WAVES,True,complete monthly PIT top-100 asset-month,2022-08-31,2022-08-31,1,1,1,2022-08-31
S4,WAXP,True,complete monthly PIT top-100 asset-month,2020-02-29,2020-02-29,1,1,1,2020-02-29
S4,WAXP,True,complete monthly PIT top-100 asset-month,2020-03-31,2020-03-31,1,1,1,2020-03-31
S4,WAXP,True,complete monthly PIT top-100 asset-month,2020-05-31,2020-05-31,1,1,1,2020-05-31
S4,WBETH,True,complete monthly PIT top-100 asset-month,2025-07-31,2025-07-31,1,1,1,2025-07-31
S4,WBETH,True,complete monthly PIT top-100 asset-month,2025-08-31,2025-08-31,1,1,1,2025-08-31
S4,WBETH,True,complete monthly PIT top-100 asset-month,2025-09-30,2025-09-30,1,1,1,2025-09-30
S4,WBETH,True,complete monthly PIT top-100 asset-month,2025-10-31,2025-10-31,1,1,1,2025-10-31
S4,WBETH,True,complete monthly PIT top-100 asset-month,2025-11-30,2025-11-30,1,1,1,2025-11-30
S4,WBETH,True,complete monthly PIT top-100 asset-month,2025-12-31,2025-12-31,1,1,1,2025-12-31
S4,WBETH,True,complete monthly PIT top-100 asset-month,2026-01-31,2026-01-31,1,1,1,2026-01-31
S4,WBETH,True,complete monthly PIT top-100 asset-month,2026-02-28,2026-02-28,1,1,1,2026-02-28
S4,WBETH,True,complete monthly PIT top-100 asset-month,2026-03-31,2026-03-31,1,1,1,2026-03-31
S4,WBETH,True,complete monthly PIT top-100 asset-month,2026-04-30,2026-04-30,1,1,1,2026-04-30
S4,WBETH,True,complete monthly PIT top-100 asset-month,2026-05-31,2026-05-31,1,1,1,2026-05-31
S4,WBNB,True,complete monthly PIT top-100 asset-month,2025-04-30,2025-04-30,1,1,1,2025-04-30
S4,WBNB,True,complete monthly PIT top-100 asset-month,2025-10-31,2025-10-31,1,1,1,2025-10-31
S4,WBNB,True,complete monthly PIT top-100 asset-month,2025-11-30,2025-11-30,1,1,1,2025-11-30
S4,WBNB,True,complete monthly PIT top-100 asset-month,2025-12-31,2025-12-31,1,1,1,2025-12-31
S4,WBNB,True,complete monthly PIT top-100 asset-month,2026-01-31,2026-01-31,1,1,1,2026-01-31
S4,WBNB,True,complete monthly PIT top-100 asset-month,2026-02-28,2026-02-28,1,1,1,2026-02-28
S4,WBNB,True,complete monthly PIT top-100 asset-month,2026-03-31,2026-03-31,1,1,1,2026-03-31
S4,WBNB,True,complete monthly PIT top-100 asset-month,2026-04-30,2026-04-30,1,1,1,2026-04-30
S4,WBNB,True,complete monthly PIT top-100 asset-month,2026-05-31,2026-05-31,1,1,1,2026-05-31
S4,WBT,True,complete monthly PIT top-100 asset-month,2022-10-31,2022-10-31,1,1,1,2022-10-31
S4,WBT,True,complete monthly PIT top-100 asset-month,2022-11-30,2022-11-30,1,1,1,2022-11-30
S4,WBT,True,complete monthly PIT top-100 asset-month,2023-02-28,2023-02-28,1,1,1,2023-02-28
S4,WBT,True,complete monthly PIT top-100 asset-month,2023-03-31,2023-03-31,1,1,1,2023-03-31
S4,WBT,True,complete monthly PIT top-100 asset-month,2023-04-30,2023-04-30,1,1,1,2023-04-30
S4,WBT,True,complete monthly PIT top-100 asset-month,2023-05-31,2023-05-31,1,1,1,2023-05-31
S4,WBT,True,complete monthly PIT top-100 asset-month,2023-06-30,2023-06-30,1,1,1,2023-06-30
S4,WBT,True,complete monthly PIT top-100 asset-month,2023-07-31,2023-07-31,1,1,1,2023-07-31
S4,WBT,True,complete monthly PIT top-100 asset-month,2023-08-31,2023-08-31,1,1,1,2023-08-31
S4,WBT,True,complete monthly PIT top-100 asset-month,2023-09-30,2023-09-30,1,1,1,2023-09-30
S4,WBT,True,complete monthly PIT top-100 asset-month,2023-10-31,2023-10-31,1,1,1,2023-10-31
S4,WBT,True,complete monthly PIT top-100 asset-month,2023-11-30,2023-11-30,1,1,1,2023-11-30
S4,WBT,True,complete monthly PIT top-100 asset-month,2023-12-31,2023-12-31,1,1,1,2023-12-31
S4,WBT,True,complete monthly PIT top-100 asset-month,2024-01-31,2024-01-31,1,1,1,2024-01-31
S4,WBT,True,complete monthly PIT top-100 asset-month,2024-02-29,2024-02-29,1,1,1,2024-02-29
S4,WBT,True,complete monthly PIT top-100 asset-month,2024-03-31,2024-03-31,1,1,1,2024-03-31
S4,WBT,True,complete monthly PIT top-100 asset-month,2024-04-30,2024-04-30,1,1,1,2024-04-30
S4,WBT,True,complete monthly PIT top-100 asset-month,2024-05-31,2024-05-31,1,1,1,2024-05-31
S4,WBT,True,complete monthly PIT top-100 asset-month,2024-06-30,2024-06-30,1,1,1,2024-06-30
S4,WBT,True,complete monthly PIT top-100 asset-month,2024-07-31,2024-07-31,1,1,1,2024-07-31
S4,WBT,True,complete monthly PIT top-100 asset-month,2024-08-31,2024-08-31,1,1,1,2024-08-31
S4,WBT,True,complete monthly PIT top-100 asset-month,2024-09-30,2024-09-30,1,1,1,2024-09-30
S4,WBT,True,complete monthly PIT top-100 asset-month,2024-10-31,2024-10-31,1,1,1,2024-10-31
S4,WBT,True,complete monthly PIT top-100 asset-month,2024-11-30,2024-11-30,1,1,1,2024-11-30
S4,WBT,True,complete monthly PIT top-100 asset-month,2024-12-31,2024-12-31,1,1,1,2024-12-31
S4,WBT,True,complete monthly PIT top-100 asset-month,2025-01-31,2025-01-31,1,1,1,2025-01-31
S4,WBT,True,complete monthly PIT top-100 asset-month,2025-02-28,2025-02-28,1,1,1,2025-02-28
S4,WBT,True,complete monthly PIT top-100 asset-month,2025-03-31,2025-03-31,1,1,1,2025-03-31
S4,WBT,True,complete monthly PIT top-100 asset-month,2025-04-30,2025-04-30,1,1,1,2025-04-30
S4,WBT,True,complete monthly PIT top-100 asset-month,2025-05-31,2025-05-31,1,1,1,2025-05-31
S4,WBT,True,complete monthly PIT top-100 asset-month,2025-06-30,2025-06-30,1,1,1,2025-06-30
S4,WBT,True,complete monthly PIT top-100 asset-month,2025-07-31,2025-07-31,1,1,1,2025-07-31
S4,WBT,True,complete monthly PIT top-100 asset-month,2025-08-31,2025-08-31,1,1,1,2025-08-31
S4,WBT,True,complete monthly PIT top-100 asset-month,2025-09-30,2025-09-30,1,1,1,2025-09-30
S4,WBT,True,complete monthly PIT top-100 asset-month,2025-10-31,2025-10-31,1,1,1,2025-10-31
S4,WBT,True,complete monthly PIT top-100 asset-month,2025-11-30,2025-11-30,1,1,1,2025-11-30
S4,WBT,True,complete monthly PIT top-100 asset-month,2025-12-31,2025-12-31,1,1,1,2025-12-31
S4,WBT,True,complete monthly PIT top-100 asset-month,2026-01-31,2026-01-31,1,1,1,2026-01-31
S4,WBT,True,complete monthly PIT top-100 asset-month,2026-02-28,2026-02-28,1,1,1,2026-02-28
S4,WBT,True,complete monthly PIT top-100 asset-month,2026-03-31,2026-03-31,1,1,1,2026-03-31
S4,WBT,True,complete monthly PIT top-100 asset-month,2026-04-30,2026-04-30,1,1,1,2026-04-30
S4,WBT,True,complete monthly PIT top-100 asset-month,2026-05-31,2026-05-31,1,1,1,2026-05-31
S4,WBTC,True,complete monthly PIT top-100 asset-month,2020-09-30,2020-09-30,1,1,1,2020-09-30
S4,WBTC,True,complete monthly PIT top-100 asset-month,2020-10-31,2020-10-31,1,1,1,2020-10-31
S4,WBTC,True,complete monthly PIT top-100 asset-month,2020-11-30,2020-11-30,1,1,1,2020-11-30
S4,WBTC,True,complete monthly PIT top-100 asset-month,2020-12-31,2020-12-31,1,1,1,2020-12-31
S4,WBTC,True,complete monthly PIT top-100 asset-month,2021-01-31,2021-01-31,1,1,1,2021-01-31
S4,WBTC,True,complete monthly PIT top-100 asset-month,2021-02-28,2021-02-28,1,1,1,2021-02-28
S4,WBTC,True,complete monthly PIT top-100 asset-month,2021-03-31,2021-03-31,1,1,1,2021-03-31
S4,WBTC,True,complete monthly PIT top-100 asset-month,2021-04-30,2021-04-30,1,1,1,2021-04-30
S4,WBTC,True,complete monthly PIT top-100 asset-month,2021-05-31,2021-05-31,1,1,1,2021-05-31
S4,WBTC,True,complete monthly PIT top-100 asset-month,2021-06-30,2021-06-30,1,1,1,2021-06-30
S4,WBTC,True,complete monthly PIT top-100 asset-month,2021-07-31,2021-07-31,1,1,1,2021-07-31
S4,WBTC,True,complete monthly PIT top-100 asset-month,2021-08-31,2021-08-31,1,1,1,2021-08-31
S4,WBTC,True,complete monthly PIT top-100 asset-month,2021-09-30,2021-09-30,1,1,1,2021-09-30
S4,WBTC,True,complete monthly PIT top-100 asset-month,2021-10-31,2021-10-31,1,1,1,2021-10-31
S4,WBTC,True,complete monthly PIT top-100 asset-month,2021-11-30,2021-11-30,1,1,1,2021-11-30
S4,WBTC,True,complete monthly PIT top-100 asset-month,2021-12-31,2021-12-31,1,1,1,2021-12-31
S4,WBTC,True,complete monthly PIT top-100 asset-month,2022-01-31,2022-01-31,1,1,1,2022-01-31
S4,WBTC,True,complete monthly PIT top-100 asset-month,2022-02-28,2022-02-28,1,1,1,2022-02-28
S4,WBTC,True,complete monthly PIT top-100 asset-month,2022-03-31,2022-03-31,1,1,1,2022-03-31
S4,WBTC,True,complete monthly PIT top-100 asset-month,2022-04-30,2022-04-30,1,1,1,2022-04-30
S4,WBTC,True,complete monthly PIT top-100 asset-month,2022-05-31,2022-05-31,1,1,1,2022-05-31
S4,WBTC,True,complete monthly PIT top-100 asset-month,2022-06-30,2022-06-30,1,1,1,2022-06-30
S4,WBTC,True,complete monthly PIT top-100 asset-month,2022-07-31,2022-07-31,1,1,1,2022-07-31
S4,WBTC,True,complete monthly PIT top-100 asset-month,2022-08-31,2022-08-31,1,1,1,2022-08-31
S4,WBTC,True,complete monthly PIT top-100 asset-month,2022-09-30,2022-09-30,1,1,1,2022-09-30
S4,WBTC,True,complete monthly PIT top-100 asset-month,2022-10-31,2022-10-31,1,1,1,2022-10-31
S4,WBTC,True,complete monthly PIT top-100 asset-month,2022-11-30,2022-11-30,1,1,1,2022-11-30
S4,WBTC,True,complete monthly PIT top-100 asset-month,2022-12-31,2022-12-31,1,1,1,2022-12-31
S4,WBTC,True,complete monthly PIT top-100 asset-month,2023-01-31,2023-01-31,1,1,1,2023-01-31
S4,WBTC,True,complete monthly PIT top-100 asset-month,2023-02-28,2023-02-28,1,1,1,2023-02-28
S4,WBTC,True,complete monthly PIT top-100 asset-month,2023-03-31,2023-03-31,1,1,1,2023-03-31
S4,WBTC,True,complete monthly PIT top-100 asset-month,2023-04-30,2023-04-30,1,1,1,2023-04-30
S4,WBTC,True,complete monthly PIT top-100 asset-month,2023-05-31,2023-05-31,1,1,1,2023-05-31
S4,WBTC,True,complete monthly PIT top-100 asset-month,2023-06-30,2023-06-30,1,1,1,2023-06-30
S4,WBTC,True,complete monthly PIT top-100 asset-month,2023-07-31,2023-07-31,1,1,1,2023-07-31
S4,WBTC,True,complete monthly PIT top-100 asset-month,2023-08-31,2023-08-31,1,1,1,2023-08-31
S4,WBTC,True,complete monthly PIT top-100 asset-month,2023-09-30,2023-09-30,1,1,1,2023-09-30
S4,WBTC,True,complete monthly PIT top-100 asset-month,2023-10-31,2023-10-31,1,1,1,2023-10-31
S4,WBTC,True,complete monthly PIT top-100 asset-month,2023-11-30,2023-11-30,1,1,1,2023-11-30
S4,WBTC,True,complete monthly PIT top-100 asset-month,2023-12-31,2023-12-31,1,1,1,2023-12-31
S4,WBTC,True,complete monthly PIT top-100 asset-month,2024-01-31,2024-01-31,1,1,1,2024-01-31
S4,WBTC,True,complete monthly PIT top-100 asset-month,2024-02-29,2024-02-29,1,1,1,2024-02-29
S4,WBTC,True,complete monthly PIT top-100 asset-month,2024-03-31,2024-03-31,1,1,1,2024-03-31
S4,WBTC,True,complete monthly PIT top-100 asset-month,2024-04-30,2024-04-30,1,1,1,2024-04-30
S4,WBTC,True,complete monthly PIT top-100 asset-month,2024-05-31,2024-05-31,1,1,1,2024-05-31
S4,WBTC,True,complete monthly PIT top-100 asset-month,2024-06-30,2024-06-30,1,1,1,2024-06-30
S4,WBTC,True,complete monthly PIT top-100 asset-month,2024-07-31,2024-07-31,1,1,1,2024-07-31
S4,WBTC,True,complete monthly PIT top-100 asset-month,2024-08-31,2024-08-31,1,1,1,2024-08-31
S4,WBTC,True,complete monthly PIT top-100 asset-month,2024-09-30,2024-09-30,1,1,1,2024-09-30
S4,WBTC,True,complete monthly PIT top-100 asset-month,2024-10-31,2024-10-31,1,1,1,2024-10-31
S4,WBTC,True,complete monthly PIT top-100 asset-month,2024-11-30,2024-11-30,1,1,1,2024-11-30
S4,WBTC,True,complete monthly PIT top-100 asset-month,2024-12-31,2024-12-31,1,1,1,2024-12-31
S4,WBTC,True,complete monthly PIT top-100 asset-month,2025-01-31,2025-01-31,1,1,1,2025-01-31
S4,WBTC,True,complete monthly PIT top-100 asset-month,2025-02-28,2025-02-28,1,1,1,2025-02-28
S4,WBTC,True,complete monthly PIT top-100 asset-month,2025-03-31,2025-03-31,1,1,1,2025-03-31
S4,WBTC,True,complete monthly PIT top-100 asset-month,2025-04-30,2025-04-30,1,1,1,2025-04-30
S4,WBTC,True,complete monthly PIT top-100 asset-month,2025-05-31,2025-05-31,1,1,1,2025-05-31
S4,WBTC,True,complete monthly PIT top-100 asset-month,2025-06-30,2025-06-30,1,1,1,2025-06-30
S4,WBTC,True,complete monthly PIT top-100 asset-month,2025-07-31,2025-07-31,1,1,1,2025-07-31
S4,WBTC,True,complete monthly PIT top-100 asset-month,2025-08-31,2025-08-31,1,1,1,2025-08-31
S4,WBTC,True,complete monthly PIT top-100 asset-month,2025-09-30,2025-09-30,1,1,1,2025-09-30
S4,WBTC,True,complete monthly PIT top-100 asset-month,2025-10-31,2025-10-31,1,1,1,2025-10-31
S4,WBTC,True,complete monthly PIT top-100 asset-month,2025-11-30,2025-11-30,1,1,1,2025-11-30
S4,WBTC,True,complete monthly PIT top-100 asset-month,2025-12-31,2025-12-31,1,1,1,2025-12-31
S4,WBTC,True,complete monthly PIT top-100 asset-month,2026-01-31,2026-01-31,1,1,1,2026-01-31
S4,WBTC,True,complete monthly PIT top-100 asset-month,2026-02-28,2026-02-28,1,1,1,2026-02-28
S4,WBTC,True,complete monthly PIT top-100 asset-month,2026-03-31,2026-03-31,1,1,1,2026-03-31
S4,WBTC,True,complete monthly PIT top-100 asset-month,2026-04-30,2026-04-30,1,1,1,2026-04-30
S4,WBTC,True,complete monthly PIT top-100 asset-month,2026-05-31,2026-05-31,1,1,1,2026-05-31
S4,WEETH,True,complete monthly PIT top-100 asset-month,2024-03-31,2024-03-31,1,1,1,2024-03-31
S4,WEETH,True,complete monthly PIT top-100 asset-month,2024-04-30,2024-04-30,1,1,1,2024-04-30
S4,WEETH,True,complete monthly PIT top-100 asset-month,2024-05-31,2024-05-31,1,1,1,2024-05-31
S4,WEETH,True,complete monthly PIT top-100 asset-month,2024-06-30,2024-06-30,1,1,1,2024-06-30
S4,WEETH,True,complete monthly PIT top-100 asset-month,2024-07-31,2024-07-31,1,1,1,2024-07-31
S4,WEETH,True,complete monthly PIT top-100 asset-month,2024-08-31,2024-08-31,1,1,1,2024-08-31
S4,WEETH,True,complete monthly PIT top-100 asset-month,2024-09-30,2024-09-30,1,1,1,2024-09-30
S4,WEETH,True,complete monthly PIT top-100 asset-month,2024-10-31,2024-10-31,1,1,1,2024-10-31
S4,WEETH,True,complete monthly PIT top-100 asset-month,2024-11-30,2024-11-30,1,1,1,2024-11-30
S4,WEETH,True,complete monthly PIT top-100 asset-month,2024-12-31,2024-12-31,1,1,1,2024-12-31
S4,WEETH,True,complete monthly PIT top-100 asset-month,2025-01-31,2025-01-31,1,1,1,2025-01-31
S4,WEETH,True,complete monthly PIT top-100 asset-month,2025-02-28,2025-02-28,1,1,1,2025-02-28
S4,WEETH,True,complete monthly PIT top-100 asset-month,2025-03-31,2025-03-31,1,1,1,2025-03-31
S4,WEETH,True,complete monthly PIT top-100 asset-month,2025-04-30,2025-04-30,1,1,1,2025-04-30
S4,WEETH,True,complete monthly PIT top-100 asset-month,2025-05-31,2025-05-31,1,1,1,2025-05-31
S4,WEETH,True,complete monthly PIT top-100 asset-month,2025-06-30,2025-06-30,1,1,1,2025-06-30
S4,WEETH,True,complete monthly PIT top-100 asset-month,2025-07-31,2025-07-31,1,1,1,2025-07-31
S4,WEETH,True,complete monthly PIT top-100 asset-month,2025-08-31,2025-08-31,1,1,1,2025-08-31
S4,WEETH,True,complete monthly PIT top-100 asset-month,2025-09-30,2025-09-30,1,1,1,2025-09-30
S4,WEETH,True,complete monthly PIT top-100 asset-month,2025-10-31,2025-10-31,1,1,1,2025-10-31
S4,WEETH,True,complete monthly PIT top-100 asset-month,2025-11-30,2025-11-30,1,1,1,2025-11-30
S4,WEETH,True,complete monthly PIT top-100 asset-month,2025-12-31,2025-12-31,1,1,1,2025-12-31
S4,WEETH,True,complete monthly PIT top-100 asset-month,2026-01-31,2026-01-31,1,1,1,2026-01-31
S4,WEETH,True,complete monthly PIT top-100 asset-month,2026-02-28,2026-02-28,1,1,1,2026-02-28
S4,WEETH,True,complete monthly PIT top-100 asset-month,2026-03-31,2026-03-31,1,1,1,2026-03-31
S4,WEETH,True,complete monthly PIT top-100 asset-month,2026-04-30,2026-04-30,1,1,1,2026-04-30
S4,WEETH,True,complete monthly PIT top-100 asset-month,2026-05-31,2026-05-31,1,1,1,2026-05-31
S4,WEMIX,True,complete monthly PIT top-100 asset-month,2023-02-28,2023-02-28,1,1,1,2023-02-28
S4,WEMIX,True,complete monthly PIT top-100 asset-month,2023-11-30,2023-11-30,1,1,1,2023-11-30
S4,WEMIX,True,complete monthly PIT top-100 asset-month,2023-12-31,2023-12-31,1,1,1,2023-12-31
S4,WEMIX,True,complete monthly PIT top-100 asset-month,2024-01-31,2024-01-31,1,1,1,2024-01-31
S4,WETH,True,complete monthly PIT top-100 asset-month,2024-08-31,2024-08-31,1,1,1,2024-08-31
S4,WETH,True,complete monthly PIT top-100 asset-month,2024-08-31,2024-08-31,1,1,1,2024-08-31
S4,WETH,True,complete monthly PIT top-100 asset-month,2024-08-31,2024-08-31,1,1,1,2024-08-31
S4,WETH,True,complete monthly PIT top-100 asset-month,2024-09-30,2024-09-30,1,1,1,2024-09-30
S4,WETH,True,complete monthly PIT top-100 asset-month,2024-09-30,2024-09-30,1,1,1,2024-09-30
S4,WETH,True,complete monthly PIT top-100 asset-month,2024-10-31,2024-10-31,1,1,1,2024-10-31
S4,WETH,True,complete monthly PIT top-100 asset-month,2024-10-31,2024-10-31,1,1,1,2024-10-31
S4,WETH,True,complete monthly PIT top-100 asset-month,2024-11-30,2024-11-30,1,1,1,2024-11-30
S4,WETH,True,complete monthly PIT top-100 asset-month,2024-11-30,2024-11-30,1,1,1,2024-11-30
S4,WETH,True,complete monthly PIT top-100 asset-month,2024-12-31,2024-12-31,1,1,1,2024-12-31
S4,WETH,True,complete monthly PIT top-100 asset-month,2024-12-31,2024-12-31,1,1,1,2024-12-31
S4,WETH,True,complete monthly PIT top-100 asset-month,2025-01-31,2025-01-31,1,1,1,2025-01-31
S4,WETH,True,complete monthly PIT top-100 asset-month,2025-01-31,2025-01-31,1,1,1,2025-01-31
S4,WETH,True,complete monthly PIT top-100 asset-month,2025-02-28,2025-02-28,1,1,1,2025-02-28
S4,WETH,True,complete monthly PIT top-100 asset-month,2025-02-28,2025-02-28,1,1,1,2025-02-28
S4,WETH,True,complete monthly PIT top-100 asset-month,2025-03-31,2025-03-31,1,1,1,2025-03-31
S4,WETH,True,complete monthly PIT top-100 asset-month,2025-03-31,2025-03-31,1,1,1,2025-03-31
S4,WETH,True,complete monthly PIT top-100 asset-month,2025-04-30,2025-04-30,1,1,1,2025-04-30
S4,WETH,True,complete monthly PIT top-100 asset-month,2025-04-30,2025-04-30,1,1,1,2025-04-30
S4,WETH,True,complete monthly PIT top-100 asset-month,2025-05-31,2025-05-31,1,1,1,2025-05-31
S4,WETH,True,complete monthly PIT top-100 asset-month,2025-05-31,2025-05-31,1,1,1,2025-05-31
S4,WETH,True,complete monthly PIT top-100 asset-month,2025-06-30,2025-06-30,1,1,1,2025-06-30
S4,WETH,True,complete monthly PIT top-100 asset-month,2025-06-30,2025-06-30,1,1,1,2025-06-30
S4,WETH,True,complete monthly PIT top-100 asset-month,2025-07-31,2025-07-31,1,1,1,2025-07-31
S4,WETH,True,complete monthly PIT top-100 asset-month,2025-07-31,2025-07-31,1,1,1,2025-07-31
S4,WETH,True,complete monthly PIT top-100 asset-month,2025-08-31,2025-08-31,1,1,1,2025-08-31
S4,WETH,True,complete monthly PIT top-100 asset-month,2025-08-31,2025-08-31,1,1,1,2025-08-31
S4,WETH,True,complete monthly PIT top-100 asset-month,2025-09-30,2025-09-30,1,1,1,2025-09-30
S4,WETH,True,complete monthly PIT top-100 asset-month,2025-09-30,2025-09-30,1,1,1,2025-09-30
S4,WETH,True,complete monthly PIT top-100 asset-month,2025-10-31,2025-10-31,1,1,1,2025-10-31
S4,WETH,True,complete monthly PIT top-100 asset-month,2025-10-31,2025-10-31,1,1,1,2025-10-31
S4,WETH,True,complete monthly PIT top-100 asset-month,2025-11-30,2025-11-30,1,1,1,2025-11-30
S4,WETH,True,complete monthly PIT top-100 asset-month,2025-11-30,2025-11-30,1,1,1,2025-11-30
S4,WETH,True,complete monthly PIT top-100 asset-month,2025-12-31,2025-12-31,1,1,1,2025-12-31
S4,WETH,True,complete monthly PIT top-100 asset-month,2025-12-31,2025-12-31,1,1,1,2025-12-31
S4,WETH,True,complete monthly PIT top-100 asset-month,2026-01-31,2026-01-31,1,1,1,2026-01-31
S4,WETH,True,complete monthly PIT top-100 asset-month,2026-01-31,2026-01-31,1,1,1,2026-01-31
S4,WETH,True,complete monthly PIT top-100 asset-month,2026-02-28,2026-02-28,1,1,1,2026-02-28
S4,WETH,True,complete monthly PIT top-100 asset-month,2026-02-28,2026-02-28,1,1,1,2026-02-28
S4,WETH,True,complete monthly PIT top-100 asset-month,2026-03-31,2026-03-31,1,1,1,2026-03-31
S4,WETH,True,complete monthly PIT top-100 asset-month,2026-03-31,2026-03-31,1,1,1,2026-03-31
S4,WETH,True,complete monthly PIT top-100 asset-month,2026-04-30,2026-04-30,1,1,1,2026-04-30
S4,WETH,True,complete monthly PIT top-100 asset-month,2026-04-30,2026-04-30,1,1,1,2026-04-30
S4,WETH,True,complete monthly PIT top-100 asset-month,2026-05-31,2026-05-31,1,1,1,2026-05-31
S4,WETH,True,complete monthly PIT top-100 asset-month,2026-05-31,2026-05-31,1,1,1,2026-05-31
S4,WIF,True,complete monthly PIT top-100 asset-month,2024-03-31,2024-03-31,1,1,1,2024-03-31
S4,WIF,True,complete monthly PIT top-100 asset-month,2024-04-30,2024-04-30,1,1,1,2024-04-30
S4,WIF,True,complete monthly PIT top-100 asset-month,2024-05-31,2024-05-31,1,1,1,2024-05-31
S4,WIF,True,complete monthly PIT top-100 asset-month,2024-06-30,2024-06-30,1,1,1,2024-06-30
S4,WIF,True,complete monthly PIT top-100 asset-month,2024-07-31,2024-07-31,1,1,1,2024-07-31
S4,WIF,True,complete monthly PIT top-100 asset-month,2024-08-31,2024-08-31,1,1,1,2024-08-31
S4,WIF,True,complete monthly PIT top-100 asset-month,2024-09-30,2024-09-30,1,1,1,2024-09-30
S4,WIF,True,complete monthly PIT top-100 asset-month,2024-10-31,2024-10-31,1,1,1,2024-10-31
S4,WIF,True,complete monthly PIT top-100 asset-month,2024-11-30,2024-11-30,1,1,1,2024-11-30
S4,WIF,True,complete monthly PIT top-100 asset-month,2024-12-31,2024-12-31,1,1,1,2024-12-31
S4,WIF,True,complete monthly PIT top-100 asset-month,2025-05-31,2025-05-31,1,1,1,2025-05-31
S4,WLD,True,complete monthly PIT top-100 asset-month,2024-02-29,2024-02-29,1,1,1,2024-02-29
S4,WLD,True,complete monthly PIT top-100 asset-month,2024-03-31,2024-03-31,1,1,1,2024-03-31
S4,WLD,True,complete monthly PIT top-100 asset-month,2024-04-30,2024-04-30,1,1,1,2024-04-30
S4,WLD,True,complete monthly PIT top-100 asset-month,2024-05-31,2024-05-31,1,1,1,2024-05-31
S4,WLD,True,complete monthly PIT top-100 asset-month,2024-09-30,2024-09-30,1,1,1,2024-09-30
S4,WLD,True,complete monthly PIT top-100 asset-month,2024-10-31,2024-10-31,1,1,1,2024-10-31
S4,WLD,True,complete monthly PIT top-100 asset-month,2024-11-30,2024-11-30,1,1,1,2024-11-30
S4,WLD,True,complete monthly PIT top-100 asset-month,2024-12-31,2024-12-31,1,1,1,2024-12-31
S4,WLD,True,complete monthly PIT top-100 asset-month,2025-01-31,2025-01-31,1,1,1,2025-01-31
S4,WLD,True,complete monthly PIT top-100 asset-month,2025-02-28,2025-02-28,1,1,1,2025-02-28
S4,WLD,True,complete monthly PIT top-100 asset-month,2025-03-31,2025-03-31,1,1,1,2025-03-31
S4,WLD,True,complete monthly PIT top-100 asset-month,2025-04-30,2025-04-30,1,1,1,2025-04-30
S4,WLD,True,complete monthly PIT top-100 asset-month,2025-05-31,2025-05-31,1,1,1,2025-05-31
S4,WLD,True,complete monthly PIT top-100 asset-month,2025-06-30,2025-06-30,1,1,1,2025-06-30
S4,WLD,True,complete monthly PIT top-100 asset-month,2025-07-31,2025-07-31,1,1,1,2025-07-31
S4,WLD,True,complete monthly PIT top-100 asset-month,2025-08-31,2025-08-31,1,1,1,2025-08-31
S4,WLD,True,complete monthly PIT top-100 asset-month,2025-09-30,2025-09-30,1,1,1,2025-09-30
S4,WLD,True,complete monthly PIT top-100 asset-month,2025-10-31,2025-10-31,1,1,1,2025-10-31
S4,WLD,True,complete monthly PIT top-100 asset-month,2025-11-30,2025-11-30,1,1,1,2025-11-30
S4,WLD,True,complete monthly PIT top-100 asset-month,2025-12-31,2025-12-31,1,1,1,2025-12-31
S4,WLD,True,complete monthly PIT top-100 asset-month,2026-01-31,2026-01-31,1,1,1,2026-01-31
S4,WLD,True,complete monthly PIT top-100 asset-month,2026-02-28,2026-02-28,1,1,1,2026-02-28
S4,WLD,True,complete monthly PIT top-100 asset-month,2026-03-31,2026-03-31,1,1,1,2026-03-31
S4,WLD,True,complete monthly PIT top-100 asset-month,2026-05-31,2026-05-31,1,1,1,2026-05-31
S4,WLFI,True,complete monthly PIT top-100 asset-month,2025-09-30,2025-09-30,1,1,1,2025-09-30
S4,WLFI,True,complete monthly PIT top-100 asset-month,2025-10-31,2025-10-31,1,1,1,2025-10-31
S4,WLFI,True,complete monthly PIT top-100 asset-month,2025-11-30,2025-11-30,1,1,1,2025-11-30
S4,WLFI,True,complete monthly PIT top-100 asset-month,2025-12-31,2025-12-31,1,1,1,2025-12-31
S4,WLFI,True,complete monthly PIT top-100 asset-month,2026-01-31,2026-01-31,1,1,1,2026-01-31
S4,WLFI,True,complete monthly PIT top-100 asset-month,2026-02-28,2026-02-28,1,1,1,2026-02-28
S4,WLFI,True,complete monthly PIT top-100 asset-month,2026-03-31,2026-03-31,1,1,1,2026-03-31
S4,WLFI,True,complete monthly PIT top-100 asset-month,2026-04-30,2026-04-30,1,1,1,2026-04-30
S4,WLFI,True,complete monthly PIT top-100 asset-month,2026-05-31,2026-05-31,1,1,1,2026-05-31
S4,WOO,True,complete monthly PIT top-100 asset-month,2023-04-30,2023-04-30,1,1,1,2023-04-30
S4,WOO,True,complete monthly PIT top-100 asset-month,2023-12-31,2023-12-31,1,1,1,2023-12-31
S4,WOO,True,complete monthly PIT top-100 asset-month,2024-02-29,2024-02-29,1,1,1,2024-02-29
S4,WRX,True,complete monthly PIT top-100 asset-month,2021-04-30,2021-04-30,1,1,1,2021-04-30
S4,WSTETH,True,complete monthly PIT top-100 asset-month,2024-08-31,2024-08-31,1,1,1,2024-08-31
S4,WSTETH,True,complete monthly PIT top-100 asset-month,2024-09-30,2024-09-30,1,1,1,2024-09-30
S4,WSTETH,True,complete monthly PIT top-100 asset-month,2024-10-31,2024-10-31,1,1,1,2024-10-31
S4,WSTETH,True,complete monthly PIT top-100 asset-month,2024-11-30,2024-11-30,1,1,1,2024-11-30
S4,WSTETH,True,complete monthly PIT top-100 asset-month,2024-12-31,2024-12-31,1,1,1,2024-12-31
S4,WSTETH,True,complete monthly PIT top-100 asset-month,2025-01-31,2025-01-31,1,1,1,2025-01-31
S4,WSTETH,True,complete monthly PIT top-100 asset-month,2025-02-28,2025-02-28,1,1,1,2025-02-28
S4,WSTETH,True,complete monthly PIT top-100 asset-month,2025-03-31,2025-03-31,1,1,1,2025-03-31
S4,WSTETH,True,complete monthly PIT top-100 asset-month,2025-04-30,2025-04-30,1,1,1,2025-04-30
S4,WSTETH,True,complete monthly PIT top-100 asset-month,2025-05-31,2025-05-31,1,1,1,2025-05-31
S4,WSTETH,True,complete monthly PIT top-100 asset-month,2025-06-30,2025-06-30,1,1,1,2025-06-30
S4,WSTETH,True,complete monthly PIT top-100 asset-month,2025-07-31,2025-07-31,1,1,1,2025-07-31
S4,WSTETH,True,complete monthly PIT top-100 asset-month,2025-08-31,2025-08-31,1,1,1,2025-08-31
S4,WSTETH,True,complete monthly PIT top-100 asset-month,2025-09-30,2025-09-30,1,1,1,2025-09-30
S4,WSTETH,True,complete monthly PIT top-100 asset-month,2025-10-31,2025-10-31,1,1,1,2025-10-31
S4,WSTETH,True,complete monthly PIT top-100 asset-month,2025-11-30,2025-11-30,1,1,1,2025-11-30
S4,WSTETH,True,complete monthly PIT top-100 asset-month,2025-12-31,2025-12-31,1,1,1,2025-12-31
S4,WSTETH,True,complete monthly PIT top-100 asset-month,2025-12-31,2025-12-31,1,1,1,2025-12-31
S4,WSTETH,True,complete monthly PIT top-100 asset-month,2026-01-31,2026-01-31,1,1,1,2026-01-31
S4,WSTETH,True,complete monthly PIT top-100 asset-month,2026-02-28,2026-02-28,1,1,1,2026-02-28
S4,WSTETH,True,complete monthly PIT top-100 asset-month,2026-03-31,2026-03-31,1,1,1,2026-03-31
S4,WSTETH,True,complete monthly PIT top-100 asset-month,2026-04-30,2026-04-30,1,1,1,2026-04-30
S4,WSTETH,True,complete monthly PIT top-100 asset-month,2026-05-31,2026-05-31,1,1,1,2026-05-31
S4,WTRX,True,complete monthly PIT top-100 asset-month,2026-03-31,2026-03-31,1,1,1,2026-03-31
S4,WTRX,True,complete monthly PIT top-100 asset-month,2026-04-30,2026-04-30,1,1,1,2026-04-30
S4,WTRX,True,complete monthly PIT top-100 asset-month,2026-05-31,2026-05-31,1,1,1,2026-05-31
S4,XAUT,True,complete monthly PIT top-100 asset-month,2020-03-31,2020-03-31,1,1,1,2020-03-31
S4,XAUT,True,complete monthly PIT top-100 asset-month,2020-04-30,2020-04-30,1,1,1,2020-04-30
S4,XAUT,True,complete monthly PIT top-100 asset-month,2020-05-31,2020-05-31,1,1,1,2020-05-31
S4,XAUT,True,complete monthly PIT top-100 asset-month,2020-06-30,2020-06-30,1,1,1,2020-06-30
S4,XAUT,True,complete monthly PIT top-100 asset-month,2020-07-31,2020-07-31,1,1,1,2020-07-31
S4,XAUT,True,complete monthly PIT top-100 asset-month,2020-10-31,2020-10-31,1,1,1,2020-10-31
S4,XAUT,True,complete monthly PIT top-100 asset-month,2022-06-30,2022-06-30,1,1,1,2022-06-30
S4,XAUT,True,complete monthly PIT top-100 asset-month,2022-08-31,2022-08-31,1,1,1,2022-08-31
S4,XAUT,True,complete monthly PIT top-100 asset-month,2022-09-30,2022-09-30,1,1,1,2022-09-30
S4,XAUT,True,complete monthly PIT top-100 asset-month,2022-11-30,2022-11-30,1,1,1,2022-11-30
S4,XAUT,True,complete monthly PIT top-100 asset-month,2022-12-31,2022-12-31,1,1,1,2022-12-31
S4,XAUT,True,complete monthly PIT top-100 asset-month,2023-01-31,2023-01-31,1,1,1,2023-01-31
S4,XAUT,True,complete monthly PIT top-100 asset-month,2023-03-31,2023-03-31,1,1,1,2023-03-31
S4,XAUT,True,complete monthly PIT top-100 asset-month,2023-04-30,2023-04-30,1,1,1,2023-04-30
S4,XAUT,True,complete monthly PIT top-100 asset-month,2023-05-31,2023-05-31,1,1,1,2023-05-31
S4,XAUT,True,complete monthly PIT top-100 asset-month,2023-06-30,2023-06-30,1,1,1,2023-06-30
S4,XAUT,True,complete monthly PIT top-100 asset-month,2023-07-31,2023-07-31,1,1,1,2023-07-31
S4,XAUT,True,complete monthly PIT top-100 asset-month,2023-08-31,2023-08-31,1,1,1,2023-08-31
S4,XAUT,True,complete monthly PIT top-100 asset-month,2023-09-30,2023-09-30,1,1,1,2023-09-30
S4,XAUT,True,complete monthly PIT top-100 asset-month,2023-10-31,2023-10-31,1,1,1,2023-10-31
S4,XAUT,True,complete monthly PIT top-100 asset-month,2025-08-31,2025-08-31,1,1,1,2025-08-31
S4,XAUT,True,complete monthly PIT top-100 asset-month,2025-09-30,2025-09-30,1,1,1,2025-09-30
S4,XAUT,True,complete monthly PIT top-100 asset-month,2025-10-31,2025-10-31,1,1,1,2025-10-31
S4,XAUT,True,complete monthly PIT top-100 asset-month,2025-11-30,2025-11-30,1,1,1,2025-11-30
S4,XAUT,True,complete monthly PIT top-100 asset-month,2025-12-31,2025-12-31,1,1,1,2025-12-31
S4,XAUT,True,complete monthly PIT top-100 asset-month,2026-01-31,2026-01-31,1,1,1,2026-01-31
S4,XAUT,True,complete monthly PIT top-100 asset-month,2026-02-28,2026-02-28,1,1,1,2026-02-28
S4,XAUT,True,complete monthly PIT top-100 asset-month,2026-03-31,2026-03-31,1,1,1,2026-03-31
S4,XAUT,True,complete monthly PIT top-100 asset-month,2026-04-30,2026-04-30,1,1,1,2026-04-30
S4,XAUT,True,complete monthly PIT top-100 asset-month,2026-05-31,2026-05-31,1,1,1,2026-05-31
S4,XCN,True,complete monthly PIT top-100 asset-month,2022-04-30,2022-04-30,1,1,1,2022-04-30
S4,XCN,True,complete monthly PIT top-100 asset-month,2022-05-31,2022-05-31,1,1,1,2022-05-31
S4,XCN,True,complete monthly PIT top-100 asset-month,2022-06-30,2022-06-30,1,1,1,2022-06-30
S4,XCN,True,complete monthly PIT top-100 asset-month,2022-07-31,2022-07-31,1,1,1,2022-07-31
S4,XCN,True,complete monthly PIT top-100 asset-month,2022-08-31,2022-08-31,1,1,1,2022-08-31
S4,XCN,True,complete monthly PIT top-100 asset-month,2022-09-30,2022-09-30,1,1,1,2022-09-30
S4,XCN,True,complete monthly PIT top-100 asset-month,2022-10-31,2022-10-31,1,1,1,2022-10-31
S4,XCN,True,complete monthly PIT top-100 asset-month,2022-11-30,2022-11-30,1,1,1,2022-11-30
S4,XCN,True,complete monthly PIT top-100 asset-month,2022-12-31,2022-12-31,1,1,1,2022-12-31
S4,XDATA,True,complete monthly PIT top-100 asset-month,2020-03-31,2020-03-31,1,1,1,2020-03-31
S4,XDATA,True,complete monthly PIT top-100 asset-month,2020-04-30,2020-04-30,1,1,1,2020-04-30
S4,XDATA,True,complete monthly PIT top-100 asset-month,2020-05-31,2020-05-31,1,1,1,2020-05-31
S4,XDC,True,complete monthly PIT top-100 asset-month,2021-06-30,2021-06-30,1,1,1,2021-06-30
S4,XDC,True,complete monthly PIT top-100 asset-month,2021-07-31,2021-07-31,1,1,1,2021-07-31
S4,XDC,True,complete monthly PIT top-100 asset-month,2021-08-31,2021-08-31,1,1,1,2021-08-31
S4,XDC,True,complete monthly PIT top-100 asset-month,2021-09-30,2021-09-30,1,1,1,2021-09-30
S4,XDC,True,complete monthly PIT top-100 asset-month,2022-09-30,2022-09-30,1,1,1,2022-09-30
S4,XDC,True,complete monthly PIT top-100 asset-month,2022-10-31,2022-10-31,1,1,1,2022-10-31
S4,XDC,True,complete monthly PIT top-100 asset-month,2022-12-31,2022-12-31,1,1,1,2022-12-31
S4,XDC,True,complete monthly PIT top-100 asset-month,2023-03-31,2023-03-31,1,1,1,2023-03-31
S4,XDC,True,complete monthly PIT top-100 asset-month,2023-04-30,2023-04-30,1,1,1,2023-04-30
S4,XDC,True,complete monthly PIT top-100 asset-month,2023-05-31,2023-05-31,1,1,1,2023-05-31
S4,XDC,True,complete monthly PIT top-100 asset-month,2023-06-30,2023-06-30,1,1,1,2023-06-30
S4,XDC,True,complete monthly PIT top-100 asset-month,2023-07-31,2023-07-31,1,1,1,2023-07-31
S4,XDC,True,complete monthly PIT top-100 asset-month,2023-08-31,2023-08-31,1,1,1,2023-08-31
S4,XDC,True,complete monthly PIT top-100 asset-month,2023-09-30,2023-09-30,1,1,1,2023-09-30
S4,XDC,True,complete monthly PIT top-100 asset-month,2023-10-31,2023-10-31,1,1,1,2023-10-31
S4,XDC,True,complete monthly PIT top-100 asset-month,2023-11-30,2023-11-30,1,1,1,2023-11-30
S4,XDC,True,complete monthly PIT top-100 asset-month,2023-12-31,2023-12-31,1,1,1,2023-12-31
S4,XDC,True,complete monthly PIT top-100 asset-month,2025-01-31,2025-01-31,1,1,1,2025-01-31
S4,XDC,True,complete monthly PIT top-100 asset-month,2025-02-28,2025-02-28,1,1,1,2025-02-28
S4,XDC,True,complete monthly PIT top-100 asset-month,2025-03-31,2025-03-31,1,1,1,2025-03-31
S4,XDC,True,complete monthly PIT top-100 asset-month,2025-04-30,2025-04-30,1,1,1,2025-04-30
S4,XDC,True,complete monthly PIT top-100 asset-month,2025-05-31,2025-05-31,1,1,1,2025-05-31
S4,XDC,True,complete monthly PIT top-100 asset-month,2025-06-30,2025-06-30,1,1,1,2025-06-30
S4,XDC,True,complete monthly PIT top-100 asset-month,2025-07-31,2025-07-31,1,1,1,2025-07-31
S4,XDC,True,complete monthly PIT top-100 asset-month,2025-08-31,2025-08-31,1,1,1,2025-08-31
S4,XEC,True,complete monthly PIT top-100 asset-month,2021-09-30,2021-09-30,1,1,1,2021-09-30
S4,XEC,True,complete monthly PIT top-100 asset-month,2021-10-31,2021-10-31,1,1,1,2021-10-31
S4,XEC,True,complete monthly PIT top-100 asset-month,2021-11-30,2021-11-30,1,1,1,2021-11-30
S4,XEC,True,complete monthly PIT top-100 asset-month,2021-12-31,2021-12-31,1,1,1,2021-12-31
S4,XEC,True,complete monthly PIT top-100 asset-month,2022-01-31,2022-01-31,1,1,1,2022-01-31
S4,XEC,True,complete monthly PIT top-100 asset-month,2022-02-28,2022-02-28,1,1,1,2022-02-28
S4,XEC,True,complete monthly PIT top-100 asset-month,2022-03-31,2022-03-31,1,1,1,2022-03-31
S4,XEC,True,complete monthly PIT top-100 asset-month,2022-04-30,2022-04-30,1,1,1,2022-04-30
S4,XEC,True,complete monthly PIT top-100 asset-month,2022-05-31,2022-05-31,1,1,1,2022-05-31
S4,XEC,True,complete monthly PIT top-100 asset-month,2022-06-30,2022-06-30,1,1,1,2022-06-30
S4,XEC,True,complete monthly PIT top-100 asset-month,2022-07-31,2022-07-31,1,1,1,2022-07-31
S4,XEC,True,complete monthly PIT top-100 asset-month,2022-08-31,2022-08-31,1,1,1,2022-08-31
S4,XEC,True,complete monthly PIT top-100 asset-month,2022-09-30,2022-09-30,1,1,1,2022-09-30
S4,XEC,True,complete monthly PIT top-100 asset-month,2022-10-31,2022-10-31,1,1,1,2022-10-31
S4,XEC,True,complete monthly PIT top-100 asset-month,2022-11-30,2022-11-30,1,1,1,2022-11-30
S4,XEC,True,complete monthly PIT top-100 asset-month,2022-12-31,2022-12-31,1,1,1,2022-12-31
S4,XEC,True,complete monthly PIT top-100 asset-month,2023-01-31,2023-01-31,1,1,1,2023-01-31
S4,XEC,True,complete monthly PIT top-100 asset-month,2023-02-28,2023-02-28,1,1,1,2023-02-28
S4,XEC,True,complete monthly PIT top-100 asset-month,2023-03-31,2023-03-31,1,1,1,2023-03-31
S4,XEC,True,complete monthly PIT top-100 asset-month,2023-04-30,2023-04-30,1,1,1,2023-04-30
S4,XEC,True,complete monthly PIT top-100 asset-month,2023-05-31,2023-05-31,1,1,1,2023-05-31
S4,XEC,True,complete monthly PIT top-100 asset-month,2023-06-30,2023-06-30,1,1,1,2023-06-30
S4,XEC,True,complete monthly PIT top-100 asset-month,2023-07-31,2023-07-31,1,1,1,2023-07-31
S4,XEC,True,complete monthly PIT top-100 asset-month,2023-08-31,2023-08-31,1,1,1,2023-08-31
S4,XEC,True,complete monthly PIT top-100 asset-month,2023-09-30,2023-09-30,1,1,1,2023-09-30
S4,XEC,True,complete monthly PIT top-100 asset-month,2023-10-31,2023-10-31,1,1,1,2023-10-31
S4,XEC,True,complete monthly PIT top-100 asset-month,2023-11-30,2023-11-30,1,1,1,2023-11-30
S4,XEC,True,complete monthly PIT top-100 asset-month,2023-12-31,2023-12-31,1,1,1,2023-12-31
S4,XEC,True,complete monthly PIT top-100 asset-month,2024-03-31,2024-03-31,1,1,1,2024-03-31
S4,XEC,True,complete monthly PIT top-100 asset-month,2024-04-30,2024-04-30,1,1,1,2024-04-30
S4,XEC,True,complete monthly PIT top-100 asset-month,2024-07-31,2024-07-31,1,1,1,2024-07-31
S4,XEM,True,complete monthly PIT top-100 asset-month,2020-01-31,2020-01-31,1,1,1,2020-01-31
S4,XEM,True,complete monthly PIT top-100 asset-month,2020-02-29,2020-02-29,1,1,1,2020-02-29
S4,XEM,True,complete monthly PIT top-100 asset-month,2020-03-31,2020-03-31,1,1,1,2020-03-31
S4,XEM,True,complete monthly PIT top-100 asset-month,2020-04-30,2020-04-30,1,1,1,2020-04-30
S4,XEM,True,complete monthly PIT top-100 asset-month,2020-05-31,2020-05-31,1,1,1,2020-05-31
S4,XEM,True,complete monthly PIT top-100 asset-month,2020-06-30,2020-06-30,1,1,1,2020-06-30
S4,XEM,True,complete monthly PIT top-100 asset-month,2020-07-31,2020-07-31,1,1,1,2020-07-31
S4,XEM,True,complete monthly PIT top-100 asset-month,2020-08-31,2020-08-31,1,1,1,2020-08-31
S4,XEM,True,complete monthly PIT top-100 asset-month,2020-09-30,2020-09-30,1,1,1,2020-09-30
S4,XEM,True,complete monthly PIT top-100 asset-month,2020-10-31,2020-10-31,1,1,1,2020-10-31
S4,XEM,True,complete monthly PIT top-100 asset-month,2020-11-30,2020-11-30,1,1,1,2020-11-30
S4,XEM,True,complete monthly PIT top-100 asset-month,2020-12-31,2020-12-31,1,1,1,2020-12-31
S4,XEM,True,complete monthly PIT top-100 asset-month,2021-01-31,2021-01-31,1,1,1,2021-01-31
S4,XEM,True,complete monthly PIT top-100 asset-month,2021-02-28,2021-02-28,1,1,1,2021-02-28
S4,XEM,True,complete monthly PIT top-100 asset-month,2021-03-31,2021-03-31,1,1,1,2021-03-31
S4,XEM,True,complete monthly PIT top-100 asset-month,2021-04-30,2021-04-30,1,1,1,2021-04-30
S4,XEM,True,complete monthly PIT top-100 asset-month,2021-05-31,2021-05-31,1,1,1,2021-05-31
S4,XEM,True,complete monthly PIT top-100 asset-month,2021-06-30,2021-06-30,1,1,1,2021-06-30
S4,XEM,True,complete monthly PIT top-100 asset-month,2021-07-31,2021-07-31,1,1,1,2021-07-31
S4,XEM,True,complete monthly PIT top-100 asset-month,2021-08-31,2021-08-31,1,1,1,2021-08-31
S4,XEM,True,complete monthly PIT top-100 asset-month,2021-09-30,2021-09-30,1,1,1,2021-09-30
S4,XEM,True,complete monthly PIT top-100 asset-month,2021-10-31,2021-10-31,1,1,1,2021-10-31
S4,XEM,True,complete monthly PIT top-100 asset-month,2021-11-30,2021-11-30,1,1,1,2021-11-30
S4,XEM,True,complete monthly PIT top-100 asset-month,2022-01-31,2022-01-31,1,1,1,2022-01-31
S4,XEM,True,complete monthly PIT top-100 asset-month,2022-02-28,2022-02-28,1,1,1,2022-02-28
S4,XEM,True,complete monthly PIT top-100 asset-month,2023-02-28,2023-02-28,1,1,1,2023-02-28
S4,XLM,True,complete monthly PIT top-100 asset-month,2020-01-31,2020-01-31,1,1,1,2020-01-31
S4,XLM,True,complete monthly PIT top-100 asset-month,2020-02-29,2020-02-29,1,1,1,2020-02-29
S4,XLM,True,complete monthly PIT top-100 asset-month,2020-03-31,2020-03-31,1,1,1,2020-03-31
S4,XLM,True,complete monthly PIT top-100 asset-month,2020-04-30,2020-04-30,1,1,1,2020-04-30
S4,XLM,True,complete monthly PIT top-100 asset-month,2020-05-31,2020-05-31,1,1,1,2020-05-31
S4,XLM,True,complete monthly PIT top-100 asset-month,2020-06-30,2020-06-30,1,1,1,2020-06-30
S4,XLM,True,complete monthly PIT top-100 asset-month,2020-07-31,2020-07-31,1,1,1,2020-07-31
S4,XLM,True,complete monthly PIT top-100 asset-month,2020-08-31,2020-08-31,1,1,1,2020-08-31
S4,XLM,True,complete monthly PIT top-100 asset-month,2020-09-30,2020-09-30,1,1,1,2020-09-30
S4,XLM,True,complete monthly PIT top-100 asset-month,2020-10-31,2020-10-31,1,1,1,2020-10-31
S4,XLM,True,complete monthly PIT top-100 asset-month,2020-11-30,2020-11-30,1,1,1,2020-11-30
S4,XLM,True,complete monthly PIT top-100 asset-month,2020-12-31,2020-12-31,1,1,1,2020-12-31
S4,XLM,True,complete monthly PIT top-100 asset-month,2021-01-31,2021-01-31,1,1,1,2021-01-31
S4,XLM,True,complete monthly PIT top-100 asset-month,2021-02-28,2021-02-28,1,1,1,2021-02-28
S4,XLM,True,complete monthly PIT top-100 asset-month,2021-03-31,2021-03-31,1,1,1,2021-03-31
S4,XLM,True,complete monthly PIT top-100 asset-month,2021-04-30,2021-04-30,1,1,1,2021-04-30
S4,XLM,True,complete monthly PIT top-100 asset-month,2021-05-31,2021-05-31,1,1,1,2021-05-31
S4,XLM,True,complete monthly PIT top-100 asset-month,2021-06-30,2021-06-30,1,1,1,2021-06-30
S4,XLM,True,complete monthly PIT top-100 asset-month,2021-07-31,2021-07-31,1,1,1,2021-07-31
S4,XLM,True,complete monthly PIT top-100 asset-month,2021-08-31,2021-08-31,1,1,1,2021-08-31
S4,XLM,True,complete monthly PIT top-100 asset-month,2021-09-30,2021-09-30,1,1,1,2021-09-30
S4,XLM,True,complete monthly PIT top-100 asset-month,2021-10-31,2021-10-31,1,1,1,2021-10-31
S4,XLM,True,complete monthly PIT top-100 asset-month,2021-11-30,2021-11-30,1,1,1,2021-11-30
S4,XLM,True,complete monthly PIT top-100 asset-month,2021-12-31,2021-12-31,1,1,1,2021-12-31
S4,XLM,True,complete monthly PIT top-100 asset-month,2022-01-31,2022-01-31,1,1,1,2022-01-31
S4,XLM,True,complete monthly PIT top-100 asset-month,2022-02-28,2022-02-28,1,1,1,2022-02-28
S4,XLM,True,complete monthly PIT top-100 asset-month,2022-03-31,2022-03-31,1,1,1,2022-03-31
S4,XLM,True,complete monthly PIT top-100 asset-month,2022-04-30,2022-04-30,1,1,1,2022-04-30
S4,XLM,True,complete monthly PIT top-100 asset-month,2022-05-31,2022-05-31,1,1,1,2022-05-31
S4,XLM,True,complete monthly PIT top-100 asset-month,2022-06-30,2022-06-30,1,1,1,2022-06-30
S4,XLM,True,complete monthly PIT top-100 asset-month,2022-07-31,2022-07-31,1,1,1,2022-07-31
S4,XLM,True,complete monthly PIT top-100 asset-month,2022-08-31,2022-08-31,1,1,1,2022-08-31
S4,XLM,True,complete monthly PIT top-100 asset-month,2022-09-30,2022-09-30,1,1,1,2022-09-30
S4,XLM,True,complete monthly PIT top-100 asset-month,2022-10-31,2022-10-31,1,1,1,2022-10-31
S4,XLM,True,complete monthly PIT top-100 asset-month,2022-11-30,2022-11-30,1,1,1,2022-11-30
S4,XLM,True,complete monthly PIT top-100 asset-month,2022-12-31,2022-12-31,1,1,1,2022-12-31
S4,XLM,True,complete monthly PIT top-100 asset-month,2023-01-31,2023-01-31,1,1,1,2023-01-31
S4,XLM,True,complete monthly PIT top-100 asset-month,2023-02-28,2023-02-28,1,1,1,2023-02-28
S4,XLM,True,complete monthly PIT top-100 asset-month,2023-03-31,2023-03-31,1,1,1,2023-03-31
S4,XLM,True,complete monthly PIT top-100 asset-month,2023-04-30,2023-04-30,1,1,1,2023-04-30
S4,XLM,True,complete monthly PIT top-100 asset-month,2023-05-31,2023-05-31,1,1,1,2023-05-31
S4,XLM,True,complete monthly PIT top-100 asset-month,2023-06-30,2023-06-30,1,1,1,2023-06-30
S4,XLM,True,complete monthly PIT top-100 asset-month,2023-07-31,2023-07-31,1,1,1,2023-07-31
S4,XLM,True,complete monthly PIT top-100 asset-month,2023-08-31,2023-08-31,1,1,1,2023-08-31
S4,XLM,True,complete monthly PIT top-100 asset-month,2023-09-30,2023-09-30,1,1,1,2023-09-30
S4,XLM,True,complete monthly PIT top-100 asset-month,2023-10-31,2023-10-31,1,1,1,2023-10-31
S4,XLM,True,complete monthly PIT top-100 asset-month,2023-11-30,2023-11-30,1,1,1,2023-11-30
S4,XLM,True,complete monthly PIT top-100 asset-month,2023-12-31,2023-12-31,1,1,1,2023-12-31
S4,XLM,True,complete monthly PIT top-100 asset-month,2024-01-31,2024-01-31,1,1,1,2024-01-31
S4,XLM,True,complete monthly PIT top-100 asset-month,2024-02-29,2024-02-29,1,1,1,2024-02-29
S4,XLM,True,complete monthly PIT top-100 asset-month,2024-03-31,2024-03-31,1,1,1,2024-03-31
S4,XLM,True,complete monthly PIT top-100 asset-month,2024-04-30,2024-04-30,1,1,1,2024-04-30
S4,XLM,True,complete monthly PIT top-100 asset-month,2024-05-31,2024-05-31,1,1,1,2024-05-31
S4,XLM,True,complete monthly PIT top-100 asset-month,2024-06-30,2024-06-30,1,1,1,2024-06-30
S4,XLM,True,complete monthly PIT top-100 asset-month,2024-07-31,2024-07-31,1,1,1,2024-07-31
S4,XLM,True,complete monthly PIT top-100 asset-month,2024-08-31,2024-08-31,1,1,1,2024-08-31
S4,XLM,True,complete monthly PIT top-100 asset-month,2024-09-30,2024-09-30,1,1,1,2024-09-30
S4,XLM,True,complete monthly PIT top-100 asset-month,2024-10-31,2024-10-31,1,1,1,2024-10-31
S4,XLM,True,complete monthly PIT top-100 asset-month,2024-11-30,2024-11-30,1,1,1,2024-11-30
S4,XLM,True,complete monthly PIT top-100 asset-month,2024-12-31,2024-12-31,1,1,1,2024-12-31
S4,XLM,True,complete monthly PIT top-100 asset-month,2025-01-31,2025-01-31,1,1,1,2025-01-31
S4,XLM,True,complete monthly PIT top-100 asset-month,2025-02-28,2025-02-28,1,1,1,2025-02-28
S4,XLM,True,complete monthly PIT top-100 asset-month,2025-03-31,2025-03-31,1,1,1,2025-03-31
S4,XLM,True,complete monthly PIT top-100 asset-month,2025-04-30,2025-04-30,1,1,1,2025-04-30
S4,XLM,True,complete monthly PIT top-100 asset-month,2025-05-31,2025-05-31,1,1,1,2025-05-31
S4,XLM,True,complete monthly PIT top-100 asset-month,2025-06-30,2025-06-30,1,1,1,2025-06-30
S4,XLM,True,complete monthly PIT top-100 asset-month,2025-07-31,2025-07-31,1,1,1,2025-07-31
S4,XLM,True,complete monthly PIT top-100 asset-month,2025-08-31,2025-08-31,1,1,1,2025-08-31
S4,XLM,True,complete monthly PIT top-100 asset-month,2025-09-30,2025-09-30,1,1,1,2025-09-30
S4,XLM,True,complete monthly PIT top-100 asset-month,2025-10-31,2025-10-31,1,1,1,2025-10-31
S4,XLM,True,complete monthly PIT top-100 asset-month,2025-11-30,2025-11-30,1,1,1,2025-11-30
S4,XLM,True,complete monthly PIT top-100 asset-month,2025-12-31,2025-12-31,1,1,1,2025-12-31
S4,XLM,True,complete monthly PIT top-100 asset-month,2026-01-31,2026-01-31,1,1,1,2026-01-31
S4,XLM,True,complete monthly PIT top-100 asset-month,2026-02-28,2026-02-28,1,1,1,2026-02-28
S4,XLM,True,complete monthly PIT top-100 asset-month,2026-03-31,2026-03-31,1,1,1,2026-03-31
S4,XLM,True,complete monthly PIT top-100 asset-month,2026-04-30,2026-04-30,1,1,1,2026-04-30
S4,XLM,True,complete monthly PIT top-100 asset-month,2026-05-31,2026-05-31,1,1,1,2026-05-31
S4,XMR,True,complete monthly PIT top-100 asset-month,2020-01-31,2020-01-31,1,1,1,2020-01-31
S4,XMR,True,complete monthly PIT top-100 asset-month,2020-02-29,2020-02-29,1,1,1,2020-02-29
S4,XMR,True,complete monthly PIT top-100 asset-month,2020-03-31,2020-03-31,1,1,1,2020-03-31
S4,XMR,True,complete monthly PIT top-100 asset-month,2020-04-30,2020-04-30,1,1,1,2020-04-30
S4,XMR,True,complete monthly PIT top-100 asset-month,2020-05-31,2020-05-31,1,1,1,2020-05-31
S4,XMR,True,complete monthly PIT top-100 asset-month,2020-06-30,2020-06-30,1,1,1,2020-06-30
S4,XMR,True,complete monthly PIT top-100 asset-month,2020-07-31,2020-07-31,1,1,1,2020-07-31
S4,XMR,True,complete monthly PIT top-100 asset-month,2020-08-31,2020-08-31,1,1,1,2020-08-31
S4,XMR,True,complete monthly PIT top-100 asset-month,2020-09-30,2020-09-30,1,1,1,2020-09-30
S4,XMR,True,complete monthly PIT top-100 asset-month,2020-10-31,2020-10-31,1,1,1,2020-10-31
S4,XMR,True,complete monthly PIT top-100 asset-month,2020-11-30,2020-11-30,1,1,1,2020-11-30
S4,XMR,True,complete monthly PIT top-100 asset-month,2020-12-31,2020-12-31,1,1,1,2020-12-31
S4,XMR,True,complete monthly PIT top-100 asset-month,2021-01-31,2021-01-31,1,1,1,2021-01-31
S4,XMR,True,complete monthly PIT top-100 asset-month,2021-02-28,2021-02-28,1,1,1,2021-02-28
S4,XMR,True,complete monthly PIT top-100 asset-month,2021-03-31,2021-03-31,1,1,1,2021-03-31
S4,XMR,True,complete monthly PIT top-100 asset-month,2021-04-30,2021-04-30,1,1,1,2021-04-30
S4,XMR,True,complete monthly PIT top-100 asset-month,2021-05-31,2021-05-31,1,1,1,2021-05-31
S4,XMR,True,complete monthly PIT top-100 asset-month,2021-06-30,2021-06-30,1,1,1,2021-06-30
S4,XMR,True,complete monthly PIT top-100 asset-month,2021-07-31,2021-07-31,1,1,1,2021-07-31
S4,XMR,True,complete monthly PIT top-100 asset-month,2021-08-31,2021-08-31,1,1,1,2021-08-31
S4,XMR,True,complete monthly PIT top-100 asset-month,2021-09-30,2021-09-30,1,1,1,2021-09-30
S4,XMR,True,complete monthly PIT top-100 asset-month,2021-10-31,2021-10-31,1,1,1,2021-10-31
S4,XMR,True,complete monthly PIT top-100 asset-month,2021-11-30,2021-11-30,1,1,1,2021-11-30
S4,XMR,True,complete monthly PIT top-100 asset-month,2021-12-31,2021-12-31,1,1,1,2021-12-31
S4,XMR,True,complete monthly PIT top-100 asset-month,2022-01-31,2022-01-31,1,1,1,2022-01-31
S4,XMR,True,complete monthly PIT top-100 asset-month,2022-02-28,2022-02-28,1,1,1,2022-02-28
S4,XMR,True,complete monthly PIT top-100 asset-month,2022-03-31,2022-03-31,1,1,1,2022-03-31
S4,XMR,True,complete monthly PIT top-100 asset-month,2022-04-30,2022-04-30,1,1,1,2022-04-30
S4,XMR,True,complete monthly PIT top-100 asset-month,2022-05-31,2022-05-31,1,1,1,2022-05-31
S4,XMR,True,complete monthly PIT top-100 asset-month,2022-06-30,2022-06-30,1,1,1,2022-06-30
S4,XMR,True,complete monthly PIT top-100 asset-month,2022-07-31,2022-07-31,1,1,1,2022-07-31
S4,XMR,True,complete monthly PIT top-100 asset-month,2022-08-31,2022-08-31,1,1,1,2022-08-31
S4,XMR,True,complete monthly PIT top-100 asset-month,2022-09-30,2022-09-30,1,1,1,2022-09-30
S4,XMR,True,complete monthly PIT top-100 asset-month,2022-10-31,2022-10-31,1,1,1,2022-10-31
S4,XMR,True,complete monthly PIT top-100 asset-month,2022-11-30,2022-11-30,1,1,1,2022-11-30
S4,XMR,True,complete monthly PIT top-100 asset-month,2022-12-31,2022-12-31,1,1,1,2022-12-31
S4,XMR,True,complete monthly PIT top-100 asset-month,2023-01-31,2023-01-31,1,1,1,2023-01-31
S4,XMR,True,complete monthly PIT top-100 asset-month,2023-02-28,2023-02-28,1,1,1,2023-02-28
S4,XMR,True,complete monthly PIT top-100 asset-month,2023-03-31,2023-03-31,1,1,1,2023-03-31
S4,XMR,True,complete monthly PIT top-100 asset-month,2023-04-30,2023-04-30,1,1,1,2023-04-30
S4,XMR,True,complete monthly PIT top-100 asset-month,2023-05-31,2023-05-31,1,1,1,2023-05-31
S4,XMR,True,complete monthly PIT top-100 asset-month,2023-06-30,2023-06-30,1,1,1,2023-06-30
S4,XMR,True,complete monthly PIT top-100 asset-month,2023-07-31,2023-07-31,1,1,1,2023-07-31
S4,XMR,True,complete monthly PIT top-100 asset-month,2023-08-31,2023-08-31,1,1,1,2023-08-31
S4,XMR,True,complete monthly PIT top-100 asset-month,2023-09-30,2023-09-30,1,1,1,2023-09-30
S4,XMR,True,complete monthly PIT top-100 asset-month,2023-10-31,2023-10-31,1,1,1,2023-10-31
S4,XMR,True,complete monthly PIT top-100 asset-month,2023-11-30,2023-11-30,1,1,1,2023-11-30
S4,XMR,True,complete monthly PIT top-100 asset-month,2023-12-31,2023-12-31,1,1,1,2023-12-31
S4,XMR,True,complete monthly PIT top-100 asset-month,2024-01-31,2024-01-31,1,1,1,2024-01-31
S4,XMR,True,complete monthly PIT top-100 asset-month,2024-02-29,2024-02-29,1,1,1,2024-02-29
S4,XMR,True,complete monthly PIT top-100 asset-month,2024-03-31,2024-03-31,1,1,1,2024-03-31
S4,XMR,True,complete monthly PIT top-100 asset-month,2024-04-30,2024-04-30,1,1,1,2024-04-30
S4,XMR,True,complete monthly PIT top-100 asset-month,2024-05-31,2024-05-31,1,1,1,2024-05-31
S4,XMR,True,complete monthly PIT top-100 asset-month,2024-06-30,2024-06-30,1,1,1,2024-06-30
S4,XMR,True,complete monthly PIT top-100 asset-month,2024-07-31,2024-07-31,1,1,1,2024-07-31
S4,XMR,True,complete monthly PIT top-100 asset-month,2024-08-31,2024-08-31,1,1,1,2024-08-31
S4,XMR,True,complete monthly PIT top-100 asset-month,2024-09-30,2024-09-30,1,1,1,2024-09-30
S4,XMR,True,complete monthly PIT top-100 asset-month,2024-10-31,2024-10-31,1,1,1,2024-10-31
S4,XMR,True,complete monthly PIT top-100 asset-month,2024-11-30,2024-11-30,1,1,1,2024-11-30
S4,XMR,True,complete monthly PIT top-100 asset-month,2024-12-31,2024-12-31,1,1,1,2024-12-31
S4,XMR,True,complete monthly PIT top-100 asset-month,2025-01-31,2025-01-31,1,1,1,2025-01-31
S4,XMR,True,complete monthly PIT top-100 asset-month,2025-02-28,2025-02-28,1,1,1,2025-02-28
S4,XMR,True,complete monthly PIT top-100 asset-month,2025-03-31,2025-03-31,1,1,1,2025-03-31
S4,XMR,True,complete monthly PIT top-100 asset-month,2025-04-30,2025-04-30,1,1,1,2025-04-30
S4,XMR,True,complete monthly PIT top-100 asset-month,2025-05-31,2025-05-31,1,1,1,2025-05-31
S4,XMR,True,complete monthly PIT top-100 asset-month,2025-06-30,2025-06-30,1,1,1,2025-06-30
S4,XMR,True,complete monthly PIT top-100 asset-month,2025-07-31,2025-07-31,1,1,1,2025-07-31
S4,XMR,True,complete monthly PIT top-100 asset-month,2025-08-31,2025-08-31,1,1,1,2025-08-31
S4,XMR,True,complete monthly PIT top-100 asset-month,2025-09-30,2025-09-30,1,1,1,2025-09-30
S4,XMR,True,complete monthly PIT top-100 asset-month,2025-10-31,2025-10-31,1,1,1,2025-10-31
S4,XMR,True,complete monthly PIT top-100 asset-month,2025-11-30,2025-11-30,1,1,1,2025-11-30
S4,XMR,True,complete monthly PIT top-100 asset-month,2025-12-31,2025-12-31,1,1,1,2025-12-31
S4,XMR,True,complete monthly PIT top-100 asset-month,2026-01-31,2026-01-31,1,1,1,2026-01-31
S4,XMR,True,complete monthly PIT top-100 asset-month,2026-02-28,2026-02-28,1,1,1,2026-02-28
S4,XMR,True,complete monthly PIT top-100 asset-month,2026-03-31,2026-03-31,1,1,1,2026-03-31
S4,XMR,True,complete monthly PIT top-100 asset-month,2026-04-30,2026-04-30,1,1,1,2026-04-30
S4,XMR,True,complete monthly PIT top-100 asset-month,2026-05-31,2026-05-31,1,1,1,2026-05-31
S4,XNO,True,complete monthly PIT top-100 asset-month,2020-01-31,2020-01-31,1,1,1,2020-01-31
S4,XNO,True,complete monthly PIT top-100 asset-month,2020-02-29,2020-02-29,1,1,1,2020-02-29
S4,XNO,True,complete monthly PIT top-100 asset-month,2020-03-31,2020-03-31,1,1,1,2020-03-31
S4,XNO,True,complete monthly PIT top-100 asset-month,2020-04-30,2020-04-30,1,1,1,2020-04-30
S4,XNO,True,complete monthly PIT top-100 asset-month,2020-05-31,2020-05-31,1,1,1,2020-05-31
S4,XNO,True,complete monthly PIT top-100 asset-month,2020-06-30,2020-06-30,1,1,1,2020-06-30
S4,XNO,True,complete monthly PIT top-100 asset-month,2020-07-31,2020-07-31,1,1,1,2020-07-31
S4,XNO,True,complete monthly PIT top-100 asset-month,2020-08-31,2020-08-31,1,1,1,2020-08-31
S4,XNO,True,complete monthly PIT top-100 asset-month,2020-09-30,2020-09-30,1,1,1,2020-09-30
S4,XNO,True,complete monthly PIT top-100 asset-month,2020-10-31,2020-10-31,1,1,1,2020-10-31
S4,XNO,True,complete monthly PIT top-100 asset-month,2020-11-30,2020-11-30,1,1,1,2020-11-30
S4,XNO,True,complete monthly PIT top-100 asset-month,2020-12-31,2020-12-31,1,1,1,2020-12-31
S4,XNO,True,complete monthly PIT top-100 asset-month,2021-01-31,2021-01-31,1,1,1,2021-01-31
S4,XNO,True,complete monthly PIT top-100 asset-month,2021-02-28,2021-02-28,1,1,1,2021-02-28
S4,XNO,True,complete monthly PIT top-100 asset-month,2021-04-30,2021-04-30,1,1,1,2021-04-30
S4,XNO,True,complete monthly PIT top-100 asset-month,2021-05-31,2021-05-31,1,1,1,2021-05-31
S4,XNO,True,complete monthly PIT top-100 asset-month,2021-06-30,2021-06-30,1,1,1,2021-06-30
S4,XPL,True,complete monthly PIT top-100 asset-month,2025-09-30,2025-09-30,1,1,1,2025-09-30
S4,XRD,True,complete monthly PIT top-100 asset-month,2021-11-30,2021-11-30,1,1,1,2021-11-30
S4,XRD,True,complete monthly PIT top-100 asset-month,2021-12-31,2021-12-31,1,1,1,2021-12-31
S4,XRD,True,complete monthly PIT top-100 asset-month,2022-01-31,2022-01-31,1,1,1,2022-01-31
S4,XRD,True,complete monthly PIT top-100 asset-month,2022-02-28,2022-02-28,1,1,1,2022-02-28
S4,XRD,True,complete monthly PIT top-100 asset-month,2022-03-31,2022-03-31,1,1,1,2022-03-31
S4,XRD,True,complete monthly PIT top-100 asset-month,2022-04-30,2022-04-30,1,1,1,2022-04-30
S4,XRD,True,complete monthly PIT top-100 asset-month,2022-05-31,2022-05-31,1,1,1,2022-05-31
S4,XRD,True,complete monthly PIT top-100 asset-month,2022-06-30,2022-06-30,1,1,1,2022-06-30
S4,XRD,True,complete monthly PIT top-100 asset-month,2022-07-31,2022-07-31,1,1,1,2022-07-31
S4,XRD,True,complete monthly PIT top-100 asset-month,2022-08-31,2022-08-31,1,1,1,2022-08-31
S4,XRD,True,complete monthly PIT top-100 asset-month,2022-09-30,2022-09-30,1,1,1,2022-09-30
S4,XRD,True,complete monthly PIT top-100 asset-month,2022-10-31,2022-10-31,1,1,1,2022-10-31
S4,XRD,True,complete monthly PIT top-100 asset-month,2022-12-31,2022-12-31,1,1,1,2022-12-31
S4,XRD,True,complete monthly PIT top-100 asset-month,2023-01-31,2023-01-31,1,1,1,2023-01-31
S4,XRD,True,complete monthly PIT top-100 asset-month,2023-04-30,2023-04-30,1,1,1,2023-04-30
S4,XRD,True,complete monthly PIT top-100 asset-month,2023-05-31,2023-05-31,1,1,1,2023-05-31
S4,XRD,True,complete monthly PIT top-100 asset-month,2023-06-30,2023-06-30,1,1,1,2023-06-30
S4,XRD,True,complete monthly PIT top-100 asset-month,2023-07-31,2023-07-31,1,1,1,2023-07-31
S4,XRD,True,complete monthly PIT top-100 asset-month,2023-08-31,2023-08-31,1,1,1,2023-08-31
S4,XRD,True,complete monthly PIT top-100 asset-month,2023-09-30,2023-09-30,1,1,1,2023-09-30
S4,XRD,True,complete monthly PIT top-100 asset-month,2023-10-31,2023-10-31,1,1,1,2023-10-31
S4,XRD,True,complete monthly PIT top-100 asset-month,2023-11-30,2023-11-30,1,1,1,2023-11-30
S4,XRP,True,complete monthly PIT top-100 asset-month,2020-01-31,2020-01-31,1,1,1,2020-01-31
S4,XRP,True,complete monthly PIT top-100 asset-month,2020-02-29,2020-02-29,1,1,1,2020-02-29
S4,XRP,True,complete monthly PIT top-100 asset-month,2020-03-31,2020-03-31,1,1,1,2020-03-31
S4,XRP,True,complete monthly PIT top-100 asset-month,2020-04-30,2020-04-30,1,1,1,2020-04-30
S4,XRP,True,complete monthly PIT top-100 asset-month,2020-05-31,2020-05-31,1,1,1,2020-05-31
S4,XRP,True,complete monthly PIT top-100 asset-month,2020-06-30,2020-06-30,1,1,1,2020-06-30
S4,XRP,True,complete monthly PIT top-100 asset-month,2020-07-31,2020-07-31,1,1,1,2020-07-31
S4,XRP,True,complete monthly PIT top-100 asset-month,2020-08-31,2020-08-31,1,1,1,2020-08-31
S4,XRP,True,complete monthly PIT top-100 asset-month,2020-09-30,2020-09-30,1,1,1,2020-09-30
S4,XRP,True,complete monthly PIT top-100 asset-month,2020-10-31,2020-10-31,1,1,1,2020-10-31
S4,XRP,True,complete monthly PIT top-100 asset-month,2020-11-30,2020-11-30,1,1,1,2020-11-30
S4,XRP,True,complete monthly PIT top-100 asset-month,2020-12-31,2020-12-31,1,1,1,2020-12-31
S4,XRP,True,complete monthly PIT top-100 asset-month,2021-01-31,2021-01-31,1,1,1,2021-01-31
S4,XRP,True,complete monthly PIT top-100 asset-month,2021-02-28,2021-02-28,1,1,1,2021-02-28
S4,XRP,True,complete monthly PIT top-100 asset-month,2021-03-31,2021-03-31,1,1,1,2021-03-31
S4,XRP,True,complete monthly PIT top-100 asset-month,2021-04-30,2021-04-30,1,1,1,2021-04-30
S4,XRP,True,complete monthly PIT top-100 asset-month,2021-05-31,2021-05-31,1,1,1,2021-05-31
S4,XRP,True,complete monthly PIT top-100 asset-month,2021-06-30,2021-06-30,1,1,1,2021-06-30
S4,XRP,True,complete monthly PIT top-100 asset-month,2021-07-31,2021-07-31,1,1,1,2021-07-31
S4,XRP,True,complete monthly PIT top-100 asset-month,2021-08-31,2021-08-31,1,1,1,2021-08-31
S4,XRP,True,complete monthly PIT top-100 asset-month,2021-09-30,2021-09-30,1,1,1,2021-09-30
S4,XRP,True,complete monthly PIT top-100 asset-month,2021-10-31,2021-10-31,1,1,1,2021-10-31
S4,XRP,True,complete monthly PIT top-100 asset-month,2021-11-30,2021-11-30,1,1,1,2021-11-30
S4,XRP,True,complete monthly PIT top-100 asset-month,2021-12-31,2021-12-31,1,1,1,2021-12-31
S4,XRP,True,complete monthly PIT top-100 asset-month,2022-01-31,2022-01-31,1,1,1,2022-01-31
S4,XRP,True,complete monthly PIT top-100 asset-month,2022-02-28,2022-02-28,1,1,1,2022-02-28
S4,XRP,True,complete monthly PIT top-100 asset-month,2022-03-31,2022-03-31,1,1,1,2022-03-31
S4,XRP,True,complete monthly PIT top-100 asset-month,2022-04-30,2022-04-30,1,1,1,2022-04-30
S4,XRP,True,complete monthly PIT top-100 asset-month,2022-05-31,2022-05-31,1,1,1,2022-05-31
S4,XRP,True,complete monthly PIT top-100 asset-month,2022-06-30,2022-06-30,1,1,1,2022-06-30
S4,XRP,True,complete monthly PIT top-100 asset-month,2022-07-31,2022-07-31,1,1,1,2022-07-31
S4,XRP,True,complete monthly PIT top-100 asset-month,2022-08-31,2022-08-31,1,1,1,2022-08-31
S4,XRP,True,complete monthly PIT top-100 asset-month,2022-09-30,2022-09-30,1,1,1,2022-09-30
S4,XRP,True,complete monthly PIT top-100 asset-month,2022-10-31,2022-10-31,1,1,1,2022-10-31
S4,XRP,True,complete monthly PIT top-100 asset-month,2022-11-30,2022-11-30,1,1,1,2022-11-30
S4,XRP,True,complete monthly PIT top-100 asset-month,2022-12-31,2022-12-31,1,1,1,2022-12-31
S4,XRP,True,complete monthly PIT top-100 asset-month,2023-01-31,2023-01-31,1,1,1,2023-01-31
S4,XRP,True,complete monthly PIT top-100 asset-month,2023-02-28,2023-02-28,1,1,1,2023-02-28
S4,XRP,True,complete monthly PIT top-100 asset-month,2023-03-31,2023-03-31,1,1,1,2023-03-31
S4,XRP,True,complete monthly PIT top-100 asset-month,2023-04-30,2023-04-30,1,1,1,2023-04-30
S4,XRP,True,complete monthly PIT top-100 asset-month,2023-05-31,2023-05-31,1,1,1,2023-05-31
S4,XRP,True,complete monthly PIT top-100 asset-month,2023-06-30,2023-06-30,1,1,1,2023-06-30
S4,XRP,True,complete monthly PIT top-100 asset-month,2023-07-31,2023-07-31,1,1,1,2023-07-31
S4,XRP,True,complete monthly PIT top-100 asset-month,2023-08-31,2023-08-31,1,1,1,2023-08-31
S4,XRP,True,complete monthly PIT top-100 asset-month,2023-09-30,2023-09-30,1,1,1,2023-09-30
S4,XRP,True,complete monthly PIT top-100 asset-month,2023-10-31,2023-10-31,1,1,1,2023-10-31
S4,XRP,True,complete monthly PIT top-100 asset-month,2023-11-30,2023-11-30,1,1,1,2023-11-30
S4,XRP,True,complete monthly PIT top-100 asset-month,2023-12-31,2023-12-31,1,1,1,2023-12-31
S4,XRP,True,complete monthly PIT top-100 asset-month,2024-01-31,2024-01-31,1,1,1,2024-01-31
S4,XRP,True,complete monthly PIT top-100 asset-month,2024-02-29,2024-02-29,1,1,1,2024-02-29
S4,XRP,True,complete monthly PIT top-100 asset-month,2024-03-31,2024-03-31,1,1,1,2024-03-31
S4,XRP,True,complete monthly PIT top-100 asset-month,2024-04-30,2024-04-30,1,1,1,2024-04-30
S4,XRP,True,complete monthly PIT top-100 asset-month,2024-05-31,2024-05-31,1,1,1,2024-05-31
S4,XRP,True,complete monthly PIT top-100 asset-month,2024-06-30,2024-06-30,1,1,1,2024-06-30
S4,XRP,True,complete monthly PIT top-100 asset-month,2024-07-31,2024-07-31,1,1,1,2024-07-31
S4,XRP,True,complete monthly PIT top-100 asset-month,2024-08-31,2024-08-31,1,1,1,2024-08-31
S4,XRP,True,complete monthly PIT top-100 asset-month,2024-09-30,2024-09-30,1,1,1,2024-09-30
S4,XRP,True,complete monthly PIT top-100 asset-month,2024-10-31,2024-10-31,1,1,1,2024-10-31
S4,XRP,True,complete monthly PIT top-100 asset-month,2024-11-30,2024-11-30,1,1,1,2024-11-30
S4,XRP,True,complete monthly PIT top-100 asset-month,2024-12-31,2024-12-31,1,1,1,2024-12-31
S4,XRP,True,complete monthly PIT top-100 asset-month,2025-01-31,2025-01-31,1,1,1,2025-01-31
S4,XRP,True,complete monthly PIT top-100 asset-month,2025-02-28,2025-02-28,1,1,1,2025-02-28
S4,XRP,True,complete monthly PIT top-100 asset-month,2025-03-31,2025-03-31,1,1,1,2025-03-31
S4,XRP,True,complete monthly PIT top-100 asset-month,2025-04-30,2025-04-30,1,1,1,2025-04-30
S4,XRP,True,complete monthly PIT top-100 asset-month,2025-05-31,2025-05-31,1,1,1,2025-05-31
S4,XRP,True,complete monthly PIT top-100 asset-month,2025-06-30,2025-06-30,1,1,1,2025-06-30
S4,XRP,True,complete monthly PIT top-100 asset-month,2025-07-31,2025-07-31,1,1,1,2025-07-31
S4,XRP,True,complete monthly PIT top-100 asset-month,2025-08-31,2025-08-31,1,1,1,2025-08-31
S4,XRP,True,complete monthly PIT top-100 asset-month,2025-09-30,2025-09-30,1,1,1,2025-09-30
S4,XRP,True,complete monthly PIT top-100 asset-month,2025-10-31,2025-10-31,1,1,1,2025-10-31
S4,XRP,True,complete monthly PIT top-100 asset-month,2025-11-30,2025-11-30,1,1,1,2025-11-30
S4,XRP,True,complete monthly PIT top-100 asset-month,2025-12-31,2025-12-31,1,1,1,2025-12-31
S4,XRP,True,complete monthly PIT top-100 asset-month,2026-01-31,2026-01-31,1,1,1,2026-01-31
S4,XRP,True,complete monthly PIT top-100 asset-month,2026-02-28,2026-02-28,1,1,1,2026-02-28
S4,XRP,True,complete monthly PIT top-100 asset-month,2026-03-31,2026-03-31,1,1,1,2026-03-31
S4,XRP,True,complete monthly PIT top-100 asset-month,2026-04-30,2026-04-30,1,1,1,2026-04-30
S4,XRP,True,complete monthly PIT top-100 asset-month,2026-05-31,2026-05-31,1,1,1,2026-05-31
S4,XSOLVBTC,True,complete monthly PIT top-100 asset-month,2025-02-28,2025-02-28,1,1,1,2025-02-28
S4,XSUSHI,True,complete monthly PIT top-100 asset-month,2021-02-28,2021-02-28,1,1,1,2021-02-28
S4,XSUSHI,True,complete monthly PIT top-100 asset-month,2021-03-31,2021-03-31,1,1,1,2021-03-31
S4,XSUSHI,True,complete monthly PIT top-100 asset-month,2021-05-31,2021-05-31,1,1,1,2021-05-31
S4,XSUSHI,True,complete monthly PIT top-100 asset-month,2021-06-30,2021-06-30,1,1,1,2021-06-30
S4,XSUSHI,True,complete monthly PIT top-100 asset-month,2021-07-31,2021-07-31,1,1,1,2021-07-31
S4,XSUSHI,True,complete monthly PIT top-100 asset-month,2021-08-31,2021-08-31,1,1,1,2021-08-31
S4,XTN,True,complete monthly PIT top-100 asset-month,2020-12-31,2020-12-31,1,1,1,2020-12-31
S4,XTN,True,complete monthly PIT top-100 asset-month,2022-05-31,2022-05-31,1,1,1,2022-05-31
S4,XTN,True,complete monthly PIT top-100 asset-month,2022-06-30,2022-06-30,1,1,1,2022-06-30
S4,XTN,True,complete monthly PIT top-100 asset-month,2022-07-31,2022-07-31,1,1,1,2022-07-31
S4,XTN,True,complete monthly PIT top-100 asset-month,2022-08-31,2022-08-31,1,1,1,2022-08-31
S4,XTZ,True,complete monthly PIT top-100 asset-month,2020-01-31,2020-01-31,1,1,1,2020-01-31
S4,XTZ,True,complete monthly PIT top-100 asset-month,2020-02-29,2020-02-29,1,1,1,2020-02-29
S4,XTZ,True,complete monthly PIT top-100 asset-month,2020-03-31,2020-03-31,1,1,1,2020-03-31
S4,XTZ,True,complete monthly PIT top-100 asset-month,2020-04-30,2020-04-30,1,1,1,2020-04-30
S4,XTZ,True,complete monthly PIT top-100 asset-month,2020-05-31,2020-05-31,1,1,1,2020-05-31
S4,XTZ,True,complete monthly PIT top-100 asset-month,2020-06-30,2020-06-30,1,1,1,2020-06-30
S4,XTZ,True,complete monthly PIT top-100 asset-month,2020-07-31,2020-07-31,1,1,1,2020-07-31
S4,XTZ,True,complete monthly PIT top-100 asset-month,2020-08-31,2020-08-31,1,1,1,2020-08-31
S4,XTZ,True,complete monthly PIT top-100 asset-month,2020-09-30,2020-09-30,1,1,1,2020-09-30
S4,XTZ,True,complete monthly PIT top-100 asset-month,2020-10-31,2020-10-31,1,1,1,2020-10-31
S4,XTZ,True,complete monthly PIT top-100 asset-month,2020-11-30,2020-11-30,1,1,1,2020-11-30
S4,XTZ,True,complete monthly PIT top-100 asset-month,2020-12-31,2020-12-31,1,1,1,2020-12-31
S4,XTZ,True,complete monthly PIT top-100 asset-month,2021-01-31,2021-01-31,1,1,1,2021-01-31
S4,XTZ,True,complete monthly PIT top-100 asset-month,2021-02-28,2021-02-28,1,1,1,2021-02-28
S4,XTZ,True,complete monthly PIT top-100 asset-month,2021-03-31,2021-03-31,1,1,1,2021-03-31
S4,XTZ,True,complete monthly PIT top-100 asset-month,2021-04-30,2021-04-30,1,1,1,2021-04-30
S4,XTZ,True,complete monthly PIT top-100 asset-month,2021-05-31,2021-05-31,1,1,1,2021-05-31
S4,XTZ,True,complete monthly PIT top-100 asset-month,2021-06-30,2021-06-30,1,1,1,2021-06-30
S4,XTZ,True,complete monthly PIT top-100 asset-month,2021-07-31,2021-07-31,1,1,1,2021-07-31
S4,XTZ,True,complete monthly PIT top-100 asset-month,2021-08-31,2021-08-31,1,1,1,2021-08-31
S4,XTZ,True,complete monthly PIT top-100 asset-month,2021-09-30,2021-09-30,1,1,1,2021-09-30
S4,XTZ,True,complete monthly PIT top-100 asset-month,2021-10-31,2021-10-31,1,1,1,2021-10-31
S4,XTZ,True,complete monthly PIT top-100 asset-month,2021-11-30,2021-11-30,1,1,1,2021-11-30
S4,XTZ,True,complete monthly PIT top-100 asset-month,2021-12-31,2021-12-31,1,1,1,2021-12-31
S4,XTZ,True,complete monthly PIT top-100 asset-month,2022-01-31,2022-01-31,1,1,1,2022-01-31
S4,XTZ,True,complete monthly PIT top-100 asset-month,2022-02-28,2022-02-28,1,1,1,2022-02-28
S4,XTZ,True,complete monthly PIT top-100 asset-month,2022-03-31,2022-03-31,1,1,1,2022-03-31
S4,XTZ,True,complete monthly PIT top-100 asset-month,2022-04-30,2022-04-30,1,1,1,2022-04-30
S4,XTZ,True,complete monthly PIT top-100 asset-month,2022-05-31,2022-05-31,1,1,1,2022-05-31
S4,XTZ,True,complete monthly PIT top-100 asset-month,2022-06-30,2022-06-30,1,1,1,2022-06-30
S4,XTZ,True,complete monthly PIT top-100 asset-month,2022-07-31,2022-07-31,1,1,1,2022-07-31
S4,XTZ,True,complete monthly PIT top-100 asset-month,2022-08-31,2022-08-31,1,1,1,2022-08-31
S4,XTZ,True,complete monthly PIT top-100 asset-month,2022-09-30,2022-09-30,1,1,1,2022-09-30
S4,XTZ,True,complete monthly PIT top-100 asset-month,2022-10-31,2022-10-31,1,1,1,2022-10-31
S4,XTZ,True,complete monthly PIT top-100 asset-month,2022-11-30,2022-11-30,1,1,1,2022-11-30
S4,XTZ,True,complete monthly PIT top-100 asset-month,2022-12-31,2022-12-31,1,1,1,2022-12-31
S4,XTZ,True,complete monthly PIT top-100 asset-month,2023-01-31,2023-01-31,1,1,1,2023-01-31
S4,XTZ,True,complete monthly PIT top-100 asset-month,2023-02-28,2023-02-28,1,1,1,2023-02-28
S4,XTZ,True,complete monthly PIT top-100 asset-month,2023-03-31,2023-03-31,1,1,1,2023-03-31
S4,XTZ,True,complete monthly PIT top-100 asset-month,2023-04-30,2023-04-30,1,1,1,2023-04-30
S4,XTZ,True,complete monthly PIT top-100 asset-month,2023-05-31,2023-05-31,1,1,1,2023-05-31
S4,XTZ,True,complete monthly PIT top-100 asset-month,2023-06-30,2023-06-30,1,1,1,2023-06-30
S4,XTZ,True,complete monthly PIT top-100 asset-month,2023-07-31,2023-07-31,1,1,1,2023-07-31
S4,XTZ,True,complete monthly PIT top-100 asset-month,2023-08-31,2023-08-31,1,1,1,2023-08-31
S4,XTZ,True,complete monthly PIT top-100 asset-month,2023-09-30,2023-09-30,1,1,1,2023-09-30
S4,XTZ,True,complete monthly PIT top-100 asset-month,2023-10-31,2023-10-31,1,1,1,2023-10-31
S4,XTZ,True,complete monthly PIT top-100 asset-month,2023-11-30,2023-11-30,1,1,1,2023-11-30
S4,XTZ,True,complete monthly PIT top-100 asset-month,2023-12-31,2023-12-31,1,1,1,2023-12-31
S4,XTZ,True,complete monthly PIT top-100 asset-month,2024-01-31,2024-01-31,1,1,1,2024-01-31
S4,XTZ,True,complete monthly PIT top-100 asset-month,2024-02-29,2024-02-29,1,1,1,2024-02-29
S4,XTZ,True,complete monthly PIT top-100 asset-month,2024-03-31,2024-03-31,1,1,1,2024-03-31
S4,XTZ,True,complete monthly PIT top-100 asset-month,2024-04-30,2024-04-30,1,1,1,2024-04-30
S4,XTZ,True,complete monthly PIT top-100 asset-month,2024-11-30,2024-11-30,1,1,1,2024-11-30
S4,XTZ,True,complete monthly PIT top-100 asset-month,2024-12-31,2024-12-31,1,1,1,2024-12-31
S4,XTZ,True,complete monthly PIT top-100 asset-month,2025-02-28,2025-02-28,1,1,1,2025-02-28
S4,XVG,True,complete monthly PIT top-100 asset-month,2020-01-31,2020-01-31,1,1,1,2020-01-31
S4,XVG,True,complete monthly PIT top-100 asset-month,2020-02-29,2020-02-29,1,1,1,2020-02-29
S4,XVG,True,complete monthly PIT top-100 asset-month,2020-03-31,2020-03-31,1,1,1,2020-03-31
S4,XVG,True,complete monthly PIT top-100 asset-month,2020-04-30,2020-04-30,1,1,1,2020-04-30
S4,XVG,True,complete monthly PIT top-100 asset-month,2020-05-31,2020-05-31,1,1,1,2020-05-31
S4,XVG,True,complete monthly PIT top-100 asset-month,2020-06-30,2020-06-30,1,1,1,2020-06-30
S4,XVG,True,complete monthly PIT top-100 asset-month,2020-07-31,2020-07-31,1,1,1,2020-07-31
S4,XVG,True,complete monthly PIT top-100 asset-month,2020-11-30,2020-11-30,1,1,1,2020-11-30
S4,XVG,True,complete monthly PIT top-100 asset-month,2020-12-31,2020-12-31,1,1,1,2020-12-31
S4,XVG,True,complete monthly PIT top-100 asset-month,2021-01-31,2021-01-31,1,1,1,2021-01-31
S4,XVS,True,complete monthly PIT top-100 asset-month,2021-04-30,2021-04-30,1,1,1,2021-04-30
S4,YFI,True,complete monthly PIT top-100 asset-month,2020-07-31,2020-07-31,1,1,1,2020-07-31
S4,YFI,True,complete monthly PIT top-100 asset-month,2020-08-31,2020-08-31,1,1,1,2020-08-31
S4,YFI,True,complete monthly PIT top-100 asset-month,2020-09-30,2020-09-30,1,1,1,2020-09-30
S4,YFI,True,complete monthly PIT top-100 asset-month,2020-10-31,2020-10-31,1,1,1,2020-10-31
S4,YFI,True,complete monthly PIT top-100 asset-month,2020-11-30,2020-11-30,1,1,1,2020-11-30
S4,YFI,True,complete monthly PIT top-100 asset-month,2020-12-31,2020-12-31,1,1,1,2020-12-31
S4,YFI,True,complete monthly PIT top-100 asset-month,2021-01-31,2021-01-31,1,1,1,2021-01-31
S4,YFI,True,complete monthly PIT top-100 asset-month,2021-02-28,2021-02-28,1,1,1,2021-02-28
S4,YFI,True,complete monthly PIT top-100 asset-month,2021-03-31,2021-03-31,1,1,1,2021-03-31
S4,YFI,True,complete monthly PIT top-100 asset-month,2021-04-30,2021-04-30,1,1,1,2021-04-30
S4,YFI,True,complete monthly PIT top-100 asset-month,2021-05-31,2021-05-31,1,1,1,2021-05-31
S4,YFI,True,complete monthly PIT top-100 asset-month,2021-06-30,2021-06-30,1,1,1,2021-06-30
S4,YFI,True,complete monthly PIT top-100 asset-month,2021-07-31,2021-07-31,1,1,1,2021-07-31
S4,YFI,True,complete monthly PIT top-100 asset-month,2021-08-31,2021-08-31,1,1,1,2021-08-31
S4,YFI,True,complete monthly PIT top-100 asset-month,2021-09-30,2021-09-30,1,1,1,2021-09-30
S4,YFI,True,complete monthly PIT top-100 asset-month,2021-10-31,2021-10-31,1,1,1,2021-10-31
S4,YFII,True,complete monthly PIT top-100 asset-month,2020-08-31,2020-08-31,1,1,1,2020-08-31
S4,YFII,True,complete monthly PIT top-100 asset-month,2020-09-30,2020-09-30,1,1,1,2020-09-30
S4,ZBC,True,complete monthly PIT top-100 asset-month,2024-04-30,2024-04-30,1,1,1,2024-04-30
S4,ZBC,True,complete monthly PIT top-100 asset-month,2024-05-31,2024-05-31,1,1,1,2024-05-31
S4,ZBC,True,complete monthly PIT top-100 asset-month,2024-06-30,2024-06-30,1,1,1,2024-06-30
S4,ZEC,True,complete monthly PIT top-100 asset-month,2020-01-31,2020-01-31,1,1,1,2020-01-31
S4,ZEC,True,complete monthly PIT top-100 asset-month,2020-02-29,2020-02-29,1,1,1,2020-02-29
S4,ZEC,True,complete monthly PIT top-100 asset-month,2020-03-31,2020-03-31,1,1,1,2020-03-31
S4,ZEC,True,complete monthly PIT top-100 asset-month,2020-04-30,2020-04-30,1,1,1,2020-04-30
S4,ZEC,True,complete monthly PIT top-100 asset-month,2020-05-31,2020-05-31,1,1,1,2020-05-31
S4,ZEC,True,complete monthly PIT top-100 asset-month,2020-06-30,2020-06-30,1,1,1,2020-06-30
S4,ZEC,True,complete monthly PIT top-100 asset-month,2020-07-31,2020-07-31,1,1,1,2020-07-31
S4,ZEC,True,complete monthly PIT top-100 asset-month,2020-08-31,2020-08-31,1,1,1,2020-08-31
S4,ZEC,True,complete monthly PIT top-100 asset-month,2020-09-30,2020-09-30,1,1,1,2020-09-30
S4,ZEC,True,complete monthly PIT top-100 asset-month,2020-10-31,2020-10-31,1,1,1,2020-10-31
S4,ZEC,True,complete monthly PIT top-100 asset-month,2020-11-30,2020-11-30,1,1,1,2020-11-30
S4,ZEC,True,complete monthly PIT top-100 asset-month,2020-12-31,2020-12-31,1,1,1,2020-12-31
S4,ZEC,True,complete monthly PIT top-100 asset-month,2021-01-31,2021-01-31,1,1,1,2021-01-31
S4,ZEC,True,complete monthly PIT top-100 asset-month,2021-02-28,2021-02-28,1,1,1,2021-02-28
S4,ZEC,True,complete monthly PIT top-100 asset-month,2021-03-31,2021-03-31,1,1,1,2021-03-31
S4,ZEC,True,complete monthly PIT top-100 asset-month,2021-04-30,2021-04-30,1,1,1,2021-04-30
S4,ZEC,True,complete monthly PIT top-100 asset-month,2021-05-31,2021-05-31,1,1,1,2021-05-31
S4,ZEC,True,complete monthly PIT top-100 asset-month,2021-06-30,2021-06-30,1,1,1,2021-06-30
S4,ZEC,True,complete monthly PIT top-100 asset-month,2021-07-31,2021-07-31,1,1,1,2021-07-31
S4,ZEC,True,complete monthly PIT top-100 asset-month,2021-08-31,2021-08-31,1,1,1,2021-08-31
S4,ZEC,True,complete monthly PIT top-100 asset-month,2021-09-30,2021-09-30,1,1,1,2021-09-30
S4,ZEC,True,complete monthly PIT top-100 asset-month,2021-10-31,2021-10-31,1,1,1,2021-10-31
S4,ZEC,True,complete monthly PIT top-100 asset-month,2021-11-30,2021-11-30,1,1,1,2021-11-30
S4,ZEC,True,complete monthly PIT top-100 asset-month,2021-12-31,2021-12-31,1,1,1,2021-12-31
S4,ZEC,True,complete monthly PIT top-100 asset-month,2022-01-31,2022-01-31,1,1,1,2022-01-31
S4,ZEC,True,complete monthly PIT top-100 asset-month,2022-02-28,2022-02-28,1,1,1,2022-02-28
S4,ZEC,True,complete monthly PIT top-100 asset-month,2022-03-31,2022-03-31,1,1,1,2022-03-31
S4,ZEC,True,complete monthly PIT top-100 asset-month,2022-04-30,2022-04-30,1,1,1,2022-04-30
S4,ZEC,True,complete monthly PIT top-100 asset-month,2022-05-31,2022-05-31,1,1,1,2022-05-31
S4,ZEC,True,complete monthly PIT top-100 asset-month,2022-06-30,2022-06-30,1,1,1,2022-06-30
S4,ZEC,True,complete monthly PIT top-100 asset-month,2022-07-31,2022-07-31,1,1,1,2022-07-31
S4,ZEC,True,complete monthly PIT top-100 asset-month,2022-08-31,2022-08-31,1,1,1,2022-08-31
S4,ZEC,True,complete monthly PIT top-100 asset-month,2022-09-30,2022-09-30,1,1,1,2022-09-30
S4,ZEC,True,complete monthly PIT top-100 asset-month,2022-10-31,2022-10-31,1,1,1,2022-10-31
S4,ZEC,True,complete monthly PIT top-100 asset-month,2022-11-30,2022-11-30,1,1,1,2022-11-30
S4,ZEC,True,complete monthly PIT top-100 asset-month,2022-12-31,2022-12-31,1,1,1,2022-12-31
S4,ZEC,True,complete monthly PIT top-100 asset-month,2023-01-31,2023-01-31,1,1,1,2023-01-31
S4,ZEC,True,complete monthly PIT top-100 asset-month,2023-02-28,2023-02-28,1,1,1,2023-02-28
S4,ZEC,True,complete monthly PIT top-100 asset-month,2025-10-31,2025-10-31,1,1,1,2025-10-31
S4,ZEC,True,complete monthly PIT top-100 asset-month,2025-11-30,2025-11-30,1,1,1,2025-11-30
S4,ZEC,True,complete monthly PIT top-100 asset-month,2025-12-31,2025-12-31,1,1,1,2025-12-31
S4,ZEC,True,complete monthly PIT top-100 asset-month,2026-01-31,2026-01-31,1,1,1,2026-01-31
S4,ZEC,True,complete monthly PIT top-100 asset-month,2026-02-28,2026-02-28,1,1,1,2026-02-28
S4,ZEC,True,complete monthly PIT top-100 asset-month,2026-03-31,2026-03-31,1,1,1,2026-03-31
S4,ZEC,True,complete monthly PIT top-100 asset-month,2026-04-30,2026-04-30,1,1,1,2026-04-30
S4,ZEC,True,complete monthly PIT top-100 asset-month,2026-05-31,2026-05-31,1,1,1,2026-05-31
S4,ZEN,True,complete monthly PIT top-100 asset-month,2020-01-31,2020-01-31,1,1,1,2020-01-31
S4,ZEN,True,complete monthly PIT top-100 asset-month,2020-02-29,2020-02-29,1,1,1,2020-02-29
S4,ZEN,True,complete monthly PIT top-100 asset-month,2020-03-31,2020-03-31,1,1,1,2020-03-31
S4,ZEN,True,complete monthly PIT top-100 asset-month,2020-04-30,2020-04-30,1,1,1,2020-04-30
S4,ZEN,True,complete monthly PIT top-100 asset-month,2020-05-31,2020-05-31,1,1,1,2020-05-31
S4,ZEN,True,complete monthly PIT top-100 asset-month,2020-06-30,2020-06-30,1,1,1,2020-06-30
S4,ZEN,True,complete monthly PIT top-100 asset-month,2020-07-31,2020-07-31,1,1,1,2020-07-31
S4,ZEN,True,complete monthly PIT top-100 asset-month,2020-11-30,2020-11-30,1,1,1,2020-11-30
S4,ZEN,True,complete monthly PIT top-100 asset-month,2021-01-31,2021-01-31,1,1,1,2021-01-31
S4,ZEN,True,complete monthly PIT top-100 asset-month,2021-02-28,2021-02-28,1,1,1,2021-02-28
S4,ZEN,True,complete monthly PIT top-100 asset-month,2021-04-30,2021-04-30,1,1,1,2021-04-30
S4,ZEN,True,complete monthly PIT top-100 asset-month,2021-05-31,2021-05-31,1,1,1,2021-05-31
S4,ZEN,True,complete monthly PIT top-100 asset-month,2021-06-30,2021-06-30,1,1,1,2021-06-30
S4,ZEN,True,complete monthly PIT top-100 asset-month,2021-07-31,2021-07-31,1,1,1,2021-07-31
S4,ZEN,True,complete monthly PIT top-100 asset-month,2021-08-31,2021-08-31,1,1,1,2021-08-31
S4,ZIL,True,complete monthly PIT top-100 asset-month,2020-01-31,2020-01-31,1,1,1,2020-01-31
S4,ZIL,True,complete monthly PIT top-100 asset-month,2020-02-29,2020-02-29,1,1,1,2020-02-29
S4,ZIL,True,complete monthly PIT top-100 asset-month,2020-03-31,2020-03-31,1,1,1,2020-03-31
S4,ZIL,True,complete monthly PIT top-100 asset-month,2020-04-30,2020-04-30,1,1,1,2020-04-30
S4,ZIL,True,complete monthly PIT top-100 asset-month,2020-05-31,2020-05-31,1,1,1,2020-05-31
S4,ZIL,True,complete monthly PIT top-100 asset-month,2020-06-30,2020-06-30,1,1,1,2020-06-30
S4,ZIL,True,complete monthly PIT top-100 asset-month,2020-07-31,2020-07-31,1,1,1,2020-07-31
S4,ZIL,True,complete monthly PIT top-100 asset-month,2020-08-31,2020-08-31,1,1,1,2020-08-31
S4,ZIL,True,complete monthly PIT top-100 asset-month,2020-09-30,2020-09-30,1,1,1,2020-09-30
S4,ZIL,True,complete monthly PIT top-100 asset-month,2020-10-31,2020-10-31,1,1,1,2020-10-31
S4,ZIL,True,complete monthly PIT top-100 asset-month,2020-11-30,2020-11-30,1,1,1,2020-11-30
S4,ZIL,True,complete monthly PIT top-100 asset-month,2020-12-31,2020-12-31,1,1,1,2020-12-31
S4,ZIL,True,complete monthly PIT top-100 asset-month,2021-01-31,2021-01-31,1,1,1,2021-01-31
S4,ZIL,True,complete monthly PIT top-100 asset-month,2021-02-28,2021-02-28,1,1,1,2021-02-28
S4,ZIL,True,complete monthly PIT top-100 asset-month,2021-03-31,2021-03-31,1,1,1,2021-03-31
S4,ZIL,True,complete monthly PIT top-100 asset-month,2021-04-30,2021-04-30,1,1,1,2021-04-30
S4,ZIL,True,complete monthly PIT top-100 asset-month,2021-05-31,2021-05-31,1,1,1,2021-05-31
S4,ZIL,True,complete monthly PIT top-100 asset-month,2021-06-30,2021-06-30,1,1,1,2021-06-30
S4,ZIL,True,complete monthly PIT top-100 asset-month,2021-07-31,2021-07-31,1,1,1,2021-07-31
S4,ZIL,True,complete monthly PIT top-100 asset-month,2021-08-31,2021-08-31,1,1,1,2021-08-31
S4,ZIL,True,complete monthly PIT top-100 asset-month,2021-09-30,2021-09-30,1,1,1,2021-09-30
S4,ZIL,True,complete monthly PIT top-100 asset-month,2021-10-31,2021-10-31,1,1,1,2021-10-31
S4,ZIL,True,complete monthly PIT top-100 asset-month,2022-03-31,2022-03-31,1,1,1,2022-03-31
S4,ZIL,True,complete monthly PIT top-100 asset-month,2022-04-30,2022-04-30,1,1,1,2022-04-30
S4,ZIL,True,complete monthly PIT top-100 asset-month,2022-05-31,2022-05-31,1,1,1,2022-05-31
S4,ZIL,True,complete monthly PIT top-100 asset-month,2022-06-30,2022-06-30,1,1,1,2022-06-30
S4,ZIL,True,complete monthly PIT top-100 asset-month,2022-07-31,2022-07-31,1,1,1,2022-07-31
S4,ZIL,True,complete monthly PIT top-100 asset-month,2022-08-31,2022-08-31,1,1,1,2022-08-31
S4,ZIL,True,complete monthly PIT top-100 asset-month,2022-09-30,2022-09-30,1,1,1,2022-09-30
S4,ZIL,True,complete monthly PIT top-100 asset-month,2022-10-31,2022-10-31,1,1,1,2022-10-31
S4,ZIL,True,complete monthly PIT top-100 asset-month,2022-11-30,2022-11-30,1,1,1,2022-11-30
S4,ZIL,True,complete monthly PIT top-100 asset-month,2023-01-31,2023-01-31,1,1,1,2023-01-31
S4,ZIL,True,complete monthly PIT top-100 asset-month,2023-02-28,2023-02-28,1,1,1,2023-02-28
S4,ZIL,True,complete monthly PIT top-100 asset-month,2023-03-31,2023-03-31,1,1,1,2023-03-31
S4,ZIL,True,complete monthly PIT top-100 asset-month,2023-04-30,2023-04-30,1,1,1,2023-04-30
S4,ZRX,True,complete monthly PIT top-100 asset-month,2020-01-31,2020-01-31,1,1,1,2020-01-31
S4,ZRX,True,complete monthly PIT top-100 asset-month,2020-02-29,2020-02-29,1,1,1,2020-02-29
S4,ZRX,True,complete monthly PIT top-100 asset-month,2020-03-31,2020-03-31,1,1,1,2020-03-31
S4,ZRX,True,complete monthly PIT top-100 asset-month,2020-04-30,2020-04-30,1,1,1,2020-04-30
S4,ZRX,True,complete monthly PIT top-100 asset-month,2020-05-31,2020-05-31,1,1,1,2020-05-31
S4,ZRX,True,complete monthly PIT top-100 asset-month,2020-06-30,2020-06-30,1,1,1,2020-06-30
S4,ZRX,True,complete monthly PIT top-100 asset-month,2020-07-31,2020-07-31,1,1,1,2020-07-31
S4,ZRX,True,complete monthly PIT top-100 asset-month,2020-08-31,2020-08-31,1,1,1,2020-08-31
S4,ZRX,True,complete monthly PIT top-100 asset-month,2020-09-30,2020-09-30,1,1,1,2020-09-30
S4,ZRX,True,complete monthly PIT top-100 asset-month,2020-10-31,2020-10-31,1,1,1,2020-10-31
S4,ZRX,True,complete monthly PIT top-100 asset-month,2020-11-30,2020-11-30,1,1,1,2020-11-30
S4,ZRX,True,complete monthly PIT top-100 asset-month,2020-12-31,2020-12-31,1,1,1,2020-12-31
S4,ZRX,True,complete monthly PIT top-100 asset-month,2021-01-31,2021-01-31,1,1,1,2021-01-31
S4,ZRX,True,complete monthly PIT top-100 asset-month,2021-02-28,2021-02-28,1,1,1,2021-02-28
S4,ZRX,True,complete monthly PIT top-100 asset-month,2021-03-31,2021-03-31,1,1,1,2021-03-31
S4,ZRX,True,complete monthly PIT top-100 asset-month,2021-04-30,2021-04-30,1,1,1,2021-04-30
S4,ZRX,True,complete monthly PIT top-100 asset-month,2021-05-31,2021-05-31,1,1,1,2021-05-31
S4,ZRX,True,complete monthly PIT top-100 asset-month,2021-06-30,2021-06-30,1,1,1,2021-06-30
S4,ZRX,True,complete monthly PIT top-100 asset-month,2021-07-31,2021-07-31,1,1,1,2021-07-31
S5,BTC ETF,True,actual reported ETF dates only,2024-01-11,2026-04-10,563,563,1,
S5,ETH ETF,True,actual reported ETF dates only,2024-07-23,2026-04-10,431,431,1,
