date,defi_tvl_growth,stablecoin_supply_growth,btc_ret,eth_ret,total3_ret,fitted_valuation_component,price_adjusted_tvl_residual,price_adjusted_tvl_residual_z365,plot_key,panel,metric,value,n,sample_start,sample_end,interpretation,label
2020-01-02,-0.000769566501436,0.0002773781765874,-0.0332583847549071,-0.0268761822181025,-0.0345566228735876,0.0019050054026762,-0.0026745719041122,,liquidity__2020-01-02,liquidity_state,,,,,,,
2020-01-03,-0.0093262705281738,0.232324408116693,0.0526232180267741,0.0541818344922023,0.0514719578864771,0.0027220462173216,-0.0120483167454954,,liquidity__2020-01-03,liquidity_state,,,,,,,
2020-01-04,0.0136005670550716,0.0056561636780436,0.001511650297127,-0.0011438079121575,0.0095239850987063,0.0027039099797912,0.0108966570752803,,liquidity__2020-01-04,liquidity_state,,,,,,,
2020-01-05,0.003027291095794,0.0007901026651069,0.0011111133771244,0.0098029480977182,0.0073857010905804,0.0029127092132137,0.0001145818825802,,liquidity__2020-01-05,liquidity_state,,,,,,,
2020-01-06,0.005916623665783,-0.0011248703312247,0.0535335862221551,0.0631857648201164,0.0838461374191581,0.0052920992975218,0.0006245243682612,,liquidity__2020-01-06,liquidity_state,,,,,,,
2020-01-07,0.0216374584787467,0.0016984012686798,0.0495455130758327,-0.0089657967169527,-0.0073540734558363,-0.003222822994078,0.0248602814728247,,liquidity__2020-01-07,liquidity_state,,,,,,,
2020-01-08,-0.0204624950262833,-0.0039178302305487,-0.0125560365279682,-0.0155302970766424,-0.0211685987988623,0.0013144482287808,-0.0217769432550642,,liquidity__2020-01-08,liquidity_state,,,,,,,
2020-01-09,0.0363839154570549,-0.0054947032537811,-0.0294523001146114,-0.0213332291522379,-0.0088139709246526,0.0036145316115556,0.0327693838454992,,liquidity__2020-01-09,liquidity_state,,,,,,,
2020-01-10,-0.070136259821524,-0.0002921622231006,0.047071011623375,0.0501079047407185,0.0706335616370524,0.0045246247947901,-0.0746608846163142,,liquidity__2020-01-10,liquidity_state,,,,,,,
2020-01-11,-0.0026004889692146,-0.0026697651060843,-0.0218232731628358,-0.0174028680026224,-0.0137699981172652,0.0026612116256307,-0.0052617005948453,,liquidity__2020-01-11,liquidity_state,,,,,,,
2020-01-12,0.0380609381579475,-0.0047723040248577,0.0198605998700074,0.0286422113567939,0.0269215261962792,0.0031809802595257,0.0348799578984217,,liquidity__2020-01-12,liquidity_state,,,,,,,
2020-01-13,-0.0287622037955373,0.0020852487058284,-0.0089792077934003,-0.0204353176874772,-0.0098347298578644,0.0016701753659443,-0.0304323791614817,,liquidity__2020-01-13,liquidity_state,,,,,,,
2020-01-14,0.0317673668803131,-0.0027601812754198,0.0807583814518225,0.140438861190881,0.192494694057068,0.0130929358182507,0.0186744310620624,,liquidity__2020-01-14,liquidity_state,,,,,,,
2020-01-15,0.0574871105249279,-0.0028216907253764,0.0022885453417664,0.0061177214085175,-0.0122760948798444,0.0012451928011618,0.0562419177237661,,liquidity__2020-01-15,liquidity_state,,,,,,,
2020-01-16,0.0889970104520827,0.0035094858724349,-0.0106515624039414,-0.0127613748942865,-0.0105756769372469,0.0020012475502031,0.0869957629018796,,liquidity__2020-01-16,liquidity_state,,,,,,,
2020-01-17,-0.0293386397607058,-0.0004939329158482,0.0208857393879764,0.0335985456802002,0.0313387940409093,0.0035602911452665,-0.0328989309059724,,liquidity__2020-01-17,liquidity_state,,,,,,,
2020-01-18,0.0551788737831274,-0.0015084410356536,0.0016262561521323,0.026007476899359,0.0008621337173302,0.0028719064792912,0.0523069673038361,,liquidity__2020-01-18,liquidity_state,,,,,,,
2020-01-19,-0.0172917650383972,-0.0005165830863447,-0.024219607885545,-0.0434719715294545,-0.027792131097133,0.0010669081763739,-0.0183586732147712,,liquidity__2020-01-19,liquidity_state,,,,,,,
2020-01-20,-0.0086763697536582,0.0010130261914973,-0.0079709278017556,-0.0005385201932117,0.0082420149241926,0.003505987447082,-0.0121823572007403,,liquidity__2020-01-20,liquidity_state,,,,,,,
2020-01-21,-0.0376934826045492,-0.0011247269948846,0.0119961794037522,0.0163797850504404,0.0173520432046672,0.0028360949196689,-0.0405295775242182,,liquidity__2020-01-21,liquidity_state,,,,,,,
2020-01-22,0.047756714623528,-0.0002645596972747,-0.0084443088868422,-0.0100717583036403,-0.0039248299487368,0.0023673720965577,0.0453893425269703,,liquidity__2020-01-22,liquidity_state,,,,,,,
2020-01-23,-0.0041227630031563,0.0014869886291251,-0.0330020660224992,-0.0322139882852355,-0.0583185556620478,-2.87719563246325e-05,-0.0040939910468317,,liquidity__2020-01-23,liquidity_state,,,,,,,
2020-01-24,-0.0180819012441127,-0.0023311733650714,0.0061201687671452,0.0001340019518467,0.0047582344239067,0.0019646011049927,-0.0200465023491055,,liquidity__2020-01-24,liquidity_state,,,,,,,
2020-01-25,-0.0121613305937771,0.002113424082907,-0.0119253810145246,-0.0135899022804979,-0.0139695509816811,0.0018444315781129,-0.0140057621718901,,liquidity__2020-01-25,liquidity_state,,,,,,,
2020-01-26,-0.0051908014755852,-0.0010867527580202,0.0322179522392485,0.0465869217167176,0.0459428950134892,0.0039765092569427,-0.009167310732528,,liquidity__2020-01-26,liquidity_state,,,,,,,
2020-01-27,0.0103039058972776,0.0004483002823896,0.0329813638769139,0.0109428364114805,0.0321790238946775,0.0018206745880897,0.0084832313091878,,liquidity__2020-01-27,liquidity_state,,,,,,,
2020-01-28,0.0364652633340725,-0.0018156678581533,0.053771911620867,0.0352048892632641,0.0309368635047278,0.0005331114605376,0.0359321518735349,,liquidity__2020-01-28,liquidity_state,,,,,,,
2020-01-29,0.0419789814329867,0.0052835498951111,-0.0109610046884558,-0.0137505538334874,-0.0028015655952664,0.0025725582124596,0.0394064232205271,,liquidity__2020-01-29,liquidity_state,,,,,,,
2020-01-30,0.0194158787276208,-0.0028915535652487,0.0235556379608095,0.0623952105513759,0.0375732355932321,0.0046378755648291,0.0147780031627917,,liquidity__2020-01-30,liquidity_state,,,,,,,
2020-01-31,0.0019784338745054,0.0004649707049892,-0.0170884141917877,-0.0258969342986273,-0.0293826109138493,0.0008177542831651,0.0011606795913403,,liquidity__2020-01-31,liquidity_state,,,,,,,
2020-02-01,0.0147803606040462,-0.0007689067365141,0.0044760797692173,0.0210800920272929,0.0198275747660368,0.0038561931712948,0.0109241674327514,,liquidity__2020-02-01,liquidity_state,,,,,,,
2020-02-02,0.0138972922394309,0.0003184471452293,-0.004212121026299,0.0274172644936987,0.0139045546471053,0.0044153272647646,0.0094819649746662,,liquidity__2020-02-02,liquidity_state,,,,,,,
2020-02-03,0.0274105011053116,0.0008534761533631,-0.0068271031909255,0.0038809247228099,0.0044572144491397,0.0032542610214726,0.024156240083839,,liquidity__2020-02-03,liquidity_state,,,,,,,
2020-02-04,-0.0140989021087634,0.0011351718071139,-0.012202935292791,-0.0060907917715757,0.0058506888364995,0.0035549413399761,-0.0176538434487396,,liquidity__2020-02-04,liquidity_state,,,,,,,
2020-02-05,-0.0090711407733969,-0.0026751662377471,0.0473398909533866,0.0791180573066139,0.0630425811185944,0.0048130698841083,-0.0138842106575053,,liquidity__2020-02-05,liquidity_state,,,,,,,
2020-02-06,0.040821966845769,-0.0012626570587706,0.01496459767157,0.0435565890889116,0.0150686765870134,0.003210176589644,0.0376117902561249,,liquidity__2020-02-06,liquidity_state,,,,,,,
2020-02-07,0.0421627977311267,0.0012366383615329,0.0043558489402961,0.0463319191866418,0.007074622086229,0.003687608770078,0.0384751889610487,,liquidity__2020-02-07,liquidity_state,,,,,,,
2020-02-08,0.0330513193372397,-0.0019693578290649,0.0097183745404745,0.0008286445667273,0.0269142011992791,0.0032835246935805,0.0297677946436591,,liquidity__2020-02-08,liquidity_state,,,,,,,
2020-02-09,0.0069441201944258,0.0008525933278171,0.0262763657285259,0.0243918731263264,0.0231192148833621,0.0021790055031917,0.004765114691234,,liquidity__2020-02-09,liquidity_state,,,,,,,
2020-02-10,0.0012423507496279,0.0052595476487624,-0.0311318537452703,-0.0259241763301254,0.0003538813172134,0.004307063524894,-0.003064712775266,,liquidity__2020-02-10,liquidity_state,,,,,,,
2020-02-11,-0.0533630388286745,-0.0035946555849122,0.0413469632317796,0.0647070254171762,0.0463566935272013,0.0037062792140476,-0.0570693180427222,,liquidity__2020-02-11,liquidity_state,,,,,,,
2020-02-12,0.044115620563101,-0.0003656363547506,0.0066364864514021,0.111934187912251,0.0195921878600984,0.0063705056079048,0.0377451149551962,,liquidity__2020-02-12,liquidity_state,,,,,,,
2020-02-13,0.0851707958871977,-0.000975268972823,-0.0107477440640924,0.0081866848935332,0.0065571161608311,0.0039014611197116,0.0812693347674861,,liquidity__2020-02-13,liquidity_state,,,,,,,
2020-02-14,0.025222494626572,0.0016386406767559,0.0121583470589055,0.0622048191646449,0.032037344257283,0.0052801601455412,0.0199423344810308,,liquidity__2020-02-14,liquidity_state,,,,,,,
2020-02-15,0.0313483160826458,-0.0002030138260984,-0.0440841269568857,-0.0746703619358158,-0.0887368387629053,-0.002518549113734,0.0338668651963798,,liquidity__2020-02-15,liquidity_state,,,,,,,
2020-02-16,0.0173351345487873,-8.23105746334818e-05,0.0025770670742186,-0.0222677688510302,-0.0413891928667454,-0.0017785446887038,0.0191136792374912,,liquidity__2020-02-16,liquidity_state,,,,,,,
2020-02-17,-0.0454877994932019,0.0017475331789853,-0.0217177708061111,0.0350843422767255,-0.0054748046881059,0.0048403479204227,-0.0503281474136246,,liquidity__2020-02-17,liquidity_state,,,,,,,
2020-02-18,-0.0539545363970255,0.0017147617057027,0.0474787691495369,0.0545323446228352,0.0397072579784172,0.0023428474030458,-0.0562973838000713,,liquidity__2020-02-18,liquidity_state,,,,,,,
2020-02-19,0.0508858591074492,-0.0027484114890548,-0.0598064813885024,-0.0915572777576452,-0.0756824103644647,-0.0006089326863187,0.051494791793768,,liquidity__2020-02-19,liquidity_state,,,,,,,
2020-02-20,-0.0281699343362369,-5.61748655840688e-05,0.001387886326599,-0.0044052866898356,-0.0035343541020935,0.0016558494116692,-0.0298257837479062,,liquidity__2020-02-20,liquidity_state,,,,,,,
2020-02-21,-0.0982850965925088,-0.0003817143639359,0.0085284903687412,0.03161733269358,0.0114779691980793,0.0031829245156694,-0.101468021108178,,liquidity__2020-02-21,liquidity_state,,,,,,,
2020-02-22,0.0313473186322,0.0011644820639737,-0.0030297061074051,-0.0140018311703267,-0.0039340795798033,0.0017470291888797,0.0296002894433202,,liquidity__2020-02-22,liquidity_state,,,,,,,
2020-02-23,0.003593024832714,-0.0001153861822018,0.0317640873249605,0.0506369068015324,0.0424214881365366,0.003881043740186,-0.0002880189074719,,liquidity__2020-02-23,liquidity_state,,,,,,,
2020-02-24,0.0294374335558878,0.0018499319732896,-0.0318831758260298,-0.036248181571831,-0.0514144086875099,0.0002546388258594,0.0291827947300284,,liquidity__2020-02-24,liquidity_state,,,,,,,
2020-02-25,0.0057072983538617,-0.0041129382913851,-0.0372277860368548,-0.0750369338328145,-0.0630244088995084,-0.0012714433359928,0.0069787416898545,,liquidity__2020-02-25,liquidity_state,,,,,,,
2020-02-26,-0.0328576564511174,-0.0004766456266551,-0.057891605499762,-0.0960338900990898,-0.0918572818541037,-0.0021118099412141,-0.0307458465099032,,liquidity__2020-02-26,liquidity_state,,,,,,,
2020-02-27,-0.0927807577011279,-0.0009773413163287,0.0052612546717671,0.0177800710807317,0.0211785915357012,0.0037837209767402,-0.0965644786778682,,liquidity__2020-02-27,liquidity_state,,,,,,,
2020-02-28,-0.0099096024988973,0.004521875658046,-0.0140642880841497,-0.0017287087641628,-0.0183553537284453,0.0020762512727497,-0.0119858537716472,,liquidity__2020-02-28,liquidity_state,,,,,,,
2020-02-29,-0.0295642025726899,-0.0014219909021484,-0.0188525093397303,-0.0436719567947064,-0.020647254698563,0.0010898628493882,-0.0306540654220781,,liquidity__2020-02-29,liquidity_state,,,,,,,
2020-03-01,0.0266273895142923,-0.0008460596845871,-0.0026274630249396,-0.0012933088846773,-0.0014581236307975,0.0022741846250646,0.0243532048892277,,liquidity__2020-03-01,liquidity_state,,,,,,,
2020-03-02,-0.0084351645699172,0.0010960286344179,0.0466076691658177,0.0659083721709166,0.0610708142585104,0.0043385305717617,-0.0127736951416789,,liquidity__2020-03-02,liquidity_state,,,,,,,
2020-03-03,-0.0095288433908393,0.0003081037801848,-0.0189608082722845,-0.0370768740447875,-0.0142980095363932,0.0017656720922144,-0.0112945154830538,,liquidity__2020-03-03,liquidity_state,,,,,,,
2020-03-04,0.0286425074671008,0.0025857691155906,0.0014662385702664,0.0044529184708999,-0.0007810718137584,0.0021176536071762,0.0265248538599246,,liquidity__2020-03-04,liquidity_state,,,,,,,
2020-03-05,-0.0209651726107154,-0.0001106475777561,0.0335148854436405,0.0172492663845594,0.0269569011938913,0.0015763832113743,-0.0225415558220897,,liquidity__2020-03-05,liquidity_state,,,,,,,
2020-03-06,0.0210517681865845,-0.0030685872555054,0.0091216545051384,0.0704985276559915,0.0233783467820068,0.0051732403289895,0.0158785278575949,,liquidity__2020-03-06,liquidity_state,,,,,,,
2020-03-07,0.0159356785379963,0.0028709258213872,-0.0295757262137251,-0.0339370315649088,-0.0429827618488154,0.0007312205919664,0.0152044579460298,,liquidity__2020-03-07,liquidity_state,,,,,,,
2020-03-08,0.0175043355115498,-0.0003287808443417,-0.0977504196473049,-0.17026053548096,-0.141158891966789,-0.004281901110279,0.0217862366218289,,liquidity__2020-03-08,liquidity_state,,,,,,,
2020-03-09,-0.0592471831903225,-0.0056554155368004,-0.0145344423094063,0.0149634414983941,0.0061734861066717,0.0044276942893283,-0.0636748774796509,,liquidity__2020-03-09,liquidity_state,,,,,,,
2020-03-10,-0.0885706508882258,0.0067770245525729,-0.0060815213634253,-0.0121061872786168,0.0165102866529807,0.0035919602822331,-0.092162611170459,,liquidity__2020-03-10,liquidity_state,,,,,,,
2020-03-11,0.0019188084045644,0.000192596140689,0.0049004392197744,-0.0309072598926114,-0.0196286908218077,-0.0006513168393973,0.0025701252439618,,liquidity__2020-03-11,liquidity_state,,,,,,,
2020-03-12,0.0085743380857472,0.0051243400459739,-0.493182120179634,-0.579572481549998,-0.414051359530585,-5.68471229220376e-05,0.0086311852086692,,liquidity__2020-03-12,liquidity_state,,,,,,,
2020-03-13,-0.359146838091569,0.0046651863785278,0.148703373959316,0.214747637013473,0.118926696037821,0.003617537208273,-0.362764375299842,,liquidity__2020-03-13,liquidity_state,,,,,,,
2020-03-14,-0.0493747440521055,0.0165949799369507,-0.0816224160986554,-0.0957338439128934,-0.0431591150045385,0.0036806851389131,-0.0530554291910186,,liquidity__2020-03-14,liquidity_state,,,,,,,
2020-03-15,2.68851407589921e-05,-0.0116445611211873,0.0370730824355849,0.0110106101528524,-0.0088503466685061,-0.0015771696077544,0.0016040547485134,,liquidity__2020-03-15,liquidity_state,,,,,,,
2020-03-16,-0.0416340376879063,0.0121883639753619,-0.0642842909891996,-0.108568675807569,-0.070716713665341,-0.0003400749779372,-0.041293962709969,,liquidity__2020-03-16,liquidity_state,,,,,,,
2020-03-17,-0.164679995404615,0.0033345968420519,0.0571130863096787,0.0429782586795673,0.0591092715041128,0.0025316578995594,-0.167211653304175,,liquidity__2020-03-17,liquidity_state,,,,,,,
2020-03-18,0.0967021943389916,0.0029318762796819,0.0138531067375602,0.0195713800178154,0.0162877968096247,0.0026817124719771,0.0940204818670145,,liquidity__2020-03-18,liquidity_state,,,,,,,
2020-03-19,-0.0130546471378423,-0.0124258563963551,0.13280738023222,0.142523307966852,0.115229950137163,0.0026460331102552,-0.0157006802480976,,liquidity__2020-03-19,liquidity_state,,,,,,,
2020-03-20,0.0709578371626662,0.0154063427768776,0.0035298616426704,-0.0244353707008829,-0.0218917197635022,-0.0004964053272038,0.0714542424898701,,liquidity__2020-03-20,liquidity_state,,,,,,,
2020-03-21,0.113892936087836,0.0073692559658269,-0.0007424237127739,-0.0041228659214693,0.0100410339340016,0.002861177105425,0.111031758982411,,liquidity__2020-03-21,liquidity_state,,,,,,,
2020-03-22,-0.0774403794197553,-0.0084611757544585,-0.0628041282235206,-0.0818087014073541,-0.0655368550171538,0.0007088169489252,-0.0781491963686806,,liquidity__2020-03-22,liquidity_state,,,,,,,
2020-03-23,-0.0157371715356405,0.0046842900375203,0.108799715940568,0.108855452124859,0.0755340477297253,0.0009345669693839,-0.0166717385050245,,liquidity__2020-03-23,liquidity_state,,,,,,,
2020-03-24,-0.021863402762726,0.0035083261908894,0.0416743610782575,0.0172925467157947,0.0263780958151649,0.0007793456758402,-0.0226427484385663,,liquidity__2020-03-24,liquidity_state,,,,,,,
2020-03-25,0.0834101885729694,0.0035316993385805,-0.0118685892979489,-0.0189502079885369,-0.0149084811571463,0.0016088700502089,0.0818013185227606,,liquidity__2020-03-25,liquidity_state,,,,,,,
2020-03-26,0.000759756489753,0.0044774446102238,0.0104267919993237,0.0187719861426094,0.0362999692215809,0.0044484752296476,-0.0036887187398946,,liquidity__2020-03-26,liquidity_state,,,,,,,
2020-03-27,0.012440271482653,-0.0025918554024997,-0.0592902599878133,-0.054970377763162,-0.040927412957533,0.0030022664619217,0.0094380050207313,,liquidity__2020-03-27,liquidity_state,,,,,,,
2020-03-28,0.0058174414516898,-0.0042109399922232,-0.0185943192070717,-0.0012398935421504,0.0011820816624386,0.0039490181892537,0.001868423262436,,liquidity__2020-03-28,liquidity_state,,,,,,,
2020-03-29,-0.0256454768109862,0.0020633119581923,-0.0611695097300107,-0.0534510650781757,-0.049986620468097,0.0025549909096326,-0.0282004677206188,,liquidity__2020-03-29,liquidity_state,,,,,,,
2020-03-30,-0.003737773695029,0.0012881350488136,0.0859145387136717,0.0616231748766687,0.0607669729057889,0.0005467515754094,-0.0042845252704384,,liquidity__2020-03-30,liquidity_state,,,,,,,
2020-03-31,0.0245835128013105,-0.0011675190801483,0.0027793288003312,0.0054312116057317,0.04129050089659,0.0051230974453422,0.0194604153559683,,liquidity__2020-03-31,liquidity_state,,,,,,,
2020-04-01,0.0184832452698664,-0.0025401557027215,0.0366081941512455,0.0227285759056448,0.0130462006466381,0.000430414867773,0.0180528304020934,,liquidity__2020-04-01,liquidity_state,,,,,,,
2020-04-02,0.0095095357593173,0.0041476351775955,0.0195144585774312,0.0372829378212929,0.0186248997673282,0.0028619788015609,0.0066475569577563,,liquidity__2020-04-02,liquidity_state,,,,,,,
2020-04-03,0.0276905373465013,0.312887439695526,-0.0072792150346057,0.0021990229760726,0.0110162572066947,0.0037284942002101,0.0239620431462911,,liquidity__2020-04-03,liquidity_state,,,,,,,
2020-04-04,0.049091169460219,0.0056041290611617,0.0166000491663674,0.017595377294672,0.0113020853556556,0.0020007922642193,0.0470903771959997,,liquidity__2020-04-04,liquidity_state,,,,,,,
2020-04-05,-0.0176652078730797,-0.0006662429705279,-0.0117636335698084,-0.0092204733680176,-0.0133581065471056,0.0020058471009305,-0.0196710549740102,,liquidity__2020-04-05,liquidity_state,,,,,,,
2020-04-06,0.0054146913330015,0.0019837884386184,0.0794795325262445,0.183400473001242,0.0980758126321177,0.0075512469725723,-0.0021365556395707,,liquidity__2020-04-06,liquidity_state,,,,,,,
2020-04-07,0.0387723048565078,-0.0028339009974907,-0.0193296881551639,-0.0408404969349512,-0.0209828359739603,0.001194484877534,0.0375778199789738,,liquidity__2020-04-07,liquidity_state,,,,,,,
2020-04-08,0.07859875091237,-0.0003836612156398,0.0223556324513599,0.0516934931811175,0.0494752694400908,0.0053035701448431,0.0732951807675269,,liquidity__2020-04-08,liquidity_state,,,,,,,
2020-04-09,-0.0198829045815359,0.0026431788572054,-0.0099997492403129,-0.0217633455051196,-0.0075360452055655,0.001894014266518,-0.0217769188480539,,liquidity__2020-04-09,liquidity_state,,,,,,,
2020-04-10,0.0043999783176857,0.0014886482663421,-0.0594081026293232,-0.0711583234488122,-0.0693437518978754,0.0004342143733433,0.0039657639443424,,liquidity__2020-04-10,liquidity_state,,,,,,,
2020-04-11,-0.0770382420451163,0.0008372717636824,0.0019130638856363,0.0018206294644649,0.0037672505618573,0.0023320071796613,-0.0793702492247777,,liquidity__2020-04-11,liquidity_state,,,,,,,
2020-04-12,0.0082425070570231,-6.38679166051759e-05,0.0043517936138748,0.0028608234486098,0.0029273329520833,0.0020755688123781,0.006166938244645,,liquidity__2020-04-12,liquidity_state,,,,,,,
2020-04-13,-0.0062286707226419,0.0016250021546646,-0.0104169034820902,-0.0154002193909051,-0.0096557730000093,0.0019679014173864,-0.0081965721400283,,liquidity__2020-04-13,liquidity_state,,,,,,,
2020-04-14,-0.0089724711895407,-0.0011361434410517,0.0050949079788242,0.0145124133400314,0.0012086369981574,0.0022305300875964,-0.0112030012771371,,liquidity__2020-04-14,liquidity_state,,,,,,,
2020-04-15,0.0122214790166808,0.0032202720945591,-0.0371164710215428,-0.0373624665759005,-0.0159496734740259,0.0033170358977486,0.0089044431189321,,liquidity__2020-04-15,liquidity_state,,,,,,,
2020-04-16,0.136810402996339,-0.0024447309145827,0.0707340160324215,0.121529797518509,0.0639165924942908,0.0039858877908236,0.132824515205515,,liquidity__2020-04-16,liquidity_state,,,,,,,
2020-04-17,-0.0843260348389094,0.0291520059867132,-0.0096034398074618,-0.008978170496964,-0.0074972462344966,0.002244580986244,-0.0865706158251535,,liquidity__2020-04-17,liquidity_state,,,,,,,
2020-04-18,0.0124690011611435,-0.0022552120123258,0.0291294218868217,0.0916859188831927,0.0387253875924181,0.0050871606681096,0.0073818404930338,,liquidity__2020-04-18,liquidity_state,,,,,,,
2020-04-19,0.0261597087909955,-0.0001556007953915,-0.0167913122109624,-0.0389479703883975,-0.0247357044385517,0.0007399699390784,0.025419738851917,,liquidity__2020-04-19,liquidity_state,,,,,,,
2020-04-20,0.0471202097212107,0.0029685338692147,-0.0429898278448793,-0.0573982876368291,-0.0397732802414268,0.0015045123288881,0.0456156973923225,,liquidity__2020-04-20,liquidity_state,,,,,,,
2020-04-21,-0.0234915905188089,0.000927845781188,0.0018525666270772,0.0031261373034992,0.0065547254993667,0.0025820997262178,-0.0260736902450268,,liquidity__2020-04-21,liquidity_state,,,,,,,
2020-04-22,-0.0283818474123088,-0.0025574876131528,0.0421370246882073,0.0694626033583479,0.0347691942545296,0.0029229273871193,-0.0313047747994281,,liquidity__2020-04-22,liquidity_state,,,,,,,
2020-04-23,0.0365165860381502,0.0951064249970202,0.047913874589451,0.0142603023038097,0.0214537981856289,-0.0002522895816417,0.036768875619792,,liquidity__2020-04-23,liquidity_state,,,,,,,
2020-04-24,0.0174004332766273,-0.0040302774797353,0.0023557247191607,0.0105262111204381,0.0139224652722234,0.0033004700742314,0.0140999632023958,,liquidity__2020-04-24,liquidity_state,,,,,,,
2020-04-25,0.0180850564531951,0.0022835467781519,0.0051161649569273,0.0350072325114263,0.0083682990834042,0.0033719370577385,0.0147131193954566,,liquidity__2020-04-25,liquidity_state,,,,,,,
2020-04-26,0.0160313738469,0.0037081440732151,0.0207018503888996,0.0170282663649202,0.0130712138031654,0.0017340934020567,0.0142972804448432,,liquidity__2020-04-26,liquidity_state,,,,,,,
2020-04-27,0.0069787334430415,0.0024416013965513,0.0108804455374933,-0.0053409634726842,0.0039058258552557,0.0012963303450942,0.0056824030979472,,liquidity__2020-04-27,liquidity_state,,,,,,,
2020-04-28,0.0107434713594046,0.0008925594381778,-0.0048284710345161,-0.0006195804655124,0.0221106511629294,0.0042336190762992,0.0065098522831053,,liquidity__2020-04-28,liquidity_state,,,,,,,
2020-04-29,0.0147713337570821,-0.0037614940608286,0.125424283753251,0.092516992241249,0.0545019134093998,-0.0026449918685238,0.0174163256256059,,liquidity__2020-04-29,liquidity_state,,,,,,,
2020-04-30,0.0616663260643762,0.061825653610672,-0.0183077385883177,-0.0441844714628568,-0.0409378218088143,-0.0004699573613275,0.0621362834257037,,liquidity__2020-04-30,liquidity_state,,,,,,,
2020-05-01,-0.0151389637394423,-0.0007646677408175,0.0236623456005383,0.0283100935943388,0.0182314199393154,0.0021790451809451,-0.0173180089203875,,liquidity__2020-05-01,liquidity_state,,,,,,,
2020-05-02,0.0182325656011457,0.0072993644626251,0.0170265555270923,0.0093092286715945,0.0192833712726852,0.0022997936953712,0.0159327719057745,,liquidity__2020-05-02,liquidity_state,,,,,,,
2020-05-03,0.0065243486541426,0.0022470915245413,-0.0090505030798446,-0.0192214163722975,-0.02173379614403,0.0008371728010051,0.0056871758531374,,liquidity__2020-05-03,liquidity_state,,,,,,,
2020-05-04,0.0191551892911477,0.0028916702045691,-0.0017574162549145,-0.0154102359517552,-0.0053709215205728,0.0014810522,0.0176741370911477,,liquidity__2020-05-04,liquidity_state,,,,,,,
2020-05-05,-0.0478689854822143,-0.0026137980931686,0.0158343089712858,-0.006576051149767,0.004737650230389,0.0008616182226597,-0.0487306037048741,,liquidity__2020-05-05,liquidity_state,,,,,,,
2020-05-06,0.0028028687993391,0.0090735916824371,0.0138655156797949,-0.0311508470839135,-0.0217222749895427,-0.0016431238145886,0.0044459926139277,,liquidity__2020-05-06,liquidity_state,,,,,,,
2020-05-07,0.0550428525241493,0.0076039439824313,0.0884339759031807,0.0639640958667416,0.03932840375046,-0.0011946902652554,0.0562375427894047,,liquidity__2020-05-07,liquidity_state,,,,,,,
2020-05-08,-0.0221431171300459,0.017384375488934,-0.0193208582895963,-0.0037982882307945,0.0067393552979737,0.004348556492646,-0.0264916736226919,,liquidity__2020-05-08,liquidity_state,,,,,,,
2020-05-09,0.0216331773114753,0.0078635564286422,-0.0281834946514241,-0.0067619729385999,-0.0040238957031633,0.0042878182989952,0.0173453590124801,,liquidity__2020-05-09,liquidity_state,,,,,,,
2020-05-10,0.0062195825869579,0.0167609673820834,-0.0890338974075622,-0.113205555551184,-0.0821631192863848,0.0009700145017694,0.0052495680851885,,liquidity__2020-05-10,liquidity_state,,,,,,,
2020-05-11,-0.0630893254006537,0.0165605277476644,-0.0182436495169291,-0.0094465208335465,-7.93923198294522e-05,0.0035769084816581,-0.0666662338823119,,liquidity__2020-05-11,liquidity_state,,,,,,,
2020-05-12,-0.0313144770488911,0.0013565418889101,0.0289243896813129,0.0218465624252051,0.023417327404136,0.0018791669294741,-0.0331936439783653,,liquidity__2020-05-12,liquidity_state,,,,,,,
2020-05-13,-0.0085020062256369,0.0153199815127998,0.0558468822039266,0.0514689852992785,0.024445337866954,0.0003519892125601,-0.008853995438197,,liquidity__2020-05-13,liquidity_state,,,,,,,
2020-05-14,0.0166687027440879,0.0019767221865905,0.0491118914865627,0.0166060506741674,0.05169588753445,0.0019339465767616,0.0147347561673263,,liquidity__2020-05-14,liquidity_state,,,,,,,
2020-05-15,0.0246572005689494,0.0126002468723811,-0.050731319852213,-0.0434937571806158,-0.0257446900864338,0.0036724907128612,0.0209847098560881,,liquidity__2020-05-15,liquidity_state,,,,,,,
2020-05-16,-0.0160166604515197,0.0054088500031461,0.0070020649606732,0.0286738184959239,0.0120922215105601,0.0032810231527049,-0.0192976836042247,,liquidity__2020-05-16,liquidity_state,,,,,,,
2020-05-17,0.0070734901747222,0.0020531958747191,0.0318556198697557,0.0326304875896044,0.0084755343297118,0.0008317883652079,0.0062417018095142,,liquidity__2020-05-17,liquidity_state,,,,,,,
2020-05-18,0.0214894206287539,0.0089328509593968,0.0054759095903609,0.0373950370912555,0.0186911482947103,0.0041704636041111,0.0173189570246428,,liquidity__2020-05-18,liquidity_state,,,,,,,
2020-05-19,0.0223846477665717,-0.0026437580185003,0.0047788135666522,-0.001009141004431,-0.0026840934112257,0.0015065010518092,0.0208781467147625,,liquidity__2020-05-19,liquidity_state,,,,,,,
2020-05-20,0.0760545622184416,-0.0029215181915951,-0.0281649482409438,-0.0225040890561718,-0.0138689408423076,0.0030879063537834,0.0729666558646582,,liquidity__2020-05-20,liquidity_state,,,,,,,
2020-05-21,0.0157174140739613,0.002978652107501,-0.0483874393267083,-0.0556841304363411,-0.0344519439772846,0.0024477732820052,0.0132696407919561,,liquidity__2020-05-21,liquidity_state,,,,,,,
2020-05-22,0.0763642221211214,-0.0020527571170099,0.0122706160721666,0.0435699761771398,0.0309209200772287,0.0046272622108243,0.071736959910297,,liquidity__2020-05-22,liquidity_state,,,,,,,
2020-05-23,0.0090309112811759,-0.0021797545016539,0.0008292128669644,-0.0034787353688425,-0.0041358155750224,0.0016911676875103,0.0073397435936655,,liquidity__2020-05-23,liquidity_state,,,,,,,
2020-05-24,0.0248934142927411,0.0006342988682455,-0.0517281022121594,-0.0339715139409584,-0.0308598402081692,0.0036745016051918,0.0212189126875492,,liquidity__2020-05-24,liquidity_state,,,,,,,
2020-05-25,0.0658914860997548,0.0069983667868029,0.020787943240494,0.0217277363979678,0.0236853041294722,0.0026489143717786,0.0632425717279761,,liquidity__2020-05-25,liquidity_state,,,,,,,
2020-05-26,-0.0184649863640516,0.0040573461620425,-0.00706845404701,-0.0163120140803628,-0.0063638952025293,0.0018727305492025,-0.0203377169132541,,liquidity__2020-05-26,liquidity_state,,,,,,,
2020-05-27,0.0016440772281392,-0.0009012233662168,0.0409819710698276,0.0366701503924016,0.0168077272389695,0.0007214593403008,0.0009226178878383,,liquidity__2020-05-27,liquidity_state,,,,,,,
2020-05-28,0.0088152346568968,0.0027380857195105,0.04001431554315,0.0561020086987583,0.0231103852637382,0.0018593985293208,0.006955836127576,,liquidity__2020-05-28,liquidity_state,,,,,,,
2020-05-29,-0.0120462006156323,0.001663820063726,-0.0164187772269528,0.0011406370846822,-0.0020365524875494,0.0035821161549636,-0.015628316770596,,liquidity__2020-05-29,liquidity_state,,,,,,,
2020-05-30,0.0289206917201241,-0.0002630266373699,0.0286949565831005,0.0995579326417584,0.043790309334554,0.0057370108161131,0.023183680904011,,liquidity__2020-05-30,liquidity_state,,,,,,,
2020-05-31,0.0597548012025406,0.0063013089556527,-0.0265174149863583,-0.0513823649943328,-0.029310468011321,0.0009300924182696,0.058824708784271,,liquidity__2020-05-31,liquidity_state,,,,,,,
2020-06-01,0.0133849613985539,-0.0029707868893211,0.0781128558023561,0.0707535178931851,0.158146126452966,0.0087136941985104,0.0046712672000435,,liquidity__2020-06-01,liquidity_state,,,,,,,
2020-06-02,-0.0076138040737703,0.0031373317040248,-0.0701103477656559,-0.0441181558553438,-0.021499296352971,0.0057611630420888,-0.0133749671158592,,liquidity__2020-06-02,liquidity_state,,,,,,,
2020-06-03,0.0297510154972969,0.0079439362511912,0.0154524053054708,0.0284820163264952,0.0169359252951651,0.0028492262936075,0.0269017892036893,,liquidity__2020-06-03,liquidity_state,,,,,,,
2020-06-04,-0.0077069372140634,0.0022562776456496,0.0122046355576337,-0.0057729348041899,0.0068737883254748,0.0013792221386486,-0.0090861593527121,,liquidity__2020-06-04,liquidity_state,,,,,,,
2020-06-05,0.011153141141218,0.0039967879107223,-0.0175974129460048,-0.013090554009187,-0.0073094666740907,0.002875152404482,0.0082779887367359,,liquidity__2020-06-05,liquidity_state,,,,,,,
2020-06-06,0.0109684624676696,6.29982754318803e-06,0.0053545419519984,0.00800975119681,0.0059332565026295,0.0023588298367687,0.0086096326309008,,liquidity__2020-06-06,liquidity_state,,,,,,,
2020-06-07,0.0049932627826585,0.0022103211797066,0.0085177057607097,0.0113796868889384,0.0008092731793176,0.0017899169191248,0.0032033458635337,,liquidity__2020-06-07,liquidity_state,,,,,,,
2020-06-08,-0.0099154865741546,0.0023988623146031,0.0035139861085618,0.0074540598514936,0.0006376138276777,0.0021226845067594,-0.0120381710809141,,liquidity__2020-06-08,liquidity_state,,,,,,,
2020-06-09,0.0149081970139804,0.0032856362890889,-0.0007161514348936,-0.0105311825529624,-0.000305205720199,0.0019042898814138,0.0130039071325665,,liquidity__2020-06-09,liquidity_state,,,,,,,
2020-06-10,-0.004242004259602,0.0005989592845843,0.0112063354913179,0.0165502563627697,0.0088197269059762,0.0022861575980491,-0.0065281618576512,,liquidity__2020-06-10,liquidity_state,,,,,,,
2020-06-11,-0.0366425921049682,0.0056384282685328,-0.0646038994993017,-0.0745397771130216,-0.0724366919954988,0.0005860456947921,-0.0372286377997604,,liquidity__2020-06-11,liquidity_state,,,,,,,
2020-06-12,0.0533096599900276,0.0013302352474795,0.0206014651486619,0.031023928200705,0.0266444125570615,0.0031635705409304,0.0501460894490972,,liquidity__2020-06-12,liquidity_state,,,,,,,
2020-06-13,-0.0178878805197797,0.0057675307269313,0.0013723134456462,0.0027674516465108,0.0032620341319713,0.0023733612647036,-0.0202612417844834,,liquidity__2020-06-13,liquidity_state,,,,,,,
2020-06-14,-0.0093691808499052,0.0005848389834568,-0.0149535571117507,-0.0277652702143056,-0.0192826355773548,0.0013074912142159,-0.0106766720641212,,liquidity__2020-06-14,liquidity_state,,,,,,,
2020-06-15,-0.0280370136601107,0.0006631495217632,0.0099660336212821,-0.003118760573872,0.0120962860418814,0.0020508852472474,-0.0300878989073581,,liquidity__2020-06-15,liquidity_state,,,,,,,
2020-06-16,-0.003209805532272,0.0010272912161504,0.0105481998592598,0.0192871641284995,0.0087789633052786,0.0024264035802728,-0.0056362091125448,,liquidity__2020-06-16,liquidity_state,,,,,,,
2020-06-17,0.0970132228225076,0.0048142664852051,-0.007365889821381,-0.0074013130554462,0.0024114871289562,0.0028143135309495,0.0941989092915581,,liquidity__2020-06-17,liquidity_state,,,,,,,
2020-06-18,0.0661954593406371,0.0027338562027345,-0.0088033886653491,-0.0112186296059322,-0.011195089415164,0.0018308516154645,0.0643646077251725,,liquidity__2020-06-18,liquidity_state,,,,,,,
2020-06-19,0.0725240298720138,0.0047402744199125,-0.0060361857015269,-0.0080663737236745,-0.0085886624735529,0.0018612419033969,0.0706627879686169,,liquidity__2020-06-19,liquidity_state,,,,,,,
2020-06-20,0.0574623924875048,0.0083371470547497,0.0037049371619559,-0.0018131347245233,0.0045131775201596,0.0021117092546338,0.055350683232871,,liquidity__2020-06-20,liquidity_state,,,,,,,
2020-06-21,0.0759747941290456,0.0042206703897207,-0.0059328366390758,-0.0028502324480914,-0.0063431216141474,0.0021738398627964,0.0738009542662492,,liquidity__2020-06-21,liquidity_state,,,,,,,
2020-06-22,0.0450354933744883,0.0019406919807849,0.0419118559852212,0.0649838424646916,0.0347669402399973,0.0028089520403646,0.0422265413341237,,liquidity__2020-06-22,liquidity_state,,,,,,,
2020-06-23,0.0042501241171883,0.004239041572756,-0.0061339423624815,5.31203446278994e-05,0.0012468566747294,0.0028385971060585,0.0014115270111298,,liquidity__2020-06-23,liquidity_state,,,,,,,
2020-06-24,0.0379185805140985,-0.0038283507901475,-0.0370248738067662,-0.038225712895402,-0.0261826876232512,0.0025291602580095,0.035389420256089,,liquidity__2020-06-24,liquidity_state,,,,,,,
2020-06-25,0.0366623385409603,0.0013623597696224,-0.0050902775792494,-0.0093958315781019,-0.0060061279971606,0.0019238064897528,0.0347385320512075,,liquidity__2020-06-25,liquidity_state,,,,,,,
2020-06-26,0.0073242684515015,-0.0013674542314099,-0.0093298224007814,-0.011618587516236,-0.0064380798573182,0.0022178328923221,0.0051064355591794,,liquidity__2020-06-26,liquidity_state,,,,,,,
2020-06-27,0.014385694709997,0.0031782263685364,-0.0162246342078802,-0.0377749541257915,-0.0359135264764276,-0.0001002466038079,0.0144859413138049,,liquidity__2020-06-27,liquidity_state,,,,,,,
2020-06-28,0.0101260621236072,0.003755484502772,0.0116979109715647,0.0175176198237628,0.0181344341570693,0.0029555377690126,0.0071705243545945,,liquidity__2020-06-28,liquidity_state,,,,,,,
2020-06-29,-0.0107948052206481,0.0005312237649022,0.0079010696912487,0.012964147733685,0.0130396827476318,0.0027951703755999,-0.0135899755962481,-0.357506756994862,liquidity__2020-06-29,liquidity_state,,,,,,,
2020-06-30,0.007781872488902,-0.0019380100101003,-0.0045829336425651,-0.00922919455577,-0.0061565428541889,0.0018707523756557,0.0059111201132463,0.0409004364996322,liquidity__2020-06-30,liquidity_state,,,,,,,
2020-07-01,-0.0164362816626138,0.0021483460465141,0.0101673139659155,0.0237095139095462,0.0163378265220864,0.0031511930971223,-0.0195874747597362,-0.48000928197675,liquidity__2020-07-01,liquidity_state,,,,,,,
2020-07-02,0.036865796834963,0.0037155142243001,-0.0161930313551597,-0.0201718647896545,-0.011761832717788,0.0022043451390501,0.0346614516959129,0.63164488240153,liquidity__2020-07-02,liquidity_state,,,,,,,
2020-07-03,0.0298686738648897,0.0004866282852589,-0.0027491172037912,-0.0067380717792744,0.0076433623349032,0.0027918670723438,0.0270768067925459,0.474046197800733,liquidity__2020-07-03,liquidity_state,,,,,,,
2020-07-04,0.0279336077394667,0.0045281809550346,0.0082324707794683,0.0188588643096503,0.0159758945483475,0.0031579020447357,0.024775705694731,0.425252697792629,liquidity__2020-07-04,liquidity_state,,,,,,,
2020-07-05,0.0106130164516358,0.0057069244241567,-0.0066024469749663,-0.0066256270262403,-0.0055097425975283,0.0021837025935658,0.0084293138580699,0.0872992053773594,liquidity__2020-07-05,liquidity_state,,,,,,,
2020-07-06,0.0106496168021764,0.0014191806889343,0.0299811761844779,0.0602385210566796,0.0537872457055286,0.0051717080666033,0.005477908735573,0.0260891036656905,liquidity__2020-07-06,liquidity_state,,,,,,,
2020-07-07,0.0534257506539717,0.001556136978909,-0.0102257503539125,-0.0101624971124643,0.0058351093011097,0.0032482441094381,0.0501775065445336,0.949730020735186,liquidity__2020-07-07,liquidity_state,,,,,,,
2020-07-08,0.0008542683808023,0.002636223499973,0.0200252386790645,0.032304607186088,0.039763193000681,0.004221356379576,-0.0033670879987736,-0.162313298369112,liquidity__2020-07-08,liquidity_state,,,,,,,
2020-07-09,0.0610816240016732,0.0035806845106307,-0.0228365763318337,-0.0218763970290388,-0.0070510492763098,0.0031152586354944,0.0579663653661787,1.10874421676479,liquidity__2020-07-09,liquidity_state,,,,,,,
2020-07-10,-0.0012554658879651,0.0038321453150373,0.006135240094439,-0.0028950240502885,-0.0078013158287184,0.0009473958177091,-0.0022028617056742,-0.143458447376546,liquidity__2020-07-10,liquidity_state,,,,,,,
2020-07-11,0.0040573689222789,0.0021579757455967,-0.0059006767930007,-0.0085293749133823,0.0121468441184085,0.0033614841570493,0.0006958847652295,-0.0827403721689534,liquidity__2020-07-11,liquidity_state,,,,,,,
2020-07-12,0.0161310569673141,0.0039456330364195,0.0078590134767857,0.0155702924878476,0.0118513693923461,0.0027899321905413,0.0133411247767727,0.181389605121283,liquidity__2020-07-12,liquidity_state,,,,,,,
2020-07-13,0.0065319924515456,-0.0006540335386873,-0.0063554332498423,-0.0137294009968523,-0.0392979146146608,-0.0005405229239363,0.007072515375482,0.0497523711215027,liquidity__2020-07-13,liquidity_state,,,,,,,
2020-07-14,0.0089714570749919,0.0014604062602501,0.001282774087775,0.0038236369797637,0.0110694721130216,0.0029882571104965,0.0059831999644953,0.026771784027956,liquidity__2020-07-14,liquidity_state,,,,,,,
2020-07-15,-0.0198633217903641,-0.0006368651355899,-0.0078682716798841,-0.0092618530990487,0.0001623486020356,0.0026393026070784,-0.0225026243974426,-0.571989057467475,liquidity__2020-07-15,liquidity_state,,,,,,,
2020-07-16,0.0169295689815705,0.0034118207676847,-0.006305268556046,-0.0205569963862402,0.0125353615080108,0.0030659245900032,0.0138636443915673,0.195704125668024,liquidity__2020-07-16,liquidity_state,,,,,,,
2020-07-17,0.0004232305380895,0.0013991931101315,0.0029519783255551,-0.0025032136391205,0.0035159228661285,0.0020872728624791,-0.0016640423243896,-0.132772757463772,liquidity__2020-07-17,liquidity_state,,,,,,,
2020-07-18,0.0460563077795904,0.0016195707651078,0.002612188659322,0.0130592316915275,0.0099610911182033,0.0030612096426957,0.0429950981368946,0.811903397297301,liquidity__2020-07-18,liquidity_state,,,,,,,
2020-07-19,0.0040787326303473,0.003767605162654,0.0045612670582286,0.0145552786724634,0.0065219549573534,0.0026724532727712,0.001406279357576,-0.0715710003684841,liquidity__2020-07-19,liquidity_state,,,,,,,
2020-07-20,0.081295368335379,0.0062865064051038,-0.0068140415640538,-0.01418425381073,-0.0218180613632484,0.0007752835919716,0.0805200847434073,1.59923352864497,liquidity__2020-07-20,liquidity_state,,,,,,,
2020-07-21,0.0702796570204747,-0.002580986887569,0.0251346146012814,0.0402807790851716,0.0245042914316791,0.0028644704548622,0.0674151865656124,1.31224964516163,liquidity__2020-07-21,liquidity_state,,,,,,,
2020-07-22,0.0334866820463695,0.0031338402913512,0.0155839599254026,0.0731110284006444,0.0275119172965965,0.0049576054420138,0.0285290766043557,0.487243584130347,liquidity__2020-07-22,liquidity_state,,,,,,,
2020-07-23,0.0498223043781962,0.0101408415672068,0.0071470905427268,0.0411844553977785,0.0102496148141711,0.0035080847505662,0.04631421962763,0.860909934339155,liquidity__2020-07-23,liquidity_state,,,,,,,
2020-07-24,0.0650625873596837,0.0087978597234013,-0.0057241972453354,0.0150479789501423,-0.0143436952263087,0.0021036006132742,0.0629589867464095,1.20699291030513,liquidity__2020-07-24,liquidity_state,,,,,,,
2020-07-25,0.0154097598663334,0.0116810701693915,0.0161387362638248,0.0887183120080097,0.0400866399436417,0.0063013434818833,0.00910841638445,0.0648311003867578,liquidity__2020-07-25,liquidity_state,,,,,,,
2020-07-26,0.0090725097396315,0.0019803414836978,0.0234377794134062,0.0181738405553977,-0.0018979189737216,0.0004129911868602,0.0086595185527713,0.0551546931207179,liquidity__2020-07-26,liquidity_state,,,,,,,
2020-07-27,-0.0248105019043336,0.0074759040556244,0.105439758293619,0.0351101359394637,0.0236957495826466,-0.0047883112399785,-0.0200221906643552,-0.554313462392086,liquidity__2020-07-27,liquidity_state,,,,,,,
2020-07-28,-0.0086200980820443,-0.0065941938664693,-0.01069987317263,-0.0155768063607393,0.0192538421108068,0.0041173578209991,-0.0127374559030434,-0.397711165390389,liquidity__2020-07-28,liquidity_state,,,,,,,
2020-07-29,0.0030618960781119,0.0243494741160895,0.0164938515190496,0.0022196559897791,0.0026307256367594,0.0009098666223738,0.0021520294557381,-0.0790466880355324,liquidity__2020-07-29,liquidity_state,,,,,,,
2020-07-30,0.0339119142783737,0.01328068162276,0.0001984246626722,0.0525431837362316,0.0108740676087145,0.0045391669377894,0.0293727473405842,0.503077657672012,liquidity__2020-07-30,liquidity_state,,,,,,,
2020-07-31,0.0304904700793642,0.0068504170060492,0.0211016426237141,0.0337192838893623,0.0167024321524885,0.002466278426417,0.0280241916529472,0.472746719641288,liquidity__2020-07-31,liquidity_state,,,,,,,
2020-08-01,0.0347805030224357,0.0039589593251534,0.0396227267915847,0.11038709468546,0.0602773326980213,0.0062644020846138,0.0285161009378219,0.48193567965794,liquidity__2020-08-01,liquidity_state,,,,,,,
2020-08-02,0.0591379027341077,0.0133872003349715,-0.064732749611526,-0.0391487428120909,-0.0503538273357087,0.0032880103064547,0.0558498924276529,1.06581484412154,liquidity__2020-08-02,liquidity_state,,,,,,,
2020-08-03,-0.0262931400709476,0.0103666597353538,0.0142649032938476,0.0363083059786131,0.0353122047048338,0.0045475359756249,-0.0308406760465725,-0.799307367113979,liquidity__2020-08-03,liquidity_state,,,,,,,
2020-08-04,0.0362193261761341,0.0040900383150201,-0.0030145189128205,0.0093650475782096,0.0003038195075788,0.0027602298363077,0.0334590963398263,0.5856928666206,liquidity__2020-08-04,liquidity_state,,,,,,,
2020-08-05,0.0108538700913634,0.0051294214490731,0.0486790319312238,0.0284439712166185,0.0132027784925057,-0.0005041991201331,0.0113580692114966,0.108034262479618,liquidity__2020-08-05,liquidity_state,,,,,,,
2020-08-06,0.0491248444447692,0.0063340039558035,0.0014888634423915,-0.0150732813039305,0.0122190455129143,0.0024856306293372,0.046639213815432,0.868383614187481,liquidity__2020-08-06,liquidity_state,,,,,,,
2020-08-07,-0.0146169247112375,0.0065748621797041,-0.0142109629954241,-0.0395538080317577,-0.0175288670077478,0.0010133897592294,-0.015630314470467,-0.479205365616941,liquidity__2020-08-07,liquidity_state,,,,,,,
2020-08-08,0.0148273171948858,0.0129173568604877,0.0143127547564337,0.0455217013469591,0.0294782217263538,0.0043905814560892,0.0104367357387966,0.0862842350240066,liquidity__2020-08-08,liquidity_state,,,,,,,
2020-08-09,0.0226674438778574,0.0107318698227239,-0.0076356831342252,-0.0184272596954989,0.0005543840695629,0.0023710461598257,0.0202963977180316,0.299997780330195,liquidity__2020-08-09,liquidity_state,,,,,,,
2020-08-10,0.0224272392216491,0.0060131342053857,0.0186277055343282,0.0143557534607393,0.0217955556333322,0.0024881993315014,0.0199390398901477,0.291496724967709,liquidity__2020-08-10,liquidity_state,,,,,,,
2020-08-11,0.011830124735102,0.0021297256569248,-0.0439964465599942,-0.0433289355846682,-0.0470694180256679,0.0014835717950081,0.0103465529400938,0.0818032134785056,liquidity__2020-08-11,liquidity_state,,,,,,,
2020-08-12,-0.015048746818028,0.0110774031834708,0.0157192873965037,0.0217468740787847,0.0316649448542208,0.0037064687781728,-0.0187552155962009,-0.553616218929139,liquidity__2020-08-12,liquidity_state,,,,,,,
2020-08-13,0.0093008720032266,0.0051209824582016,0.0196013551441716,0.0933223570208233,0.0244125177264181,0.0049650159119084,0.0043358560913181,-0.0472606269521312,liquidity__2020-08-13,liquidity_state,,,,,,,
2020-08-14,0.047322573056622,0.0096815094938058,-0.0019824932637551,0.0310250114474,0.0134765518990925,0.0042857835980923,0.0430367894585297,0.800200669552938,liquidity__2020-08-14,liquidity_state,,,,,,,
2020-08-15,0.164832323358539,0.0217771089894576,0.007046333272088,-0.0141048206690346,0.0183708685738253,0.0024529687826004,0.162379354575938,3.33173670285655,liquidity__2020-08-15,liquidity_state,,,,,,,
2020-08-16,0.0600035528011524,-0.0008970105130821,0.0052140592770708,0.0033607157179727,0.0228332426903251,0.0034763696213997,0.0565271831797527,1.05219785662516,liquidity__2020-08-16,liquidity_state,,,,,,,
2020-08-17,0.0127687144382342,0.0048825905742582,0.031641293827656,-0.0054217783020549,0.0056027560062688,-0.0005040071925238,0.0132727216307581,0.122667864140451,liquidity__2020-08-17,liquidity_state,,,,,,,
2020-08-18,0.0396582848224654,0.01063707531247,-0.0286489455143393,-0.0213764705554258,-0.0264930039047897,0.0022371534745781,0.0374211313478872,0.640615462054106,liquidity__2020-08-18,liquidity_state,,,,,,,
2020-08-19,-0.0044694461690753,0.017617234271853,-0.0157620637093228,-0.034879497401338,-0.0347323246805189,3.09387094014281e-05,-0.0045003848784767,-0.262513780218896,liquidity__2020-08-19,liquidity_state,,,,,,,
2020-08-20,0.0071186938247613,0.0014771624320317,0.0089452398734923,0.0210264891613701,0.0307862252924167,0.004247515952365,0.0028711778723963,-0.103052108004475,liquidity__2020-08-20,liquidity_state,,,,,,,
2020-08-21,0.0391468303632685,0.0076826137798029,-0.0294157408581857,-0.0711605695571542,-0.0502010964304205,-0.0009342803729817,0.0400811107362503,0.700221455945395,liquidity__2020-08-21,liquidity_state,,,,,,,
2020-08-22,-0.0165707608612387,0.0087129049444385,0.0121279208549137,0.0192315927443927,0.031558286846316,0.0039556168375,-0.0205263776987387,-0.611450385247893,liquidity__2020-08-22,liquidity_state,,,,,,,
2020-08-23,-0.0088847593960643,0.0068313919025264,-0.0014950350213762,-0.0118108759014293,-0.0015838112418791,0.0018438111887783,-0.0107285705848427,-0.397847967002692,liquidity__2020-08-23,liquidity_state,,,,,,,
2020-08-24,0.0104150643340795,0.003965870001025,0.0087014682107273,0.0425108084418264,0.0182936802728193,0.0039962682535505,0.0064187960805289,-0.0250104762641361,liquidity__2020-08-24,liquidity_state,,,,,,,
2020-08-25,0.0136052356759144,0.0019843966132171,-0.0374445890405326,-0.0626460947646041,-0.0488007030935123,0.0001684591397783,0.013436776536136,0.127612827774712,liquidity__2020-08-25,liquidity_state,,,,,,,
2020-08-26,0.0422211877749632,0.0019001477548101,0.012574875329685,0.0075908989476465,0.0113462214051268,0.0020760417873297,0.0401451459876334,0.708466179500355,liquidity__2020-08-26,liquidity_state,,,,,,,
2020-08-27,0.0267403547664173,0.0016813515366713,-0.0111562475650402,-0.0060409885573653,-0.0295736585832955,0.0008512712831178,0.0258890834832995,0.395942685455397,liquidity__2020-08-27,liquidity_state,,,,,,,
2020-08-28,0.0187299505647296,0.0111973931089331,0.0178082152191834,0.0307846367768212,0.0203697264709,0.0029530910686692,0.0157768594960603,0.174174982616154,liquidity__2020-08-28,liquidity_state,,,,,,,
2020-08-29,0.0607577468581688,0.0069268794750883,-0.0054211412774023,0.0086836411133663,0.0116896867510476,0.0038009595465781,0.0569567873115907,1.07277012502453,liquidity__2020-08-29,liquidity_state,,,,,,,
2020-08-30,0.0411788181105059,0.0131689866922322,0.0208362847352763,0.0728446250749606,0.0239370618921377,0.0041999207769281,0.0369788973335778,0.632797037837678,liquidity__2020-08-30,liquidity_state,,,,,,,
2020-08-31,0.0452356773353983,0.0024475872188745,-0.0047391095052837,0.0118594502439233,0.0242009586220355,0.0047544585662595,0.0404812187691388,0.70751081289179,liquidity__2020-08-31,liquidity_state,,,,,,,
2020-09-01,0.0272081918738962,-0.0470860748682114,0.0218666981684201,0.0906180322310739,0.0313864019275059,0.0051873635477231,0.0220208283261731,0.301059029928278,liquidity__2020-09-01,liquidity_state,,,,,,,
2020-09-02,0.109578403464226,0.0114166151897201,-0.0449632569550626,-0.0776748377818341,-0.0539540254216853,3.35279750774788e-05,0.109544875489149,2.20171199517022,liquidity__2020-09-02,liquidity_state,,,,,,,
2020-09-03,-0.0155549201718834,0.0175875313377887,-0.115540722107148,-0.141387983054466,-0.127485090095103,-0.0007592860386048,-0.0147956341332785,-0.513355012081161,liquidity__2020-09-03,liquidity_state,,,,,,,
2020-09-04,-0.0406294517853816,0.0053094977516074,0.0311031286989305,0.011229907335335,0.0498800994811752,0.0033065613528001,-0.0439360131381817,-1.14552207504094,liquidity__2020-09-04,liquidity_state,,,,,,,
2020-09-05,-0.0074697882758378,0.0109222351914688,-0.0299707348488223,-0.142339326754938,-0.0644401681337641,-0.0040714256754533,-0.0033983626003845,-0.258607394279995,liquidity__2020-09-05,liquidity_state,,,,,,,
2020-09-06,-0.153699830546998,0.0039775148146965,0.0086628820614738,0.0513825984647482,0.0392119913529463,0.0058067666090346,-0.159506597156033,-3.57480197497938,liquidity__2020-09-06,liquidity_state,,,,,,,
2020-09-07,0.0285454804191154,0.0033532300314789,0.0109619303615123,0.0018162542017465,0.0031980602518473,0.0014518702063793,0.027093610212736,0.412887888432077,liquidity__2020-09-07,liquidity_state,,,,,,,
2020-09-08,-0.0062975900354729,0.0196234601196856,-0.022742675907061,-0.045445611829094,-0.0154320223017841,0.0017808243968712,-0.0080784144323441,-0.339429870516974,liquidity__2020-09-08,liquidity_state,,,,,,,
2020-09-09,-0.0145623954132077,-0.0005749384778965,0.0087438901473753,0.038654645150249,0.0222505141867195,0.0041677285397785,-0.0187301239529863,-0.566412188736949,liquidity__2020-09-09,liquidity_state,,,,,,,
2020-09-10,0.0210314076390468,0.0205091130929347,0.0108700908878809,0.047001531176714,0.0163038988176396,0.0037839328604484,0.0172474747785983,0.205896285066452,liquidity__2020-09-10,liquidity_state,,,,,,,
2020-09-11,0.0805514994507988,0.0057841224284906,0.0062948194288718,0.0167834506173286,0.009897260457933,0.002827405539821,0.0777240939109777,1.49762967360865,liquidity__2020-09-11,liquidity_state,,,,,,,
2020-09-12,-0.0054663423222542,0.0055503579921847,0.0047241586097683,0.0368775159001329,0.0208794348754076,0.0043856487604334,-0.0098519910826877,-0.381383646857814,liquidity__2020-09-12,liquidity_state,,,,,,,
2020-09-13,0.0233915175087027,0.0042575611929187,-0.0116372323044214,-0.0578056648901537,-0.020935088840524,-2.45642126550592e-05,0.0234160817213578,0.333215425584598,liquidity__2020-09-13,liquidity_state,,,,,,,
2020-09-14,-0.0240596875983137,0.0189383116291175,0.0329787931904715,0.0292285828907852,0.012954745112566,0.0009552704312902,-0.0250149580296039,-0.707883417615026,liquidity__2020-09-14,liquidity_state,,,,,,,
2020-09-15,0.0157067611039281,-0.0501581942698337,0.0102293805303777,-0.0353936927279239,-0.018610920262585,-0.0012048366577572,0.0169115977616854,0.195672894791752,liquidity__2020-09-15,liquidity_state,,,,,,,
2020-09-16,-0.0145567189926084,0.0663698665171992,0.0168982525136663,0.0042317528528172,0.003443258623097,0.0009927349310031,-0.0155494539236115,-0.504288085126989,liquidity__2020-09-16,liquidity_state,,,,,,,
2020-09-17,-0.0246450224658723,0.0140541098372076,-0.0026056828291718,0.0630283615424627,0.0154812984421397,0.0054533629435333,-0.0300983854094057,-0.816384255609738,liquidity__2020-09-17,liquidity_state,,,,,,,
2020-09-18,0.0629925227270896,0.0125760899080873,0.0010798905600744,-0.0118248451880509,-0.0048171745728993,0.0013668379892697,0.0616256847378199,1.16377907494217,liquidity__2020-09-18,liquidity_state,,,,,,,
2020-09-19,0.0520712101535601,0.0067780949680589,0.0114579294652835,0.0008980732952155,0.0064731050257087,0.0016194590700961,0.0504517510834639,0.918827047985126,liquidity__2020-09-19,liquidity_state,,,,,,,
2020-09-20,0.0709736507328493,0.0158729908602879,-0.0145585681478035,-0.0376242334164214,-0.0219870861178286,0.0007753519065214,0.0701982988263278,1.338913841551,liquidity__2020-09-20,liquidity_state,,,,,,,
2020-09-21,0.0179576779915216,0.0043313009780874,-0.0465314272177029,-0.0855405606765869,-0.0586347980185877,-0.0004023667584312,0.0183600447499529,0.218563659712236,liquidity__2020-09-21,liquidity_state,,,,,,,
2020-09-22,-0.0681420959516252,0.0033065750475138,0.0111722642615373,0.0117007831746809,0.0174692139048993,0.0027803471731836,-0.0709224431248089,-1.70114047666797,liquidity__2020-09-22,liquidity_state,,,,,,,
2020-09-23,0.003817028080828,0.0013719868215957,-0.0275414707458346,-0.0705853793068183,-0.0439686670913986,-0.0006316976046657,0.0044487256854938,-0.0756368836151371,liquidity__2020-09-23,liquidity_state,,,,,,,
2020-09-24,0.0040806631269028,0.0043690765884534,0.0463849194358925,0.0835461758015725,0.0573272758906747,0.0046138534430543,-0.0005331903161515,-0.182919007024239,liquidity__2020-09-24,liquidity_state,,,,,,,
2020-09-25,0.0333007505413292,0.0037902254651847,-0.0037329262029519,0.0093523287105243,0.0218515115666129,0.0044128993446724,0.0288878511966568,0.452871022168642,liquidity__2020-09-25,liquidity_state,,,,,,,
2020-09-26,0.0247371152107654,0.0012507233614584,0.0031347634798475,0.0049506426573255,0.0070727085355564,0.0025563399504198,0.0221807752603455,0.306857894797016,liquidity__2020-09-26,liquidity_state,,,,,,,
2020-09-27,0.026743211659582,0.0045144366544427,0.0037100573663408,0.0095804497952025,0.0105997772274549,0.002901953704862,0.02384125795472,0.342205074253012,liquidity__2020-09-27,liquidity_state,,,,,,,
2020-09-28,-0.0087066709592811,0.0024989433789564,-0.0065819800355111,-0.0091050683515936,-0.0053835243198996,0.0021165500366749,-0.0108232209959561,-0.410840585907167,liquidity__2020-09-28,liquidity_state,,,,,,,
2020-09-29,0.0113537050899204,-0.0045664348623262,0.0144189474841259,0.0172179292324008,0.0129991489849779,0.0023164063219253,0.009037298767995,0.021740511178547,liquidity__2020-09-29,liquidity_state,,,,,,,
2020-09-30,-0.0006013678779908,0.0003985967433948,-0.0060376433378053,-9.70759666909515e-05,0.0009397101104688,0.0028025473952495,-0.0034039152732403,-0.249282434413729,liquidity__2020-09-30,liquidity_state,,,,,,,
2020-10-01,-0.017645306888955,0.000915810823109,-0.0155924188055199,-0.0207254953660154,-0.0155202671254457,0.0018553447578158,-0.0195006516467709,-0.599681876479072,liquidity__2020-10-01,liquidity_state,,,,,,,
2020-10-02,0.0053661830956031,0.0076609782395031,-0.003876116111499,-0.0198701550335247,-0.0232865855352706,0.0002240915701262,0.0051420915254768,-0.0602253331921645,liquidity__2020-10-02,liquidity_state,,,,,,,
2020-10-03,-0.0453308492375619,0.0041998747591378,-0.00374669273452,-2.77290420340748e-05,0.0039479546450884,0.0028139379587682,-0.0481447871963301,-1.22305028030897,liquidity__2020-10-03,liquidity_state,,,,,,,
2020-10-04,0.0168593666062726,0.0023612969964439,0.0130529178999002,0.0196870328734962,0.014028702817793,0.0025929699389919,0.0142663966672807,0.143893653247189,liquidity__2020-10-04,liquidity_state,,,,,,,
2020-10-05,-0.0021403267993491,0.0011646883964893,0.0111018104365002,0.0028763042462784,0.0019433223793043,0.0013784036483171,-0.0035187304476663,-0.245939849799643,liquidity__2020-10-05,liquidity_state,,,,,,,
2020-10-06,-0.0147915643801042,0.0009190311478128,-0.0185492401346821,-0.0375182532910134,-0.0384640131070277,-6.50128605252985e-05,-0.0147265515195789,-0.491224587293036,liquidity__2020-10-06,liquidity_state,,,,,,,
2020-10-07,-0.0450484418649886,0.0018129389945613,0.0064600572380104,0.0028030912309047,0.0116149018213001,0.002518216103012,-0.0475666579680006,-1.20877594006199,liquidity__2020-10-07,liquidity_state,,,,,,,
2020-10-08,-0.0279827109732871,0.000955495615365,0.0240010629596181,0.0268687718860248,0.0180645616523343,0.0020920514035796,-0.0300747623768668,-0.821595401738624,liquidity__2020-10-08,liquidity_state,,,,,,,
2020-10-09,0.0266359606997497,0.0139165990478922,0.0114559691242437,0.0394431827744706,0.0248365510080717,0.0041306524239467,0.022505308275803,0.334875888537604,liquidity__2020-10-09,liquidity_state,,,,,,,
2020-10-10,0.0437898710872666,0.0041831704518884,0.0218854017384462,0.0152913617548931,0.0094230377837405,0.0013036420445906,0.042486229042676,0.77310347590745,liquidity__2020-10-10,liquidity_state,,,,,,,
2020-10-11,0.0152507086494218,0.0024632567242157,0.0060186882602639,0.0088915836675971,0.0087339009225218,0.0025300374767108,0.0127206711727109,0.116339932375792,liquidity__2020-10-11,liquidity_state,,,,,,,
2020-10-12,0.0099621721269613,0.0011018650546894,0.0152427849862953,0.0337850314461567,0.009070279565126,0.0024489566499583,0.007513215477003,0.0012731240997984,liquidity__2020-10-12,liquidity_state,,,,,,,
2020-10-13,0.0020126520680889,0.0013077444077005,-0.0104104750612208,-0.0152122396576209,-0.0019670031100851,0.002539066919918,-0.000526414851829,-0.176367377677286,liquidity__2020-10-13,liquidity_state,,,,,,,
2020-10-14,0.0060517042223651,-0.0015721994141024,0.0004560753040117,-0.0055934182094183,0.00567865530979,0.0023847644886714,0.0036669397336936,-0.0832428557859233,liquidity__2020-10-14,liquidity_state,,,,,,,
2020-10-15,-8.85595716617615e-05,-0.0006651677951303,0.0072318454668796,-0.002921229026958,-0.0089778662571298,0.0007584143282549,-0.0008469738999166,-0.183174902766528,liquidity__2020-10-15,liquidity_state,,,,,,,
2020-10-16,-0.0120329308486689,-0.000529263693064,-0.0163285889942397,-0.0328661684841727,-0.0213995146579364,0.0011256134189955,-0.0131585442676644,-0.456140060711328,liquidity__2020-10-16,liquidity_state,,,,,,,
2020-10-17,-0.0189362924244634,-0.001220581203114,0.0035957188204971,0.0075509596253171,0.0025748737933213,0.0022606646217751,-0.0211969570462386,-0.633697914988662,liquidity__2020-10-17,liquidity_state,,,,,,,
2020-10-18,-0.0040163065149734,-0.00036035766108,0.0126838946994532,0.02661525587152,0.0121361561523763,0.002696117078588,-0.0067124235935614,-0.310070246283345,liquidity__2020-10-18,liquidity_state,,,,,,,
2020-10-19,0.0113538143364522,0.0019601879015134,0.0208978089012088,0.0025605736406246,-0.0035909734629555,5.41355750354371e-05,0.0112996787614168,0.0921161621036486,liquidity__2020-10-19,liquidity_state,,,,,,,
2020-10-20,0.0028106946263051,0.00663734751814,0.0136979286505241,-0.0284310625205695,-0.0259314085286277,-0.0018557356049642,0.0046664302312693,-0.0562109627364177,liquidity__2020-10-20,liquidity_state,,,,,,,
2020-10-21,-0.0258696588409357,0.0162220019090036,0.0716793536033258,0.0587310623536146,0.0322349580257431,-0.000322513263353,-0.0255471455775826,-0.731501121771756,liquidity__2020-10-21,liquidity_state,,,,,,,
2020-10-22,0.0138628681595705,0.0044941585234177,0.0128389172175449,0.057405969455,0.0265958780533886,0.0046721935637028,0.0091906745958676,0.047646742943735,liquidity__2020-10-22,liquidity_state,,,,,,,
2020-10-23,0.019940464157358,0.0050887309666904,-0.0032211785737033,-0.0120624444548074,0.0027973837626049,0.0023186995929164,0.0176217645644415,0.236670222295198,liquidity__2020-10-23,liquidity_state,,,,,,,
2020-10-24,0.008684619922608,-0.0009677087816513,0.014639196734727,0.0076678452207508,0.0175355729995026,0.0023428696080367,0.0063417503145713,-0.01716785453398,liquidity__2020-10-24,liquidity_state,,,,,,,
2020-10-25,0.0116194509479257,0.0017584722310317,-0.0066848361242719,-0.0156688639235707,-0.0029538114142795,0.0021076157258008,0.0095118352221248,0.05420742811448,liquidity__2020-10-25,liquidity_state,,,,,,,
2020-10-26,0.0002103401052586,0.0017286415686399,0.001670374939442,-0.0328921976527932,-0.0135660510712725,3.45469034581966e-05,0.0001757932018004,-0.156350899648733,liquidity__2020-10-26,liquidity_state,,,,,,,
2020-10-27,-0.028297312208764,0.0039240062637659,0.043412018435987,0.026553156930115,0.0095973975584229,-0.0003386822701417,-0.0279586299386222,-0.790575205506136,liquidity__2020-10-27,liquidity_state,,,,,,,
2020-10-28,0.0149302879909534,0.0015369343184517,-0.0278071504212054,-0.0376010878031785,-0.0223074652521333,0.0019795295490869,0.0129507584418665,0.13510468965083,liquidity__2020-10-28,liquidity_state,,,,,,,
2020-10-29,-0.0085379447926392,0.0070851602133288,0.0127467472328657,-0.0033203109873785,-0.0145008525526151,-0.0001710162517194,-0.0083669285409198,-0.347528112414011,liquidity__2020-10-29,liquidity_state,,,,,,,
2020-10-30,-0.0048337741949851,0.0017446336280997,0.0093021526375576,-0.0121154583022225,-0.004447064630785,0.0006238127076818,-0.0054575869026669,-0.280975828861722,liquidity__2020-10-30,liquidity_state,,,,,,,
2020-10-31,-0.0165179768550026,0.0071504117531908,0.015901432333381,0.0096335793997139,0.0179088381137618,0.0023125497016097,-0.0188305265566123,-0.583762280777993,liquidity__2020-10-31,liquidity_state,,,,,,,
2020-11-01,0.0183857251640092,0.0020900071737877,-0.0023584780415166,0.0256455019890538,0.0070659350261017,0.0036868585753345,0.0146988665886746,0.179161470629876,liquidity__2020-11-01,liquidity_state,,,,,,,
2020-11-02,-0.0005282727175703,0.000781672364571,-0.0160504590690795,-0.0337927293439533,-0.0302506391337438,0.0004203033973402,-0.0009485761149106,-0.177289682647141,liquidity__2020-11-02,liquidity_state,,,,,,,
2020-11-03,-0.0250123700174854,-0.0006772755065966,0.0362268428422148,0.0126214094257895,-0.0141857391308697,-0.0018431936795692,-0.0231691763379161,-0.683073279577585,liquidity__2020-11-03,liquidity_state,,,,,,,
2020-11-04,-0.0056921449547502,0.0062438929981638,0.0096767854977084,0.037314220646663,0.0011966099536522,0.0024908645950782,-0.0081830095498284,-0.339942307031841,liquidity__2020-11-04,liquidity_state,,,,,,,
2020-11-05,0.0093609543055848,-0.0020734459471754,0.0967741241023035,0.0343404463194465,0.018010457072176,-0.0044274480549125,0.0137884023604974,0.162678570538606,liquidity__2020-11-05,liquidity_state,,,,,,,
2020-11-06,0.0214171434333927,0.0133605472206,0.0001359096616582,0.090492375184648,0.0493594693935009,0.0085195907817053,0.0128975526516874,0.142022588759117,liquidity__2020-11-06,liquidity_state,,,,,,,
2020-11-07,0.0637803775072001,0.0051782789628909,-0.0498287102758024,-0.0456030029226566,-0.0345226720403993,0.0028791671890749,0.0609012103181251,1.23915413349916,liquidity__2020-11-07,liquidity_state,,,,,,,
2020-11-08,-0.0013687731315137,0.0015758603607274,0.042401481755947,0.0417092839979727,0.02479120437701,0.0013293064151599,-0.0026980795466736,-0.219510135867214,liquidity__2020-11-08,liquidity_state,,,,,,,
2020-11-09,0.0204253264941343,-0.0006374487261808,-0.0096391158862978,-0.0226634820954983,0.0021941437566539,0.0025499625583328,0.0178753639358014,0.252760179807692,liquidity__2020-11-09,liquidity_state,,,,,,,
2020-11-10,0.0435333839239433,-0.0027384733293374,-0.0033865264834016,0.0142081701481471,0.0087725605936981,0.0035638410572914,0.0399695428666519,0.759252427721278,liquidity__2020-11-10,liquidity_state,,,,,,,
2020-11-11,0.0158827169274751,0.0077973626278407,0.026624787784181,0.0278960191326627,0.0045538921998939,0.0008851674146537,0.0149975495128214,0.183938101347613,liquidity__2020-11-11,liquidity_state,,,,,,,
2020-11-12,0.038064438663433,0.0090604568987338,0.0372910114437452,-0.0024693115429412,-0.0041401972250696,-0.0016558600116097,0.0397202986750427,0.752220409419264,liquidity__2020-11-12,liquidity_state,,,,,,,
2020-11-13,-0.0110064945193251,0.0077789538432178,0.0014429323961824,0.0292688866730195,0.0333483567167079,0.0053788436209256,-0.0163853381402508,-0.541461670042949,liquidity__2020-11-13,liquidity_state,,,,,,,
2020-11-14,0.0243122241325864,0.0013794159704545,-0.0162648445211673,-0.0333374404231543,-0.0106071164848025,0.001900162425715,0.0224120617068713,0.354267930162151,liquidity__2020-11-14,liquidity_state,,,,,,,
2020-11-15,-0.0155378898898633,0.0019023583594552,-0.0079780039038883,-0.0273907147122481,-0.0139860276074621,0.0010626629689613,-0.0166005528588246,-0.547190701947998,liquidity__2020-11-15,liquidity_state,,,,,,,
2020-11-16,0.0037117713036529,0.0001327165952673,0.0484714095982142,0.0272228389300118,0.0295285720320564,0.0006803502362393,0.0030314210674136,-0.0923496745328541,liquidity__2020-11-16,liquidity_state,,,,,,,
2020-11-17,0.0064650997140027,0.0061020951800259,0.0552862770333906,0.0463210535041663,0.021094268269529,2.3948528996183e-06,0.0064627048611031,-0.0127341923571613,liquidity__2020-11-17,liquidity_state,,,,,,,
2020-11-18,-0.019828156307149,-0.0024770693460567,0.0057299534278669,-0.0086096646591986,-0.0229056022235419,-0.0002989894002797,-0.0195291669068692,-0.615293548902759,liquidity__2020-11-18,liquidity_state,,,,,,,
2020-11-19,-0.0058226691320335,0.0004922884414853,0.0026606094619339,-0.0145491613639228,0.009027844613513,0.0021579017654632,-0.0079805708974967,-0.346120726886577,liquidity__2020-11-19,liquidity_state,,,,,,,
2020-11-20,-0.001767235544996,0.008011525551197,0.0463137518781149,0.0792559813495348,0.0378065818063256,0.0030541803831265,-0.0048214159281226,-0.272100272662756,liquidity__2020-11-20,liquidity_state,,,,,,,
2020-11-21,0.0608175434281684,0.0176192085869218,0.0010114158640295,0.0784551777332982,0.10977187152481,0.0125246212660769,0.0482929221620914,0.963716626154898,liquidity__2020-11-21,liquidity_state,,,,,,,
2020-11-22,0.0079207904040075,0.0023382613574156,-0.0150593834730053,0.0136027918417012,-0.0271334200237732,0.0019830814191186,0.0059377089848888,-0.0241244713225912,liquidity__2020-11-22,liquidity_state,,,,,,,
2020-11-23,-0.0012968749859538,0.0027959254173595,-0.0016202161624843,0.0844593205836084,0.108582018894015,0.0128612823605382,-0.014158157346492,-0.492618775902108,liquidity__2020-11-23,liquidity_state,,,,,,,
2020-11-24,0.0134566834207099,0.0069168822170162,0.0425096007941654,-0.0055604696085547,0.0598681221853923,0.0024806619862704,0.0109760214344395,0.0950423166730761,liquidity__2020-11-24,liquidity_state,,,,,,,
2020-11-25,0.0026408752112736,0.0095940000876915,-0.0235974676407622,-0.0610834394462003,-0.0469293583742392,-0.0009292793226413,0.0035701545339149,-0.0783003623719574,liquidity__2020-11-25,liquidity_state,,,,,,,
2020-11-26,-0.0169149516059051,-0.0002409485891128,-0.0851448940236121,-0.0887465264220699,-0.0947873832542001,0.0004157365807346,-0.0173306881866397,-0.567450944719456,liquidity__2020-11-26,liquidity_state,,,,,,,
2020-11-27,-0.0942451450310813,-0.0009570135325098,-0.0013869019774457,-0.0029740236485356,0.0150261399405274,0.0033224540930341,-0.0975675991241154,-2.4258913808224,liquidity__2020-11-27,liquidity_state,,,,,,,
2020-11-28,-0.008306245318014,-0.0005820963294773,0.0327655597552585,0.0352867219256092,0.047357408942549,0.003690171633647,-0.0119964169516611,-0.43076341452204,liquidity__2020-11-28,liquidity_state,,,,,,,
2020-11-29,0.0292592747884832,0.0062204689671361,0.0256525416763687,0.0690456954378007,0.0059656255532409,0.0023164190718034,0.0269428557166798,0.477010320647595,liquidity__2020-11-29,liquidity_state,,,,,,,
2020-11-30,0.0506901554791881,0.0007558916186845,0.079322357074231,0.0672511954839541,0.0527177466564055,0.0007338838245185,0.0499562716546695,1.0115794355394,liquidity__2020-11-30,liquidity_state,,,,,,,
2020-12-01,0.0549337750889727,0.0182554347093173,-0.0473668025121743,-0.0507439615544065,-0.0532972437344803,0.0011142385157397,0.0538195365732329,1.09819584616037,liquidity__2020-12-01,liquidity_state,,,,,,,
2020-12-02,-0.0056599656728977,0.0079802166543281,0.0224163962442088,0.0186468607483476,0.031006398055208,0.0029444926227002,-0.0086044582955979,-0.359054215433788,liquidity__2020-12-02,liquidity_state,,,,,,,
2020-12-03,0.0137652427622861,0.0021394472115723,0.0115857079002435,0.031542965656298,0.0070914756466251,0.0025745632273665,0.0111906795349195,0.103689303356677,liquidity__2020-12-03,liquidity_state,,,,,,,
2020-12-04,0.0222051893230919,0.0009814043218661,-0.0412386659535482,-0.0826122921157442,-0.0671795846415151,-0.0014336675807633,0.0236388569038552,0.394538114746723,liquidity__2020-12-04,liquidity_state,,,,,,,
2020-12-05,-0.0486164628715819,0.0083962540375743,0.0267864253140306,0.051001819223937,0.0393757468054581,0.0041287899273759,-0.0527452527989579,-1.39048326413319,liquidity__2020-12-05,liquidity_state,,,,,,,
2020-12-06,0.0286597417677896,0.0010642509182332,0.0114729550174975,0.0084431372099471,0.0106285451759263,0.0021508839943448,0.0265088577734447,0.464473769028161,liquidity__2020-12-06,liquidity_state,,,,,,,
2020-12-07,0.005311368433631,0.0017831159205066,-0.0104011277327078,-0.0176969501702349,-0.0087958523379789,0.0019606980173677,0.0033506704162632,-0.0783034986712624,liquidity__2020-12-07,liquidity_state,,,,,,,
2020-12-08,0.0057844314191335,-0.0030972660745369,-0.0460078456817055,-0.0643369152659892,-0.0528811883866567,0.000610303056985,0.0051741283621485,-0.035442084813679,liquidity__2020-12-08,liquidity_state,,,,,,,
2020-12-09,-0.0305278040266508,-0.0005670298306093,0.0123174869721616,0.0327997470994159,0.0274996432724173,0.0040471874471172,-0.034574991473768,-0.967266638458323,liquidity__2020-12-09,liquidity_state,,,,,,,
2020-12-10,-0.0015752993877136,-5.06519893761492e-05,-0.0155325330990088,-0.0248744873067634,-0.0260493758214153,0.0009498118222179,-0.0025251112099315,-0.213330716615249,liquidity__2020-12-10,liquidity_state,,,,,,,
2020-12-11,-0.0170969325688688,0.0060505363691092,-0.0120375742420649,-0.0266251328500564,-0.0257513271676366,0.0005954197157866,-0.0176923522846554,-0.569371996183184,liquidity__2020-12-11,liquidity_state,,,,,,,
2020-12-12,-0.0232278169304649,0.0013557186763932,0.0420482862940013,0.0427071221119713,0.0145063583289478,0.0006347685558125,-0.0238625854862775,-0.713243610339548,liquidity__2020-12-12,liquidity_state,,,,,,,
2020-12-13,0.0379223283193326,0.0049749781814867,0.018982111333731,0.0388546990187866,0.0228267377778515,0.0032679158926977,0.0346544124266349,0.665576824403198,liquidity__2020-12-13,liquidity_state,,,,,,,
2020-12-14,0.0270701068967085,0.0021548011406586,0.0050879424235539,-0.0075437075947633,-0.0013066293810872,0.0013828129451213,0.0256872939515871,0.45311898338318,liquidity__2020-12-14,liquidity_state,,,,,,,
2020-12-15,-0.0004886882446193,0.002667043861539,0.0086135453223832,0.00473369443886,-0.007817670423897,0.0009460285220991,-0.0014347167667184,-0.187563674581009,liquidity__2020-12-15,liquidity_state,,,,,,,
2020-12-16,0.0221741385856653,0.0092045412940535,0.0933669961588102,0.0786355498112936,0.0765218187493382,0.001528026677848,0.0206461119078173,0.334454921841252,liquidity__2020-12-16,liquidity_state,,,,,,,
2020-12-17,0.0183989165195335,0.0051549526620213,0.065504643847369,0.0076199281943516,0.0045357882185221,-0.0033268268913942,0.0217257434109278,0.359458986345617,liquidity__2020-12-17,liquidity_state,,,,,,,
2020-12-18,0.0328950922358118,0.0009727970720589,0.0146670206172956,0.0186609926168062,0.0153144406966206,0.0025072893961404,0.0303878028396713,0.563909376522774,liquidity__2020-12-18,liquidity_state,,,,,,,
2020-12-19,-0.0012211384440803,0.0100793634471046,0.0301423853215024,0.0062790615005736,0.0081333982988027,0.0001729591702532,-0.0013940976143336,-0.190570517186433,liquidity__2020-12-19,liquidity_state,,,,,,,
2020-12-20,0.0299259493782493,0.0056176725466521,-0.0159986755546058,-0.0314298798159571,-0.0141283513155237,0.0016736038097341,0.0282523455685152,0.513524145449397,liquidity__2020-12-20,liquidity_state,,,,,,,
2020-12-21,-0.0169870743181377,-0.0002542861687082,-0.0321214823002514,-0.0489980733663904,-0.0470141227219045,0.0002173399043095,-0.0172044142224473,-0.567538517652348,liquidity__2020-12-21,liquidity_state,,,,,,,
2020-12-22,-0.03380855914099,0.0048254363728439,0.0467108939489851,0.0460649982882799,-0.0024923330267796,-0.0009476951268948,-0.0328608640140952,-0.938118802174152,liquidity__2020-12-22,liquidity_state,,,,,,,
2020-12-23,0.0220756122196057,-0.0007891684529859,-0.0248298409169578,-0.0835582302978901,-0.139912318225981,-0.008337045228803,0.0304126574484088,0.56877706858028,liquidity__2020-12-23,liquidity_state,,,,,,,
2020-12-24,-0.0076880075421783,0.0094763588229192,0.0217139250716301,0.045130977831362,0.0854935272373112,0.0078176400305475,-0.0155056475727259,-0.52566308999936,liquidity__2020-12-24,liquidity_state,,,,,,,
2020-12-25,-0.0060081578201511,0.0114173796400046,0.0408554479453933,0.0238207208031884,0.0100096874800215,-0.0001536961536244,-0.0058544616665267,-0.294754883298417,liquidity__2020-12-25,liquidity_state,,,,,,,
2020-12-26,0.0436131702182934,0.0011735979873037,0.068028414133984,0.0149749156105461,0.0005305190928517,-0.003634331324821,0.0472475015431144,0.972257385677858,liquidity__2020-12-26,liquidity_state,,,,,,,
2020-12-27,0.0142128226329419,0.0010807722354968,-0.0077578137486007,0.0722100315531318,-0.003144479174729,0.0048352373307829,0.0093775853021589,0.0666422604932526,liquidity__2020-12-27,liquidity_state,,,,,,,
2020-12-28,0.0017989119765502,0.0012258582148909,0.0295989188522565,0.0642106499401489,0.0320343554730727,0.0037249215010067,-0.0019260095244564,-0.203724001493882,liquidity__2020-12-28,liquidity_state,,,,,,,
2020-12-29,0.0569700199092225,0.0092179451156404,0.0117022722401554,0.0025224310544516,-0.0037443864178712,0.0008933747557755,0.0560766451534469,1.18303795718061,liquidity__2020-12-29,liquidity_state,,,,,,,
2020-12-30,0.0027571212919816,0.0018094519356388,0.0540757960074707,0.0282058795238598,-0.0057347394280782,-0.0024055326726235,0.0051626539646052,-0.0369619215130332,liquidity__2020-12-30,liquidity_state,,,,,,,
2020-12-31,-0.0298110422009437,0.0065953989814104,0.0024062750037643,-0.0206630146253941,0.0305913807821376,0.0035853111797922,-0.0333963533807359,-0.959688876129298,liquidity__2020-12-31,liquidity_state,,,,,,,
2021-01-01,0.0161973761157164,0.0128693640709159,0.0153490358539603,-0.0085468165719282,-4.05513913008804e-05,0.000495498632337,0.0157018774833793,0.217389006738376,liquidity__2021-01-01,liquidity_state,,,,,,,
2021-01-02,0.0055450456071639,0.0309195053375433,0.0885745466657699,0.0557920827180807,0.0139674076832854,-0.0033206999961095,0.0088657456032734,0.0519704998994803,liquidity__2021-01-02,liquidity_state,,,,,,,
2021-01-03,0.0285617468170045,0.0327332638076534,0.028778580838198,0.237436301123991,0.0656531657132255,0.011484615906328,0.0170771309106765,0.248662018965258,liquidity__2021-01-03,liquidity_state,,,,,,,
2021-01-04,0.0955490830188559,0.0094202528703704,-0.0323585096155483,0.0617309842728506,0.0159704366783373,0.0082060459855011,0.0873430370333547,1.91979648382012,liquidity__2021-01-04,liquidity_state,,,,,,,
2021-01-05,0.046293515466477,-0.0005139825189601,0.0612667744735855,0.0564293432881389,0.0338377248527379,0.0006906915612205,0.0456028239052565,0.918966868553528,liquidity__2021-01-05,liquidity_state,,,,,,,
2021-01-06,0.0931406511886834,0.0206247318706154,0.0794906914712321,0.0938542967279723,0.083622708956554,0.0037936475181661,0.0893470036705173,1.94848829083897,liquidity__2021-01-06,liquidity_state,,,,,,,
2021-01-07,0.0668848019902128,0.0299381944070944,0.068808384119956,0.0119993530566864,0.0154708425240351,-0.0026960122026539,0.0695808141928668,1.46994959324396,liquidity__2021-01-07,liquidity_state,,,,,,,
2021-01-08,0.0212049233490639,0.007556867443931,0.0275921349248573,-0.0076528703531524,-0.0021722169409876,-0.0007685168442729,0.0219734401933368,0.34339101578557,liquidity__2021-01-08,liquidity_state,,,,,,,
2021-01-09,0.0201912361646173,0.0263779485590447,-0.0085561280782648,0.0512600121623903,0.0683473104687344,0.0095430641319193,0.0106481720326979,0.069941484423143,liquidity__2021-01-09,liquidity_state,,,,,,,
2021-01-10,-0.0018592744198748,0.0074338099114683,-0.0524782642158037,-0.0199388955471695,-0.0159853656836866,0.005261081959669,-0.0071203563795439,-0.353041521560608,liquidity__2021-01-10,liquidity_state,,,,,,,
2021-01-11,0.0071386930753831,-0.0007355207430066,-0.0743429082327829,-0.142814124963064,-0.1003054264255,-0.0026166824526436,0.0097553755280268,0.0504688053892447,liquidity__2021-01-11,liquidity_state,,,,,,,
2021-01-12,-0.114791528068078,-0.0049582286859575,-0.0393884806172942,-0.035075736541117,-0.0032583118836839,0.0045306627409094,-0.119322190808988,-2.98516464063416,liquidity__2021-01-12,liquidity_state,,,,,,,
2021-01-13,0.012531857878475,0.0134001017392826,0.0924590434891268,0.0725497578758203,0.0796010614486669,0.0016558554882114,0.0108760023902636,0.0825494896869201,liquidity__2021-01-13,liquidity_state,,,,,,,
2021-01-14,0.0467792089824428,0.0018677320428857,0.0455870294301981,0.0859438375376467,0.0374292745286162,0.003294794155942,0.0434844148265008,0.852333242700554,liquidity__2021-01-14,liquidity_state,,,,,,,
2021-01-15,0.046077240066456,0.003679089016586,-0.0625270972273384,-0.0521306599797864,-0.0176870396425457,0.0050985843172086,0.0409786557492473,0.799414468480775,liquidity__2021-01-15,liquidity_state,,,,,,,
2021-01-16,-0.0255343742293661,0.0030765547885458,-0.0201345958408954,0.0497920102020233,0.0449673702393483,0.0088498929524818,-0.0343842671818479,-0.984546402371857,liquidity__2021-01-16,liquidity_state,,,,,,,
2021-01-17,0.03629312116081,0.006122416997961,-0.0045438249479978,0.0043157275352223,0.0150223372656875,0.003833748401377,0.0324593727594329,0.599701224335856,liquidity__2021-01-17,liquidity_state,,,,,,,
2021-01-18,0.0051865117130915,0.0030939058960335,0.0220777585078231,0.0206429928244836,0.0132338300659143,0.0017273163643087,0.0034591953487828,-0.0889876095302044,liquidity__2021-01-18,liquidity_state,,,,,,,
2021-01-19,0.0210517461860107,0.0144299049989236,-0.0203439701288772,0.0820092403686861,-0.0108863791225922,0.0057255698286926,0.015326176357318,0.19062659733383,liquidity__2021-01-19,liquidity_state,,,,,,,
2021-01-20,0.0614862959189928,0.0043559041980465,-0.0115394982601771,0.0081497042331335,0.019430843922823,0.0049215477006106,0.0565647482183821,1.16217823733757,liquidity__2021-01-20,liquidity_state,,,,,,,
2021-01-21,-0.0380140792190389,0.0034917688350191,-0.139649713614302,-0.214553381753908,-0.114033324881564,0.0002642049716941,-0.038278284190733,-1.08082511433244,liquidity__2021-01-21,liquidity_state,,,,,,,
2021-01-22,-0.0924248430963353,-0.0004678936438011,0.066794064493358,0.104688146643492,0.0628555580643813,0.0037662972183475,-0.0961911403146828,-2.42771947839107,liquidity__2021-01-22,liquidity_state,,,,,,,
2021-01-23,0.0566022488125313,0.0072567431345831,-0.0274592084526617,0.0002392553008601,0.024050255575137,0.0064982877083984,0.0501039611041328,1.00631065941697,liquidity__2021-01-23,liquidity_state,,,,,,,
2021-01-24,0.0315918541325146,0.0029374044854364,0.0062286431929994,0.121543426710983,0.0183131889662853,0.0066030334587716,0.024988820673743,0.41388378716341,liquidity__2021-01-24,liquidity_state,,,,,,,
2021-01-25,0.0794042717432077,0.0036825114067013,-0.0014711314298825,-0.0562567297386094,-0.0222110175937189,-0.0010135102138829,0.0804177819570907,1.70380276196563,liquidity__2021-01-25,liquidity_state,,,,,,,
2021-01-26,0.0132857877581181,-0.0029758213699224,0.0076408733230799,0.0370041228672484,0.009751419925724,0.0032999786247888,0.0099858091333292,0.0553465610571912,liquidity__2021-01-26,liquidity_state,,,,,,,
2021-01-27,-0.0124025379585682,0.0128671440417101,-0.0663861253157698,-0.0971191433392926,-0.056394129286307,0.0012533949116428,-0.013655932870211,-0.494905462484329,liquidity__2021-01-27,liquidity_state,,,,,,,
2021-01-28,-0.0388031428397539,0.020085602104146,0.0944839349977276,0.0709952803599352,0.0869424247608954,0.0019621030767157,-0.0407652459164697,-1.123294198478,liquidity__2021-01-28,liquidity_state,,,,,,,
2021-01-29,0.0594622941200669,0.0217924610043134,0.0246698124376472,0.0349813977322331,0.0195046719133813,0.0023800697791462,0.0570822243409206,1.16024823604979,liquidity__2021-01-29,liquidity_state,,,,,,,
2021-01-30,0.0394303867919135,0.0158093378665463,0.0012430481092415,7.53643141813143e-05,0.0530106170291873,0.0059672791916941,0.0334631076002193,0.606513255548061,liquidity__2021-01-30,liquidity_state,,,,,,,
2021-01-31,-0.0024591839116183,0.001424317323714,-0.035198582667805,-0.0491434145364513,-0.0022935184499104,0.0037906571268086,-0.006249841038427,-0.318987345109366,liquidity__2021-01-31,liquidity_state,,,,,,,
2021-02-01,-0.0021075740518838,0.0108447597109418,0.0128345572797368,0.0457098663921194,0.0117014026815028,0.0032242763930947,-0.0053318504449786,-0.29658838082921,liquidity__2021-02-01,liquidity_state,,,,,,,
2021-02-02,0.0209822256083392,0.0003876492380001,0.0572667960773057,0.0967419325007972,0.0229740356301669,0.0014733848568995,0.0195088407514397,0.283211833677618,liquidity__2021-02-02,liquidity_state,,,,,,,
2021-02-03,0.0525767182206955,-0.0423273777591788,0.058184853179382,0.0952268740772642,-0.093529151492362,-0.0072350966254456,0.0598118148461411,1.21661263226241,liquidity__2021-02-03,liquidity_state,,,,,,,
2021-02-04,0.116022899550281,0.0711050826471435,-0.0183087542372444,-0.0423844745433826,0.176267613483045,0.015576662448854,0.100446237101427,2.14288570136955,liquidity__2021-02-04,liquidity_state,,,,,,,
2021-02-05,0.0280778687768404,0.0140896326753435,0.0354744717243101,0.0742163773492841,0.0767486761539118,0.0067738055035789,0.0213040632732615,0.311664552874705,liquidity__2021-02-05,liquidity_state,,,,,,,
2021-02-06,0.0662897409242227,0.0288775326294264,0.0239245975602707,-0.024485715419102,0.0067445498101008,-0.0002784277033614,0.0665681686275842,1.3559429135721,liquidity__2021-02-06,liquidity_state,,,,,,,
2021-02-07,-0.0065132512106522,0.0048021597140532,-0.0099171746090309,-0.0392230972911376,0.0106101176349291,0.0026974644403941,-0.0092107156510463,-0.393861572944968,liquidity__2021-02-07,liquidity_state,,,,,,,
2021-02-08,-0.0206812467276762,0.0361158326837945,0.17829480130151,0.0823790442433587,0.074767008206031,-0.0063545491002822,-0.014326697627394,-0.510783884069631,liquidity__2021-02-08,liquidity_state,,,,,,,
2021-02-09,0.0735422587685406,0.0035485099524166,0.0012472068730478,0.0108393731187411,0.0646861343488823,0.0071501839418497,0.0663920748266909,1.34759262922212,liquidity__2021-02-09,liquidity_state,,,,,,,
2021-02-10,0.0394098574338102,0.034553737864897,-0.0360501501044315,-0.0166516981664806,0.0704672633880392,0.010203698772231,0.0292061586615793,0.485912839400413,liquidity__2021-02-10,liquidity_state,,,,,,,
2021-02-11,0.0314838001878428,0.0065131343341029,0.0680344493312912,0.025460952620195,0.0418472633331675,-0.0002775335823994,0.0317613337702423,0.545510807476352,liquidity__2021-02-11,liquidity_state,,,,,,,
2021-02-12,0.0305552323908067,0.0052395547048043,-0.0131181193907324,0.0308253796810867,0.0641866011369991,0.0090448320728628,0.0215104003179438,0.313371824656474,liquidity__2021-02-12,liquidity_state,,,,,,,
2021-02-13,0.0193007718298475,0.0255180759685274,-0.0034251569805423,-0.0142083943427593,0.0333629162788611,0.0045235483658769,0.0147772234639705,0.157366985834673,liquidity__2021-02-13,liquidity_state,,,,,,,
2021-02-14,-0.0168284588031433,0.0087051314397008,0.0296503855633432,-0.0082256954531887,-0.0380442303451325,-0.0036175583735038,-0.0132109004296395,-0.489651634965635,liquidity__2021-02-14,liquidity_state,,,,,,,
2021-02-15,0.0097679829926598,0.0027708453820949,-0.0147321270610323,-0.0127354377085274,-0.0168495427560451,0.0019180330010487,0.0078499499916111,0.0002156645780304,liquidity__2021-02-15,liquidity_state,,,,,,,
2021-02-16,-0.0098029690236813,0.0064719640828343,0.0253587926150338,0.0015508108455319,0.0044848329617543,0.0002052084047563,-0.0100081774284377,-0.418106803118342,liquidity__2021-02-16,liquidity_state,,,,,,,
2021-02-17,0.0131140327839105,0.0178288030546732,0.0590714633633258,0.0375568552836354,0.0507847388647242,0.0015743491377496,0.0115396836461609,0.0794620395270518,liquidity__2021-02-17,liquidity_state,,,,,,,
2021-02-18,0.0216970952085092,0.0036531393253476,-0.0111049546378048,0.0469329770417168,0.0299497967710529,0.0068218989746323,0.0148751962338769,0.159918399673105,liquidity__2021-02-18,liquidity_state,,,,,,,
2021-02-19,0.0395213012425053,0.0134440130012443,0.0810301975586505,0.0083256498603914,0.0907311234213033,0.0016028221071462,0.0379184791353591,0.694731345014541,liquidity__2021-02-19,liquidity_state,,,,,,,
2021-02-20,0.0339892270506859,0.0283487106181575,-0.0011920113492998,-0.0219521839222603,-0.0203969757668041,0.0001256476590353,0.0338635793916505,0.596338661286573,liquidity__2021-02-20,liquidity_state,,,,,,,
2021-02-21,0.0352750892574605,0.0095102317338984,0.0283880742251412,0.0114322910025217,0.0374925873673675,0.0026520442404499,0.0326230450170105,0.566809882564318,liquidity__2021-02-21,liquidity_state,,,,,,,
2021-02-22,0.0089851799887128,0.0016122390184953,-0.0602357999239995,-0.085173433820616,-0.0393965333047888,0.0022944324233243,0.0066907475653884,-0.0455349034323589,liquidity__2021-02-22,liquidity_state,,,,,,,
2021-02-23,-0.064789099460274,0.006595762588379,-0.101181428837263,-0.119139315163014,-0.11484983256732,-0.0004899630915823,-0.0642991363686917,-1.70829282596166,liquidity__2021-02-23,liquidity_state,,,,,,,
2021-02-24,-0.14019099984926,0.0007566070130486,0.0165075221056998,0.0292731686124821,0.0382298694850718,0.0043431210451102,-0.14453412089437,-3.52301735230762,liquidity__2021-02-24,liquidity_state,,,,,,,
2021-02-25,0.0873234398992793,0.0070548906338174,-0.0539527202594385,-0.090259723644647,-0.0517975130497419,0.0006465092420569,0.0866769306572223,1.80535206081235,liquidity__2021-02-25,liquidity_state,,,,,,,
2021-02-26,-0.0203158364346407,0.0034179329476415,-0.0172181391354407,-0.0269715206654713,0.0027214127274461,0.0031612148375518,-0.0234770512721926,-0.741044478364653,liquidity__2021-02-26,liquidity_state,,,,,,,
2021-02-27,-0.0486164080018838,0.0070127618493032,-0.0025273543907342,0.0107101206634566,0.0330498904976757,0.0051665800189499,-0.0537829880208338,-1.43767661013743,liquidity__2021-02-27,liquidity_state,,,,,,,
2021-02-28,0.0108369497249114,0.0021558809790569,-0.0205047870762325,-0.0266262222735945,-0.0313400635582219,0.000968124286292,0.0098688254386193,0.0324538845584813,liquidity__2021-02-28,liquidity_state,,,,,,,
2021-03-01,-0.0282640619155607,0.0179571751644403,0.0922791629503799,0.0996944729425415,0.0780982896165767,0.0023780382961014,-0.0306421002116622,-0.901535567338595,liquidity__2021-03-01,liquidity_state,,,,,,,
2021-03-02,0.0819319397711062,0.008049947424169,-0.0230355241712576,-0.0540907372287354,-0.0108874440578504,0.0018826203182266,0.0800493194528796,1.64838059359329,liquidity__2021-03-02,liquidity_state,,,,,,,
2021-03-03,0.0111560658089935,0.0272644426588329,0.0384610738741351,0.0527901241452513,0.0276500280558736,0.0022379236587824,0.008918142150211,0.0067233976748795,liquidity__2021-03-03,liquidity_state,,,,,,,
2021-03-04,0.047538518982968,-0.0021172811179184,-0.040953490521062,-0.0192559140653854,-0.0189298943612357,0.003997404430147,0.0435411145528209,0.803804494158406,liquidity__2021-03-04,liquidity_state,,,,,,,
2021-03-05,-0.0139235734980012,0.0018892616959789,0.0083881178320321,-0.0064435021386275,0.0086568059106966,0.0018438221249351,-0.0157673956229364,-0.564012337277387,liquidity__2021-03-05,liquidity_state,,,,,,,
2021-03-06,-0.019004135811123,0.0069347172478124,0.0023381639347555,0.076431784526263,0.0047372426135403,0.0046074101272231,-0.0236115459383462,-0.7418628616386,liquidity__2021-03-06,liquidity_state,,,,,,,
2021-03-07,0.0306391068744745,0.004405949179528,0.04213273867963,0.0452446137595288,0.0333621079901576,0.0020915535932561,0.0285475532812183,0.45905969217676,liquidity__2021-03-07,liquidity_state,,,,,,,
2021-03-08,-0.0271822315040673,-0.0016543481096604,0.0273055526643073,0.0601474409576328,0.0224865426697924,0.0031121745597475,-0.0302944060638148,-0.8923103452842,liquidity__2021-03-08,liquidity_state,,,,,,,
2021-03-09,0.0258110058296914,-0.0035783998766447,0.0471088999824829,0.0205571144564809,0.0676119576914473,0.0034101281536077,0.0224008776760836,0.316168694223883,liquidity__2021-03-09,liquidity_state,,,,,,,
2021-03-10,0.0488706947887749,0.0232729941834577,0.0171617272776565,-0.041574936073415,-0.0281927326329452,-0.0027382469282021,0.0516089417169771,0.987844008499667,liquidity__2021-03-10,liquidity_state,,,,,,,
2021-03-11,-0.0003299389410216,0.0092413607009653,0.0342462984087604,0.017583555043581,0.0193940353827315,0.0009618528416295,-0.0012917917826511,-0.241441956479343,liquidity__2021-03-11,liquidity_state,,,,,,,
2021-03-12,0.0116432090889411,0.0008119448932006,-0.0102533863860916,-0.0341562768396457,-0.0209095480579364,0.0005602193379632,0.0110829897509779,0.0460083098479996,liquidity__2021-03-12,liquidity_state,,,,,,,
2021-03-13,0.0274144867305957,0.0056206778423231,0.0665137702395757,0.0842452357657981,0.0482786385643159,0.0021043248398571,0.0253101618907385,0.394840670148392,liquidity__2021-03-13,liquidity_state,,,,,,,
2021-03-14,0.0573208391582121,-0.0001162624947497,-0.0365882437363236,-0.0389048819214839,-0.0294275049600223,0.0022293897729956,0.0550914493852164,1.16579972621953,liquidity__2021-03-14,liquidity_state,,,,,,,
2021-03-15,-0.0089073120847942,0.0190658339366507,-0.0583402221460094,-0.0296789931738521,-0.0187141296170665,0.0053102387102635,-0.0142175507950578,-0.643258246845642,liquidity__2021-03-15,liquidity_state,,,,,,,
2021-03-16,-0.0351253044443496,0.0109370433155505,0.0226053499034933,0.0063160023061321,0.037713705010038,0.0030500818675251,-0.0381753863118748,-1.26937610199676,liquidity__2021-03-16,liquidity_state,,,,,,,
2021-03-17,0.01100886790773,5.18967790519298e-05,0.0343961186033841,0.0097702245179744,0.0375431912651081,0.0020493371051486,0.0089595308025814,-0.052541628655815,liquidity__2021-03-17,liquidity_state,,,,,,,
2021-03-18,0.0173410609646325,0.0040993381511533,-0.0215975556690964,-0.0264071701655428,-0.019075317038542,0.0019789506606395,0.015362110303993,0.126539301468675,liquidity__2021-03-18,liquidity_state,,,,,,,
2021-03-19,0.0115942975712038,0.004112167994446,0.0069089835166629,0.0187752183634204,0.0290548849786347,0.0042409471995835,0.0073533503716202,-0.0923909837622225,liquidity__2021-03-19,liquidity_state,,,,,,,
2021-03-20,0.0181726747137674,0.0037538055523036,0.0007752563663316,-0.0022994274213417,-0.004755194785698,0.0016860200418004,0.0164866546719669,0.160105831099654,liquidity__2021-03-20,liquidity_state,,,,,,,
2021-03-21,0.0303771613624733,0.0190592955326068,-0.012529543992569,-0.0121885879853227,0.0046866784884471,0.0033161434183111,0.0270610179441621,0.458978432017957,liquidity__2021-03-21,liquidity_state,,,,,,,
2021-03-22,-0.0354171126232217,0.0022081461550875,-0.0586369107020772,-0.0589677603408987,-0.0349768937418418,0.0032596882648008,-0.0386768008880225,-1.36023980935631,liquidity__2021-03-22,liquidity_state,,,,,,,
2021-03-23,-0.0076705198555444,0.0051070554934966,0.0046101625392953,-0.0079957182880248,0.0023584485143679,0.0016833261042729,-0.0093538459598174,-0.549682449715335,liquidity__2021-03-23,liquidity_state,,,,,,,
2021-03-24,-0.0336700775747083,-0.0002972929155049,-0.0381225319066534,-0.0513690490053316,-0.0548015201001846,0.0001284917309698,-0.0337985693056781,-1.22430857701953,liquidity__2021-03-24,liquidity_state,,,,,,,
2021-03-25,-0.0069149130800205,0.0009332861308593,-0.0191361782094397,0.0014140068879537,-0.0003529915839486,0.0039659758872381,-0.0108808889672587,-0.586418212851922,liquidity__2021-03-25,liquidity_state,,,,,,,
2021-03-26,-0.0326624022541715,0.0033123034197828,0.0697800685226788,0.0686334008290164,0.0790558698430495,0.0035984640389385,-0.03626086629311,-1.28655025461879,liquidity__2021-03-26,liquidity_state,,,,,,,
2021-03-27,0.0523851324071707,0.0201753718417059,0.0145816354533057,0.0081086106220356,0.002655332927933,0.001265850993064,0.0511192814141066,1.13146548115388,liquidity__2021-03-27,liquidity_state,,,,,,,
2021-03-28,0.0110654930102498,0.0036230300105764,-0.0011233223918694,-0.0154109182344584,0.0089440201764006,0.0024762832562821,0.0085892097539677,-0.0463891732133082,liquidity__2021-03-28,liquidity_state,,,,,,,
2021-03-29,0.019234984034167,0.002031894651008,0.0328197616980219,0.0739735459265773,0.0312012827684747,0.0036588167490978,0.0155761672850692,0.143942052547148,liquidity__2021-03-29,liquidity_state,,,,,,,
2021-03-30,0.0495575219182065,-0.0027054373961341,0.0200077363078339,0.0138350979575694,0.0216903788431573,0.0023369835769016,0.0472205383413049,1.01621915023258,liquidity__2021-03-30,liquidity_state,,,,,,,
2021-03-31,0.0476371330215173,0.0042343204152821,-0.0003921883650814,0.0415254686009918,0.0143662612053781,0.0045197191560698,0.0431174138654474,0.899863169758185,liquidity__2021-03-31,liquidity_state,,,,,,,
2021-04-01,0.0037107108187264,0.0173949927595061,-0.0010447440568928,0.0246567036428562,0.0188646480956578,0.0044041671287778,-0.0006934563100513,-0.310736389835727,liquidity__2021-04-01,liquidity_state,,,,,,,
2021-04-02,0.0452212584274712,0.0017142566182819,0.004340528050271,0.0810997359769008,0.0350984624928969,0.0067977421847517,0.0384235162427194,0.768346790851749,liquidity__2021-04-02,liquidity_state,,,,,,,
2021-04-03,0.0443685408644185,0.0392895361388632,-0.0328713359023141,-0.0605750782577159,-0.0326084834267348,0.000999359813843,0.0433691810505755,0.902735560562194,liquidity__2021-04-03,liquidity_state,,,,,,,
2021-04-04,0.0766109032993896,0.0054353248576042,0.020041361685978,0.0331642095187927,0.0696771237433005,0.0064482123025259,0.0701626909968637,1.63711514060273,liquidity__2021-04-04,liquidity_state,,,,,,,
2021-04-05,0.0249032648625125,0.0046931164324206,0.015591831252129,0.0147810136446376,0.0465611230013856,0.0046056049599243,0.0202976599025881,0.260463104794828,liquidity__2021-04-05,liquidity_state,,,,,,,
2021-04-06,0.041774248060733,0.0190496134315801,-0.0192533827029955,0.0023889010209527,0.0285981034342946,0.006137755304254,0.035636492756479,0.680275209646054,liquidity__2021-04-06,liquidity_state,,,,,,,
2021-04-07,0.0113743856910311,-9.49031751460438e-05,-0.036201990414245,-0.0732653573057709,-0.0688984448245584,-0.0017456785677507,0.0131200642587819,0.0615466324421672,liquidity__2021-04-07,liquidity_state,,,,,,,
2021-04-08,-0.0629170527162159,0.0099120748960075,0.0375518332984868,0.0579210149538909,0.0664419999188937,0.0053325845251781,-0.0682496372413941,-2.16697223222325,liquidity__2021-04-08,liquidity_state,,,,,,,
2021-04-09,0.0362614392179736,0.0066295007406509,0.0005206309077188,-0.0068303295916818,0.0070214022964094,0.0024404586078407,0.033820980610133,0.637838830876482,liquidity__2021-04-09,liquidity_state,,,,,,,
2021-04-10,0.0320638399364306,0.0055651351949492,0.0286409616025995,0.0326418739725165,0.0456214680067113,0.003864850493024,0.0281989894434066,0.481098676314034,liquidity__2021-04-10,liquidity_state,,,,,,,
2021-04-11,0.0223284118310119,0.0017175842606782,0.0032114099135949,0.0076047671706565,0.0236294598672622,0.0038480841243428,0.018480327706669,0.207981035191682,liquidity__2021-04-11,liquidity_state,,,,,,,
2021-04-12,0.0004986113142599,0.0143839374912318,-0.0021568074215547,-0.0060411541828839,0.0272813458775403,0.0042038680762732,-0.0037052567620133,-0.407020723539382,liquidity__2021-04-12,liquidity_state,,,,,,,
2021-04-13,0.0167210767383636,-0.0001909099547781,0.0600835331932608,0.0727310750585994,0.0477130091335063,0.0023120410323459,0.0144090357060177,0.0940166061738175,liquidity__2021-04-13,liquidity_state,,,,,,,
2021-04-14,0.0430827237799285,0.035644360898182,-0.0099018730182827,0.0560585379641756,0.0230348567492769,0.0064757185147389,0.0366070052651895,0.706550847572175,liquidity__2021-04-14,liquidity_state,,,,,,,
2021-04-15,0.0555991024642175,0.0057060038105056,0.0043450551008152,0.0342921120729844,0.0347975810903876,0.0053677902696902,0.0502313121945273,1.07986735047178,liquidity__2021-04-15,liquidity_state,,,,,,,
2021-04-16,0.0226339702552956,0.0091122511897481,-0.0290957646510535,-0.0369765260501085,0.022901920330078,0.0054463358596668,0.0171876343956288,0.175629321702015,liquidity__2021-04-16,liquidity_state,,,,,,,
2021-04-17,-0.0004395865518382,0.0287544984162977,-0.022417902107021,-0.0449912262613736,-0.0273795478888843,0.0008847337473585,-0.0013243202991968,-0.355834729364393,liquidity__2021-04-17,liquidity_state,,,,,,,
2021-04-18,0.0040989325976923,0.0071146786953981,-0.0655370803291309,-0.0346384806727018,-0.0481105113460174,0.0036632889706067,0.0004356436270856,-0.305190338338114,liquidity__2021-04-18,liquidity_state,,,,,,,
2021-04-19,-0.0889969200188858,0.0391342260969942,-0.010099390538155,-0.0349706423415919,-0.0256822196833788,0.0001700682850993,-0.0891669883039851,-2.81448033972835,liquidity__2021-04-19,liquidity_state,,,,,,,
2021-04-20,0.0191532188048953,0.0037139045659984,0.0143491934657458,0.0755405642631146,0.0332599323887486,0.0055682328298921,0.0135849859750032,0.079517677812164,liquidity__2021-04-20,liquidity_state,,,,,,,
2021-04-21,0.0131738600651268,0.0089983229849934,-0.0486077313109643,0.0106768901366587,-0.0443006563393524,0.0037383327406762,0.0094355273244504,-0.0402014461998282,liquidity__2021-04-21,liquidity_state,,,,,,,
2021-04-22,0.0084531375590835,0.0060496432022212,-0.0397167745074167,0.0174386746079547,-0.0603175083946219,0.0019388807810439,0.0065142567780395,-0.125802285419873,liquidity__2021-04-22,liquidity_state,,,,,,,
2021-04-23,0.0266719052469426,0.000532662555198,-0.0105157366679158,-0.012543562021377,0.0022568993182687,0.0029400536470099,0.0237318515999327,0.362203945925348,liquidity__2021-04-23,liquidity_state,,,,,,,
2021-04-24,-0.0213679726206806,0.0018936499027439,-0.0213247450513769,-0.0671429213649226,-0.0505328511677376,-0.0015872869773034,-0.0197806856433771,-0.865204535679849,liquidity__2021-04-24,liquidity_state,,,,,,,
2021-04-25,-0.0148144685895417,0.0038063255167202,-0.0194630014512889,0.0473291579933024,0.0051958216992176,0.0057853390992203,-0.020599807688762,-0.884678191635951,liquidity__2021-04-25,liquidity_state,,,,,,,
2021-04-26,0.0408534151102451,0.0027471668263743,0.0956185471345261,0.0874504081814091,0.108322265848305,0.0039259330701778,0.0369274820400672,0.737021276393115,liquidity__2021-04-26,liquidity_state,,,,,,,
2021-04-27,0.0876953764766704,0.0058181878784964,0.0184859721487687,0.0512154394120934,0.0452059580939803,0.0053332595540687,0.0823621169226016,2.0016879247893,liquidity__2021-04-27,liquidity_state,,,,,,,
2021-04-28,0.0346232244640525,0.0035116295073294,-0.0030933214674515,0.0303733243493918,0.0028654901889027,0.0035878015379358,0.0310354229261166,0.559660384778566,liquidity__2021-04-28,liquidity_state,,,,,,,
2021-04-29,0.0216291039009739,0.0057096565410219,-0.0241129529053676,0.0028968720715276,0.0031157678128934,0.0047269034702805,0.0169022004306934,0.163371575764132,liquidity__2021-04-29,liquidity_state,,,,,,,
2021-04-30,-0.0116615903637225,-0.0058732674732766,0.0747476321286733,0.0058026885833131,0.0589613141510057,-0.0002302994896927,-0.0114312908740298,-0.626954866361422,liquidity__2021-04-30,liquidity_state,,,,,,,
2021-05-01,0.0217993319992154,0.0162495013211554,0.0016900725002777,0.0603878252592098,0.0256524463486656,0.0057249819218632,0.0160743500773521,0.143691819434301,liquidity__2021-05-01,liquidity_state,,,,,,,
2021-05-02,0.0373185089401886,0.0066646350869206,-0.0213162249134182,0.0013882183410647,-0.0141518481925971,0.0031511318681918,0.0341673770719968,0.650888353057295,liquidity__2021-05-02,liquidity_state,,,,,,,
2021-05-03,0.0101377431111516,0.0153853854804709,0.0101118358494698,0.15081796899435,0.0406886095942021,0.0087710404896028,0.0013667026215487,-0.270942901039305,liquidity__2021-05-03,liquidity_state,,,,,,,
2021-05-04,0.0483735514234986,0.0001306829566587,-0.0716035571969478,-0.0570852697064232,-0.0436792955786238,0.0038765071178536,0.044497044305645,0.938410385060195,liquidity__2021-05-04,liquidity_state,,,,,,,
2021-05-05,0.0084279524215915,0.0283382950326647,0.0770691565216541,0.0847798100654842,0.120441246473579,0.0064559580606589,0.0019719943609326,-0.260584758090218,liquidity__2021-05-05,liquidity_state,,,,,,,
2021-05-06,0.0180085314365144,0.0066879089599112,-0.0187392593494113,-0.0102360204382794,0.0086957409558721,0.0042451688748339,0.0137633625616805,0.0710634495892211,liquidity__2021-05-06,liquidity_state,,,,,,,
2021-05-07,0.0227128653842001,0.0055303483232656,0.0163157864176569,-0.002692567115444,-0.0111468105893167,-0.0002357511177461,0.0229486165019463,0.333239653593963,liquidity__2021-05-07,liquidity_state,,,,,,,
2021-05-08,-0.0031569867469656,-0.0004762708048886,0.02715605219168,0.117024190127626,0.0017996237313013,0.0033130152351545,-0.0064700019821201,-0.499895313637541,liquidity__2021-05-08,liquidity_state,,,,,,,
2021-05-09,0.0298906090200717,0.0061237208534237,-0.0109434677816367,0.0032814190880969,0.0033672791877634,0.0035372393517944,0.0263533696682772,0.427595586505403,liquidity__2021-05-09,liquidity_state,,,,,,,
2021-05-10,0.0103410670873814,0.0149312159131014,-0.0427978861362046,0.0053882770723756,-0.0835997653671647,0.0001477009341993,0.010193366153182,-0.029713964973605,liquidity__2021-05-10,liquidity_state,,,,,,,
2021-05-11,0.0019720309483801,0.0140232937933185,0.0155771539963627,0.0562680071235224,0.0800849542102782,0.0083226597241476,-0.0063506287757674,-0.505400426662785,liquidity__2021-05-11,liquidity_state,,,,,,,
2021-05-12,-0.0035027080411325,0.0118085744045118,-0.135835714017478,-0.088668380400815,-0.0823318628854892,0.006030095086193,-0.0095328031273255,-0.598835523375734,liquidity__2021-05-12,liquidity_state,,,,,,,
2021-05-13,-0.0087250123207951,0.0016337586276513,0.0034287109808914,-0.0273590669688719,0.0612963737121959,0.005550029518192,-0.0142750418389871,-0.733391680293118,liquidity__2021-05-13,liquidity_state,,,,,,,
2021-05-14,-0.0491882976513551,-0.0015287823475951,0.0039133370022508,0.0922403662579896,0.057595330837195,0.0088286766997972,-0.0580169743511524,-1.96379521047175,liquidity__2021-05-14,liquidity_state,,,,,,,
2021-05-15,0.0337006443648384,0.0046562472647515,-0.0638232843025861,-0.111051732738394,-0.0557393660584289,0.0006453205453556,0.0330553238194828,0.616631943439559,liquidity__2021-05-15,liquidity_state,,,,,,,
2021-05-16,-0.0293882774818037,0.0023500665394173,-0.0071630753957645,-0.018068958059283,0.0083273718710401,0.0029103565136442,-0.0322986339954479,-1.23285844536452,liquidity__2021-05-16,liquidity_state,,,,,,,
2021-05-17,-0.0183455671965262,0.0003501767342264,-0.0649783799104711,-0.0881899383745601,-0.0637193521711623,0.0008521464867094,-0.0191977136832357,-0.859212906824109,liquidity__2021-05-17,liquidity_state,,,,,,,
2021-05-18,-0.0355382257385202,0.0144562049343193,-0.0155518317037391,0.0283106770899,0.0224822655055767,0.0061240223819874,-0.0416622481205076,-1.4853997405403,liquidity__2021-05-18,liquidity_state,,,,,,,
2021-05-19,-0.0778156275278334,0.0007617643789181,-0.154575011444809,-0.323385569181367,-0.345689821671801,-0.0186821274049381,-0.0591335001228953,-1.96150202423281,liquidity__2021-05-19,liquidity_state,,,,,,,
2021-05-20,-0.153870669234966,-0.0071938995367482,0.0998917914321389,0.126627551317134,0.157703660358841,0.0083439546742021,-0.162214623909168,-4.7044151684987,liquidity__2021-05-20,liquidity_state,,,,,,,
2021-05-21,-0.0130793266255864,0.0111184001539861,-0.0839077225080977,-0.129997063009784,-0.129114334920533,-0.0034665669346648,-0.0096127596909215,-0.537780471364382,liquidity__2021-05-21,liquidity_state,,,,,,,
2021-05-22,-0.0413350636200924,0.0246756564703325,0.0051432638002975,-0.0576290235871388,-0.0620467898572201,-0.0046004189163934,-0.0367346447036989,-1.2717101840562,liquidity__2021-05-22,liquidity_state,,,,,,,
2021-05-23,-0.0953142325187741,0.0050529979269846,-0.0774522637872366,-0.0907112647366217,-0.111266695585169,-0.001569160651187,-0.0937450718675871,-2.79160228993916,liquidity__2021-05-23,liquidity_state,,,,,,,
2021-05-24,-0.0410497028017218,0.0127493641766172,0.111965597674486,0.232768001602185,0.198525191033681,0.0134226566671724,-0.0544723594688942,-1.71759889518821,liquidity__2021-05-24,liquidity_state,,,,,,,
2021-05-25,0.101634322535851,0.004890659746394,-0.0121822304265589,0.0215975859545869,-0.006447365950386,0.0034800573625712,0.0981542651732799,2.37760286545146,liquidity__2021-05-25,liquidity_state,,,,,,,
2021-05-26,0.0300285990099987,0.0035807258255893,0.0232368849395268,0.0648147427156243,0.0804377594633685,0.0078961767108199,0.0221324222991787,0.337883376769306,liquidity__2021-05-26,liquidity_state,,,,,,,
2021-05-27,0.0632669814248707,0.0105517232661754,-0.0181346692697808,-0.0514093916095222,-0.0368917120637207,-0.0004053137600575,0.0636722951849283,1.44299695976325,liquidity__2021-05-27,liquidity_state,,,,,,,
2021-05-28,-0.0251859956839056,0.011926904705934,-0.0778530543636311,-0.128800566237381,-0.0842486530040247,-0.0006879978502839,-0.0244979978336217,-0.91108056016597,liquidity__2021-05-28,liquidity_state,,,,,,,
2021-05-29,-0.0674629678932632,0.0041328631894899,-0.030532355561034,-0.0575071028342471,-0.0500662418679063,-0.0004104085369049,-0.0670525593563582,-2.03341066937251,liquidity__2021-05-29,liquidity_state,,,,,,,
2021-05-30,-0.0158164575964399,-0.0006063568023932,0.0294127554434258,0.0459660487237032,0.0442171735403534,0.0040905943874161,-0.019907051983856,-0.777074020660582,liquidity__2021-05-30,liquidity_state,,,,,,,
2021-05-31,0.0546992537021858,-0.0194037160479965,0.0447939468624394,0.126496233224824,0.0752561848722237,0.0073726703772776,0.0473265833249081,1.0100394169265,liquidity__2021-05-31,liquidity_state,,,,,,,
2021-06-01,0.0397492699649824,0.0322621697344481,-0.0158003062965317,-0.0272253965368758,-0.0028305226991598,0.0026134852215412,0.0371357847434411,0.736274493651815,liquidity__2021-06-01,liquidity_state,,,,,,,
2021-06-02,0.0176212809136764,0.0030304179714058,0.0238671099421648,0.0268680465565518,0.045806150633851,0.0041469942732481,0.0134742866404283,0.105919093673554,liquidity__2021-06-02,liquidity_state,,,,,,,
2021-06-03,0.0466559353370535,0.0028185824077446,0.0435014561116187,0.0542850488510673,0.0356048183999391,0.0024017322111091,0.0442542031259444,0.921767481626752,liquidity__2021-06-03,liquidity_state,,,,,,,
2021-06-04,0.0136224283280839,0.003623588131969,-0.0628995502071028,-0.0598748650865089,-0.065626828978715,0.0013705216842471,0.0122519066438368,0.0705811842793031,liquidity__2021-06-04,liquidity_state,,,,,,,
2021-06-05,-0.0323628543728383,0.0027004334134304,-0.0364934041956069,-0.0232206208414301,-0.0236407440837461,0.0031182570704937,-0.035481111443332,-1.19162386333025,liquidity__2021-06-05,liquidity_state,,,,,,,
2021-06-06,0.0071762049122554,0.0017097291697183,0.007730527593468,0.0310640403685918,0.0138338543585341,0.0034136541714379,0.0037625507408175,-0.151047222532697,liquidity__2021-06-06,liquidity_state,,,,,,,
2021-06-07,0.0064680654975752,0.002869729095007,-0.0644713651738851,-0.0448619423676515,-0.0682538072489791,0.0017740806387828,0.0046939848587924,-0.12646899037237,liquidity__2021-06-07,liquidity_state,,,,,,,
2021-06-08,-0.0064030382876474,-0.0005807907077404,-0.0048141607339786,-0.0328737626167515,-0.0024506690708427,0.0014540959739042,-0.0078571342615516,-0.459528456594481,liquidity__2021-06-08,liquidity_state,,,,,,,
2021-06-09,-0.0195481128341974,0.002962878258458,0.112792677688063,0.0395828857334299,0.0451643944464131,-0.0037541541440721,-0.0157939586901253,-0.667443828993964,liquidity__2021-06-09,liquidity_state,,,,,,,
2021-06-10,0.0178939713447157,0.0026023845069111,-0.0190396375669657,-0.0545049436037157,-0.0445028987415803,-0.000974967965225,0.0188689393099408,0.249128932564214,liquidity__2021-06-10,liquidity_state,,,,,,,
2021-06-11,-0.0202514500950564,-0.0033285975315386,0.01734718890288,-0.0485390145783882,-0.0356641146882595,-0.0035149183230863,-0.01673653177197,-0.696864631125878,liquidity__2021-06-11,liquidity_state,,,,,,,
2021-06-12,-0.0238341782671547,-3.01071085218041e-05,-0.0487701089170276,0.0069616951614692,-0.0061991629239948,0.0064470033398079,-0.0302811816069627,-1.0505369662316,liquidity__2021-06-12,liquidity_state,,,,,,,
2021-06-13,0.0078808035925739,0.0007927867174224,0.0929798832519424,0.0566419298460819,0.0530166780553039,-0.000828045101711,0.008708848694285,-0.0178950754072039,liquidity__2021-06-13,liquidity_state,,,,,,,
2021-06-14,0.0486283630968529,0.0018164828034521,0.0378607805316626,0.0283015974577294,0.0258422750040488,0.0014241168531134,0.0472042462437395,0.999409716871521,liquidity__2021-06-14,liquidity_state,,,,,,,
2021-06-15,0.0289908088020141,2.095758665277e-05,-0.0092090642009932,-0.0147102000934058,-0.0129593515928512,0.0016335436323555,0.0273572651696585,0.469156697697856,liquidity__2021-06-15,liquidity_state,,,,,,,
2021-06-16,-0.0201249058058259,0.0010428698138156,-0.0461839416823331,-0.0717922310475787,-0.0367410993839208,0.001590814293641,-0.021715720099467,-0.832835982605553,liquidity__2021-06-16,liquidity_state,,,,,,,
2021-06-17,-0.0355886186799239,-0.0022477553716804,-0.0065621305246779,0.0023304050963712,0.0061005454882163,0.0033040947608075,-0.0388927134407314,-1.28521721469488,liquidity__2021-06-17,liquidity_state,,,,,,,
2021-06-18,-0.0212131759645402,-0.0019496643408061,-0.0611741949185181,-0.0601067292278366,-0.0447039169103967,0.0027442618996869,-0.0239574378642272,-0.882062436681822,liquidity__2021-06-18,liquidity_state,,,,,,,
2021-06-19,-0.0202081844952389,0.0039701166825807,-0.0097370020115832,-0.0318445683555844,-0.0173235484723477,0.0008459292076659,-0.0210541137029048,-0.800046005185168,liquidity__2021-06-19,liquidity_state,,,,,,,
2021-06-20,-0.0092701126328975,0.0017238721759405,0.0032753133662293,0.0357664701145932,0.0102706351903308,0.0037053283729087,-0.0129754410058063,-0.579483957070981,liquidity__2021-06-20,liquidity_state,,,,,,,
2021-06-21,-0.0590920157466677,0.0028966685004334,-0.11850493753532,-0.173399579913808,-0.19307522466211,-0.0062765172319672,-0.0528154985147005,-1.64059592014034,liquidity__2021-06-21,liquidity_state,,,,,,,
2021-06-22,-0.0812652095274231,0.0034549741138754,0.02807925076951,-0.0031759839889886,-0.0207015636590668,-0.0020433040900105,-0.0792219054374125,-2.32610825512584,liquidity__2021-06-22,liquidity_state,,,,,,,
2021-06-23,-0.0021801430826897,0.0010843409945451,0.035089631623233,0.0458526633004803,0.0800411850138047,0.0061990493249417,-0.0083791924076315,-0.434480721925169,liquidity__2021-06-23,liquidity_state,,,,,,,
2021-06-24,0.0352010425574427,0.0024221396491164,0.028495232651494,0.0103660428782133,0.0344405986223322,0.0023853482524564,0.0328156943049863,0.665060966875073,liquidity__2021-06-24,liquidity_state,,,,,,,
2021-06-25,0.0023338577253042,0.0034419835784156,-0.0929683443663301,-0.094928225687605,-0.0733422088025719,0.0025334353421676,-0.0001995776168633,-0.213635014291047,liquidity__2021-06-25,liquidity_state,,,,,,,
2021-06-26,-0.0308777916286935,0.0007223353560874,0.0219704057716825,0.0113474786746881,0.0051102939568323,0.0008596483412425,-0.0317374399699361,-1.05156791991114,liquidity__2021-06-26,liquidity_state,,,,,,,
2021-06-27,0.010503970357103,0.0014601466453605,0.0727673953816748,0.0810374200228789,0.0457514009205049,0.0012425943839795,0.0092613759731234,0.0420379537173956,liquidity__2021-06-27,liquidity_state,,,,,,,
2021-06-28,0.0268280017552733,0.0022590419561545,-0.00625063120175,0.0494382045974051,0.015380417485332,0.0053749073370139,0.0214530944182594,0.366029806329382,liquidity__2021-06-28,liquidity_state,,,,,,,
2021-06-29,0.0306240855409783,-0.0052130366638039,0.0400711538566014,0.038208075932423,0.0406818085431802,0.0026098607894749,0.0280142247515034,0.537941743137873,liquidity__2021-06-29,liquidity_state,,,,,,,
2021-06-30,0.0278613080148595,0.0007896881249074,-0.0242736106256665,0.0496393450191182,0.0024645785544947,0.0060992580683987,0.0217620499464608,0.370018771030176,liquidity__2021-06-30,liquidity_state,,,,,,,
2021-07-01,-0.0031254121519523,6.84740762793012e-05,-0.0449231733953663,-0.0773408846812735,-0.0455159293706089,0.0006611367949111,-0.0037865489468635,-0.312379576697182,liquidity__2021-07-01,liquidity_state,,,,,,,
2021-07-02,-0.002808276026144,0.0033199587139591,0.0084329802066438,0.0227433820463876,0.0104090874778962,0.0028462551126134,-0.0056545311387575,-0.359446726175905,liquidity__2021-07-02,liquidity_state,,,,,,,
2021-07-03,0.0016712339650908,0.0054259900097051,0.0257313646225299,0.0329965663717822,0.0218145730210502,0.0023921447552542,-0.0007209107901634,-0.225815451385675,liquidity__2021-07-03,liquidity_state,,,,,,,
2021-07-04,0.0331553499824899,0.0007660107812768,0.0173936564746207,0.0418880977760505,0.0206041680381865,0.0033425997572765,0.0298127502252134,0.588804158902037,liquidity__2021-07-04,liquidity_state,,,,,,,
2021-07-05,0.0150761898165896,0.0008144950309585,-0.0462386681498135,-0.0557303771236901,-0.0297047372637067,0.0025968931049641,0.0124792967116255,0.125874876469204,liquidity__2021-07-05,liquidity_state,,,,,,,
2021-07-06,-0.0031973137111798,0.0011869933700019,0.0158865612352344,0.055910349476135,0.025972462721743,0.0042990536856212,-0.0074963673968011,-0.406225872218085,liquidity__2021-07-06,liquidity_state,,,,,,,
2021-07-07,0.0384244173346246,0.0036125380024998,-0.0105562495246279,-0.0025805016110949,0.0012527293360129,0.0031694332898638,0.0352549840447608,0.736374987159965,liquidity__2021-07-07,liquidity_state,,,,,,,
2021-07-08,0.0013409734203051,0.0011301806150676,-0.029854503172265,-0.0906878307015928,-0.0536350866791864,-0.0017336127292139,0.003074586149519,-0.123674179399351,liquidity__2021-07-08,liquidity_state,,,,,,,
2021-07-09,-0.0232903083393765,0.001354376217094,0.027590797189033,0.0139143329615337,0.0215005604497662,0.0016230544053139,-0.0249133627446905,-0.866523145235623,liquidity__2021-07-09,liquidity_state,,,,,,,
2021-07-10,-0.0047482017194013,0.0001812165796089,-0.0084691542711983,-0.0163995519114497,-0.0129982493302059,0.0015113556785498,-0.0062595573979512,-0.367158278591672,liquidity__2021-07-10,liquidity_state,,,,,,,
2021-07-11,0.0116341619293792,0.0001365913938506,0.0220163074747664,0.0138867410457415,0.0135877983144503,0.0015559275625229,0.0100782343668562,0.0691904330839122,liquidity__2021-07-11,liquidity_state,,,,,,,
2021-07-12,-0.0035402576738974,0.000437557151045,-0.034845254258018,-0.0525077448367952,-0.0236136942635916,0.0020870136494334,-0.0056272713233308,-0.349508632701972,liquidity__2021-07-12,liquidity_state,,,,,,,
2021-07-13,-0.0234675560766604,0.0015666445794906,-0.0107106366751069,-0.0455676573210964,-0.0128613938397102,0.0008520295025196,-0.02431958557918,-0.846340877311108,liquidity__2021-07-13,liquidity_state,,,,,,,
2021-07-14,-0.0153412525785548,-0.0020659581099451,0.0027339957769552,0.027436861238713,0.002582119642259,0.0029389256182733,-0.0182801781968281,-0.682748707355396,liquidity__2021-07-14,liquidity_state,,,,,,,
2021-07-15,-0.0127219599415653,-0.0002344401820195,-0.0289979593998115,-0.0383027714730755,-0.0083463747945984,0.0030966507132784,-0.0158186106548438,-0.617718592566292,liquidity__2021-07-15,liquidity_state,,,,,,,
2021-07-16,-0.0193473419088299,0.0063582547905767,-0.0148756000414654,-0.0220910302480348,-0.0403051991916179,-7.69695554479837e-05,-0.0192703723533819,-0.707043224942904,liquidity__2021-07-16,liquidity_state,,,,,,,
2021-07-17,-0.0074055401703034,-0.0030062594648185,0.004234812470834,0.0122644485829904,0.0098271302792341,0.0028771635687572,-0.0102827037390607,-0.466376486387481,liquidity__2021-07-17,liquidity_state,,,,,,,
2021-07-18,0.0130337120399489,0.0018532320891253,0.0082591806395413,-0.0039327011286145,0.0060520021757817,0.0017394706678055,0.0112942413721433,0.111965597202276,liquidity__2021-07-18,liquidity_state,,,,,,,
2021-07-19,-0.0136968177501586,0.0011930585261374,-0.0306926713304172,-0.0402249376338206,-0.0307294958734978,0.0015477941556745,-0.0152446119058331,-0.59574081810803,liquidity__2021-07-19,liquidity_state,,,,,,,
2021-07-20,-0.0292414375987775,-0.0007240116923661,-0.0341756129065676,-0.0175225283658165,-0.0474288348715959,0.0013234419786042,-0.0305648795773818,-1.00077356238973,liquidity__2021-07-20,liquidity_state,,,,,,,
2021-07-21,0.0027437775048433,8.41292420510342e-05,0.0753669511563473,0.11054968326552,0.0807631426379842,0.0044670254409291,-0.0017232479360858,-0.223061238554447,liquidity__2021-07-21,liquidity_state,,,,,,,
2021-07-22,0.0500819051161052,0.0023233749687889,0.0048674910875288,0.0145156314158825,0.015006246586946,0.0032675805563877,0.0468143245597175,1.08065829979405,liquidity__2021-07-22,liquidity_state,,,,,,,
2021-07-23,0.0101747560649592,0.0015288442415766,0.0409293220134703,0.0481245552021949,0.0286194887037041,0.0019404153108383,0.0082343407541208,0.0464067302684389,liquidity__2021-07-23,liquidity_state,,,,,,,
2021-07-24,0.0248157079458871,0.0022321555151627,0.0186413668282839,0.028347239755476,0.0144212020274743,0.0023646613822182,0.0224510465636688,0.433445667545956,liquidity__2021-07-24,liquidity_state,,,,,,,
2021-07-25,0.018428347058677,0.0019760046417864,0.0324071381254978,0.0026108597195859,0.0043128547207089,-0.0004283919883374,0.0188567390470145,0.335614725120451,liquidity__2021-07-25,liquidity_state,,,,,,,
2021-07-26,0.0170919658700193,0.0024139658087243,0.0503491615823233,0.0162720422068707,0.0074618389295153,-0.0014475560113116,0.0185395218813309,0.326272844381328,liquidity__2021-07-26,liquidity_state,,,,,,,
2021-07-27,0.0208459369062304,0.0006579930925632,0.0583571176480291,0.0321977264330604,0.0308592934124832,1.23055823561262e-05,0.0208336313238743,0.385375386880637,liquidity__2021-07-27,liquidity_state,,,,,,,
2021-07-28,0.0152019283999785,0.0029345148102457,0.0139038247648884,0.0001223421223972,0.0094520704018492,0.0015889338178407,0.0136129945821377,0.188460920502663,liquidity__2021-07-28,liquidity_state,,,,,,,
2021-07-29,0.005064503078767,0.000969002006073,6.32902431885185e-05,0.0352493623231078,0.0123040005441837,0.004136987391023,0.0009275156877439,-0.154186775168197,liquidity__2021-07-29,liquidity_state,,,,,,,
2021-07-30,0.0153825909208543,-0.000611213795775,0.0532147779952918,0.0327497872402445,0.0196300910325498,-0.0003216008804769,0.0157041918013312,0.246168360054789,liquidity__2021-07-30,liquidity_state,,,,,,,
2021-07-31,0.016243090800014,0.0024431428531102,-0.0175715609453704,0.0278870396778386,0.0136201415945045,0.0056458494936723,0.0105972413063416,0.109467949067827,liquidity__2021-07-31,liquidity_state,,,,,,,
2021-08-01,0.0112388129447787,-0.0005895047924262,-0.0398684140032373,0.0093511082686141,-0.007202534212066,0.0056205041445907,0.0056183088001879,-0.023486455928654,liquidity__2021-08-01,liquidity_state,,,,,,,
2021-08-02,-0.0049517843199851,-0.001086562643163,-0.0178767081149083,0.0200058089079009,0.0045248667538473,0.0047674774996687,-0.0097192618196538,-0.434539729932499,liquidity__2021-08-02,liquidity_state,,,,,,,
2021-08-03,-0.0052046861622159,0.0011786748175204,-0.0246888868674358,-0.0389122265157491,-0.0047628299449051,0.0029430732886845,-0.0081477594509004,-0.394081694107074,liquidity__2021-08-03,liquidity_state,,,,,,,
2021-08-04,0.0048311565401384,0.0001608137052748,0.039121794613326,0.082913887094751,0.0334004761840703,0.0035058629381039,0.0013252936020344,-0.134625822260046,liquidity__2021-08-04,liquidity_state,,,,,,,
2021-08-05,0.0351550543860384,-0.0093164159463654,0.0286520357800928,0.0372269806325356,0.014396435924418,0.0017026495583772,0.0334524048276611,0.735975600364087,liquidity__2021-08-05,liquidity_state,,,,,,,
2021-08-06,0.0224150895440651,0.0013622699818043,0.0472449140910438,0.0223751295543755,0.0128198595763784,-0.0005820398440645,0.0229971293881297,0.454527548449136,liquidity__2021-08-06,liquidity_state,,,,,,,
2021-08-07,0.0253659612660151,0.0021192353884487,0.0397978565089261,0.0887566831073716,0.0552680747549772,0.0052289917490289,0.0201369695169862,0.374224091677773,liquidity__2021-08-07,liquidity_state,,,,,,,
2021-08-08,0.0256009659315133,0.0109170657464261,-0.017774689705421,-0.0481624232058326,-0.0376079770707207,-0.0003937642763872,0.0259947302079006,0.532150210964719,liquidity__2021-08-08,liquidity_state,,,,,,,
2021-08-09,-0.0093430037719599,0.0011332244724364,0.05472693897255,0.0484754803174674,0.0378213556775719,0.0013505602235008,-0.0106935639954608,-0.462749803370172,liquidity__2021-08-09,liquidity_state,,,,,,,
2021-08-10,0.0245267846459605,-0.0019200653110473,-0.0149281869404447,-0.0064143230196442,0.031455799491745,0.0056828771674277,0.0188439074785327,0.340143629942575,liquidity__2021-08-10,liquidity_state,,,,,,,
2021-08-11,-0.0018414513604305,-0.0009838186550474,-0.0014088102624381,0.0062877466012558,0.0480261715257697,0.0060326864954235,-0.0078741378558541,-0.384621094880298,liquidity__2021-08-11,liquidity_state,,,,,,,
2021-08-12,0.0051398873568224,-0.0002457070725476,-0.0246499313651842,-0.0367909373068098,-0.0121931093630323,0.0024561700164089,0.0026837173404135,-0.0993716656268635,liquidity__2021-08-12,liquidity_state,,,,,,,
2021-08-13,0.0048862031963778,0.0011555709934398,0.073913488641109,0.0868505194548668,0.0758218488214659,0.0035252559577857,0.0013609472385921,-0.135115656525736,liquidity__2021-08-13,liquidity_state,,,,,,,
2021-08-14,0.0381052492992318,-0.0007798959777893,-0.0152494622615915,-0.0176137464731685,0.0185182608441465,0.0044233315691736,0.0336819177300581,0.744880827797085,liquidity__2021-08-14,liquidity_state,,,,,,,
2021-08-15,0.002240283926568,0.0092709925492719,-0.0019300657946193,0.0135796110968585,0.0229242418241391,0.0044520062019383,-0.0022117222753702,-0.225082554585978,liquidity__2021-08-15,liquidity_state,,,,,,,
2021-08-16,0.0035262489376286,0.0010033635108506,-0.0236353715807471,-0.050590247054572,-0.0174358372015284,0.0015612827371474,0.0019649662004811,-0.104635327643575,liquidity__2021-08-16,liquidity_state,,,,,,,
2021-08-17,-0.0227325313772972,-0.0010172543132895,-0.0270157666458957,-0.0440043103871641,-0.0352738252118492,0.0007590173660326,-0.0234915487433299,-0.813515825689917,liquidity__2021-08-17,liquidity_state,,,,,,,
2021-08-18,-0.0120847179325345,-0.0007384255251245,0.0006067456096712,0.0012105646169118,0.0251492706520118,0.0040089697379475,-0.0160936876704821,-0.60292171184885,liquidity__2021-08-18,liquidity_state,,,,,,,
2021-08-19,0.014290400079144,0.000160553576805,0.0447409961400052,0.054523279021705,0.0556465127891244,0.0037697203200465,0.0105206797590974,0.140537952845331,liquidity__2021-08-19,liquidity_state,,,,,,,
2021-08-20,0.0323490148450958,-0.000866313532704,0.0537816216483602,0.0315335418649205,0.0345416838642336,0.0006872403494964,0.0316617744955993,0.729320706321283,liquidity__2021-08-20,liquidity_state,,,,,,,
2021-08-21,0.022726985169836,0.0074331182798843,-0.0099137450296691,-0.0185262888266013,-0.0074930994468616,0.001986540238094,0.0207404449317419,0.425889549445061,liquidity__2021-08-21,liquidity_state,,,,,,,
2021-08-22,-0.0048001343092387,0.0012417320889035,0.0084990605334862,0.0045408775459172,0.0127494850600591,0.0024651533022244,-0.0072652876114632,-0.359156927437634,liquidity__2021-08-22,liquidity_state,,,,,,,
2021-08-23,0.0142343929543998,0.0096695882439483,0.0046360797015996,0.0249331470294258,0.0367838383704537,0.0052056811358005,0.0090287118185991,0.0956465187169458,liquidity__2021-08-23,liquidity_state,,,,,,,
2021-08-24,-0.0016009636088867,-0.0173694348238875,-0.0374539533726796,-0.0466133104756299,-0.0580109963704345,-2.67464502980145e-05,-0.0015742171585887,-0.200732214867475,liquidity__2021-08-24,liquidity_state,,,,,,,
2021-08-25,-0.0134166522637678,0.0165187932667834,0.0269438615625823,0.0177614605107408,0.0264107169512187,0.0021601707872453,-0.0155768230510131,-0.590472686660002,liquidity__2021-08-25,liquidity_state,,,,,,,
2021-08-26,-0.0048340735002767,-0.000695294476305,-0.044587053198601,-0.0425436081981925,-0.0545890442670824,0.001008230739011,-0.0058423042392878,-0.31476013815492,liquidity__2021-08-26,liquidity_state,,,,,,,
2021-08-27,-0.0023953240590337,0.0011919739964234,0.0465140923775778,0.0570255774191608,0.0817402474691171,0.0056019651237871,-0.0079972891828208,-0.372662026081503,liquidity__2021-08-27,liquidity_state,,,,,,,
2021-08-28,0.0284206380079191,0.001460133367285,-0.0031840912173226,-0.0086146835187896,-0.0001884730246679,0.002199086791234,0.026221551216685,0.585762915917278,liquidity__2021-08-28,liquidity_state,,,,,,,
2021-08-29,-0.0039474228251847,6.99083509303478e-05,-0.00259548032626,-0.0065726168613196,-0.0107321321044545,0.0014296610120158,-0.0053770838372006,-0.295925136098616,liquidity__2021-08-29,liquidity_state,,,,,,,
2021-08-30,-0.0065168871642882,0.0005201728727897,-0.0375142264589012,0.0013450259252003,-0.011749164284705,0.0048269809243645,-0.0113438680886528,-0.460280521650346,liquidity__2021-08-30,liquidity_state,,,,,,,
2021-08-31,0.0022703770042618,0.0008992338781013,0.0024128694225584,0.0602164614197331,0.0222390122871481,0.005401560367238,-0.0031311833629762,-0.226199910631099,liquidity__2021-08-31,liquidity_state,,,,,,,
2021-09-01,0.0406799269761287,0.0007420076875916,0.0357994219968667,0.109813932433951,0.0527716065931472,0.0060486476474402,0.0346312793286884,0.835890299227791,liquidity__2021-09-01,liquidity_state,,,,,,,
2021-09-02,0.0516904311158939,0.0018624297478488,0.0091098383078449,-0.0108351019103825,0.008385995447977,0.0016249942610442,0.0500654368548496,1.28746352221296,liquidity__2021-09-02,liquidity_state,,,,,,,
2021-09-03,0.0048867111565726,0.0108283652878853,0.0146701896227253,0.0393254377381673,0.0308012316335038,0.0042685818061838,0.0006181293503888,-0.119306593748139,liquidity__2021-09-03,liquidity_state,,,,,,,
2021-09-04,0.0168171674612481,0.0011578385077903,-0.0014429165318521,-0.0133421310848902,0.0147839813981498,0.0029980713560366,0.0138190961052114,0.25222550465777,liquidity__2021-09-04,liquidity_state,,,,,,,
2021-09-05,0.0066867021695387,0.0016738098578166,0.0364570929160735,0.0166481507241727,0.0360466918973295,0.0019550681633403,0.0047316340061983,-0.0074869104783337,liquidity__2021-09-05,liquidity_state,,,,,,,
2021-09-06,0.014159064046531,0.0076521010421792,0.0171565188829117,-0.0061829218369204,0.0171394926001653,0.0016640998031622,0.0124949642433688,0.2067727787819,liquidity__2021-09-06,liquidity_state,,,,,,,
2021-09-07,-0.0412490307533488,0.0171685736816727,-0.116706374242563,-0.133970159748511,-0.131535132219778,-0.0007264870546978,-0.040522543698651,-1.3446784491637,liquidity__2021-09-07,liquidity_state,,,,,,,
2021-09-08,-0.0550514012451231,0.0028633254288479,-0.0177549922971387,0.018487255460677,0.0221151361704415,0.0060056820745664,-0.0610570833196895,-1.93364650337543,liquidity__2021-09-08,liquidity_state,,,,,,,
2021-09-09,0.0098544268888218,0.0029445641921803,0.0074160728899954,-0.0214660447583928,0.0310848135619821,0.0031334941707677,0.0067209327180541,0.0443198945059385,liquidity__2021-09-09,liquidity_state,,,,,,,
2021-09-10,-0.0016783885861428,0.0013206828019889,-0.0339506455229888,-0.0651619184060639,-0.0287301863531688,0.0012469617693358,-0.0029253503554787,-0.236068018271198,liquidity__2021-09-10,liquidity_state,,,,,,,
2021-09-11,-0.0216125701620236,-0.0032508748862731,0.0071617677319899,0.0177451251337377,0.0172474588295941,0.0033172051137973,-0.0249297752758209,-0.875668406631354,liquidity__2021-09-11,liquidity_state,,,,,,,
2021-09-12,0.0267479988956509,0.0011143270037337,0.0186780832293962,0.0413312087542153,0.0174124961087934,0.0029718968028316,0.0237761020928193,0.552841716582903,liquidity__2021-09-12,liquidity_state,,,,,,,
2021-09-13,0.0117099134801819,4.33675898428021e-05,-0.0237137524850439,-0.0355780966656827,-0.043923877972567,6.96554560376524e-05,0.0116402580241443,0.197284123140456,liquidity__2021-09-13,liquidity_state,,,,,,,
2021-09-14,-0.0104771172522113,-0.0010224589492153,0.0474187006950668,0.0446694863454891,0.0266786249444486,0.0010925889033691,-0.0115697061555805,-0.486353403792034,liquidity__2021-09-14,liquidity_state,,,,,,,
2021-09-15,0.0391641370136817,0.0022482810617425,0.0213433447684341,0.0510239721650798,0.0303485121109581,0.0039689313908834,0.0351952056227982,0.886910041608007,liquidity__2021-09-15,liquidity_state,,,,,,,
2021-09-16,0.0172306704822738,0.0008844541864085,-0.0081481172081439,-0.0129367099003552,-0.0221703237103874,0.00091041827188,0.0163202522103937,0.329778190547392,liquidity__2021-09-16,liquidity_state,,,,,,,
2021-09-17,-0.0119290400325944,0.0012545273065924,-0.0095496855240071,-0.0485846737709341,-0.019044777822824,0.0001985195083078,-0.0121275595409023,-0.508536648933515,liquidity__2021-09-17,liquidity_state,,,,,,,
2021-09-18,-0.0068088385551767,0.0025850740175883,0.0210063339995408,0.0106009546092114,0.0278879699117169,0.0026035687736114,-0.0094124073287882,-0.4244132581591,liquidity__2021-09-18,liquidity_state,,,,,,,
2021-09-19,0.0017065895584131,1.45485256979327e-05,-0.022147209356131,-0.0316380142673598,-0.026232892856008,0.0013455835448293,0.0003610060135838,-0.132019144325431,liquidity__2021-09-19,liquidity_state,,,,,,,
2021-09-20,-0.0587189356694857,0.0009495657160698,-0.0939439727143672,-0.111765968254425,-0.111806490689471,-0.000714517203001,-0.0580044184664846,-1.85058560234891,liquidity__2021-09-20,liquidity_state,,,,,,,
2021-09-21,-0.0789195602578374,-0.0026694789145835,-0.0544233290225833,-0.0735140967373296,-0.05032801411798,0.0013017887977688,-0.0802213490556062,-2.48000232741322,liquidity__2021-09-21,liquidity_state,,,,,,,
2021-09-22,0.0222822572524883,0.0026553807464573,0.0672339814138976,0.10694975850144,0.10527691238326,0.0069169531718198,0.0153653040806685,0.323233585947912,liquidity__2021-09-22,liquidity_state,,,,,,,
2021-09-23,0.0525464941716933,0.0035139003426749,0.0298945849807097,0.0243754423484468,0.0331981442268123,0.0025854871266543,0.049961007045039,1.33928351215555,liquidity__2021-09-23,liquidity_state,,,,,,,
2021-09-24,-0.0021626779995322,0.0035185394199039,-0.0465713984562672,-0.0734834818328594,-0.0430052592479164,0.0011146311502095,-0.0032773091497418,-0.230945217179858,liquidity__2021-09-24,liquidity_state,,,,,,,
2021-09-25,-0.0204120407529444,0.0072384939153273,-0.0034637722496739,-0.0024049562077541,-0.0133247391728162,0.001444503187652,-0.0218565439405965,-0.774793210870883,liquidity__2021-09-25,liquidity_state,,,,,,,
2021-09-26,0.0023720347820024,0.003159824085106,0.0114758973759699,0.0461167174067514,-0.0080885709946549,0.0019052506010618,0.0004667841809405,-0.114676219812734,liquidity__2021-09-26,liquidity_state,,,,,,,
2021-09-27,0.0076992734024798,0.0030839723770022,-0.0240241294237009,-0.0450423449713862,-0.0253075394076099,0.001184521799768,0.0065147516027118,0.0651965566398308,liquidity__2021-09-27,liquidity_state,,,,,,,
2021-09-28,-0.0278297991578178,-0.0023506927131791,-0.0272558551226005,-0.0422443855433698,-0.0376805547788912,0.0006569676122156,-0.0284867667700335,-0.965568708406715,liquidity__2021-09-28,liquidity_state,,,,,,,
2021-09-29,-0.0130305883550683,-0.0013982217014181,0.0120667165549229,0.0158095913491971,0.0269102180226142,0.0035161670703929,-0.0165467554254612,-0.611116307294764,liquidity__2021-09-29,liquidity_state,,,,,,,
2021-09-30,0.0221943920596885,0.0013349253887433,0.0538214898798248,0.0513611357953394,0.0322490777081015,0.001110910164064,0.0210834818956245,0.495874096471446,liquidity__2021-09-30,liquidity_state,,,,,,,
2021-10-01,0.0408717168917541,-0.0012199381089956,0.0944630224027527,0.098668536545949,0.0833560408096616,0.002532042019493,0.038339674872261,0.998970387239941,liquidity__2021-10-01,liquidity_state,,,,,,,
2021-10-02,0.0399328217866959,0.0015184868065745,-0.0105857940069374,0.0230875810976308,0.0094300710362667,0.0045460212862128,0.035386800500483,0.908548695240628,liquidity__2021-10-02,liquidity_state,,,,,,,
2021-10-03,0.0164863247556575,0.0013065158388236,0.0118060407957721,0.0089837778339791,0.0190553998591554,0.002756742096492,0.0137295826591655,0.26744775853988,liquidity__2021-10-03,liquidity_state,,,,,,,
2021-10-04,0.0032182063222165,0.0022646598924183,0.0208619758250226,-0.0096103335071564,-0.0085364341059843,-0.000672616477364,0.0038908227995806,-0.0220211300254438,liquidity__2021-10-04,liquidity_state,,,,,,,
2021-10-05,0.007579139462333,0.0003366188046669,0.0446459176131153,0.037467996594188,0.0049032109946232,-0.0004704085585741,0.0080495480209072,0.0997721930415339,liquidity__2021-10-05,liquidity_state,,,,,,,
2021-10-06,0.0122372668554114,0.001594606940884,0.0720487393258722,0.0168237409691105,0.0059217061604179,-0.0035541582727356,0.0157914251281471,0.325878354304091,liquidity__2021-10-06,liquidity_state,,,,,,,
2021-10-07,0.0100907045380652,0.0041212066967446,-0.0280513141535579,0.0035528351139664,-0.0043136471149303,0.0045643805793376,0.0055263239587275,0.0186148202780509,liquidity__2021-10-07,liquidity_state,,,,,,,
2021-10-08,0.0175903974501743,0.0007352772994266,0.0028267606625096,-0.0070261340105624,0.011504096160639,0.0025510316806265,0.0150393657695477,0.297114096471061,liquidity__2021-10-08,liquidity_state,,,,,,,
2021-10-09,0.0050709710443328,0.0019623715661758,0.0185168988247426,0.003547284674557,0.0231263534302464,0.0022714645589341,0.0027995064853987,-0.0643204077663896,liquidity__2021-10-09,liquidity_state,,,,,,,
2021-10-10,0.0067648960394599,0.0011794153527695,-0.0051572827317016,-0.0459089648940552,-0.0493205897113427,-0.0023569970096236,0.0091218930490836,0.126183442772716,liquidity__2021-10-10,liquidity_state,,,,,,,
2021-10-11,-0.0212384499147973,0.0015360482109123,0.0500035542663024,0.0365148380140194,0.0132042528675278,-0.0003840972628206,-0.0208543526519767,-0.761399393282647,liquidity__2021-10-11,liquidity_state,,,,,,,
2021-10-12,0.0158283956967935,0.0010335277798141,-0.0262552423567293,-0.0147010052222374,-0.01548513854258,0.0030266515948063,0.0128017441019872,0.237660056083546,liquidity__2021-10-12,liquidity_state,,,,,,,
2021-10-13,0.0076859498587218,-0.0005680983272924,0.0242225089953507,0.032905732692333,0.0271531475169873,0.0029222309816871,0.0047637188770347,-0.0014642206304325,liquidity__2021-10-13,liquidity_state,,,,,,,
2021-10-14,0.0238936952142978,-0.0004463857434373,-0.0002925769312831,0.0495861069886665,0.0021782100347245,0.0038554729606965,0.0200382222536013,0.450679264852093,liquidity__2021-10-14,liquidity_state,,,,,,,
2021-10-15,0.0199818732711208,0.0040706489349311,0.0725299962742074,0.0202586994422997,0.0046709668427915,-0.0035875413065073,0.0235694145776281,0.553316920923248,liquidity__2021-10-15,liquidity_state,,,,,,,
2021-10-16,0.0170894433845561,-8.80481612242079e-05,-0.0129580359743855,-0.0101155495762733,-0.0087438280289156,0.0024292990976237,0.0146601442869324,0.286736028403929,liquidity__2021-10-16,liquidity_state,,,,,,,
2021-10-17,0.0017617615975424,0.0002420079440987,0.010637391714333,0.0044916246228634,-0.0070959917104112,0.0008044392514084,0.000957322346134,-0.121938793031207,liquidity__2021-10-17,liquidity_state,,,,,,,
2021-10-18,0.0026016482966966,-0.001256954388932,0.0079437747563506,-0.0268917435209577,-0.0064618498069748,0.00015699655082,0.0024446517458766,-0.0785088041380913,liquidity__2021-10-18,liquidity_state,,,,,,,
2021-10-19,-0.0140743236911582,0.001080725928972,0.0359707713510833,0.0347715174820102,0.0156119335360856,0.0010404610068603,-0.0151147846980186,-0.597858634775404,liquidity__2021-10-19,liquidity_state,,,,,,,
2021-10-20,0.0221957387895735,-0.0023040863536962,0.0265565553705311,0.0707926159158916,0.0391421272685335,0.0047279353253061,0.0174678034642673,0.368768701127722,liquidity__2021-10-20,liquidity_state,,,,,,,
2021-10-21,0.0482601899010184,0.0049745101382683,-0.0594983463915355,-0.0264866705011322,-0.0244108338877638,0.0050940505698991,0.0431661393311193,1.12561712629189,liquidity__2021-10-21,liquidity_state,,,,,,,
2021-10-22,-0.0155090746978992,-0.0015076753074545,-0.0248316241773132,-0.020398370665097,0.0187552037880998,0.0052445414151517,-0.0207536161130509,-0.768310431601327,liquidity__2021-10-22,liquidity_state,,,,,,,
2021-10-23,-0.0107089655525385,0.0005983884298075,0.0100295352507924,0.0481738596901753,0.0168134328846534,0.0039345490383021,-0.0146435145908407,-0.584336166698313,liquidity__2021-10-23,liquidity_state,,,,,,,
2021-10-24,0.0266581194586415,0.0006486220220303,-0.0071323652434625,-0.0206348210849754,-0.0101149629874939,0.0014724910953367,0.0251856283633047,0.594598336169696,liquidity__2021-10-24,liquidity_state,,,,,,,
2021-10-25,-0.0065134565475624,7.96112540832894e-05,0.0358777742836995,0.0332287226650951,0.0286110394321248,0.0019597849554699,-0.0084732415030323,-0.401210888708228,liquidity__2021-10-25,liquidity_state,,,,,,,
2021-10-26,0.0250373688423053,0.0011856899572819,-0.044691324390687,-0.0214066525633427,-0.0057671088668591,0.0052480817335664,0.0197892871087389,0.434380102697411,liquidity__2021-10-26,liquidity_state,,,,,,,
2021-10-27,-0.008855416486277,-0.0004067474472435,-0.0314972544507572,-0.051446137754743,-0.0622823552957286,-0.0010382518031626,-0.0078171646831143,-0.385343442424141,liquidity__2021-10-27,liquidity_state,,,,,,,
2021-10-28,-0.0373804219456666,0.005506567947247,0.0360557680009723,0.0886772008708636,0.05682019823562,0.0056874702392389,-0.0430678921849055,-1.42215694216473,liquidity__2021-10-28,liquidity_state,,,,,,,
2021-10-29,0.0443628710351938,0.0024158976129804,0.0268857530326372,0.0303813467534617,0.0254945682713448,0.0024775445627058,0.0418853264724879,1.08439632544254,liquidity__2021-10-29,liquidity_state,,,,,,,
2021-10-30,-0.0149509495920235,0.0036547214273419,-0.0058523233081917,-0.021833358097691,-0.0150565680038675,0.0009540575330909,-0.0159050071251144,-0.621028170101759,liquidity__2021-10-30,liquidity_state,,,,,,,
2021-10-31,-0.0172949775896605,0.0021776838177629,-0.0089027340721443,-0.0080636753434006,0.0113120287272714,0.0035920682695236,-0.0208870458591841,-0.767825930786102,liquidity__2021-10-31,liquidity_state,,,,,,,
2021-11-01,0.0154928332403053,0.0012649873886729,-0.0064513082425907,0.0075334153611113,0.0162088043712245,0.0041945220509807,0.0112983111893245,0.182382869563935,liquidity__2021-11-01,liquidity_state,,,,,,,
2021-11-02,0.0126684458698598,0.0100676610551034,0.0373682001066378,0.0609392106056728,0.0251526527497852,0.0024002888710817,0.0102681569987781,0.151071713669484,liquidity__2021-11-02,liquidity_state,,,,,,,
2021-11-03,0.0366222307539346,0.0054222510018213,-0.0053251669057079,0.0025537489908753,0.0147821406579531,0.0038354523676263,0.0327867783863083,0.811260244452374,liquidity__2021-11-03,liquidity_state,,,,,,,
2021-11-04,0.0147999552670157,0.0020459430447417,-0.0239991446770382,-0.0152141679656097,-0.0098549989260945,0.0032168006290085,0.0115831546380072,0.183804131391633,liquidity__2021-11-04,liquidity_state,,,,,,,
2021-11-05,0.0017148307035768,0.0069710883216451,-0.0071924891607544,-0.0128131288291229,0.0053872420323983,0.0028546335138334,-0.0011398028102565,-0.190616270012056,liquidity__2021-11-05,liquidity_state,,,,,,,
2021-11-06,-0.0037765568658265,0.0117383150620967,0.0086648201393408,0.0097491274449961,0.0118815247051671,0.0025424926775249,-0.0063190495433515,-0.341943208392349,liquidity__2021-11-06,liquidity_state,,,,,,,
2021-11-07,0.0137404539922379,-0.0012545202104483,0.0285818034661407,0.020531721709629,0.011275067528544,0.0009773527315889,0.0127631012606489,0.226108399499145,liquidity__2021-11-07,liquidity_state,,,,,,,
2021-11-08,0.0278438127338667,0.009276963413459,0.0648276730049773,0.0413476564423085,0.0223619964121369,-0.0009375161765545,0.0287813289104213,0.697750889793751,liquidity__2021-11-08,liquidity_state,,,,,,,
2021-11-09,0.0210904831161969,-0.0047121819483635,-0.0089645354892127,-0.0163911430958485,0.000381299079887,0.0025425997959861,0.0185478833202107,0.394655524785196,liquidity__2021-11-09,liquidity_state,,,,,,,
2021-11-10,-0.0076418331267014,0.0178486723868012,-0.0310499740347581,-0.0218730699131946,-0.0354912074211846,0.0017820831081846,-0.009423916234886,-0.430138292106556,liquidity__2021-11-10,liquidity_state,,,,,,,
2021-11-11,-0.0261554439720761,-0.0049102891176282,-0.001535262571096,0.0194603013678822,0.0247724374310039,0.0047283354239299,-0.0308837793960061,-1.06111057279999,liquidity__2021-11-11,liquidity_state,,,,,,,
2021-11-12,0.0163994036010315,-0.0016028164140138,-0.0103596963120243,-0.0116189970739597,-0.0086608278250643,0.0021495499648501,0.0142498536361814,0.277493065683778,liquidity__2021-11-12,liquidity_state,,,,,,,
2021-11-13,-0.0052465001449846,0.0001296652888065,0.0039803551589994,-0.0047264220015659,0.0114354073908096,0.0025082756340981,-0.0077547757790827,-0.375661639540382,liquidity__2021-11-13,liquidity_state,,,,,,,
2021-11-14,0.0085103466593388,0.0013755745647827,0.0172204647434331,-0.0038992254797669,1.74103099759293e-05,0.0004661769039308,0.0080441697554079,0.0940603444127525,liquidity__2021-11-14,liquidity_state,,,,,,,
2021-11-15,0.0044071675256773,0.0015917111420513,-0.0296252463386111,-0.0138437571933139,-0.0197905138134225,0.0030475569470343,0.001359610578643,-0.105759989493826,liquidity__2021-11-15,liquidity_state,,,,,,,
2021-11-16,-0.0214353174570654,0.0014950287783968,-0.0567020568516021,-0.080422010390194,-0.0693418283423881,-9.48094286176204e-05,-0.0213405080284478,-0.776919239464331,liquidity__2021-11-16,liquidity_state,,,,,,,
2021-11-17,-0.0432759532770852,0.0044868700107052,0.0045405623986667,0.0186927879314336,0.0075275393385254,0.0028728138703331,-0.0461487671474184,-1.50369304096682,liquidity__2021-11-17,liquidity_state,,,,,,,
2021-11-18,0.0126840770383794,0.0025456615845733,-0.058866084825965,-0.0702276014176437,-0.0595860548034608,0.0011304373790512,0.0115536396593281,0.199891775247166,liquidity__2021-11-18,liquidity_state,,,,,,,
2021-11-19,-0.0472182773963361,0.0004929969784903,0.0207889880923258,0.072358805127628,0.0558260621666555,0.0065376177825436,-0.0537558951788798,-1.72180208322044,liquidity__2021-11-19,liquidity_state,,,,,,,
2021-11-20,0.0563778442042988,0.0062179712821048,0.0279176800572873,0.0267308676638436,0.02225803501792,0.002033908902884,0.0543439353014148,1.45491856645257,liquidity__2021-11-20,liquidity_state,,,,,,,
2021-11-21,0.0238860833671524,0.0034793947169014,-0.0181906363630606,-0.0352588498711111,-0.0118748181290407,0.0019274173962345,0.0219586659709179,0.506319488159087,liquidity__2021-11-21,liquidity_state,,,,,,,
2021-11-22,-0.0113405617592761,0.0021406030683088,-0.0416127018422721,-0.0415473953012881,-0.0279701651269519,0.0027225978850732,-0.0140631596443493,-0.552391209035376,liquidity__2021-11-22,liquidity_state,,,,,,,
2021-11-23,-0.0276201700969025,0.0005643889272946,0.0224183802245808,0.059822189362766,0.0206704595318712,0.0034213256068323,-0.0310414957037349,-1.04954745151707,liquidity__2021-11-23,liquidity_state,,,,,,,
2021-11-24,0.0326062662474627,0.0015511276447277,-0.0070346317762712,-0.0162910953962356,-0.0219262055104821,0.0007244049422492,0.0318818613052135,0.797894959628581,liquidity__2021-11-24,liquidity_state,,,,,,,
2021-11-25,-0.0044302219584437,0.0034623102671211,0.0315963852737351,0.0583166976247345,0.0412426628381581,0.0040406922227842,-0.008470914181228,-0.386343158866852,liquidity__2021-11-25,liquidity_state,,,,,,,
2021-11-26,0.0254328704805147,0.0083455722053713,-0.0926410987171895,-0.112982431819171,-0.082638922242019,0.0012757862257568,0.0241570842547578,0.568582858056824,liquidity__2021-11-26,liquidity_state,,,,,,,
2021-11-27,-0.0735688827365628,0.0024415322702573,0.018253552675235,0.0134555505849754,0.0135514126891678,0.001888786454563,-0.0754576691911258,-2.37034724085091,liquidity__2021-11-27,liquidity_state,,,,,,,
2021-11-28,0.0094870829747364,0.0016400153565605,0.0457869960629811,0.0477269807771954,0.0179514634694584,0.0006930828445261,0.0087940001302102,0.114488610821041,liquidity__2021-11-28,liquidity_state,,,,,,,
2021-11-29,0.0365214313418676,0.0010312728997412,0.0085211712777955,0.0342224797546713,0.0236507357764815,0.0041581887855822,0.0323632425562853,0.809603012954675,liquidity__2021-11-29,liquidity_state,,,,,,,
2021-11-30,0.0208647472858345,-0.0040666626480785,-0.014450652561786,0.0407450648599532,0.0020592278422313,0.004892193157701,0.0159725541281335,0.329372089470854,liquidity__2021-11-30,liquidity_state,,,,,,,
2021-12-01,0.0185597448473374,0.0049852078454577,0.0040890415642618,-0.0102327583963806,0.0084308851091741,0.0021114314784845,0.0164483133688528,0.347422218431351,liquidity__2021-12-01,liquidity_state,,,,,,,
2021-12-02,0.0022199906299249,0.0027354915145316,-0.0123413416506075,-0.0157353985000359,-0.0064996446628953,0.0023684425035399,-0.000148451873615,-0.145571818469787,liquidity__2021-12-02,liquidity_state,,,,,,,
2021-12-03,-0.0113875140701651,0.0011588328399483,-0.0523523804247166,-0.0680843388539678,-0.0423220096767842,0.0018627039988287,-0.0132502180689939,-0.532090766805608,liquidity__2021-12-03,liquidity_state,,,,,,,
2021-12-04,-0.0479075892329526,0.0086733865597601,-0.0858093969256881,-0.022634217844022,-0.064816610132695,0.0046717899214811,-0.0525793791544337,-1.68636028733877,liquidity__2021-12-04,liquidity_state,,,,,,,
2021-12-05,-0.0391600102203284,0.0080318202710181,0.0048413691725954,0.01884112471115,-0.0318087582040292,-4.68399062126456e-05,-0.0391131703141158,-1.29162824877285,liquidity__2021-12-05,liquidity_state,,,,,,,
2021-12-06,-0.0052414564260274,0.0039751702458765,0.0207596768296945,0.0354580969901495,0.0260438742121067,0.0032380242124143,-0.0084794806384417,-0.382119518750927,liquidity__2021-12-06,liquidity_state,,,,,,,
2021-12-07,0.0270424540875034,0.0051809205612016,0.0026055200976387,-0.0098455406146769,0.0004974449519608,0.0016763529300364,0.0253661011574669,0.618048982331185,liquidity__2021-12-07,liquidity_state,,,,,,,
2021-12-08,0.0038075982132319,0.0034618696374693,-0.002322925881673,0.0297163122692474,0.0272303529649278,0.0052906301148934,-0.0014830319016614,-0.176077767967366,liquidity__2021-12-08,liquidity_state,,,,,,,
2021-12-09,0.0182454030677555,-0.0124686667155558,-0.0600311798788713,-0.0780661892561234,-0.0614564890610012,0.0008649457247608,0.0173804573429946,0.378625015638004,liquidity__2021-12-09,liquidity_state,,,,,,,
2021-12-10,-0.0477644898087668,0.0174961554063415,-0.0085286529079962,-0.0517879488110964,-0.0384973069805632,-0.0014246124614994,-0.0463398773472674,-1.50222183533008,liquidity__2021-12-10,liquidity_state,,,,,,,
2021-12-11,-0.0310400775452173,0.0021215274757722,0.0465256058543382,0.0479671634667422,0.042082958475568,0.0024086492180818,-0.0334487267632991,-1.11868136603665,liquidity__2021-12-11,liquidity_state,,,,,,,
2021-12-12,0.0218287621275515,0.001423267797012,0.013632426141557,0.0100934025121884,0.0085651908925576,0.0018485742745579,0.0199801878529935,0.455369229022788,liquidity__2021-12-12,liquidity_state,,,,,,,
2021-12-13,0.0099337356418551,0.0007065061298554,-0.0695412918737333,-0.0881530739120393,-0.0821825624550776,-8.35421941884181e-05,0.0100172778360436,0.163218179398066,liquidity__2021-12-13,liquidity_state,,,,,,,
2021-12-14,-0.057537916338795,0.0002767079398253,0.0337948453495329,0.0194932465762925,0.0439128487766673,0.0028663567830014,-0.0604042731217964,-1.90379734363888,liquidity__2021-12-14,liquidity_state,,,,,,,
2021-12-15,0.0181751725564219,0.0080062848390092,0.0114635365255999,0.0413411515415589,0.0370604461361168,0.0050870394664104,0.0130881330900115,0.258654854003907,liquidity__2021-12-15,liquidity_state,,,,,,,
2021-12-16,0.0307801390315205,0.0021796299118825,-0.0259522179506018,-0.0158341493421883,-0.0177328062680076,0.0027990238694626,0.0279811151620579,0.696250318373121,liquidity__2021-12-16,liquidity_state,,,,,,,
2021-12-17,-0.007308024783974,-0.0003844726224571,-0.0317788715810963,-0.0209303838170651,-0.0146046503048325,0.0034157726182979,-0.010723797402272,-0.440199998530109,liquidity__2021-12-17,liquidity_state,,,,,,,
2021-12-18,-0.0069990908319894,0.0035569810316999,0.0152619872620576,0.0218848393738185,0.0306175092248751,0.0036758511054473,-0.0106749419374368,-0.435692960001124,liquidity__2021-12-18,liquidity_state,,,,,,,
2021-12-19,0.0277257450456929,0.0019419691300584,-0.0035548596763952,-0.009270430462843,-0.0003805169839417,0.0021995706378121,0.0255261744078807,0.627851434285196,liquidity__2021-12-19,liquidity_state,,,,,,,
2021-12-20,-0.0020415262908812,-0.0003345049356688,0.0048775960145697,0.0051674841916149,0.0004178749596199,0.0019114581902277,-0.003952984481109,-0.237346598156065,liquidity__2021-12-20,liquidity_state,,,,,,,
2021-12-21,3.10131044400919e-06,0.0033861203260094,0.041521629027697,0.0176578199015296,0.0383854462032964,0.0016885517033939,-0.0016854503929498,-0.171904605606396,liquidity__2021-12-21,liquidity_state,,,,,,,
2021-12-22,0.0326168945353302,0.0030307202854693,-0.0062546266015903,-0.0088850356324403,0.0063698516692092,0.0029582244006505,0.0296586701346797,0.747268853781684,liquidity__2021-12-22,liquidity_state,,,,,,,
2021-12-23,-0.0010528862006076,-0.0095140201943877,0.0450425843850955,0.0327839646276207,0.0602758580877421,0.0034289943135175,-0.0044818805141252,-0.256942714454939,liquidity__2021-12-23,liquidity_state,,,,,,,
2021-12-24,0.0308138391946038,0.0013962711184021,-0.0001091886551272,-0.0156124073520605,-0.0034141411851678,0.0014663900872395,0.0293474491073642,0.737612345390429,liquidity__2021-12-24,liquidity_state,,,,,,,
2021-12-25,-0.0040767571315072,0.0017740873524232,-0.008139521382672,0.011602860681629,0.013739238234578,0.0042914107078231,-0.0083681678393303,-0.374928584852708,liquidity__2021-12-25,liquidity_state,,,,,,,
2021-12-26,0.0087308301211521,0.0005459062381873,0.0072970881432645,-0.0077340927749372,0.0121588591562691,0.0021639168509067,0.0065669132702454,0.0691294444706378,liquidity__2021-12-26,liquidity_state,,,,,,,
2021-12-27,0.0090430748293499,0.0073506769748448,-0.0016050473182112,-0.0065964057107166,0.0041798137882018,0.0024351497694483,0.0066079250599016,0.0705681822599911,liquidity__2021-12-27,liquidity_state,,,,,,,
2021-12-28,-0.017390221471512,0.0004288675577015,-0.0644607486850219,-0.0626299623583755,-0.0630883231001462,0.0016191851258459,-0.019009406597358,-0.685090807943134,liquidity__2021-12-28,liquidity_state,,,,,,,
2021-12-29,-0.0339783492476506,-4.44547253586336e-05,-0.0230370452557498,-0.0441271175949964,-0.0212413666221991,0.0014200016886224,-0.0353983509362731,-1.16359032219985,liquidity__2021-12-29,liquidity_state,,,,,,,
2021-12-30,-0.017907131584046,-0.0035412690002907,0.0140230419780814,0.0217703827017548,0.007044808032969,0.0020515484321768,-0.0199586800162228,-0.704195661978859,liquidity__2021-12-30,liquidity_state,,,,,,,
2021-12-31,0.0086180454050541,0.0086046731337035,-0.0198693566407684,-0.0090856804654979,-0.0140711199672729,0.0027081462585187,0.0059098991465354,0.0576758738863689,liquidity__2021-12-31,liquidity_state,,,,,,,
2022-01-01,-4.25309604779045e-05,-0.0011583033593609,0.0327038794563954,0.0242052039650993,0.0282052889897422,0.0019525604270343,-0.0019950913875122,-0.175058843970166,liquidity__2022-01-01,liquidity_state,,,,,,,
2022-01-02,0.020441613041605,0.0262785746783543,-0.0091207704367484,0.016647315179311,-0.0038019648507265,0.0032424422670644,0.0171991707745405,0.392805628272239,liquidity__2022-01-02,liquidity_state,,,,,,,
2022-01-03,0.0067963034626927,-0.0008393178933694,-0.0180904151232593,-0.0167281259697365,-0.0059838249971839,0.0029090461391784,0.0038872573235143,-0.0004054240351295,liquidity__2022-01-03,liquidity_state,,,,,,,
2022-01-04,0.0007552868744262,0.0004045428864074,-0.0136189666071367,0.0050397757168454,-0.0084749329938631,0.0029659919059704,-0.0022107050315442,-0.175262207067361,liquidity__2022-01-04,liquidity_state,,,,,,,
2022-01-05,0.0001057927165817,0.0014975994944563,-0.0532064874950819,-0.0669818253399832,-0.0630493131436474,0.0004488499915853,-0.0003430572750036,-0.115952300718789,liquidity__2022-01-05,liquidity_state,,,,,,,
2022-01-06,-0.0390166193180441,0.002199608670832,-0.0085376376690256,-0.0384050398176932,0.0076037755916544,0.0023729388880115,-0.0413895582060556,-1.34312794401633,liquidity__2022-01-06,liquidity_state,,,,,,,
2022-01-07,-0.0171436602510546,0.0002224693768262,-0.035892488663702,-0.0629764084670619,-0.0529443931189206,-0.0002903181717059,-0.0168533420793487,-0.599459642627125,liquidity__2022-01-07,liquidity_state,,,,,,,
2022-01-08,-0.0303985558539921,-0.0022585331613704,0.0029565254815882,-0.0374617619465543,-0.0081216578638994,0.0001788902620944,-0.0305774461160865,-1.00989786442316,liquidity__2022-01-08,liquidity_state,,,,,,,
2022-01-09,-0.018902336719183,0.0003986476753361,0.0043970468481102,0.0227252445789929,0.0143431996526111,0.0035091747898529,-0.0224115115090359,-0.759467382675083,liquidity__2022-01-09,liquidity_state,,,,,,,
2022-01-10,0.0128246190858299,-0.0023388613412436,-0.0010053158293494,-0.0219781076376524,-0.0259753762849293,-0.000303149899375,0.013127768985205,0.313685750234815,liquidity__2022-01-10,liquidity_state,,,,,,,
2022-01-11,-0.0158514934159477,0.0061475720342691,0.0215846266080977,0.0497428090862151,0.0408205864520994,0.0046791010070997,-0.0205305944230475,-0.70130786701589,liquidity__2022-01-11,liquidity_state,,,,,,,
2022-01-12,0.0310812882773455,0.0020669231909096,0.0272821177914118,0.0401298594632831,0.0466630926371252,0.0042925415946589,0.0267887466826866,0.730074008955077,liquidity__2022-01-12,liquidity_state,,,,,,,
2022-01-13,0.0281902595511916,0.0047710976426955,-0.0310241160914266,-0.0395518195282776,-0.0238886210335387,0.0021024111160374,0.0260878484351541,0.706783747201623,liquidity__2022-01-13,liquidity_state,,,,,,,
2022-01-14,-0.0149719486436126,0.0021478137294721,0.0117666201727538,0.0204938431238677,0.0235088573463393,0.0034343691204296,-0.0184063177640423,-0.657896038240392,liquidity__2022-01-14,liquidity_state,,,,,,,
2022-01-15,0.0094501177964616,0.0013854877818957,0.0003759787981891,0.0055390967164701,0.0072157647157773,0.0028400820336604,0.0066100357628012,0.116046120061335,liquidity__2022-01-15,liquidity_state,,,,,,,
2022-01-16,0.0093429387854548,0.0012457493023987,-0.0001245647746745,0.0062007393648002,0.0060877529034044,0.0028232824303488,0.006519656355106,0.109995049768593,liquidity__2022-01-16,liquidity_state,,,,,,,
2022-01-17,0.004574233591466,0.0020059418971882,-0.0205127226700377,-0.0419452364539907,-0.0426284810260107,-0.0003228860218777,0.0048971196133438,0.0622220847881715,liquidity__2022-01-17,liquidity_state,,,,,,,
2022-01-18,-0.0259769081180075,0.0009453134079748,0.0035020896865791,-0.0156810143019133,-0.0082665265173531,0.0007725827384313,-0.0267494908564388,-0.913998940839589,liquidity__2022-01-18,liquidity_state,,,,,,,
2022-01-19,-0.0057395627888112,-0.0005317954155188,-0.016507261265712,-0.0243686229338973,-0.0228991897635957,0.0012872421033118,-0.007026804892123,-0.302181941804439,liquidity__2022-01-19,liquidity_state,,,,,,,
2022-01-20,-0.0091954752102303,0.0045580895662027,-0.0240500952965306,-0.0273242026769918,-0.0302658608903279,0.0013545922448686,-0.0105500674550989,-0.406928390068748,liquidity__2022-01-20,liquidity_state,,,,,,,
2022-01-21,-0.0255372717627154,0.0027690719243942,-0.109633108207596,-0.155687466496274,-0.116933743854275,-0.0009595157348669,-0.0245777560278484,-0.844559777839133,liquidity__2022-01-21,liquidity_state,,,,,,,
2022-01-22,-0.108961342710764,-0.0058610861268633,-0.0385809096780818,-0.0628225561466618,-0.0592436370421865,-0.0005004941645127,-0.108460848546251,-3.4387656461224,liquidity__2022-01-22,liquidity_state,,,,,,,
2022-01-23,-0.049926243481746,0.0094926261689529,0.0326385838218162,0.0510021089344717,0.0526846948039612,0.0045666889015606,-0.0544929323833067,-1.75610511619585,liquidity__2022-01-23,liquidity_state,,,,,,,
2022-01-24,0.0264263795748505,-0.0025682605613894,0.0121511497807845,-0.039340370215255,-0.0316750497815939,-0.0024633809024535,0.028889760477304,0.82269518046612,liquidity__2022-01-24,liquidity_state,,,,,,,
2022-01-25,-0.0297429026151796,0.0047294928950023,0.0080429212622732,0.0080353619639819,0.0122111773515279,0.0025728356887991,-0.0323157383039788,-1.06754315069254,liquidity__2022-01-25,liquidity_state,,,,,,,
2022-01-26,0.0325995628922549,0.0009248139404611,-0.0040121663131493,0.001642834775783,-0.0123347942218288,0.001689888768895,0.0309096741233598,0.897874270910253,liquidity__2022-01-26,liquidity_state,,,,,,,
2022-01-27,0.0082128269789514,0.0072723518428965,0.0094231065741148,-0.016011704933093,-0.0069235437578356,0.000313122181426,0.0078997047975254,0.180553521369902,liquidity__2022-01-27,liquidity_state,,,,,,,
2022-01-28,-0.0557595246208606,-0.0020441708314393,0.0148684006017508,0.0487672376461452,0.0103313275101016,0.0030269548502678,-0.0587864794711285,-1.88753999526189,liquidity__2022-01-28,liquidity_state,,,,,,,
2022-01-29,0.0083750302905478,-0.0047456593939827,0.011609582187992,0.0216843229492465,0.0158760888116234,0.0029227227658289,0.0054523075247189,0.110531527568288,liquidity__2022-01-29,liquidity_state,,,,,,,
2022-01-30,0.0114620686563889,0.0028175284920841,-0.0071059567510047,0.0002227233590126,-0.0136196759997951,0.0018391303589758,0.009622938297413,0.242799727207172,liquidity__2022-01-30,liquidity_state,,,,,,,
2022-01-31,-0.0132959003792799,-0.0007819945084825,0.015114370123726,0.0325967878029036,0.0182107313618438,0.0030981163243769,-0.0163940167036568,-0.567664744656602,liquidity__2022-01-31,liquidity_state,,,,,,,
2022-02-01,0.0209392699022288,0.0027100707307568,0.0059627987019563,0.0365311313213912,-0.0097972728544881,0.0020018472424324,0.0189374226597964,0.531774113153543,liquidity__2022-02-01,liquidity_state,,,,,,,
2022-02-02,0.0213728889877096,0.0035189821117498,-0.0475674050423951,-0.0391877266367135,-0.0089668993718383,0.0047442382020532,0.0166286507856564,0.460109812006325,liquidity__2022-02-02,liquidity_state,,,,,,,
2022-02-03,-0.0281162733967939,0.003208704553316,0.011354446713435,0.005568550762498,0.0127764034735627,0.0022335715746512,-0.0303498449714451,-0.999885835898928,liquidity__2022-02-03,liquidity_state,,,,,,,
2022-02-04,0.0127574882856898,0.0054292878934099,0.107926504158764,0.105340944553983,0.0610606116893351,-0.0001558791472078,0.0129133674328976,0.365363501502217,liquidity__2022-02-04,liquidity_state,,,,,,,
2022-02-05,0.0574660036397674,0.0035327225949899,-0.0043162825950791,0.0062540774441632,0.0186240359047716,0.0041361405358433,0.053329863103924,1.63807755204242,liquidity__2022-02-05,liquidity_state,,,,,,,
2022-02-06,0.0158319261614288,0.0010697036068947,0.0237006373295419,0.0137891256863245,0.0204979105265544,0.0019057693987123,0.0139261567627165,0.400235636025598,liquidity__2022-02-06,liquidity_state,,,,,,,
2022-02-07,0.0137354925403841,0.0013715896598078,0.0338777541649655,0.0272772087957804,0.0435290405960451,0.0030644616193791,0.010671030921005,0.295114353089216,liquidity__2022-02-07,liquidity_state,,,,,,,
2022-02-08,0.0162771835034796,0.0026809702251107,0.004789022563818,-0.0072379823524446,-0.0107773413000807,0.0007223812395602,0.0155548022639193,0.447685087937664,liquidity__2022-02-08,liquidity_state,,,,,,,
2022-02-09,-0.0004683289363072,0.0035379203575089,0.007546220563908,0.0400351170278181,0.0137877717754371,0.0036970676775576,-0.0041653966138648,-0.173675478260737,liquidity__2022-02-09,liquidity_state,,,,,,,
2022-02-10,0.0165271330598991,0.0033715918713426,-0.0202030316333737,-0.0544214038442572,-0.0341922450576568,-0.0001055507943631,0.0166326838542623,0.492411980221533,liquidity__2022-02-10,liquidity_state,,,,,,,
2022-02-11,-0.0264339219269445,0.0053500031493136,-0.0263498172996481,-0.0484527946482842,-0.0412531801663754,0.0001233358157541,-0.0265572577426987,-0.883894173295288,liquidity__2022-02-11,liquidity_state,,,,,,,
2022-02-12,-0.025611453742048,0.0033568361497167,-0.0035647601240764,-0.0029771168442671,0.004467127075685,0.0027466330183571,-0.0283580867604051,-0.93654617606247,liquidity__2022-02-12,liquidity_state,,,,,,,
2022-02-13,-0.0002304896801526,-0.0007489805426601,-0.0040435495840043,-0.0165618461677131,-0.0192784867078757,0.0006341793938522,-0.0008646690740048,-0.0562940292503921,liquidity__2022-02-13,liquidity_state,,,,,,,
2022-02-14,-0.0047116969622678,0.001406687602028,0.0113843852549742,0.0201157312566957,0.0085066784896596,0.002353821909825,-0.0070655188720928,-0.255159589581079,liquidity__2022-02-14,liquidity_state,,,,,,,
2022-02-15,0.0071301433987258,-0.0010710264013233,0.0463684411043221,0.0834582823260019,0.0530738966835749,0.004299569068687,0.0028305743300388,0.0617821753525693,liquidity__2022-02-15,liquidity_state,,,,,,,
2022-02-16,0.0381800870460474,0.0037128770577581,-0.0153014851191724,-0.0195734611041409,-0.0077708287411937,0.0024336130906459,0.0357464739554014,1.10886250488739,liquidity__2022-02-16,liquidity_state,,,,,,,
2022-02-17,-0.006007003019171,-0.0009929774121957,-0.0795652170702947,-0.0767014425180221,-0.0592454684841641,0.0028779962574515,-0.0088849992766225,-0.314674328817304,liquidity__2022-02-17,liquidity_state,,,,,,,
2022-02-18,-0.0441822147675062,0.0010455811648206,-0.0137808156199402,-0.0397931376879104,-0.0164935358249174,0.0010425833136653,-0.0452247980811715,-1.46599937971678,liquidity__2022-02-18,liquidity_state,,,,,,,
2022-02-19,-0.0134028177690766,0.0009154733399512,0.0029909940931709,-0.0055916421400521,0.0054054617344121,0.0021299215173348,-0.0155327392864114,-0.516453254972943,liquidity__2022-02-19,liquidity_state,,,,,,,
2022-02-20,-0.0049614763239418,0.0033026879159585,-0.0435905560354755,-0.0528635447542882,-0.043409192810806,0.0014287936798143,-0.0063902700037561,-0.221621925741766,liquidity__2022-02-20,liquidity_state,,,,,,,
2022-02-21,-0.0219987217102506,-0.0007850857678626,-0.0361139824750811,-0.0204627062260396,-0.0479102240400273,0.001379124885789,-0.0233778465960397,-0.759915668549913,liquidity__2022-02-21,liquidity_state,,,,,,,
2022-02-22,-0.0215561994702966,0.0007247461093164,0.0323865180760645,0.0261976998770432,0.0268419528672261,0.0019414833859118,-0.0234976828562085,-0.760538403896656,liquidity__2022-02-22,liquidity_state,,,,,,,
2022-02-23,0.013701213457491,0.00233704646784,-0.0258861563793005,-0.0215576603096004,-0.0130331650702864,0.0029668399797757,0.0107343734777153,0.328287279114641,liquidity__2022-02-23,liquidity_state,,,,,,,
2022-02-24,-0.0046207660899213,0.0006105092541517,0.0287465382871694,0.0065877684012898,-0.0059343926197676,-0.0007242603678305,-0.0038965057220908,-0.158981474134315,liquidity__2022-02-24,liquidity_state,,,,,,,
2022-02-25,0.0006447184248514,0.0022583897557986,0.0226676930631236,0.0634470302804404,0.0459064510823275,0.0053652996339623,-0.0047205812091108,-0.179995176738309,liquidity__2022-02-25,liquidity_state,,,,,,,
2022-02-26,0.0291957944402093,-0.004372469046288,-0.0033676470080354,0.0034907851386991,0.0052905663388038,0.0029834772054117,0.0262123172347975,0.851829176069753,liquidity__2022-02-26,liquidity_state,,,,,,,
2022-02-27,0.0081840253430769,0.0028485672454898,-0.0362110242094307,-0.0599437500172808,-0.0417710093881745,0.0006530422023776,0.0075309831406992,0.221313188112012,liquidity__2022-02-27,liquidity_state,,,,,,,
2022-02-28,-0.0270850548159274,0.0030769266139927,0.135339269895905,0.110430438013714,0.0842048224555967,-0.0008377327812754,-0.026247322034652,-0.911294893751252,liquidity__2022-02-28,liquidity_state,,,,,,,
2022-03-01,0.0687298583759102,-0.0016699193552653,0.0286114874890924,0.0186723745082507,0.0081080222088516,0.0006855146036827,0.0680443437722274,2.23781691239876,liquidity__2022-03-01,liquidity_state,,,,,,,
2022-03-02,0.0079458935948757,0.0001132434753117,-0.0119748171990786,-0.0098312863704554,-0.0088831358137966,0.0023365244208663,0.0056093691740094,0.158243219018224,liquidity__2022-03-02,liquidity_state,,,,,,,
2022-03-03,0.0014424583468937,0.0002270419940089,-0.0333228636941829,-0.0393943690775149,-0.017700421862834,0.0027756777692115,-0.0013332194223178,-0.075237514055483,liquidity__2022-03-03,liquidity_state,,,,,,,
2022-03-04,-0.0332055032126348,-0.0020373626129632,-0.0811796750038223,-0.0776703906089464,-0.051057613534784,0.0036012475862619,-0.0368067507988968,-1.26653083870473,liquidity__2022-03-04,liquidity_state,,,,,,,
2022-03-05,-0.0372131430929059,-0.0020701846218287,0.0063566016400766,0.016336491305208,0.015907770900025,0.0032507864111506,-0.0404639295040566,-1.38474241479923,liquidity__2022-03-05,liquidity_state,,,,,,,
2022-03-06,0.0142919063280154,0.0004291107308063,-0.0254503229975356,-0.043965592267277,-0.0328361636196206,0.0007946718524072,0.0134972344756081,0.43146371044887,liquidity__2022-03-06,liquidity_state,,,,,,,
2022-03-07,-0.0305595897814328,0.0011900985451731,-0.0109057233143055,-0.02355199921075,-0.0118397609968959,0.0016072706413912,-0.032166860422824,-1.10304019998663,liquidity__2022-03-07,liquidity_state,,,,,,,
2022-03-08,0.0005675870146717,-0.0044870345650558,0.0192313377339115,0.0334820979770862,0.0138004114302781,0.0024187026541291,-0.0018511156394573,-0.0834646404250298,liquidity__2022-03-08,liquidity_state,,,,,,,
2022-03-09,0.0190977985830756,0.0013003246169489,0.0797161023229158,0.0570315697975277,0.0521265277126126,0.0003466086019809,0.0187511899810946,0.612807674453283,liquidity__2022-03-09,liquidity_state,,,,,,,
2022-03-10,0.0372362339257428,0.0013116075955999,-0.0618762108463109,-0.0450687632826776,-0.0292828264597915,0.004396857353063,0.0328393765726798,1.09313059493391,liquidity__2022-03-10,liquidity_state,,,,,,,
2022-03-11,-0.0251672896683921,0.0007158150965729,-0.0179484683801991,-0.0196412019168619,-0.0169486453233603,0.0020009928787255,-0.0271682825471176,-0.935410458229327,liquidity__2022-03-11,liquidity_state,,,,,,,
2022-03-12,-0.0072328202077045,0.000115720261995,0.0018859058932267,0.0045627822834069,0.0015254175259507,0.0022519099715577,-0.0094847301792623,-0.335404795724666,liquidity__2022-03-12,liquidity_state,,,,,,,
2022-03-13,0.0006229988923642,4.64976575997866e-05,-0.026726409432964,-0.0207974455279416,-0.0215000999813171,0.0024441174042079,-0.0018211185118436,-0.073751602629964,liquidity__2022-03-13,liquidity_state,,,,,,,
2022-03-14,-0.0124077603355595,0.0003292337805049,0.0488764470440231,0.029079621857468,0.0210729872702267,7.60966284248737e-05,-0.0124838569639843,-0.430415907882265,liquidity__2022-03-14,liquidity_state,,,,,,,
2022-03-15,0.0167909762042058,-0.0007365095761606,-0.0096055355779114,0.0111121693865428,-0.0030617915714188,0.0031754112805677,0.0136155649236381,0.454624441841502,liquidity__2022-03-15,liquidity_state,,,,,,,
2022-03-16,0.0056912407100071,-0.0013780680845272,0.0455431705124241,0.0577887122484224,0.0373448550445374,0.0024460918149647,0.0032451488950424,0.0982924854358848,liquidity__2022-03-16,liquidity_state,,,,,,,
2022-03-17,0.0318594126307765,-4.21243998758314e-05,-0.0046220202507161,0.0140171204438682,0.0023989388721652,0.0032032498134079,0.0286561628173686,0.961608479006293,liquidity__2022-03-17,liquidity_state,,,,,,,
2022-03-18,0.0018875209777462,0.0028952274953866,0.0201881023665251,0.0437290128606218,0.0165628896647618,0.0028415810069487,-0.0009540600292024,-0.0451392322684816,liquidity__2022-03-18,liquidity_state,,,,,,,
2022-03-19,0.0296792439532076,0.0033268588606993,0.0107290642151217,0.0043335802908837,0.0221183606822031,0.0029421913934228,0.0267370525597848,0.895371730852277,liquidity__2022-03-19,liquidity_state,,,,,,,
2022-03-20,0.0013768410502663,0.00137210176376,-0.0226042828581239,-0.030933886158599,-0.0195969520207377,0.0018976796187612,-0.0005208385684948,-0.0305853126836591,liquidity__2022-03-20,liquidity_state,,,,,,,
2022-03-21,-0.0136549187051713,0.0015083990791353,-0.0063106501882916,0.0099191765437849,0.0144986516162682,0.00412731271159,-0.0177822314167613,-0.614393143029822,liquidity__2022-03-21,liquidity_state,,,,,,,
2022-03-22,0.0284091516009859,-0.0009414333386033,0.0325341174179297,0.0270972899083892,0.0181015630898607,0.0013113235981164,0.0270978280028694,0.909385842904693,liquidity__2022-03-22,liquidity_state,,,,,,,
2022-03-23,0.0121650729889176,-0.0021587819763802,0.0121755210681265,0.0222486373790511,0.0236096883896195,0.0034566830553778,0.0087083899335397,0.280505130115922,liquidity__2022-03-23,liquidity_state,,,,,,,
2022-03-24,0.0100318523347944,-0.0030888550781256,0.0255227159186173,0.0242207688429605,0.0215192205009807,0.0021258587505526,0.0079059935842418,0.24968880119804,liquidity__2022-03-24,liquidity_state,,,,,,,
2022-03-25,0.0081348990851886,0.0005596533534451,0.0073498230151116,-0.0026000915828223,-0.0095205278603849,0.0007171880075963,0.0074177110775922,0.231323193067565,liquidity__2022-03-25,liquidity_state,,,,,,,
2022-03-26,-0.0068745852787977,-0.0031157039402671,0.0045769703577907,0.0136453080676908,0.0199346202477884,0.0036311863789923,-0.01050577165779,-0.384381142078207,liquidity__2022-03-26,liquidity_state,,,,,,,
2022-03-27,0.0122819978214466,0.0005869347561997,0.0506312070007002,0.0466810999166558,0.0354644382849933,0.0015024155342146,0.0107795822872319,0.349651426299669,liquidity__2022-03-27,liquidity_state,,,,,,,
2022-03-28,0.0221307849640304,-0.0007348099264632,0.0063286573296377,0.0112382119191192,-0.0035899047138734,0.0016645079210485,0.0204662770429818,0.68117999042465,liquidity__2022-03-28,liquidity_state,,,,,,,
2022-03-29,0.0096531217956616,0.0001830117845429,0.006463095827657,0.0200868709716158,0.0191584980544128,0.0035930314338095,0.0060600903618521,0.187139417353043,liquidity__2022-03-29,liquidity_state,,,,,,,
2022-03-30,0.0151975506922675,0.0029415682391338,-0.0079056223754658,-0.0044530912527118,0.0131200483220937,0.0037413982105236,0.0114561524817438,0.377235689212555,liquidity__2022-03-30,liquidity_state,,,,,,,
2022-03-31,0.0069513440468647,0.0022419369339097,-0.0335230330279863,-0.03117472853984,-0.0232373568888882,0.0026336862070271,0.0043176578398375,0.135121770471769,liquidity__2022-03-31,liquidity_state,,,,,,,
2022-04-01,-0.0244105249281539,-0.0032264126948291,0.0168696041998597,0.0516031052450341,0.0238583696345458,0.0039228414976931,-0.0283333664258471,-0.990260671163422,liquidity__2022-04-01,liquidity_state,,,,,,,
2022-04-02,0.0262448733056537,0.0043299549778055,-0.0102245763147319,-0.0033137982338402,-6.21117095178647e-06,0.0030239724999463,0.0232209008057074,0.793147067240293,liquidity__2022-04-02,liquidity_state,,,,,,,
2022-04-03,0.0004495696708808,-0.0006711339510765,0.0125792685958572,0.0220784053625316,0.0180558593863971,0.0030052525439823,-0.0025556828731015,-0.0945074272512344,liquidity__2022-04-03,liquidity_state,,,,,,,
2022-04-04,0.0067941524305226,-0.0010083786955199,0.0040440191891946,-0.0004280134655143,-0.0124735951767789,0.0008712483563493,0.0059229040741733,0.207487494479638,liquidity__2022-04-04,liquidity_state,,,,,,,
2022-04-05,-0.003217256401875,-0.0003685372731574,-0.023751303944147,-0.032627164588984,-0.0118706157428043,0.002521878041248,-0.0057391344431231,-0.198121584204466,liquidity__2022-04-05,liquidity_state,,,,,,,
2022-04-06,-0.0237756265197433,-8.4188438723487e-05,-0.0524781017521967,-0.0726641560201369,-0.0708946290431207,-0.0003670997956992,-0.023408526724044,-0.812003845722,liquidity__2022-04-06,liquidity_state,,,,,,,
2022-04-07,-0.040252840837848,-0.0056956968514647,0.0061332358517827,0.0183416335106781,0.024523487108226,0.0039661216288779,-0.044218962466726,-1.53138796150995,liquidity__2022-04-07,liquidity_state,,,,,,,
2022-04-08,0.015114272096227,0.0012881004807283,-0.0275847977203902,-0.0106871353458597,-0.0375613789689453,0.0016450502435677,0.0134692218526592,0.480384318432328,liquidity__2022-04-08,liquidity_state,,,,,,,
2022-04-09,-0.0176115869829516,0.0001424122436723,0.0120251366841977,0.0205709220180861,0.0157088362840412,0.0028384430771791,-0.0204500300601308,-0.709565543488782,liquidity__2022-04-09,liquidity_state,,,,,,,
2022-04-10,0.0100882070388444,0.0018246421756842,-0.0140400516201851,-0.0171163973340587,-0.0192482940777197,0.0015455946937177,0.0085426123451266,0.31485204864607,liquidity__2022-04-10,liquidity_state,,,,,,,
2022-04-11,-0.012656253430805,0.0011488266861299,-0.0646662951555559,-0.0725458303496316,-0.0652466285339273,0.0011811674217871,-0.0138374208525921,-0.472157509667393,liquidity__2022-04-11,liquidity_state,,,,,,,
2022-04-12,-0.0490188814967354,-0.0048016892913516,0.0137282248349013,0.0161002641459183,0.0253196167883374,0.0032539067558978,-0.0522727882526332,-1.81632185426007,liquidity__2022-04-12,liquidity_state,,,,,,,
2022-04-13,0.0130943329261406,2.94031012977314e-05,0.0263695395037118,0.0294680882812983,0.0192569824685869,0.002038635473816,0.0110556974523245,0.410026922939114,liquidity__2022-04-13,liquidity_state,,,,,,,
2022-04-14,0.0151536539427575,-0.0037948652483272,-0.0297830091193827,-0.0316272240573721,-0.0202877482402073,0.002490857391143,0.0126627965516144,0.469796708500749,liquidity__2022-04-14,liquidity_state,,,,,,,
2022-04-15,-0.0157339855215781,-0.000117951108816,0.0149378239486353,0.0059531987318859,0.0158770072327776,0.0021415393413194,-0.0178755248628975,-0.601784417206131,liquidity__2022-04-15,liquidity_state,,,,,,,
2022-04-16,0.0069900493554051,-0.0007428633105455,-0.003916455869577,0.0066252523023777,0.0016314747405701,0.0028591406898492,0.0041309086655559,0.177867767150508,liquidity__2022-04-16,liquidity_state,,,,,,,
2022-04-17,0.0035497891630988,-0.0002290429816049,-0.0174297959256684,-0.0239607826856414,-0.0254697576381382,0.0011956832051086,0.0023541059579902,0.114636918967,liquidity__2022-04-17,liquidity_state,,,,,,,
2022-04-18,-0.0169890161335147,-0.000367669272606,0.0278770734882787,0.022830516989254,0.0214836494615298,0.0018633803214617,-0.0188523964549764,-0.633523835866036,liquidity__2022-04-18,liquidity_state,,,,,,,
2022-04-19,0.0241788171783135,-0.0018970817496324,0.0168066476189512,0.0149412504465811,0.018852898437828,0.0024578062318036,0.0217210109465098,0.800720010746131,liquidity__2022-04-19,liquidity_state,,,,,,,
2022-04-20,0.0065238029361687,0.000878076784442,-0.0032104609820713,-0.0083254824388969,-0.0072879796339329,0.0016875020642164,0.0048363008719523,0.196874392329208,liquidity__2022-04-20,liquidity_state,,,,,,,
2022-04-21,-0.0014004073135076,6.32044516812869e-05,-0.0215304005597634,-0.03048060632538,-0.0238317869585174,0.0015000441237351,-0.0029004514372427,-0.0791217840223554,liquidity__2022-04-21,liquidity_state,,,,,,,
2022-04-22,-0.0183717385136468,0.0011769424150713,-0.0194459259520503,-0.0073176702104307,-0.0019938962310419,0.0036113098283267,-0.0219830483419736,-0.759600834839006,liquidity__2022-04-22,liquidity_state,,,,,,,
2022-04-23,-0.0042179599351683,0.0017280278025388,-0.0064991113261037,-0.0098965453386252,-0.0091195477746595,0.0018100012504378,-0.0060279611856061,-0.18553204180441,liquidity__2022-04-23,liquidity_state,,,,,,,
2022-04-24,-0.0034218340040901,9.06599391896634e-05,0.0002560421465389,-0.0039454159127014,-0.0066331119319791,0.0015463513953112,-0.0049681853994013,-0.149088621176071,liquidity__2022-04-24,liquidity_state,,,,,,,
2022-04-25,-0.0066987462954024,0.0002495246150893,0.0244489500423946,0.0289094015903535,0.0128774964514484,0.0017300114843999,-0.0084287577798024,-0.27456732366587,liquidity__2022-04-25,liquidity_state,,,,,,,
2022-04-26,0.0226514919085083,-0.0005964886531053,-0.0592581211961427,-0.0681793567042206,-0.0530399689906993,0.0017103079015491,0.0209411840069592,0.782357720506172,liquidity__2022-04-26,liquidity_state,,,,,,,
2022-04-27,-0.039729204115531,-0.0033776178960778,0.029239966564532,0.0281512695484194,0.0187788285135291,0.0016979806341243,-0.0414271847496554,-1.46136475057309,liquidity__2022-04-27,liquidity_state,,,,,,,
2022-04-28,0.0150168577702345,-0.0001445453079504,0.0127218920416041,0.0160770283397742,0.0032884539146032,0.0017243029134608,0.0132925548567737,0.527116548530038,liquidity__2022-04-28,liquidity_state,,,,,,,
2022-04-29,-0.0023753601577745,-0.0006633459018559,-0.0294137616529788,-0.0415394790941788,-0.0294678445678898,0.00148271095931,-0.0038580711170845,-0.0942487281961104,liquidity__2022-04-29,liquidity_state,,,,,,,
2022-04-30,-0.0255350485693278,0.0018058623499648,-0.0250934386373611,-0.0325480913920391,-0.0508719935905582,-0.0002230312183302,-0.0253120173509975,-0.872361738848472,liquidity__2022-04-30,liquidity_state,,,,,,,
2022-05-01,-0.0332087052433678,-0.0002625869668442,0.0219258990845184,0.0353617408790639,0.0261899973595483,0.003137871447863,-0.0363465766912309,-1.26600083629951,liquidity__2022-05-01,liquidity_state,,,,,,,
2022-05-02,0.017238508154211,-0.0001553141205405,0.0010782031842762,0.011096196845207,-0.0032790407583256,0.0021694180787403,0.0150690900754706,0.602179531203175,liquidity__2022-05-02,liquidity_state,,,,,,,
2022-05-03,-0.0009635396245961,-0.0013041167309388,-0.0207035514693459,-0.0269241205755604,-0.0066414357678077,0.0027960875426889,-0.0037596271672851,-0.0815902428960963,liquidity__2022-05-03,liquidity_state,,,,,,,
2022-05-04,-0.0008430984204998,-0.000423637217132,0.0505111336248145,0.0557900943951468,0.0616955626057099,0.0037187651398164,-0.0045618635603163,-0.106269271134705,liquidity__2022-05-04,liquidity_state,,,,,,,
2022-05-05,0.0333984564339715,-0.0026195858321997,-0.0822607099777031,-0.0677380583803195,-0.0678686889175815,0.0027622444044629,0.0306362120295086,1.17278909555523,liquidity__2022-05-05,liquidity_state,,,,,,,
2022-05-06,-0.0412292864244819,0.0011011844508104,-0.0149376444391294,-0.020266560425358,-0.0043708367278405,0.0026294095516879,-0.0438586959761698,-1.52985783576196,liquidity__2022-05-06,liquidity_state,,,,,,,
2022-05-07,-0.0082874033844753,-0.0043562467758882,-0.0150237367423127,-0.0214414763269266,-0.0258898306054256,0.0010176560081655,-0.0093050593926408,-0.272194205683994,liquidity__2022-05-07,liquidity_state,,,,,,,
2022-05-08,-0.0379954319290903,-0.0004127870007941,-0.0410763227711097,-0.0449905184878618,-0.020457362717849,0.0031225462501136,-0.0411179781792039,-1.42119723461372,liquidity__2022-05-08,liquidity_state,,,,,,,
2022-05-09,-0.0364906216350747,-0.0050606443359981,-0.123511215374991,-0.12243449783712,-0.146967434781537,-0.0008856328537248,-0.0356049887813498,-1.21448872888194,liquidity__2022-05-09,liquidity_state,,,,,,,
2022-05-10,-0.139404883409028,-0.0050509469520569,0.0302290517073072,0.0490932624580767,0.0300251837879628,0.0030640887279807,-0.142468972137009,-4.90145551309597,liquidity__2022-05-10,liquidity_state,,,,,,,
2022-05-11,-0.0233225918486113,-0.0057205301478191,-0.0676801863191319,-0.119887383167093,-0.147956524747688,-0.006052887425629,-0.0172697044229822,-0.51599536324932,liquidity__2022-05-11,liquidity_state,,,,,,,
2022-05-12,-0.173789756572219,-0.0247378767139814,-0.0006879835912378,-0.0604278482545748,-0.0246712593539442,-0.0013926016178809,-0.172397154954338,-5.66319697076587,liquidity__2022-05-12,liquidity_state,,,,,,,
2022-05-13,-0.135867579142971,-0.0021025053242382,0.0096501935949167,0.0257679335491119,0.005498674212184,0.0024629141652054,-0.138330493308177,-4.39239330329675,liquidity__2022-05-13,liquidity_state,,,,,,,
2022-05-14,0.0071556726174471,-0.0082668272818118,0.0272336353111573,0.0233212755827736,0.0152044122404327,0.0014754029584943,0.0056802696589527,0.288210316672071,liquidity__2022-05-14,liquidity_state,,,,,,,
2022-05-15,0.0036241373497318,-0.0035383741559478,0.0407010479329042,0.0428953095685003,0.0387904318899963,0.0025531948227153,0.0010709425270165,0.140745963740504,liquidity__2022-05-15,liquidity_state,,,,,,,
2022-05-16,0.0241994285872664,0.0005194784358053,-0.0475474233861561,-0.0590173040228326,-0.0549258417028717,0.0007622998594515,0.0234371287278148,0.868064259094905,liquidity__2022-05-16,liquidity_state,,,,,,,
2022-05-17,-0.0355571841325144,0.0084796240501958,0.0189935011118774,0.0330587491352388,0.0299704582718334,0.0036185703100439,-0.0391757544425583,-1.17833686016632,liquidity__2022-05-17,liquidity_state,,,,,,,
2022-05-18,0.0205962331828111,-0.0072306402339386,-0.0587991792416958,-0.0881182280870396,-0.0658432512693139,0.0001256126926165,0.0204706204901945,0.767039466639907,liquidity__2022-05-18,liquidity_state,,,,,,,
2022-05-19,-0.0475136530233264,0.0014742033188852,0.0550150347296778,0.0540311922682752,0.0290708464744895,0.0008466397831283,-0.0483602928064548,-1.48956761033011,liquidity__2022-05-19,liquidity_state,,,,,,,
2022-05-20,0.0279733805725115,0.004013308104966,-0.0380621266707113,-0.0308861409924637,-0.0190513662328051,0.003370975800656,0.0246024047718555,0.920218852639613,liquidity__2022-05-20,liquidity_state,,,,,,,
2022-05-21,-0.0234214053036226,-0.0046544837111142,0.0085616032102482,0.008185030981223,0.0147725231731322,0.0027178828283319,-0.0261392881319545,-0.805589027647672,liquidity__2022-05-21,liquidity_state,,,,,,,
2022-05-22,0.0075276622427757,0.0005625708501639,0.028818011491877,0.0343831687935641,0.0144768497602961,0.0016076919916882,0.0059199702510875,0.281821318901863,liquidity__2022-05-22,liquidity_state,,,,,,,
2022-05-23,0.033362347589776,0.0005646247344941,-0.040378663316595,-0.035350471379334,-0.0266015923972702,0.0028953925784138,0.0304669550113622,1.12012789283506,liquidity__2022-05-23,liquidity_state,,,,,,,
2022-05-24,-0.0111563118042923,0.0005986026975826,0.0184951660398305,0.0031778267896829,0.0125825223617859,0.0014860474892807,-0.0126423592935731,-0.372397897008446,liquidity__2022-05-24,liquidity_state,,,,,,,
2022-05-25,0.0072119476221814,0.0009712099967984,-0.0034638240802031,-0.0185053427238042,-0.009283761385884,0.0012579418466989,0.0059540057754824,0.285312402203415,liquidity__2022-05-25,liquidity_state,,,,,,,
2022-05-26,0.0006162851814011,0.0009155442281425,-0.011850068339081,-0.0808416064716031,-0.0503044560673018,-0.0028598884998115,0.0034761736812126,0.20001771124048,liquidity__2022-05-26,liquidity_state,,,,,,,
2022-05-27,-0.0422904040941923,-0.0025013496183312,-0.0196746852574243,-0.0367001947183825,-0.016658830597823,0.001669293842461,-0.0439596979366533,-1.46878993263635,liquidity__2022-05-27,liquidity_state,,,,,,,
2022-05-28,-0.0180888791911613,-0.0027337151502635,0.014260100375262,0.0371896314022111,0.023660851904598,0.003716613942799,-0.0218054931339604,-0.684491362737183,liquidity__2022-05-28,liquidity_state,,,,,,,
2022-05-29,0.0148260557917368,0.0011644053116555,0.0151894986049843,0.0120285378436549,0.0060895615072666,0.0015802684020224,0.0132457873897144,0.55322226751482,liquidity__2022-05-29,liquidity_state,,,,,,,
2022-05-30,0.0034575402620404,-0.0009013233588994,0.0741898273083681,0.0973956463848751,0.0564293501492408,0.0023888941907583,0.0010686460712821,0.116883042044367,liquidity__2022-05-30,liquidity_state,,,,,,,
2022-05-31,0.0486512435342732,0.0033689985515508,0.002540711786068,-0.0284824901296084,-0.0011530229426561,0.0010004718067969,0.0476507717274763,1.77918201918907,liquidity__2022-05-31,liquidity_state,,,,,,,
2022-06-01,-0.0054959308675144,0.0035157190894601,-0.0652063543145864,-0.0659550321644247,-0.0529066692880455,0.0023379214208973,-0.0078338522884117,-0.196979555765923,liquidity__2022-06-01,liquidity_state,,,,,,,
2022-06-02,-0.0366237531900957,0.0060924628509369,0.0220464568079439,0.008870144922386,0.0182776398660778,0.0017476033279102,-0.0383713565180059,-1.28222818468337,liquidity__2022-06-02,liquidity_state,,,,,,,
2022-06-03,0.0062456815873943,-0.0056379071785528,-0.0263082758942552,-0.0338576422847678,-0.0290028546905639,0.0014602923850438,0.0047853892023504,0.264015857929756,liquidity__2022-06-03,liquidity_state,,,,,,,
2022-06-04,-0.0220732361257419,-7.0602826884425e-05,0.0056143693392822,0.0165792639525009,0.0060901525605778,0.0026039790200075,-0.0246772151457494,-0.788237929445022,liquidity__2022-06-04,liquidity_state,,,,,,,
2022-06-05,-0.0046959736805654,-0.0002228495834515,0.0019068401986768,0.0009112023229915,-0.0047327679359376,0.0016794001089394,-0.0063753737895048,-0.135526220448267,liquidity__2022-06-05,liquidity_state,,,,,,,
2022-06-06,0.0027642863494321,7.19726604287985e-05,0.0474483040973812,0.0293321503823041,0.0195306133304278,0.0001024007410035,0.0026618856084286,0.189035141964662,liquidity__2022-06-06,liquidity_state,,,,,,,
2022-06-07,0.0048207258074022,-0.0007921652982716,-0.0072184197573879,-0.0244729450337502,-0.0121078631166931,0.0012183260407247,0.0036023997666774,0.222914720750839,liquidity__2022-06-07,liquidity_state,,,,,,,
2022-06-08,0.0006925997743358,-0.0006811088769609,-0.0298300148622896,-0.0117279511019719,-0.0100673314234463,0.0038460376045764,-0.0031534378302405,-0.0201037025000215,liquidity__2022-06-08,liquidity_state,,,,,,,
2022-06-09,-0.0055997508919034,-0.0003314807323988,-0.0042394503860325,-0.0028475686788382,0.0024024951402132,0.0026610025807839,-0.0082607534726874,-0.20427299441412,liquidity__2022-06-09,liquidity_state,,,,,,,
2022-06-10,-0.008819058574101,0.0003969594903061,-0.0342960108321826,-0.0730774502140124,-0.0380356797915589,0.0003558054220348,-0.0091748639961359,-0.23451669165446,liquidity__2022-06-10,liquidity_state,,,,,,,
2022-06-11,-0.0387993664515101,-0.0028800888657727,-0.0235237119173632,-0.081611573179253,-0.0444923058434448,-0.0013739009232124,-0.0374254655282976,-1.24558852635745,liquidity__2022-06-11,liquidity_state,,,,,,,
2022-06-12,-0.0414259750597381,-0.0015453116850281,-0.06650535773991,-0.0657261679006513,-0.0468984620306969,0.0029074875307376,-0.0443334625904758,-1.48948282592618,liquidity__2022-06-12,liquidity_state,,,,,,,
2022-06-13,-0.0429449401090309,-0.0020640178454982,-0.168431693284726,-0.171231082957529,-0.069257073308723,0.0075293349017714,-0.0504742750108024,-1.69722763641539,liquidity__2022-06-13,liquidity_state,,,,,,,
2022-06-14,-0.140933767095412,-0.0070838028976538,-0.0148922715613988,-0.000193465177813,0.0095259678591972,0.0042519452448941,-0.145185712340306,-4.90870051943235,liquidity__2022-06-14,liquidity_state,,,,,,,
2022-06-15,-0.0326167109772655,-0.0061670924209522,0.0196954206712654,0.0235354618287502,0.0425737886562132,0.004195177762498,-0.0368118887397636,-1.14945391046939,liquidity__2022-06-15,liquidity_state,,,,,,,
2022-06-16,-0.0055004522236394,-0.0050613850926417,-0.101800840775022,-0.147431890462473,-0.07039521854513,0.0019898295183046,-0.0074902817419441,-0.135756980185835,liquidity__2022-06-16,liquidity_state,,,,,,,
2022-06-17,-0.0699217607029077,-0.0036917608771034,0.0033736763250207,0.0169674496704371,0.0170307372799599,0.0036287150096631,-0.0735504757125709,-2.40624119849726,liquidity__2022-06-17,liquidity_state,,,,,,,
2022-06-18,0.0140018438555032,-0.0033386886669539,-0.0759591926650458,-0.0881747519380376,-0.0351616481832657,0.0039722821348424,0.0100295617206607,0.468525580913276,liquidity__2022-06-18,liquidity_state,,,,,,,
2022-06-19,-0.0539671933823378,0.0004529697449662,0.0810559464272913,0.125789001400672,0.0465871356795802,0.0018820101252247,-0.0558492035075625,-1.79028820198995,liquidity__2022-06-19,liquidity_state,,,,,,,
2022-06-20,0.0370942850574352,-0.0014549841619029,0.0003105569098522,9.64553490980791e-05,0.0124343623327476,0.0030667307354327,0.0340275543220025,1.28612964302221,liquidity__2022-06-20,liquidity_state,,,,,,,
2022-06-21,0.0132849321019037,-0.0041386298979979,0.0072032585280172,-0.0019530624981998,0.0173457707866369,0.0027283292833124,0.0105566028185913,0.478369742023295,liquidity__2022-06-21,liquidity_state,,,,,,,
2022-06-22,0.0063757231152123,0.0005809525142588,-0.0360938126006722,-0.069953312895767,-0.0273022499543885,0.001406531563924,0.0049691915512883,0.281073748845035,liquidity__2022-06-22,liquidity_state,,,,,,,
2022-06-23,-0.0102302047587521,-0.0006163085175572,0.0551425327363599,0.0866037938629969,0.040098955358232,0.0026261792911171,-0.0128563840498693,-0.33669353345385,liquidity__2022-06-23,liquidity_state,,,,,,,
2022-06-24,0.0300099036964134,-0.0021472439911498,0.0058625940621492,0.0680080540330827,0.0321775809249871,0.0060480795727262,0.0239618241236872,0.941811955332871,liquidity__2022-06-24,liquidity_state,,,,,,,
2022-06-25,0.0222603491373157,-5.3632610768517e-05,0.0117790238575139,0.013809687512742,0.0112792680089804,0.0023318053602712,0.0199285437770444,0.799208723972848,liquidity__2022-06-25,liquidity_state,,,,,,,
2022-06-26,0.0032102733284382,0.001172525803696,-0.0210232214291324,-0.0361990412830648,-0.0263792037849093,0.0010935704991221,0.0021167028293161,0.178505700833297,liquidity__2022-06-26,liquidity_state,,,,,,,
2022-06-27,-0.0155705945866735,-4.65289423310367e-05,-0.014760630402364,-0.0050738124592237,-0.0055272627595783,0.0029846743936069,-0.0185552689802805,-0.536624129112743,liquidity__2022-06-27,liquidity_state,,,,,,,
2022-06-28,-0.0086006831019922,-0.0015725145580489,-0.0223676970461497,-0.0412498575466644,-0.0315172750407697,0.0006879240663463,-0.0092886071683386,-0.212152132941059,liquidity__2022-06-28,liquidity_state,,,,,,,
2022-06-29,-0.0208132803139129,-0.0003252139762466,-0.0080951465895893,-0.0393331817809104,-0.0077130965675031,0.0011762982027954,-0.0219895785167083,-0.64947060613532,liquidity__2022-06-29,liquidity_state,,,,,,,
2022-06-30,-0.013632616369005,-0.0005506097787417,-0.0068719089028608,-0.0266430802422661,-0.0083583967646561,0.001397048178871,-0.015029664547876,-0.404163397569616,liquidity__2022-06-30,liquidity_state,,,,,,,
2022-07-01,-0.0090875024073966,-0.0009927098196378,-0.0359964529925403,-0.0110164711035026,-0.0129254400447536,0.0042281224392546,-0.0133156248466513,-0.34351838337697,liquidity__2022-07-01,liquidity_state,,,,,,,
2022-07-02,-0.0009986802407695,0.0048615159315446,-0.0014556093940942,0.0069402476025208,0.0044431275511591,0.0028477069933209,-0.0038463872340904,-0.0140401399507327,liquidity__2022-07-02,liquidity_state,,,,,,,
2022-07-03,0.0203963976958264,-0.0001758200382937,0.0039046408005827,0.007319314084552,0.0012090089857217,0.00212452170289,0.0182718759929363,0.753572600585407,liquidity__2022-07-03,liquidity_state,,,,,,,
2022-07-04,0.0051229313184215,-0.0007408548101253,0.0461873861715532,0.068626233827735,0.0294111434153663,0.0021281368897568,0.0029947944286646,0.225094022558362,liquidity__2022-07-04,liquidity_state,,,,,,,
2022-07-05,0.027065425455298,0.0003925875261963,-0.0028394761239525,-0.0161387647630269,-0.0089688452944756,0.0012944586347287,0.0257709668205692,1.01651089649454,liquidity__2022-07-05,liquidity_state,,,,,,,
2022-07-06,0.0038266769839729,-0.0004345859492573,0.0191067993776564,0.0467782241923613,0.0143795708016405,0.0028726583722031,0.0009540186117698,0.151748950869154,liquidity__2022-07-06,liquidity_state,,,,,,,
2022-07-07,0.0152867227970965,-0.0017838158017902,0.0505092844747548,0.0421357463284204,0.0220595816912379,0.0003900683645564,0.0148966544325401,0.640313874292924,liquidity__2022-07-07,liquidity_state,,,,,,,
2022-07-08,0.0103373973413738,-0.0012376939510296,-0.001187165031494,-0.018841318375288,-0.0079971182019456,0.0011317110333189,0.0092056863080549,0.44113776470325,liquidity__2022-07-08,liquidity_state,,,,,,,
2022-07-09,-0.002979773158902,0.0006145242658881,-0.0001426812110878,0.002387687645796,0.0107534091228381,0.0030538351479925,-0.0060336083068946,-0.092185116144442,liquidity__2022-07-09,liquidity_state,,,,,,,
2022-07-10,0.0022170871803197,0.000444804962278,-0.0341953486703819,-0.0405221376388418,-0.0235541053605068,0.0023915824123707,-0.000174495232051,0.111716532481593,liquidity__2022-07-10,liquidity_state,,,,,,,
2022-07-11,-0.0213865604510914,-0.0012101199951253,-0.0443920223470453,-0.0639571248339381,-0.0340104562705008,0.0018614808884268,-0.0232480413395183,-0.690120728794508,liquidity__2022-07-11,liquidity_state,,,,,,,
2022-07-12,-0.0302181882508918,0.0011040949809775,-0.0326598744895357,-0.0545112005960879,-0.0175285120628388,0.0022724072864656,-0.0324905955373575,-1.00859634652701,liquidity__2022-07-12,liquidity_state,,,,,,,
2022-07-13,-0.0222193166616265,-0.0020643283544039,0.0459397857616608,0.0711531658330182,0.0304955472980666,0.0023068899456778,-0.0245262066073043,-0.731094213768897,liquidity__2022-07-13,liquidity_state,,,,,,,
2022-07-14,0.0218191247936659,0.000754677381753,0.0178713164272377,0.0683857990053296,0.0194194322719312,0.0040078442130152,0.0178112805806507,0.740148262159187,liquidity__2022-07-14,liquidity_state,,,,,,,
2022-07-15,0.0220660774618011,0.0003418484869115,0.0117731359146713,0.0313961803060163,0.005177870085042,0.0024118954136104,0.0196541820481907,0.800440364856875,liquidity__2022-07-15,liquidity_state,,,,,,,
2022-07-16,0.0094835072042514,-0.0036183072050377,0.017444243388848,0.0965226216530972,0.0247800198967667,0.0052880872731221,0.0041954199311292,0.260276231844458,liquidity__2022-07-16,liquidity_state,,,,,,,
2022-07-17,0.0241261209884911,0.0001770826888076,-0.0189213728656927,-0.0128884431790981,-0.0120421740181413,0.0026553933533384,0.0214707276351526,0.857879185988062,liquidity__2022-07-17,liquidity_state,,,,,,,
2022-07-18,-0.0033196090715961,0.000816624894405,0.0757149767047558,0.166554324223375,0.0553252391724897,0.0042457582484032,-0.0075653673199993,-0.150307982624682,liquidity__2022-07-18,liquidity_state,,,,,,,
2022-07-19,0.0584367774592707,0.0016741884869162,0.0421687578660386,-0.0247101690255809,0.0189154631066977,-0.001078812348657,0.0595155898079277,2.16297436179677,liquidity__2022-07-19,liquidity_state,,,,,,,
2022-07-20,0.0030501667793174,-0.0006690189219682,-0.0073142135528403,-0.0133598853011181,-0.021938345639203,0.0008375392782243,0.0022126275010931,0.178745484868087,liquidity__2022-07-20,liquidity_state,,,,,,,
2022-07-21,-0.0116859101477118,0.0011042472041538,-0.0031367645662054,0.03477276836405,0.0119216515980902,0.0043908918131153,-0.0160768019608272,-0.452914305777761,liquidity__2022-07-21,liquidity_state,,,,,,,
2022-07-22,0.0135243011731454,-0.000345746333366,-0.0203904720712789,-0.0257812452103714,-0.0145357912730546,0.0022202079137586,0.0113040932593868,0.49994447750957,liquidity__2022-07-22,liquidity_state,,,,,,,
2022-07-23,-0.001244037153171,0.0009000339861948,-0.0103929730862991,0.0087013393585131,0.0057803029021386,0.0038268816406499,-0.0050709187938209,-0.0676561877623093,liquidity__2022-07-23,liquidity_state,,,,,,,
2022-07-24,0.0008922882945192,0.0006495770248911,0.0059178913568214,0.0312040588699416,0.0032728205141765,0.0028081607874508,-0.0019158724929315,0.0443376646403987,liquidity__2022-07-24,liquidity_state,,,,,,,
2022-07-25,0.0100323279134997,-6.70032271656851e-05,-0.0580144584205762,-0.103771968027528,-0.0524597822507147,0.0005676650138358,0.0094646628996639,0.441332967757948,liquidity__2022-07-25,liquidity_state,,,,,,,
2022-07-26,-0.0433696405971915,-0.000115470913812,-0.0025343310213319,0.0060741591977944,0.0010176063620797,0.0026693618563021,-0.0460390024534937,-1.48087815703806,liquidity__2022-07-26,liquidity_state,,,,,,,
2022-07-27,-0.00230804013486,-0.0008413851694797,0.077086039861296,0.121425781206413,0.0463428002961201,0.0021005187258246,-0.0044085588606847,-0.03288939133538,liquidity__2022-07-27,liquidity_state,,,,,,,
2022-07-28,0.0489128682522875,0.0001867082547342,0.037935957190065,0.0526356666707049,0.0302857535357965,0.0024759785569906,0.0464368896952968,1.72504298011056,liquidity__2022-07-28,liquidity_state,,,,,,,
2022-07-29,0.0279728540288069,-0.0014171720417302,-0.0028273722754441,-0.0015856713715463,0.0283644364767852,0.0044796853208485,0.0234931687079583,0.927221573116865,liquidity__2022-07-29,liquidity_state,,,,,,,
2022-07-30,-0.0075256278092474,0.0008291267459767,-0.0055754582422036,-0.0144266323192044,-0.0096808978045785,0.0015469147990609,-0.0090725426083084,-0.197081698238063,liquidity__2022-07-30,liquidity_state,,,,,,,
2022-07-31,0.001186176671478,2.18038532189269e-05,-0.0149494121958469,-0.0112622247122234,-0.0039592108417316,0.002931542816422,-0.001745366144944,0.0577134395330259,liquidity__2022-07-31,liquidity_state,,,,,,,
2022-08-01,-0.0050440980462838,-6.48627944777047e-05,-0.0012887714370624,-0.0290753019584873,-0.0081619567702233,0.0008212766280252,-0.005865374674309,-0.0838537612691664,liquidity__2022-08-01,liquidity_state,,,,,,,
2022-08-02,-0.0093950285492177,0.0018200137433304,-0.012021652228416,0.0003624366720682,-0.0114680748767633,0.0024570361350122,-0.01185206468423,-0.290938006595024,liquidity__2022-08-02,liquidity_state,,,,,,,
2022-08-03,-0.0173517988261196,-0.0005956344967685,-0.0072575641552354,-0.0076595224710054,0.0114770727309867,0.0034639979095678,-0.0208157967356874,-0.599832499851583,liquidity__2022-08-03,liquidity_state,,,,,,,
2022-08-04,0.0116546123155459,-0.0001756014946074,-0.0087474975159853,-0.0064504128046456,0.0130612420882699,0.0037549879821011,0.0078996243334447,0.393298523873488,liquidity__2022-08-04,liquidity_state,,,,,,,
2022-08-05,0.0130315509487602,-0.0003695321993077,0.0301347513474806,0.0768591813627957,0.0246675883265119,0.003513200107045,0.009518350841715,0.452471819976096,liquidity__2022-08-05,liquidity_state,,,,,,,
2022-08-06,0.0178171369386071,0.0011609719473071,-0.015646927547861,-0.0267676354721962,-0.0172248928989198,0.0015532141967273,0.0162639227418797,0.687345467856071,liquidity__2022-08-06,liquidity_state,,,,,,,
2022-08-07,-0.0090294233115564,0.0001094044833713,0.0096880080725778,0.0057605721141174,0.0104293497386649,0.0022208801363329,-0.0112503034478894,-0.264346329427418,liquidity__2022-08-07,liquidity_state,,,,,,,
2022-08-08,0.0180069956771156,-0.0004737350115071,0.0270300141284903,0.04427093168706,0.0195916039871449,0.0024471821616041,0.0155598135155114,0.668015991313664,liquidity__2022-08-08,liquidity_state,,,,,,,
2022-08-09,0.0040445355719995,-0.0015040563095816,-0.0280760007313763,-0.0427113741056901,-0.0192630607592861,0.0020749310926441,0.0019696044793554,0.19458656157776,liquidity__2022-08-09,liquidity_state,,,,,,,
2022-08-10,-0.0281186243618272,-0.0005154861752103,0.0342981768139481,0.084995926442236,0.0380036771508365,0.004354147514907,-0.0324727718767343,-0.996832116076971,liquidity__2022-08-10,liquidity_state,,,,,,,
2022-08-11,0.0444104389686828,0.001801118648899,-0.0005259247639823,0.0143625802751979,-0.0073716705612483,0.0021148699844591,0.0422955689842237,1.58961355952412,liquidity__2022-08-11,liquidity_state,,,,,,,
2022-08-12,-0.003382797481553,-0.0003538137044536,0.0191850776593228,0.0408211286404052,0.0038960239081795,0.0019144117482273,-0.0052972092297803,-0.0568337692010684,liquidity__2022-08-12,liquidity_state,,,,,,,
2022-08-13,0.0080906270547132,-0.0011788858039736,0.0015458177967744,0.0126546253079267,0.0144015097290016,0.0034747496330547,0.0046158774216584,0.285953259979565,liquidity__2022-08-13,liquidity_state,,,,,,,
2022-08-14,0.0023980966244039,0.0015959495131703,-0.005767323759521,-0.02480823362494,-0.0034384647963001,0.0017121563125151,0.0006859403118887,0.153415139536404,liquidity__2022-08-14,liquidity_state,,,,,,,
2022-08-15,-0.0150980593981664,-0.003204000008246,-0.0087265224581027,-0.0189583862057239,-0.0267248541005998,0.0004475929639454,-0.0155456523621119,-0.40827809449986,liquidity__2022-08-15,liquidity_state,,,,,,,
2022-08-16,-0.010634368134351,0.0020239188257313,-0.0100250656521474,-0.0119556885339778,0.0168759532200013,0.0039886558517187,-0.0146230239860698,-0.374652413042393,liquidity__2022-08-16,liquidity_state,,,,,,,
2022-08-17,0.0025829747901831,-0.0009090118042927,-0.0218161392064022,-0.0230552170504659,-0.034321157880381,0.0009774588920645,0.0016055158981185,0.185815141146112,liquidity__2022-08-17,liquidity_state,,,,,,,
2022-08-18,-0.0182953851153549,-0.0001385790951786,-0.0065346592928108,0.0066659782020979,-0.0211544046518313,0.0014251815905513,-0.0197205667059062,-0.553689527847925,liquidity__2022-08-18,liquidity_state,,,,,,,
2022-08-19,-0.0129487028260726,-0.0012520058221774,-0.107213967110985,-0.137612960614453,-0.0649966205879124,0.003183904776078,-0.0161326076021507,-0.426724559168017,liquidity__2022-08-19,liquidity_state,,,,,,,
2022-08-20,-0.0515076620903052,-0.0005433807220107,0.0145748925452089,-0.0207885681606994,0.0031849526422504,0.0004366099380144,-0.0519442720283197,-1.65838233422538,liquidity__2022-08-20,liquidity_state,,,,,,,
2022-08-21,-0.0061574841361746,-0.0006058748320896,0.0174432281124108,0.0263616279847509,0.0130018091288484,0.0023114227225937,-0.0084689068587684,-0.150010044924573,liquidity__2022-08-21,liquidity_state,,,,,,,
2022-08-22,0.0148833902501941,-0.0001548783901874,-0.0053079639340687,0.0041358342546651,0.0023411277798501,0.0029654210314281,0.011917969218766,0.554728153284185,liquidity__2022-08-22,liquidity_state,,,,,,,
2022-08-23,0.0002036929150328,-0.0013308087929147,0.0060698884109449,0.0249274306752678,0.0073597578848385,0.0029062747257871,-0.0027025818107543,0.0491869466652089,liquidity__2022-08-23,liquidity_state,,,,,,,
2022-08-24,0.0033881629957157,0.0008344612983428,-0.0074649384193641,-0.0054294666225409,0.0097883305964998,0.0034259177604613,-3.77547647456224e-05,0.141413069108884,liquidity__2022-08-24,liquidity_state,,,,,,,
2022-08-25,0.0029355092677043,9.36223124625712e-05,0.0088375809430942,0.0228946840687847,0.0034734456335421,0.0023026731071616,0.0006328361605427,0.163148321766473,liquidity__2022-08-25,liquidity_state,,,,,,,
2022-08-26,0.0065302281504422,0.0003235699263299,-0.0627419422284028,-0.116651203410886,-0.0508607175178852,0.0007360118919637,0.0057942162584785,0.340935243103648,liquidity__2022-08-26,liquidity_state,,,,,,,
2022-08-27,-0.0482872541677715,0.0004111936217974,-0.0105086119137052,-0.0115445188358052,-0.0022595439934747,0.0026368955519872,-0.0509241497197587,-1.61531428913253,liquidity__2022-08-27,liquidity_state,,,,,,,
2022-08-28,-0.0059237587428775,0.0003585659691793,-0.0241110077821087,-0.0439671629763314,-0.0150656052904878,0.0019789894788024,-0.0079027482216799,-0.126283859462292,liquidity__2022-08-28,liquidity_state,,,,,,,
2022-08-29,-0.0186529447544785,-0.0013659352773771,0.0366805917515247,0.0839350062977529,0.0295279511350763,0.0034775407158372,-0.0221304854703158,-0.616546803105602,liquidity__2022-08-29,liquidity_state,,,,,,,
2022-08-30,0.0292672161901102,0.0010895160748525,-0.0237912168907162,-0.0176984818953079,-0.0105890010290501,0.0030688028100449,0.0261984133800653,1.04933152072209,liquidity__2022-08-30,liquidity_state,,,,,,,
2022-08-31,-0.0030813069047113,0.0020789205081861,0.012073864934159,0.0191734678364215,-0.0012565991915316,0.0015427809184451,-0.0046240878231564,-0.0146669287103751,liquidity__2022-08-31,liquidity_state,,,,,,,
2022-09-01,-0.0060024474198101,-0.0012767159518141,0.0043092197269523,0.0206593608987919,0.0099049875064025,0.0031284169436941,-0.0091308643635043,-0.166529595582078,liquidity__2022-09-01,liquidity_state,,,,,,,
2022-09-02,0.0101436168462641,-0.0003371480488603,-0.0091800016147232,-0.0071253777202908,-0.006699891390749,0.002319778706614,0.00782383813965,0.426244743537056,liquidity__2022-09-02,liquidity_state,,,,,,,
2022-09-03,-0.0020525515335272,-0.0012394990284008,-0.0061699620720379,-0.0113765505610619,0.0018159067502807,0.0025401717875997,-0.0045927233211269,-0.004991729787319,liquidity__2022-09-03,liquidity_state,,,,,,,
2022-09-04,-0.0047962873380775,0.0001740008604116,0.0085326779367243,0.0137928748837064,0.0099867211984943,0.0025368055465325,-0.00733309288461,-0.0983186360679787,liquidity__2022-09-04,liquidity_state,,,,,,,
2022-09-05,-0.0006514197990945,-0.001146202169977,-0.0103978811969441,0.0241742204248458,0.0016687649371967,0.003989839760033,-0.0046412595591276,-0.0037740149852938,liquidity__2022-09-05,liquidity_state,,,,,,,
2022-09-06,0.0121693648355539,-0.0004446154004149,-0.0520819777177568,-0.0370441708679943,-0.0611408510316913,0.0013853600098934,0.0107840048256604,0.533175953012463,liquidity__2022-09-06,liquidity_state,,,,,,,
2022-09-07,-0.0439115111451898,9.0582652486404e-05,0.0263738235234516,0.0445620102990185,0.028266800139729,0.003155447295284,-0.0470669584404738,-1.47810603232654,liquidity__2022-09-07,liquidity_state,,,,,,,
2022-09-08,0.0181458683522422,0.0006297156996275,0.0014668286199235,0.0034197089629968,0.0075651377301184,0.0027010479543431,0.015444820397899,0.691342974224312,liquidity__2022-09-08,liquidity_state,,,,,,,
2022-09-09,0.0003420433393124,0.0010134647783353,0.100666808644489,0.0497679080833313,0.033426556372131,-0.0031890656148104,0.0035311089541228,0.275496619798033,liquidity__2022-09-09,liquidity_state,,,,,,,
2022-09-10,0.0249741456388328,0.0006910020690327,0.0133126529873255,0.0318039187107546,0.0073597343897091,0.0024422127949024,0.0225319328439304,0.935752183553958,liquidity__2022-09-10,liquidity_state,,,,,,,
2022-09-11,0.0125570576704774,0.0006397373891324,0.0082093500360418,-0.0044343206318222,-0.0022353964861743,0.0011188188812498,0.0114382387892276,0.545335052765758,liquidity__2022-09-11,liquidity_state,,,,,,,
2022-09-12,-0.0111606482757765,-7.6885638300439e-06,0.025770717086413,-0.0286565484013179,0.0003350341741317,-0.0010467390986141,-0.0101139091771623,-0.203957515966339,liquidity__2022-09-12,liquidity_state,,,,,,,
2022-09-13,-0.0084233166680896,-0.0001440084582604,-0.1047348481064,-0.0864917449824043,-0.0495462303258023,0.0056289501864242,-0.0140522668545139,-0.339229476783789,liquidity__2022-09-13,liquidity_state,,,,,,,
2022-09-14,-0.0550834293720364,-2.17798793400448e-06,0.0026488572458802,0.0399318932653268,0.0093711789846473,0.0038223680140265,-0.0589057973860629,-1.89344312217168,liquidity__2022-09-14,liquidity_state,,,,,,,
2022-09-15,-0.019300552264351,-0.0022824853012366,-0.0263098136723752,-0.106904922516102,-0.0233397950414975,-0.0003189405537598,-0.0189816117105912,-0.500530385229205,liquidity__2022-09-15,liquidity_state,,,,,,,
2022-09-16,-0.0200678591404042,-0.0015768686440154,0.0050899608244172,-0.0266459471455054,0.0090055729334608,0.0015675400193985,-0.0216353991598027,-0.589587423506319,liquidity__2022-09-16,liquidity_state,,,,,,,
2022-09-17,0.0052819633159835,-0.0008526425053041,0.0156233505559129,0.0242059481931243,0.0161764966716369,0.0026489084278222,0.0026330548881612,0.25540778569977,liquidity__2022-09-17,liquidity_state,,,,,,,
2022-09-18,0.0118689511483936,0.000305900474661,-0.0353401966645794,-0.0959470409171281,-0.0450792052918203,-0.0007537109737611,0.0126226621221547,0.601430692845123,liquidity__2022-09-18,liquidity_state,,,,,,,
2022-09-19,-0.0286760385540994,-0.0002508344431895,0.0063716122188761,0.0306264110228378,0.0121084004553218,0.0033993154903007,-0.0320753540444002,-0.952524839602152,liquidity__2022-09-19,liquidity_state,,,,,,,
2022-09-20,0.0073869868869529,0.0008341467189332,-0.0346250481674275,-0.0394233197974465,-0.0100010901550824,0.0034623008351201,0.0039246860518327,0.296411861683772,liquidity__2022-09-20,liquidity_state,,,,,,,
2022-09-21,-0.0029015997410688,0.0015921402744325,-0.0222297825462707,-0.0601291107356827,-0.0127430885774054,0.0014898082596404,-0.0043914080007092,-0.0017750420121053,liquidity__2022-09-21,liquidity_state,,,,,,,
2022-09-22,-0.0209641515875063,-0.0010760845139508,0.049717380563056,0.0627895405423882,0.0392124592804848,0.0023473500483986,-0.023311501635905,-0.666388013787159,liquidity__2022-09-22,liquidity_state,,,,,,,
2022-09-23,0.0327091239664696,-2.87837142032288e-05,-0.0058003281060976,0.0004598897358656,0.0083261107651324,0.0033411599589072,0.0293679640075624,1.20026365137312,liquidity__2022-09-23,liquidity_state,,,,,,,
2022-09-24,0.0037649689225105,-0.0013921130926988,-0.0192871759655784,-0.0074801308762566,-0.0105324491409107,0.0029630451191837,0.0008019238033268,0.187598680153372,liquidity__2022-09-24,liquidity_state,,,,,,,
2022-09-25,-0.0036568001227053,-0.0001710439832258,-0.0059611497812124,-0.0173274341925493,-0.0068743215348874,0.0017020604947802,-0.0053588606174855,-0.0323220021871874,liquidity__2022-09-25,liquidity_state,,,,,,,
2022-09-26,-0.0037103695049474,-0.0018693457355176,0.0223799128082227,0.0320532374060951,0.0054909564455272,0.0014723140873861,-0.0051826835923335,-0.0255283759091549,liquidity__2022-09-26,liquidity_state,,,,,,,
2022-09-27,0.01439214156958,-0.0052096443075555,-0.0080140641060957,-0.0064057165934645,-0.008967399313196,0.0020664768974886,0.0123256646720914,0.594483718910936,liquidity__2022-09-27,liquidity_state,,,,,,,
2022-09-28,-0.0008337397972262,-0.0006092464994686,0.0171577992512955,0.0066933326403102,0.0018964546274702,0.000928820945366,-0.0017625607425922,0.0926344140033839,liquidity__2022-09-28,liquidity_state,,,,,,,
2022-09-29,0.0045663757767151,-0.0033221099613882,0.0094182268420777,-0.0007930175197552,0.0106870216767874,0.0020677900709739,0.0024985857057412,0.242008184868881,liquidity__2022-09-29,liquidity_state,,,,,,,
2022-09-30,-8.0910519404398e-05,-0.0033103181214251,-0.0088196186959024,-0.0054673637098368,-0.0044863217251851,0.0024992331543705,-0.0025801436737749,0.0641588765213237,liquidity__2022-09-30,liquidity_state,,,,,,,
2022-10-01,-0.0017873024584425,-0.0084133644564019,-0.0056777870123223,-0.0127542968121421,-0.0079636775284548,0.0017331105355379,-0.0035204129939804,0.0349408986003943,liquidity__2022-10-01,liquidity_state,,,,,,,
2022-10-02,0.0070279643026154,4.23526594701684e-05,-0.0133292181552527,-0.027077607122532,-0.0125927382674718,0.0016702865727536,0.0053576777298617,0.355201708163923,liquidity__2022-10-02,liquidity_state,,,,,,,
2022-10-03,-0.0097375790050584,0.0002444854191345,0.0296976723518689,0.0357257162805134,0.0119687939827742,0.001381922299233,-0.0111195013042915,-0.231243177527483,liquidity__2022-10-03,liquidity_state,,,,,,,
2022-10-04,0.0148682742264583,-0.0015110277726257,0.035576514209799,0.0287161733312518,0.0183575039282857,0.0010970596990226,0.0137712145274357,0.65732976412967,liquidity__2022-10-04,liquidity_state,,,,,,,
2022-10-05,0.0092906753704475,-0.0002956477028028,-0.0089343518590787,-0.0068945743811639,-0.0023608556210099,0.0026234410878534,0.006667234282594,0.403638510744977,liquidity__2022-10-05,liquidity_state,,,,,,,
2022-10-06,0.0012379537618834,0.0004202896922649,-0.0098121945578988,-0.0001709804274474,-0.007928927059055,0.0024969403548111,-0.0012589865929277,0.122146919504122,liquidity__2022-10-06,liquidity_state,,,,,,,
2022-10-07,-0.0023372335511098,0.0003444708946425,-0.0219452090300898,-0.0157201761402996,-0.0005737271534833,0.0036947144364259,-0.0060319479875358,-0.0474154230017786,liquidity__2022-10-07,liquidity_state,,,,,,,
2022-10-08,-0.0111562222616399,0.0012296843768773,-0.0057530821359641,-0.0117781490624553,-0.0067334284809952,0.0018600152253907,-0.0130162374870307,-0.294644164639078,liquidity__2022-10-08,liquidity_state,,,,,,,
2022-10-09,-0.0043831671203378,-4.32625823023614e-05,0.0011717991899225,0.0059067661047826,0.0073367813859697,0.0027863389819255,-0.0071695061022633,-0.0844325698967389,liquidity__2022-10-09,liquidity_state,,,,,,,
2022-10-10,0.0017087136745033,-6.34566931978497e-05,-0.0160770304293791,-0.0255103231264728,-0.022551538551344,0.0012386635632892,0.000470050111214,0.189899689740439,liquidity__2022-10-10,liquidity_state,,,,,,,
2022-10-11,-0.013257492819239,-0.0012249664937193,-0.0038659883560932,-0.007850942977253,-0.0090340617133648,0.0016339239320849,-0.014891416751324,-0.360749190647212,liquidity__2022-10-11,liquidity_state,,,,,,,
2022-10-12,-0.0004807021965049,-0.0006819093457544,0.0051017011008873,0.0111695975838195,4.14849368581827e-05,0.0020434563512511,-0.002524158547756,0.0836886154421277,liquidity__2022-10-12,liquidity_state,,,,,,,
2022-10-13,-0.0062741493920839,-0.0034452330714565,0.0114502040713944,-0.0056536692319753,-0.0041977553075618,0.0006375070703427,-0.0069116564624266,-0.0723838212512692,liquidity__2022-10-13,liquidity_state,,,,,,,
2022-10-14,-0.0094618534986068,-0.0028112151224668,-0.0102511634078457,0.0073178124373658,-0.0048929842423319,0.0029862955082278,-0.0124481490068347,-0.267870068214594,liquidity__2022-10-14,liquidity_state,,,,,,,
2022-10-15,-0.0003918872537695,-0.0028976316810549,-0.0056889431214823,-0.0167521637235248,-0.0044265549744153,0.0018743700072075,-0.0022662572609771,0.100059757923268,liquidity__2022-10-15,liquidity_state,,,,,,,
2022-10-16,-0.002835291888914,-0.0001154134567364,0.0101012748989238,0.0240331068656214,0.0060952196667685,0.002412896346165,-0.0052481882350791,-0.0051063570821991,liquidity__2022-10-16,liquidity_state,,,,,,,
2022-10-17,0.0081860157371487,-0.0005484683421137,0.0147756889924704,0.0193606288794319,0.0118950412403542,0.0022664972302042,0.0059195185069445,0.395808073056678,liquidity__2022-10-17,liquidity_state,,,,,,,
2022-10-18,0.0076885677228588,-0.001360304651012,-0.0112794510762679,-0.0156163822705579,-0.0097430804736866,0.0020348620109456,0.0056537057119132,0.385897761972465,liquidity__2022-10-18,liquidity_state,,,,,,,
2022-10-19,-0.008551531833671,-0.0006218086784421,-0.010836167705067,-0.0200043213128236,-0.0182011889812479,0.0012391182954888,-0.0097906501291599,-0.16971082002575,liquidity__2022-10-19,liquidity_state,,,,,,,
2022-10-20,-0.0111905353083728,-0.0006351233248693,-0.0039091305412828,-0.0015744286468839,-0.0071607001264375,0.0019645695106643,-0.0131551048190371,-0.287855916096575,liquidity__2022-10-20,liquidity_state,,,,,,,
2022-10-21,-0.0108917663669068,-0.002346818078518,0.0062013670133449,0.0131411994112511,0.0053883809625823,0.0023945684757441,-0.013286334842651,-0.28818185628696,liquidity__2022-10-21,liquidity_state,,,,,,,
2022-10-22,0.0009015133205316,-0.0014568304300084,0.0021813978681137,0.0107471688223812,0.0033881021753927,0.0025476354324023,-0.0016461221118707,0.130416918474562,liquidity__2022-10-22,liquidity_state,,,,,,,
2022-10-23,0.0023405968393781,0.0004429843465878,0.019118207918293,0.037717387268497,0.0138014201373196,0.0025565986497221,-0.000216001810344,0.18068509386117,liquidity__2022-10-23,liquidity_state,,,,,,,
2022-10-24,0.0169533137551277,0.0002638822130798,-0.0127991215531029,-0.0151901361781528,-0.0086963465024609,0.0022654974044997,0.0146878163506279,0.721003678654748,liquidity__2022-10-24,liquidity_state,,,,,,,
2022-10-25,-0.0113515710760836,-0.0023201496780131,0.0382914900621731,0.0830679149294786,0.0313868100811803,0.0034391338929856,-0.0147907049690693,-0.34462887708909,liquidity__2022-10-25,liquidity_state,,,,,,,
2022-10-26,0.0323627160919777,-0.0007492673829467,0.0342260486666319,0.0705167443373576,0.01398721769365,0.002157193703919,0.0302055223880587,1.28027572940946,liquidity__2022-10-26,liquidity_state,,,,,,,
2022-10-27,0.0235765189741386,0.0011210626126576,-0.0237128649683385,-0.0342086680115568,-0.0102779103678792,0.0025880340406208,0.0209884849335178,0.943300497755144,liquidity__2022-10-27,liquidity_state,,,,,,,
2022-10-28,-0.012357580611102,-0.000470629080997,0.0146467908692429,0.0265383905129219,0.0230459613631133,0.0033152717239843,-0.0156728523350864,-0.383148436461389,liquidity__2022-10-28,liquidity_state,,,,,,,
2022-10-29,0.0103229167539496,0.0011340409006521,0.0107576267952165,0.0411515034336913,0.0259545446352831,0.0043290124561992,0.0059939042977503,0.405584884796187,liquidity__2022-10-29,liquidity_state,,,,,,,
2022-10-30,0.0162315875340333,0.0006702015280701,-0.0090498893907131,-0.0182984850247179,-0.0049846147834529,0.002098074972244,0.0141335125617893,0.697781702832734,liquidity__2022-10-30,liquidity_state,,,,,,,
2022-10-31,-0.006365111640946,0.0009571975042419,-0.0064208015523803,-0.0111453928790297,0.0107787331630753,0.0032302696842196,-0.0095953813251656,-0.164484814145143,liquidity__2022-10-31,liquidity_state,,,,,,,
2022-11-01,-0.0101119788171182,-0.0026596058324202,-0.0009786776185922,0.0031728132130641,0.0002004199236544,0.0023778752935128,-0.0124898541106311,-0.267300917144747,liquidity__2022-11-01,liquidity_state,,,,,,,
2022-11-02,-0.0031752112663916,0.0002596927812206,-0.0154732128755288,-0.0382820291946322,-0.0188002913900043,0.0010749246123775,-0.0042501358787692,0.0334016273179893,liquidity__2022-11-02,liquidity_state,,,,,,,
2022-11-03,-0.0148272620850491,-0.0009081145308975,0.0021307753873216,0.0078112279874078,0.0055270567106902,0.002621535167152,-0.0174487972522012,-0.442183368158355,liquidity__2022-11-03,liquidity_state,,,,,,,
2022-11-04,0.0069098660357909,0.0008372868157593,0.0455088059667244,0.0717545844856771,0.0545259115602335,0.004134197888524,0.0027756681472668,0.295359698821722,liquidity__2022-11-04,liquidity_state,,,,,,,
2022-11-05,0.0327096125834352,0.0012602560085355,0.007214302310615,-0.010735170573775,-0.0003984376406727,0.0011567812418051,0.03155283134163,1.33727655614791,liquidity__2022-11-05,liquidity_state,,,,,,,
2022-11-06,-0.0021548999997556,0.0002380202250122,-0.0185673551124133,-0.0367187617250453,-0.0349355900831192,0.0002204942686306,-0.0023753942683862,0.103778682149904,liquidity__2022-11-06,liquidity_state,,,,,,,
2022-11-07,-0.0187247710476584,0.002806951094282,-0.0153657881755667,-0.0001380986268531,-0.0006774673269589,0.0035462079473952,-0.0222709789950536,-0.615859550080542,liquidity__2022-11-07,liquidity_state,,,,,,,
2022-11-08,-0.0039096724691347,0.0067044392271782,-0.103664973819807,-0.160890382452486,-0.0828893626713203,0.000837904021867,-0.0047475764910018,0.024444447328141,liquidity__2022-11-08,liquidity_state,,,,,,,
2022-11-09,-0.101444843512045,0.0019052542846935,-0.156292580078281,-0.190646920478511,-0.12738898302679,0.001541103213486,-0.102985946725531,-3.48551454472342,liquidity__2022-11-09,liquidity_state,,,,,,,
2022-11-10,-0.11948024282901,-0.0119024800349692,0.105796203216283,0.164931250496056,0.0952641449775413,0.0043514856079649,-0.123831728436975,-4.1216616925659,liquidity__2022-11-10,liquidity_state,,,,,,,
2022-11-11,0.0402452720107256,0.0033581177631596,-0.0343259692361144,-0.0099377294421696,-0.0298968798380201,0.0028562653497426,0.0373890066609829,1.51108588755818,liquidity__2022-11-11,liquidity_state,,,,,,,
2022-11-12,-0.0222024771295573,-0.0007813234236273,-0.0127750827937874,-0.0240397354412831,-0.0251684325920607,0.0007843803430458,-0.0229868574726031,-0.594071057302122,liquidity__2022-11-12,liquidity_state,,,,,,,
2022-11-13,-0.01644569991727,-0.0048721041140851,-0.0298989935241263,-0.0290034747929662,-0.0230251801222714,0.0023789371627782,-0.0188246370800482,-0.447498242070282,liquidity__2022-11-13,liquidity_state,,,,,,,
2022-11-14,-0.0205803759620515,-0.0012077386879489,0.0177060764778467,0.0173188605266761,0.0078665884786843,0.0016370901827903,-0.0222174661448418,-0.563028126639054,liquidity__2022-11-14,liquidity_state,,,,,,,
2022-11-15,0.0043015258036653,-0.0012039852459615,0.0160680753362019,0.0078633359896187,0.0092584567163633,0.0016069785380262,0.0026945472656391,0.306718418536378,liquidity__2022-11-15,liquidity_state,,,,,,,
2022-11-16,0.007492280589048,9.88663192380557e-05,-0.0136572081476292,-0.0298704339446454,-0.0120044373065156,0.0016600073236419,0.0058322732654061,0.413743179011075,liquidity__2022-11-16,liquidity_state,,,,,,,
2022-11-17,-0.0156964994858733,-0.0026775305103328,0.0014922531260541,-0.0130098379706016,-0.0064362190047937,0.0011738088060457,-0.016870308291919,-0.382848093785614,liquidity__2022-11-17,liquidity_state,,,,,,,
2022-11-18,0.0026243140778845,-0.0027051993661153,0.0010139006705713,0.0098309280105963,0.0061623917893705,0.0028324844052258,-0.0002081703273412,0.201718693255615,liquidity__2022-11-18,liquidity_state,,,,,,,
2022-11-19,-0.0025117227277498,0.0015949272887176,0.0002289766302538,0.0046541838211924,0.0009891353922562,0.002368635932478,-0.0048803586602278,0.0335081094006173,liquidity__2022-11-19,liquidity_state,,,,,,,
2022-11-20,-0.0061230913942615,-0.0001918977724457,-0.0260619120127679,-0.0647293605605359,-0.0308098478513941,0.0003761995750288,-0.0064992909692904,-0.0176652015715137,liquidity__2022-11-20,liquidity_state,,,,,,,
2022-11-21,-0.0298087887976699,0.0004758741067689,-0.0309755519966028,-0.0304557291720897,-0.0157894514007282,0.0029677338927537,-0.0327765226904236,-0.942196377074831,liquidity__2022-11-21,liquidity_state,,,,,,,
2022-11-22,-0.0062313507658196,-0.0059464905029713,0.0274427122129257,0.0286740167065593,0.0196770480865496,0.0019462922791433,-0.0081776430449629,-0.0723283662899593,liquidity__2022-11-22,liquidity_state,,,,,,,
2022-11-23,-0.0001630022215124,-0.0001525335593868,0.0236542207640422,0.0385028342791784,0.0349783361147757,0.0037193081529083,-0.0038823103744207,0.0771285331269806,liquidity__2022-11-23,liquidity_state,,,,,,,
2022-11-24,0.0131341054698915,-0.004190182278279,-0.0005826225959353,0.0162920226427152,0.0042821881441383,0.0030361848864993,0.0100979205833921,0.57568985140841,liquidity__2022-11-24,liquidity_state,,,,,,,
2022-11-25,-0.0064580915763379,0.0015441354526863,-0.0049300423703684,-0.0036558526818337,-0.0019854040538511,0.0023775893021679,-0.0088356808785058,-0.0963997567221901,liquidity__2022-11-25,liquidity_state,,,,,,,
2022-11-26,-0.0012921030919983,-0.0024937568346139,-0.0033204222555145,0.0052693554207428,0.0063554360062667,0.0031109843570331,-0.0044030874490314,0.0638317001105656,liquidity__2022-11-26,liquidity_state,,,,,,,
2022-11-27,0.0123902387510348,0.001360303089406,-0.0024217119804976,-0.0098488264424014,0.0031441975409762,0.0023367465350572,0.0100534922159776,0.574067789004536,liquidity__2022-11-27,liquidity_state,,,,,,,
2022-11-28,-0.0062080236147004,-0.0001600711277482,-0.0133038657416602,-0.0220995547238498,-0.0199888229125271,0.0012730560818745,-0.0074810796965749,-0.0527909376290422,liquidity__2022-11-28,liquidity_state,,,,,,,
2022-11-29,-0.0163505137259179,-0.0072824906549264,0.0139398517299298,0.0407981884660309,0.0094804265850889,0.0028106981146821,-0.0191612118406001,-0.467583987414294,liquidity__2022-11-29,liquidity_state,,,,,,,
2022-11-30,0.0252435233830042,-0.0044262346178527,0.0424043464963866,0.0620957041496055,0.0229943603307241,0.0018097078367676,0.0234338155462366,1.06167396802688,liquidity__2022-11-30,liquidity_state,,,,,,,
2022-12-01,0.0132468672692561,-0.0011466841077805,-0.0105980728979311,-0.0139511083506054,-0.0127328881747566,0.0018016901430632,0.0114451771261928,0.631855249809589,liquidity__2022-12-01,liquidity_state,,,,,,,
2022-12-02,0.0012531604101404,-0.0011421735353351,0.0068427648018083,0.0148443158890714,0.0076432339716845,0.0025523913244478,-0.0012992309143073,0.174132197728412,liquidity__2022-12-02,liquidity_state,,,,,,,
2022-12-03,-0.0124431100168003,0.0018443360792268,-0.0126922845305,-0.0435569275866472,-0.0153988664204014,0.0009091959369923,-0.0133523059537927,-0.258870837044072,liquidity__2022-12-03,liquidity_state,,,,,,,
2022-12-04,-0.0005105678227792,0.0011865217790898,0.0134293111524624,0.0310473286726127,0.0100504036687283,0.0026067680374011,-0.0031173358601804,0.104356318796821,liquidity__2022-12-04,liquidity_state,,,,,,,
2022-12-05,0.0147295924936195,0.0008085168432998,-0.0081237679271044,-0.0158233111806965,-0.0035258372996551,0.0021941272241496,0.0125354652694698,0.664649055487732,liquidity__2022-12-05,liquidity_state,,,,,,,
2022-12-06,-0.0127660401742311,-0.0017443795248972,0.0071096111895556,0.0093390956168288,-0.0014844835960339,0.0016900934024647,-0.0144561335766959,-0.30945527184749,liquidity__2022-12-06,liquidity_state,,,,,,,
2022-12-07,0.0092460283000761,-0.0009414909157463,-0.0149021012053758,-0.0319424249805138,-0.0171330556307225,0.0013353989138928,0.0079106293861833,0.50059964728674,liquidity__2022-12-07,liquidity_state,,,,,,,
2022-12-08,-0.0008056438457444,-0.0011714186020519,0.0225923358698399,0.0388641773647382,0.0146485847545463,0.0023316842933236,-0.0031373281390681,0.101281096779219,liquidity__2022-12-08,liquidity_state,,,,,,,
2022-12-09,0.0035551839885208,-0.0004976133634393,-0.0053994691102641,-0.0134100260403205,-0.0023870861123107,0.0020982103396698,0.001456973648851,0.269225109006175,liquidity__2022-12-09,liquidity_state,,,,,,,
2022-12-10,-0.0008554892953256,-0.0004770204414263,-4.45410300216054e-05,0.0027033567007137,0.0020184837274364,0.002411101617535,-0.0032665909128607,0.0942763028045501,liquidity__2022-12-10,liquidity_state,,,,,,,
2022-12-11,0.0069593513398302,0.0003541583954991,-0.0024242991457583,-0.0026259161623274,-0.012386982313437,0.0014106297192941,0.005548721620536,0.410849952407809,liquidity__2022-12-11,liquidity_state,,,,,,,
2022-12-12,-0.0108757845099312,0.0007288696218488,0.0068702833695546,0.0096753607915554,-0.00669342197925,0.0013388465132327,-0.012214631023164,-0.231725819804364,liquidity__2022-12-12,liquidity_state,,,,,,,
2022-12-13,-0.0008919649063159,-0.0024222226766212,0.0326893738548595,0.0349487355890883,0.0111025191110627,0.0010176900461431,-0.0019096549524591,0.144431452841032,liquidity__2022-12-13,liquidity_state,,,,,,,
2022-12-14,0.0027511326164848,-0.0024397199278425,0.0014310730837561,-0.010186259688604,-0.005585519813188,0.0013270079351467,0.0014241246813381,0.261000279075228,liquidity__2022-12-14,liquidity_state,,,,,,,
2022-12-15,-0.0021706393310942,-0.0018855285086409,-0.025198002753033,-0.0315754977814242,-0.0167976087186936,0.0023247259423061,-0.0044953652734004,0.0461847535042834,liquidity__2022-12-15,liquidity_state,,,,,,,
2022-12-16,-0.0161228497022208,0.0003140038612023,-0.0428800351232663,-0.0822571165148513,-0.0630800469621811,-0.0009691256010378,-0.0151537241011829,-0.340418214122738,liquidity__2022-12-16,liquidity_state,,,,,,,
2022-12-17,-0.0457309613962806,-0.0032718469012991,0.0090946341166411,0.0173578550191635,0.0138209083131038,0.0028742506622268,-0.0486052120585074,-1.55868814450683,liquidity__2022-12-17,liquidity_state,,,,,,,
2022-12-18,0.0056493032698767,0.0011334902581907,-0.0025605982340639,-0.0032808662297858,0.0009997289809895,0.002389197976754,0.0032601052931227,0.336390639593563,liquidity__2022-12-18,liquidity_state,,,,,,,
2022-12-19,0.0026945070740609,0.0002382945518455,-0.0179669985361901,-0.013189654539743,-0.027824690713846,0.0013959081819022,0.0012985988921587,0.267562997817789,liquidity__2022-12-19,liquidity_state,,,,,,,
2022-12-20,-0.0158317385498705,-0.00245714815469,0.0275504991895836,0.0413128331726211,0.0213570444899425,0.0024400191623404,-0.018271757712211,-0.447647083583968,liquidity__2022-12-20,liquidity_state,,,,,,,
2022-12-21,0.0148916733444189,-0.0019218010997441,-0.0044579364610637,-0.0026937830901356,-0.0094565975437603,0.0018127010302501,0.0130789723141687,0.698343522845991,liquidity__2022-12-21,liquidity_state,,,,,,,
2022-12-22,-0.0003458233623945,-0.001574045193351,-3.29258297711021e-05,0.0032399471204653,0.0043875947095699,0.0026005925943853,-0.0029464159567798,0.115480463561658,liquidity__2022-12-22,liquidity_state,,,,,,,
2022-12-23,-0.0002302618899143,-0.0010197413026631,-0.0026526075987476,0.001916766098942,-0.0012138787159479,0.002391015077166,-0.0026212769670804,0.127216548636229,liquidity__2022-12-23,liquidity_state,,,,,,,
2022-12-24,-0.0015088617227014,-0.0036561634603842,0.0033764518739243,0.0003618067898365,0.0001371212317664,0.0018853275468582,-0.0033941892695597,0.102395668037299,liquidity__2022-12-24,liquidity_state,,,,,,,
2022-12-25,0.0012269806376075,0.0003714964351217,-8.36327130357972e-05,-0.0014508859928597,-0.0030965531595619,0.0019132053450346,-0.0006862247074271,0.201162543065981,liquidity__2022-12-25,liquidity_state,,,,,,,
2022-12-26,-0.0097446101835245,4.43360166215712e-05,0.0050823241957509,0.0076344906120038,0.0072892276313147,0.0024725967603614,-0.012217206943886,-0.220878703850664,liquidity__2022-12-26,liquidity_state,,,,,,,
2022-12-27,0.0049440732316981,-1.13820494362926e-07,-0.0124866469006797,-0.0137387887967844,-0.0040205796569665,0.0026244618456902,0.0023196113860078,0.314108402526346,liquidity__2022-12-27,liquidity_state,,,,,,,
2022-12-28,-0.0052782589142843,-0.0032393856211001,-0.0094848356303263,-0.018219547480415,-0.0194463103938425,0.0010759467860134,-0.0063542057002977,-0.0061488254719441,liquidity__2022-12-28,liquidity_state,,,,,,,
2022-12-29,-0.0065984902681499,0.0004326036313635,0.0050695237795999,0.0093328877058072,-0.0031536428874972,0.0017559607442909,-0.0083544510124409,-0.0825867015223881,liquidity__2022-12-29,liquidity_state,,,,,,,
2022-12-30,-0.000188846244935,-0.0006028325971882,-0.0013708437107737,-0.0005318702416836,-0.0003701631603014,0.0022607965656956,-0.0024496428106307,0.133250591323029,liquidity__2022-12-30,liquidity_state,,,,,,,
2022-12-31,-0.002924925980146,-0.0009029157320945,-0.0047773099235257,-0.0036175563496811,0.0021535279501279,0.0026693361821868,-0.0055942621623328,0.0185163002605069,liquidity__2022-12-31,liquidity_state,,,,,,,
2023-01-01,-0.0120427581607032,-0.0009421311283617,0.0051503542842237,0.0039661835448692,0.0024531453972009,0.0019999286291287,-0.014042686789832,-0.291707988145256,liquidity__2023-01-01,liquidity_state,,,,,,,
2023-01-02,0.0073868982944951,0.00070567251705,0.0037827749436392,0.0118053738070989,0.0124180055985299,0.0030959886967242,0.0042909095977709,0.3857524620756,liquidity__2023-01-02,liquidity_state,,,,,,,
2023-01-03,0.0052827119758411,2.45731172654473e-06,-0.0001606089340526,-0.0002318507795919,0.0012290866968172,0.00227547618468,0.0030072357911611,0.338492697855959,liquidity__2023-01-03,liquidity_state,,,,,,,
2023-01-04,0.0010311276518351,-0.0024695293434575,0.0103341619175978,0.0343175074651434,0.0195411774350802,0.003690549995877,-0.0026594223440419,0.129468497951506,liquidity__2023-01-04,liquidity_state,,,,,,,
2023-01-05,0.0165385759951278,-0.0004008514204016,-0.0008162963669686,-0.0041778769478755,-0.0074963079003254,0.0015751254463748,0.0149634505487529,0.777519462975505,liquidity__2023-01-05,liquidity_state,,,,,,,
2023-01-06,-0.0029261818344501,-0.0020635034819385,0.006917483045342,0.0141982927406703,0.0106873441961675,0.0027501786045796,-0.0056763604390297,0.0130215432953139,liquidity__2023-01-06,liquidity_state,,,,,,,
2023-01-07,0.0020939166479934,-0.0023464090685507,-0.0007783071137108,-0.0042404960571351,-0.0011719476975002,0.0020353742082174,5.85424397759903e-05,0.223263878141717,liquidity__2023-01-07,liquidity_state,,,,,,,
2023-01-08,0.0025896309641702,0.0009150096664605,0.0111491132506352,0.0207407620278905,0.0236583423642536,0.0035099924732629,-0.0009203615090927,0.184283450723104,liquidity__2023-01-08,liquidity_state,,,,,,,
2023-01-09,0.0185404515137613,-0.0003258503276484,0.0031310793395782,0.0231149215203024,0.0122911577271729,0.0034870562163376,0.0150533952974237,0.771259660001415,liquidity__2023-01-09,liquidity_state,,,,,,,
2023-01-10,0.0088498323338051,-0.0016910742420499,0.0149244942457063,0.0113044558507136,0.0085383619748178,0.001763341959698,0.007086490374107,0.47736861052402,liquidity__2023-01-10,liquidity_state,,,,,,,
2023-01-11,0.004890768777269,0.0012802460515537,0.0285163947657257,0.0397612295678025,0.0176754720449068,0.0020328394577208,0.0028579293195482,0.318622875797573,liquidity__2023-01-11,liquidity_state,,,,,,,
2023-01-12,0.0264048864910293,0.0004130128864971,0.0489461638055868,0.0187358034281582,0.0145391062141798,-0.0007224479425605,0.0271273344335899,1.21676789599522,liquidity__2023-01-12,liquidity_state,,,,,,,
2023-01-13,0.0062739476346607,0.0007543412862638,0.0559204585641062,0.0247900250327078,0.0246952309687387,-0.0004385907853699,0.0067125384200306,0.463946780349539,liquidity__2023-01-13,liquidity_state,,,,,,,
2023-01-14,0.0506859321572044,-0.001872889501751,0.0500755029270277,0.0656003847945161,0.0317495668133958,0.0018492176878875,0.0488367144693169,2.00799036977676,liquidity__2023-01-14,liquidity_state,,,,,,,
2023-01-15,-0.0003935420334819,0.0015073399651903,-0.0038792300446797,0.0018052094096825,0.0004048860955627,0.0026204558632624,-0.0030139978967444,0.0970515955866026,liquidity__2023-01-15,liquidity_state,,,,,,,
2023-01-16,0.008616060489043,0.0010923847914199,0.0148715315337427,0.0154305296415664,-0.0028057355587378,0.0010570638882485,0.0075589966007945,0.486894094498362,liquidity__2023-01-16,liquidity_state,,,,,,,
2023-01-17,0.0008969683119737,-0.0004165927544832,-0.0021094606157383,-0.0069600426440636,-0.0015845226918607,0.0020465178032369,-0.0011495494912632,0.166345503188883,liquidity__2023-01-17,liquidity_state,,,,,,,
2023-01-18,0.003266348672529,-0.0034216574409207,-0.0217593056496241,-0.0352681635828942,-0.0320415927625746,0.0007728244292726,0.0024935242432563,0.29798860659314,liquidity__2023-01-18,liquidity_state,,,,,,,
2023-01-19,-0.0221102786432859,-0.0006511232206634,0.0187505495982823,0.0257455869620964,0.0177890139382235,0.0025242895818396,-0.0246345682251255,-0.701177097325149,liquidity__2023-01-19,liquidity_state,,,,,,,
2023-01-20,0.0155858236288182,-0.0003724401925317,0.0731193155310486,0.0673024008196155,0.0436592569653556,0.000642984408527,0.0149428392202912,0.755680537643637,liquidity__2023-01-20,liquidity_state,,,,,,,
2023-01-21,0.0445591202617877,0.0011986908705523,0.0043864592425499,-0.019780623253939,-0.0114324462379614,0.0003343087129789,0.0442248115488087,1.82099571913449,liquidity__2023-01-21,liquidity_state,,,,,,,
2023-01-22,-0.0029180808722912,0.0021720348647562,-0.0030349688752764,0.0006633052816917,0.0094181536776787,0.0031715562284958,-0.0060896371007871,-0.0375148737260515,liquidity__2023-01-22,liquidity_state,,,,,,,
2023-01-23,0.0021031774108344,0.0005041897648645,0.0089349639897022,-0.0007941911068263,0.0147374317171156,0.0024107377563938,-0.0003075603455594,0.174367404401342,liquidity__2023-01-23,liquidity_state,,,,,,,
2023-01-24,0.0056386900341571,-0.0011482297356799,-0.01256405275657,-0.0444203452697671,-0.0261987588468671,7.61839668185571e-05,0.0055625060673386,0.39853630548894,liquidity__2023-01-24,liquidity_state,,,,,,,
2023-01-25,-0.01577062867824,-2.48329495775579e-05,0.0190131191786271,0.0354375894310888,0.0264785982489855,0.0034311799158135,-0.0192018085940535,-0.537446101903162,liquidity__2023-01-25,liquidity_state,,,,,,,
2023-01-26,0.0257437285265816,0.0022973751816657,-0.002517205264672,-0.0069267236738728,0.0056392361100385,0.0026171555304967,0.0231265729960848,1.06263072905651,liquidity__2023-01-26,liquidity_state,,,,,,,
2023-01-27,-0.0062634789405429,0.001120898438149,0.0023397403678853,-0.0019098735044638,0.010939815081084,0.0027084243132621,-0.008971903253805,-0.14882426690002,liquidity__2023-01-27,liquidity_state,,,,,,,
2023-01-28,0.0104048527023792,-0.0012649661388657,-0.0015795746919664,-0.0160183869402921,-0.0076814947677128,0.0012761723083456,0.0091286803940335,0.53127838091698,liquidity__2023-01-28,liquidity_state,,,,,,,
2023-01-29,-0.0032920465296513,0.0010668081700302,0.0306791094942049,0.0450030387746327,0.0250330855544654,0.0025318645232657,-0.005823911052917,-0.035875825314503,liquidity__2023-01-29,liquidity_state,,,,,,,
2023-01-30,0.0201677706342771,-0.0003433987150742,-0.0392291681453045,-0.04884057229203,-0.0350765796819488,0.0017593199533269,0.0184084506809502,0.883848206226722,liquidity__2023-01-30,liquidity_state,,,,,,,
2023-01-31,-0.0316497028762299,-0.0022112204644457,0.0130375600436263,0.0121009254724367,0.0147950013027724,0.0024227195628584,-0.0340724224390884,-1.10654196175692,liquidity__2023-01-31,liquidity_state,,,,,,,
2023-02-01,0.0100131051260277,0.0003570888456323,0.0255075072855266,0.0344629451640586,0.0201372977618668,0.0023334738207543,0.0076796313052733,0.478966528330812,liquidity__2023-02-01,liquidity_state,,,,,,,
2023-02-02,0.0357932245447756,-0.000269055936549,-0.0101698740661025,0.0011210537908343,0.0014941877821428,0.0032627214951052,0.0325305030496704,1.41821523143424,liquidity__2023-02-02,liquidity_state,,,,,,,
2023-02-03,-0.0089589897484074,0.0019938157318044,-0.0024985350770769,0.012281974076469,0.0215735661612655,0.0043661932451806,-0.0133251829935881,-0.321737101653964,liquidity__2023-02-03,liquidity_state,,,,,,,
2023-02-04,0.0043196618641587,-0.0019664551315337,-0.00442785480665,0.0020141048771122,0.0026147297454564,0.0028402562688046,0.0014794055953541,0.241281140290513,liquidity__2023-02-04,liquidity_state,,,,,,,
2023-02-05,-0.001376879545166,0.000150145199381,-0.0165720868357315,-0.0225273278905709,-0.0204683976069333,0.0015275833690726,-0.0029044629142386,0.0812590299812582,liquidity__2023-02-05,liquidity_state,,,,,,,
2023-02-06,-0.0086123265626127,0.0002962711188878,-0.0079214529585431,-0.0091063652106839,-0.0085667821016812,0.0020061947555498,-0.0106185213181626,-0.21113472665676,liquidity__2023-02-06,liquidity_state,,,,,,,
2023-02-07,-0.0042373687261125,-0.0006966633717162,0.0208731447645167,0.0343116394665772,0.0339274764955313,0.0037734980047425,-0.0080108667308551,-0.109502193562074,liquidity__2023-02-07,liquidity_state,,,,,,,
2023-02-08,0.0243654799522268,-0.0011936944927519,-0.0123557981030409,-0.0126159098408323,-0.0100608727478431,0.0022013699287183,0.0221641100235085,1.04372191143398,liquidity__2023-02-08,liquidity_state,,,,,,,
2023-02-09,-0.0097848001707419,-0.0009468991198495,-0.0519399139426309,-0.0657262336236908,-0.0546569225052593,0.000987208515497,-0.0107720086862389,-0.215001401414668,liquidity__2023-02-09,liquidity_state,,,,,,,
2023-02-10,-0.0443499231908362,-0.0010466725608573,-0.0075852713212238,-0.0208383517367254,0.0003869620315057,0.0022815550643712,-0.0466314782552074,-1.57559853036238,liquidity__2023-02-10,liquidity_state,,,,,,,
2023-02-11,-0.0044197867981132,9.16592545650019e-05,0.0103604376314443,0.016204108557984,0.0121914924111373,0.0026023524839402,-0.0070221392820534,-0.0669342530187667,liquidity__2023-02-11,liquidity_state,,,,,,,
2023-02-12,0.0109488769781514,-6.35455443749322e-05,-0.0032397541370219,-0.0148974273872229,-0.0050724513728113,0.0016557394074468,0.0092931375707045,0.552338033063079,liquidity__2023-02-12,liquidity_state,,,,,,,
2023-02-13,-0.0051892437508023,-0.0003524197983288,-0.0006911691578093,-0.0066836852642859,-0.0175711396060159,0.0007464035304904,-0.0059356472812927,-0.0288838661251018,liquidity__2023-02-13,liquidity_state,,,,,,,
2023-02-14,-0.0075684077453743,0.0006117465636918,0.019867128459639,0.0331688177616245,0.0214206059590651,0.0029114566363196,-0.0104798643816941,-0.2021155113087,liquidity__2023-02-14,liquidity_state,,,,,,,
2023-02-15,0.0170038205040335,-0.0008996924221058,0.0914762473423298,0.0739150685026235,0.0622146643391588,0.0005078064359008,0.0164960140681326,0.826269434065072,liquidity__2023-02-15,liquidity_state,,,,,,,
2023-02-16,0.0565776559054711,-0.0027916036278945,-0.0333557123106214,-0.0221420648101427,-0.0396591251611618,0.001680674852691,0.0548969810527801,2.28120041620756,liquidity__2023-02-16,liquidity_state,,,,,,,
2023-02-17,-0.0181830664748261,0.0005252139727858,0.0434890246901585,0.0333425004614929,0.0375909115098061,0.0019194295986482,-0.0201024960734744,-0.569064200590857,liquidity__2023-02-17,liquidity_state,,,,,,,
2023-02-18,0.0264257768201048,-0.0004498150066751,0.0017577786506564,-0.0017560925403721,0.0043488209458395,0.0022816670083774,0.0241441098117274,1.10705763988127,liquidity__2023-02-18,liquidity_state,,,,,,,
2023-02-19,0.0060198365831318,2.51170675120704e-05,-0.0149012263110055,-0.0070738863658581,0.0038902321956157,0.0036309508498756,0.0023888857332562,0.277121872106992,liquidity__2023-02-19,liquidity_state,,,,,,,
2023-02-20,-0.0057401172350246,0.0003458543125631,0.0228646550960612,0.0142127381645238,0.0154455767865507,0.0016239408387069,-0.0073640580737316,-0.0940596763868304,liquidity__2023-02-20,liquidity_state,,,,,,,
2023-02-21,0.0130418015760441,-0.0023049343438295,-0.0147743324722018,-0.0258332362427982,-0.0150879778009987,0.0016578269875322,0.0113839745885119,0.616124407403856,liquidity__2023-02-21,liquidity_state,,,,,,,
2023-02-22,-0.0206128180834391,-0.0017194952278352,-0.0112236286950047,-0.0101780647910772,-0.0062838098456339,0.0024479065968522,-0.0230607246802913,-0.695414224323014,liquidity__2023-02-22,liquidity_state,,,,,,,
2023-02-23,-0.0050455095334776,-0.0019028434322123,-0.0100583231745635,0.0044816790520281,-0.0049933081220245,0.0028757732876292,-0.0079212828211068,-0.117074461973775,liquidity__2023-02-23,liquidity_state,,,,,,,
2023-02-24,0.0005133654905833,-0.0005909890035624,-0.0321696171718422,-0.0262201001306455,-0.0246585287666861,0.0025526684530477,-0.0020393029624643,0.106795620447518,liquidity__2023-02-24,liquidity_state,,,,,,,
2023-02-25,-0.0195960561246267,-0.0005588675892234,-0.0011032831411235,-0.0082345410944011,-0.0055452015679655,0.0016233889834771,-0.0212194451081038,-0.621780357281245,liquidity__2023-02-25,liquidity_state,,,,,,,
2023-02-26,-0.0055312940086693,0.0008843408821768,0.0171961655370261,0.0290376922622624,0.0142079974123739,0.0025035767145123,-0.0080348707231816,-0.116458486842982,liquidity__2023-02-26,liquidity_state,,,,,,,
2023-02-27,0.0208460326712583,-0.0005264500594144,-0.0027599399065696,-0.0049265840470198,-0.0022422850508085,0.0021194754459169,0.0187265572253414,0.902475375986184,liquidity__2023-02-27,liquidity_state,,,,,,,
2023-02-28,0.0001038511123105,-0.0021948028422826,-0.0152220698898748,-0.0175303359631593,-0.0154421424310449,0.0019228654206401,-0.0018190143083295,0.116936333800726,liquidity__2023-02-28,liquidity_state,,,,,,,
2023-03-01,-0.0064819937292597,-0.0009814793218438,0.020824885200339,0.0368087937347266,0.0205371644480863,0.0028671483952005,-0.0093491421244602,-0.163991884883217,liquidity__2023-03-01,liquidity_state,,,,,,,
2023-03-02,0.0178954163826006,-0.0013192298862954,-0.0066998651962855,-0.0104228033979616,-0.0085980315933333,0.0018511699117502,0.0160442464708503,0.81354156557575,liquidity__2023-03-02,liquidity_state,,,,,,,
2023-03-03,-0.0076973538680142,0.0013792464958797,-0.0480480500812543,-0.0487720447731403,-0.02841203816266,0.0030688734714507,-0.0107662273394651,-0.21858521853032,liquidity__2023-03-03,liquidity_state,,,,,,,
2023-03-04,-0.0309646094574987,0.0001786917019792,-0.0008392010400726,-0.0017341769757885,-0.0124896890881239,0.0012830696019606,-0.0322476790594594,-1.04738834770962,liquidity__2023-03-04,liquidity_state,,,,,,,
2023-03-05,-0.0018173329330224,0.0005857714965955,0.0037599095916576,-0.0013614638063295,0.0074318803080082,0.0023350965795701,-0.0041524295125926,0.0320503171737112,liquidity__2023-03-05,liquidity_state,,,,,,,
2023-03-06,0.0016388325606726,0.0005167047522078,-0.0007671426561888,0.0009037673161396,-0.0020453206100654,0.0021247096148,-0.0004858770541273,0.175371796139277,liquidity__2023-03-06,liquidity_state,,,,,,,
2023-03-07,-0.0013497956694905,-0.001415736954641,-0.009611152161753,-0.0025830459897484,-0.0074962184785043,0.002437655157632,-0.0037874508271226,0.0447307927552221,liquidity__2023-03-07,liquidity_state,,,,,,,
2023-03-08,-0.0043439915394074,0.0001936692732265,-0.0225011471935908,-0.019157559067347,-0.0269273013079641,0.0017024907144631,-0.0060464822538706,-0.0423344644648135,liquidity__2023-03-08,liquidity_state,,,,,,,
2023-03-09,-0.0202936118404935,-0.0006822436676401,-0.0641579096757621,-0.0642280153608699,-0.0304969538756268,0.0039427250880839,-0.0242363369285774,-0.742717064060627,liquidity__2023-03-09,liquidity_state,,,,,,,
2023-03-10,-0.0490393346035027,4.37572723832602e-05,-0.0128281357829501,-0.0081694353832801,0.0058603136658383,0.0035510562272678,-0.0525903908307706,-1.82945977099451,liquidity__2023-03-10,liquidity_state,,,,,,,
2023-03-11,-0.0094457236976452,-0.0034672037402891,0.0108271666942699,0.0257070856953039,-0.0056195197367223,0.0015334640169237,-0.0109791877145691,-0.221435940407581,liquidity__2023-03-11,liquidity_state,,,,,,,
2023-03-12,-0.0381526280253688,-0.0045358775320458,0.0729938434079251,0.0764267826435336,0.0514579920843161,0.0015031564996767,-0.0396557845250455,-1.32558537638544,liquidity__2023-03-12,liquidity_state,,,,,,,
2023-03-13,0.0771676831855217,0.0083694089851427,0.0967827147492102,0.0583237617185866,0.0247509295339619,-0.0032108423443979,0.0803785255299197,3.25457063493137,liquidity__2023-03-13,liquidity_state,,,,,,,
2023-03-14,0.0194098734159134,-0.0087707620186812,0.0221567871653114,0.0137677154478348,0.0191972826904205,0.0019523528831187,0.0174575205327946,0.855498298428036,liquidity__2023-03-14,liquidity_state,,,,,,,
2023-03-15,0.0095840054364018,-0.0053668507867037,-0.016521964029554,-0.0293363109423996,-0.0385665470007055,-1.43175419923325e-05,0.0095983229783941,0.557162687408397,liquidity__2023-03-15,liquidity_state,,,,,,,
2023-03-16,-0.0248025736837825,-0.0024786789933735,0.0304612700237978,0.0159250222103573,0.0180939981714623,0.0011668316521469,-0.0259694053359294,-0.792292573940742,liquidity__2023-03-16,liquidity_state,,,,,,,
2023-03-17,-0.0021432625294615,0.0001425771451089,0.0915312282316769,0.066066956214029,0.0443984137127273,-0.001045032600416,-0.0010982299290454,0.156624617350736,liquidity__2023-03-17,liquidity_state,,,,,,,
2023-03-18,0.0529770669086318,0.0009070615034367,-0.0182033647722104,-0.0181505311727319,-0.0200854031590154,0.0018384683419202,0.0511385985667116,2.1280849434896,liquidity__2023-03-18,liquidity_state,,,,,,,
2023-03-19,-0.0038520199491252,0.0001093093313002,0.0379475489239667,0.0133457639562362,0.0118336478485652,-6.50286137408905e-05,-0.0037869913353843,0.0517116323720277,liquidity__2023-03-19,liquidity_state,,,,,,,
2023-03-20,0.0036722520833478,-0.0012267706601925,-0.0085477635918582,-0.0268487413059129,-0.0176612814637842,0.0008611275905858,0.0028111244927619,0.301663737967425,liquidity__2023-03-20,liquidity_state,,,,,,,
2023-03-21,-0.0004134710877252,-0.0009614999233171,0.0146823062506432,0.0406514410278671,0.0361155051025435,0.004698608325276,-0.0051120794130013,-0.0002237211733538,liquidity__2023-03-21,liquidity_state,,,,,,,
2023-03-22,0.0165099906577382,0.0033004760025221,-0.0287073015822177,-0.0389146779026071,-0.0235968950639709,0.0019284663842562,0.014581524273482,0.749364600050862,liquidity__2023-03-22,liquidity_state,,,,,,,
2023-03-23,-0.0171651116796241,-0.001854174537101,0.035429129399434,0.0427648134105398,0.0209516156479452,0.0017241144387823,-0.0188892261184064,-0.519534873395332,liquidity__2023-03-23,liquidity_state,,,,,,,
2023-03-24,0.0209646060605522,0.0027464267742374,-0.0305224939778928,-0.0360439897616853,-0.0305615654845965,0.0016701067328999,0.0192944993276522,0.929347994672353,liquidity__2023-03-24,liquidity_state,,,,,,,
2023-03-25,-0.0212895552613084,-0.0004642820453497,0.0011867548685398,-0.0025662304188545,-0.0106868087667458,0.0012031524558472,-0.0224927077171556,-0.653793189764385,liquidity__2023-03-25,liquidity_state,,,,,,,
2023-03-26,-0.0019963090799315,0.0003877314897451,0.0188647581055132,0.0180009757578139,0.0168126209960455,0.0022089622066762,-0.0042052712866078,0.0396374582680437,liquidity__2023-03-26,liquidity_state,,,,,,,
2023-03-27,0.0057641431616808,-0.0001741226808675,-0.0307981799763741,-0.0338309982378666,-0.0291620781406898,0.0018652206718632,0.0038989224898176,0.348076118431256,liquidity__2023-03-27,liquidity_state,,,,,,,
2023-03-28,-0.019263521357491,-0.0028893567537622,0.0049894416142635,0.0324771327522715,0.0158544635830573,0.0038587921747481,-0.0231223135322391,-0.673828236939772,liquidity__2023-03-28,liquidity_state,,,,,,,
2023-03-29,0.0109977177324581,-0.0028930437412562,0.0394162701217819,0.0118025799669725,0.0248350382939506,0.0007098070381959,0.0102879106942621,0.595030936864812,liquidity__2023-03-29,liquidity_state,,,,,,,
2023-03-30,0.0133740115101553,0.0001936918570777,-0.0113613509817494,8.48497337457843e-06,-0.0057351344836575,0.0028073423223082,0.0105666691878471,0.605747646425223,liquidity__2023-03-30,liquidity_state,,,,,,,
2023-03-31,0.0029669644633543,-0.0023517671101132,0.0155333208593351,0.0156934328278941,0.0094850682451515,0.0019086218723944,0.0010583425909598,0.244901052266262,liquidity__2023-03-31,liquidity_state,,,,,,,
2023-04-01,0.0074790894784548,-0.0025183662125947,-0.0005434410665721,-0.0004852105571693,-0.0056954885523374,0.0017934731530169,0.0056856163254379,0.417500734029703,liquidity__2023-04-01,liquidity_state,,,,,,,
2023-04-02,-0.0008191847967609,-0.0003146669569638,-0.0100348815590579,-0.0146929534779563,-0.0037868464323338,0.0023859019110455,-0.0032050867078064,0.0823296135061957,liquidity__2023-04-02,liquidity_state,,,,,,,
2023-04-03,-0.0094275229089788,0.00112786976117,-0.0132021473603832,0.0088475144093633,-0.0004668323196383,0.0036314955207304,-0.0130590184297093,-0.291831625904428,liquidity__2023-04-03,liquidity_state,,,,,,,
2023-04-04,0.002350212562618,0.0043311755364179,0.0136161178580831,0.0332298128227535,0.0056625203760596,0.0023320164824205,1.81960801974531e-05,0.206820087437298,liquidity__2023-04-04,liquidity_state,,,,,,,
2023-04-05,0.0247572313082429,-0.0039901410082769,-0.0005294571498328,0.0195769185778376,0.0073031901603215,0.0033524591154463,0.0214047721927966,1.01712046975128,liquidity__2023-04-05,liquidity_state,,,,,,,
2023-04-06,-0.0031967210006591,-0.0007224571758328,-0.0044611662703246,-0.0218646946762444,-0.0222758464247335,0.0002927266091001,-0.0034894476097593,0.0682542450434448,liquidity__2023-04-06,liquidity_state,,,,,,,
2023-04-07,-0.0036062666333016,0.001676569166058,-0.0036147741435339,-0.0006727003610009,0.0056908334053815,0.002910651937394,-0.0065169185706957,-0.0510534903822409,liquidity__2023-04-07,liquidity_state,,,,,,,
2023-04-08,-0.0056117114417126,-0.0003508406180579,0.0004968620095251,-0.008730001688205,-0.0042343130485953,0.0015568060714026,-0.0071685175131152,-0.0738204060816539,liquidity__2023-04-08,liquidity_state,,,,,,,
2023-04-09,0.0014890564342522,0.0001863964853754,0.0128883726132933,0.0046799447153782,0.0049741975998536,0.0014903219629201,-1.26552866788971e-06,0.197915162672994,liquidity__2023-04-09,liquidity_state,,,,,,,
2023-04-10,0.0026405689837147,-0.0002595196475354,0.0459238149124506,0.0275502791281026,0.0121248667057721,-0.0003552490632453,0.0029958180469601,0.313110210689622,liquidity__2023-04-10,liquidity_state,,,,,,,
2023-04-11,0.0164622013162479,-0.0001661806383275,0.0190355143442211,-0.0101259940656533,0.0034320962144107,0.0003622631635461,0.0160999381527017,0.810278324191296,liquidity__2023-04-11,liquidity_state,,,,,,,
2023-04-12,-0.0037267560668894,0.0003345970663097,-0.011134224952885,0.0139530301687261,-0.0028813943015428,0.0034156963130724,-0.0071424523799618,-0.0826019537111413,liquidity__2023-04-12,liquidity_state,,,,,,,
2023-04-13,0.0005364934155807,-0.0019543740488785,0.0161703360482246,0.0479705677163302,0.0176262036846033,0.0034195243944726,-0.0028830309788919,0.0823329027716951,liquidity__2023-04-13,liquidity_state,,,,,,,
2023-04-14,0.0436434420614908,0.0001621263104532,0.0030516760676349,0.0421811416809543,0.0137159542289709,0.0041725853510444,0.0394708567104464,1.69968074283517,liquidity__2023-04-14,liquidity_state,,,,,,,
2023-04-15,0.0026245266775433,0.0005067905819871,-0.0054680323246216,-0.0034492612098402,0.0049637502103507,0.0029452814722956,-0.0003207547947522,0.175489419900888,liquidity__2023-04-15,liquidity_state,,,,,,,
2023-04-16,0.0011684365707473,0.0001708270466416,0.0007159181984643,0.0130891447534909,0.013157844046539,0.0034731103109261,-0.0023046737401787,0.100253453710668,liquidity__2023-04-16,liquidity_state,,,,,,,
2023-04-17,-0.0063228950798333,-6.61382305118252e-05,-0.0300282346142922,-0.0220176670511876,-0.0170776661574372,0.0030388554269433,-0.0093617505067766,-0.168649075222,liquidity__2023-04-17,liquidity_state,,,,,,,
2023-04-18,-0.0149671315712041,-0.0015514456313212,0.0319461196387749,0.0148397940005065,0.0159686419794554,0.0008401907017802,-0.0158073222729844,-0.415761706327151,liquidity__2023-04-18,liquidity_state,,,,,,,
2023-04-19,0.0134658243516341,-0.0010474886800295,-0.0536007761562551,-0.0843742770810412,-0.0483529128657985,0.0010444911397569,0.0124213332118772,0.666493194441266,liquidity__2023-04-19,liquidity_state,,,,,,,
2023-04-20,-0.0458518378354889,-0.0006450427834536,-0.0189782858262024,0.0051470843942746,-0.0204886863606042,0.0025810444456,-0.0484328822810889,-1.6536913215826,liquidity__2023-04-20,liquidity_state,,,,,,,
2023-04-21,-0.0107067131035272,-0.0007751667975028,-0.0356515427950814,-0.0500821286604731,-0.0255228960267893,0.0020940523167949,-0.0128007654203222,-0.292215482622575,liquidity__2023-04-21,liquidity_state,,,,,,,
2023-04-22,-0.0323411761758976,-0.0093156939335621,0.0200590532163627,0.0137467801098881,0.0187049171809726,0.0021097615645279,-0.0344509377404256,-1.11612684354183,liquidity__2023-04-22,liquidity_state,,,,,,,
2023-04-23,0.0017454396043135,0.0060846833299379,-0.008090713192411,-0.0062307537399553,-0.0071548738078064,0.0022122893744108,-0.0004668497700973,0.17914254169984,liquidity__2023-04-23,liquidity_state,,,,,,,
2023-04-24,-0.0006660411318968,0.0003634730191102,-0.0031917082262271,-0.0112919455146026,-0.003774671107525,0.0018552495653803,-0.0025212906972771,0.100550347710808,liquidity__2023-04-24,liquidity_state,,,,,,,
2023-04-25,-0.0096243829958098,-0.0002359414334627,0.0288003020286123,0.0135211366164301,0.0141440926945435,0.0009575668005831,-0.010581949796393,-0.206563147633854,liquidity__2023-04-25,liquidity_state,,,,,,,
2023-04-26,0.0124234772733978,-0.0006530696388189,0.0039292849143208,-0.0006057003166395,-0.0135659983986045,0.0007961008869659,0.0116273763864318,0.641713517200381,liquidity__2023-04-26,liquidity_state,,,,,,,
2023-04-27,0.0130245870282906,-0.0001047169631256,0.036655757148365,0.0233881268624243,0.0079267082586973,6.89024992787425e-05,0.0129556845290118,0.688080567204116,liquidity__2023-04-27,liquidity_state,,,,,,,
2023-04-28,0.0009222764983078,-0.0024123513150442,-0.005716217542707,-0.0097989231626982,-0.0010631436923844,0.0023336026650829,-0.001411326166775,0.14040174646482,liquidity__2023-04-28,liquidity_state,,,,,,,
2023-04-29,-0.0065309208056518,-0.0003584217849521,-0.0028971922908027,0.0086081629872616,-0.001246936515912,0.0026124265920266,-0.0091433473976785,-0.154859041224372,liquidity__2023-04-29,liquidity_state,,,,,,,
2023-04-30,0.0045972304240926,0.0001677955792729,-0.0004165842499119,-0.0207702893822646,0.0007210359674516,0.0016442420053682,0.0029529884187244,0.305170640206826,liquidity__2023-04-30,liquidity_state,,,,,,,
2023-05-01,-0.0083214596780081,0.0001810979852905,-0.0403797590493333,-0.020767513665799,-0.01586376445713,0.0041245693083157,-0.0124460289863238,-0.287417470827489,liquidity__2023-05-01,liquidity_state,,,,,,,
2023-05-02,-0.0235601036474336,0.0030335941535781,0.0200902158221599,0.0198942420520973,0.004590972151135,0.0012525312245901,-0.0248126348720237,-0.757579362121407,liquidity__2023-05-02,liquidity_state,,,,,,,
2023-05-03,0.0122991230169731,-0.0011063791305829,0.0134243504107641,0.0195391330718842,0.0082763618971704,0.0021305878440476,0.0101685351729255,0.582461574678486,liquidity__2023-05-03,liquidity_state,,,,,,,
2023-05-04,0.0152479704780006,-0.0020304062788589,-0.0057951082320144,-0.0145882842128797,-0.0098573014247591,0.0015494098783753,0.0136985605996253,0.715377608033118,liquidity__2023-05-04,liquidity_state,,,,,,,
2023-05-05,-0.0035717684796488,-0.0003989337733756,0.0214763450127151,0.058829004528671,0.0122534488636425,0.0028589858076958,-0.0064307542873446,-0.0520644410454581,liquidity__2023-05-05,liquidity_state,,,,,,,
2023-05-06,0.0336297543649913,0.0021272394914397,-0.0284430186115809,-0.0563439258030307,-0.0187407190463524,0.0017374887546586,0.0318922656103326,1.41241707735774,liquidity__2023-05-06,liquidity_state,,,,,,,
2023-05-07,-0.0263776117493499,8.37565932059192e-05,-0.0125192412118285,-0.0131054406408664,-0.002452215674559,0.0027619992978692,-0.0291396110472192,-0.929430552798744,liquidity__2023-05-07,liquidity_state,,,,,,,
2023-05-08,-0.0098115862214882,2.65461602673156e-05,-0.0229446033164074,-0.0051165376931159,-0.0317304167179557,0.0018120950751517,-0.01162368129664,-0.260967908522645,liquidity__2023-05-08,liquidity_state,,,,,,,
2023-05-09,-0.0263650552265382,-0.0003850880668814,-0.0016113787213161,0.0002624389943388,0.0033443265442052,0.0025804479197658,-0.0289455031463041,-0.928856629630701,liquidity__2023-05-09,liquidity_state,,,,,,,
2023-05-10,0.003209893602893,-0.0005893769158227,-0.0024462504635582,-0.0059573480474544,0.0120593075132263,0.003112427386738,9.74662161549911e-05,0.181588177899153,liquidity__2023-05-10,liquidity_state,,,,,,,
2023-05-11,-0.0055276494305616,0.0007186953639788,-0.0204914403983061,-0.022822217355567,-0.0227594742211252,0.0017130360699146,-0.0072406855004762,-0.113713217330554,liquidity__2023-05-11,liquidity_state,,,,,,,
2023-05-12,-0.0166514059067389,-0.001093804791715,-0.0070549425061461,0.0074954865719911,0.007146956134644,0.0035820837607758,-0.0202334896675147,-0.695967420192528,liquidity__2023-05-12,liquidity_state,,,,,,,
2023-05-13,0.0011402471229828,-2.79447770701324e-05,-0.0005250909780354,-0.0073431716065988,-0.0141298499438776,0.0009645678745213,0.0001756792484615,0.170060608222335,liquidity__2023-05-13,liquidity_state,,,,,,,
2023-05-14,-0.0017143347877066,4.31081116190057e-05,0.005548718465743,0.0021609792406005,0.0018230631549904,0.0018623631917832,-0.0035766979794898,0.0025746283648967,liquidity__2023-05-14,liquidity_state,,,,,,,
2023-05-15,-0.0011654029271319,-0.0001454174515345,0.0090180206755459,0.0094718413305923,0.0049828373482974,0.0019935057010694,-0.0031589086282014,0.0218762087842787,liquidity__2023-05-15,liquidity_state,,,,,,,
2023-05-16,0.0110567781988422,-0.001033444809817,-0.0047148056976311,0.0049230075712039,0.0028658315714587,0.0029727843834794,0.0080839938153627,0.530036987469233,liquidity__2023-05-16,liquidity_state,,,,,,,
2023-05-17,0.0009759054458697,-0.0006239839547426,0.0139653212052178,-0.0010153542468103,0.0052210146416733,0.00123750637949,-0.0002616009336202,0.149985934928104,liquidity__2023-05-17,liquidity_state,,,,,,,
2023-05-18,0.0026273134561485,-0.0012642874013479,-0.0216189445096457,-0.0119801293806576,-0.0063440751728798,0.0033520900225547,-0.0007247765664062,0.131893012729907,liquidity__2023-05-18,liquidity_state,,,,,,,
2023-05-19,-0.0059456506728743,0.0008108021696351,0.0021041089965159,0.0063444782261337,0.0040891370147129,0.0024740325920985,-0.0084196832649729,-0.222552416684241,liquidity__2023-05-19,liquidity_state,,,,,,,
2023-05-20,0.0020449341457222,-0.0009446930906342,0.0078993888138025,0.0034199688080409,0.0035328742334712,0.0018083908495709,0.0002365432961513,0.174831474118539,liquidity__2023-05-20,liquidity_state,,,,,,,
2023-05-21,0.0101104442871112,-7.31823860391501e-05,-0.0133737915140095,-0.0075606944082649,-0.0159104238571004,0.0020169613734468,0.0080934829136643,0.529497068792096,liquidity__2023-05-21,liquidity_state,,,,,,,
2023-05-22,-0.0091971601834899,5.44954751120486e-05,0.0041720946364058,0.0067553828655064,0.0028643036977236,0.0022046705594113,-0.0114018307429013,-0.358551509387512,liquidity__2023-05-22,liquidity_state,,,,,,,
2023-05-23,0.0076746267237481,-0.0009625003158397,0.0139023735298007,0.020163607020109,0.0067129649565238,0.001989980256108,0.0056846464676401,0.426118436334464,liquidity__2023-05-23,liquidity_state,,,,,,,
2023-05-24,0.0120083726223221,-0.0012696940056464,-0.0335330483920444,-0.0296152412315847,-0.0212116992718911,0.0028306485539676,0.0091777240683544,0.583248776212806,liquidity__2023-05-24,liquidity_state,,,,,,,
2023-05-25,-0.0279644906224412,-0.0021240817958769,0.0054601735232005,0.0029008266182559,-0.0006878954003219,0.0017079324671905,-0.0296724230896318,-1.1894327714515,liquidity__2023-05-25,liquidity_state,,,,,,,
2023-05-26,0.0008935190443004,-0.0006670215718251,0.0090070449431394,0.012597179071653,0.0065624451507169,0.0022047961446063,-0.0013112771003058,0.107801260671841,liquidity__2023-05-26,liquidity_state,,,,,,,
2023-05-27,0.0064246858820062,0.0002218220208192,0.0059574710813983,0.0013375227995648,0.0036007271597178,0.0019306316776617,0.0044940542043445,0.368834724415246,liquidity__2023-05-27,liquidity_state,,,,,,,
2023-05-28,0.0062097506256222,-8.78626438520769e-05,0.0439576509810298,0.0422083230356591,0.0165257311247053,0.0005916099464399,0.0056181406791823,0.417318890677061,liquidity__2023-05-28,liquidity_state,,,,,,,
2023-05-29,0.0242787371977826,-0.0001457968263984,-0.0120518451710279,-0.0086923191432761,-0.0040080795927579,0.0027368450600976,0.021541892137685,1.14704903355469,liquidity__2023-05-29,liquidity_state,,,,,,,
2023-05-30,-0.011315601335621,0.000455256156556,-0.0014631052314069,0.0041491594515488,0.006926147051665,0.0029473005313201,-0.0142629018669411,-0.494980556191359,liquidity__2023-05-30,liquidity_state,,,,,,,
2023-05-31,-0.0008388172745341,-0.0004393564909825,-0.0175190435348309,-0.0142252506369882,-0.013223615513148,0.0023983296028177,-0.0032371468773519,0.0176975579228031,liquidity__2023-05-31,liquidity_state,,,,,,,
2023-06-01,-0.0277067337975012,-0.0013729391134234,-0.0148774772921421,-0.0065924715614151,-0.001559575094749,0.0032419676036224,-0.0309487014011237,-1.25856218301757,liquidity__2023-06-01,liquidity_state,,,,,,,
2023-06-02,-0.0026362446425167,0.0003900697172873,0.0161073072104259,0.0241838790075581,0.0158670828654088,0.0025806397559437,-0.0052168843984605,-0.0752587172360839,liquidity__2023-06-02,liquidity_state,,,,,,,
2023-06-03,0.0180792747119121,-0.0007347949703166,-0.0064030771477554,-0.0075828796799042,-0.0013848462754673,0.0024401630664586,0.0156391116454534,0.888687903522366,liquidity__2023-06-03,liquidity_state,,,,,,,
2023-06-04,-0.0045782245264938,1.20590940397847e-05,0.0018888442701428,-0.0010813840548591,0.000505886150929,0.002006866855072,-0.0065850913815658,-0.142369472677471,liquidity__2023-06-04,liquidity_state,,,,,,,
2023-06-05,-0.0010947158249017,7.82238558549864e-05,-0.0526976674844537,-0.0432306850868764,-0.0450243486860238,0.0024429987975057,-0.0035377146224074,-0.0015092474290571,liquidity__2023-06-05,liquidity_state,,,,,,,
2023-06-06,-0.0376203059550555,-0.0005387058479975,0.0570593504954555,0.0401964628222871,0.0144905307145429,-0.0008321954999646,-0.0367881104550909,-1.53260704887471,liquidity__2023-06-06,liquidity_state,,,,,,,
2023-06-07,0.0257305888840627,-0.0013602870477065,-0.0172791311474807,-0.0010112892445652,-0.0327058507209301,0.001338979151317,0.0243916097327456,1.28837300275276,liquidity__2023-06-07,liquidity_state,,,,,,,
2023-06-08,-0.0270579513540383,-0.0018965216237454,-0.0097551052856594,-0.0191049187722356,0.0040480481228293,0.0028042011027008,-0.0298621524567392,-1.20687676051289,liquidity__2023-06-08,liquidity_state,,,,,,,
2023-06-09,0.0016270781608014,-0.0008603836831717,-0.0016691123342589,-0.0042486555985581,-0.0092449841967869,0.00152323273314,0.0001038454276613,0.170705508922467,liquidity__2023-06-09,liquidity_state,,,,,,,
2023-06-10,-0.0123904105673986,-0.002579517886275,-0.0233192155637152,-0.0481949970239537,-0.0628613476435049,-0.0017405706828425,-0.0106498398845561,-0.323842315657708,liquidity__2023-06-10,liquidity_state,,,,,,,
2023-06-11,-0.0432733853009957,0.0006112701551508,0.0031872700647994,0.0004873103807065,-0.0009666929282872,0.0018253512907198,-0.0450987365917156,-1.90450480385483,liquidity__2023-06-11,liquidity_state,,,,,,,
2023-06-12,-3.13506774531902e-05,2.28695979380689e-05,0.0025642057513888,-0.0001520733493496,-3.78322411265231e-06,0.0019347314714681,-0.0019660821489213,0.0715071504017557,liquidity__2023-06-12,liquidity_state,,,,,,,
2023-06-13,-0.0059635052523852,-0.0011982700653874,-0.0025529834297515,-0.0071228459547541,0.008244760979359,0.0028064120191386,-0.0087699172715238,-0.249362796342212,liquidity__2023-06-13,liquidity_state,,,,,,,
2023-06-14,0.0049338597140753,-0.0014815895475521,-0.0310848440164886,-0.0517758647568991,-0.0196938041127339,0.0020493475587717,0.0028845121553036,0.291024480281774,liquidity__2023-06-14,liquidity_state,,,,,,,
2023-06-15,-0.0344374674366286,-0.0013762618178105,0.0167879322012681,0.0073186925639792,0.0004046669785466,0.0008720431956203,-0.035309510632249,-1.60005508483185,liquidity__2023-06-15,liquidity_state,,,,,,,
2023-06-16,-0.0012280931665849,0.007362537952833,0.0289250210318936,0.0304487729862766,0.0107372107464201,0.0012041419856173,-0.0024322351522022,0.0270034108110367,liquidity__2023-06-16,liquidity_state,,,,,,,
2023-06-17,0.0179805168816252,0.0008629392557004,0.0068301195260662,0.0060258473801901,0.0106583702536547,0.0025104133879064,0.0154701034937187,0.915818079677273,liquidity__2023-06-17,liquidity_state,,,,,,,
2023-06-18,0.0072635681140731,-0.002992567431157,-0.0064164375139981,-0.0039500945452504,-0.0051052802433169,0.0022767004044497,0.0049868677096234,0.38925091882179,liquidity__2023-06-18,liquidity_state,,,,,,,
2023-06-19,-0.0019669317441355,-1.24065190689748e-05,0.018954818502479,0.0093930680565437,0.0039317346703917,0.0009934102053974,-0.002960341949533,-0.0181819750751974,liquidity__2023-06-19,liquidity_state,,,,,,,
2023-06-20,0.0063729356939816,0.001417487992569,0.0531386037914743,0.0315086341471469,0.0163215337294638,-0.0005954663365354,0.006968402030517,0.492454459058286,liquidity__2023-06-20,liquidity_state,,,,,,,
2023-06-21,0.0297790836885383,0.0008599123599637,0.0580943591138237,0.0527898565992517,0.0214423575862419,-3.75583030290433e-05,0.0298166419915674,1.65113187929205,liquidity__2023-06-21,liquidity_state,,,,,,,
2023-06-22,0.0349453316392072,-0.0010465621508579,0.0005369545772868,-0.0055920432168674,-0.0053737755859941,0.0015635463437347,0.0333817852954724,1.82063159718569,liquidity__2023-06-22,liquidity_state,,,,,,,
2023-06-23,-0.0110906193800417,0.0005560157483586,0.0237442882563013,0.008758827389478,0.0185701513565419,0.0016085418784533,-0.0126991612584951,-0.514526014399613,liquidity__2023-06-23,liquidity_state,,,,,,,
2023-06-24,0.0055849952906648,3.59162244514266e-05,-0.0064739443857408,-0.0102873046376581,-0.0085563167009006,0.0018373908174198,0.0037476044732449,0.322478282171715,liquidity__2023-06-24,liquidity_state,,,,,,,
2023-06-25,-0.0047485240724896,0.0001640994833245,0.0188455862924979,0.0204302824388467,0.0070502469830842,0.0015649963937859,-0.0063135204662755,-0.18524268728058,liquidity__2023-06-25,liquidity_state,,,,,,,
2023-06-26,0.0076131212295962,-8.97660587995119e-06,-0.027845733002362,-0.0295805516284231,-0.009812853315708,0.0031442124284844,0.0044689088011117,0.36304313420563,liquidity__2023-06-26,liquidity_state,,,,,,,
2023-06-27,-0.0086814535234296,-0.0010465629796243,0.0164391401574822,0.0178568962330443,0.0074974992548178,0.0017434345524875,-0.0104248880759172,-0.396137327482207,liquidity__2023-06-27,liquidity_state,,,,,,,
2023-06-28,0.0028913074431997,-0.0014262857780593,-0.004228636606399,-0.0342343781881533,-0.027537340597938,-0.0004881265265035,0.0033794339697032,0.304930720339811,liquidity__2023-06-28,liquidity_state,,,,,,,
2023-06-29,-0.0191153269768378,-0.0011177341886217,-0.0044541030174869,0.0149712820948986,0.0120343065265764,0.003925819536839,-0.0230411465136769,-1.03997106403213,liquidity__2023-06-29,liquidity_state,,,,,,,
2023-06-30,0.0109921024866431,-0.001022518080564,0.0032162401136961,0.0451801072160878,0.0282926683298861,0.0053207689168623,0.0056713335697806,0.418948752019916,liquidity__2023-06-30,liquidity_state,,,,,,,
2023-07-01,0.0248843314537375,-0.0052448844683716,0.0021653417779532,-0.0075531452189192,0.0091827362612271,0.0024255287172266,0.0224588027365108,1.26654528012863,liquidity__2023-07-01,liquidity_state,,,,,,,
2023-07-02,-0.001782998792553,0.0001847108460175,0.0282256019658398,0.0432716938174886,0.0031985978279003,0.001099419127925,-0.0028824179204781,-0.0217215566564774,liquidity__2023-07-02,liquidity_state,,,,,,,
2023-07-03,0.0033772092673629,2.7624914135771e-05,-0.0004997816366323,-0.0181492795858071,0.005393050901663,0.0020747455560505,0.0013024637113124,0.193653189032625,liquidity__2023-07-03,liquidity_state,,,,,,,
2023-07-04,0.0053587389575433,0.0016067950182296,-0.0245324402367615,-0.020726083855271,-0.0076474800232908,0.0032630006856748,0.0020957382718685,0.234169450744547,liquidity__2023-07-04,liquidity_state,,,,,,,
2023-07-05,-0.0070750580808685,0.0007203463948997,-0.0088810027105434,-0.0137334967253775,-0.0122265409060205,0.0016864811390046,-0.0087615392198731,-0.31460076948882,liquidity__2023-07-05,liquidity_state,,,,,,,
2023-07-06,-0.0116246929969961,-0.0011171148333133,-0.0197505140688836,-0.034050254022528,-0.0191036951325003,0.0015759831011588,-0.0132006760981549,-0.539037415352055,liquidity__2023-07-06,liquidity_state,,,,,,,
2023-07-07,-0.0216486830257772,-0.0032030702716063,-0.0031459764223615,-0.0021127916720882,0.012064469864427,0.0032932108742983,-0.0249418939000755,-1.13186547188527,liquidity__2023-07-07,liquidity_state,,,,,,,
2023-07-08,0.0099044429625188,-0.0012784847239188,0.0161680569479792,0.0127142043169739,0.0006045724467966,0.0011064025942393,0.0087980403682794,0.588803584976951,liquidity__2023-07-08,liquidity_state,,,,,,,
2023-07-09,0.0012083853200586,0.0008421077197482,-0.0485247275033114,-0.0473656165503265,-0.0036471087567555,0.0049787029275782,-0.0037703176075196,-0.0524687604607652,liquidity__2023-07-09,liquidity_state,,,,,,,
2023-07-10,-0.0019971341689277,-5.21349157800444e-05,0.0509687483052659,0.0531423978975498,0.0096824672449464,-0.0002328486667926,-0.0017642855021351,0.050060484644479,liquidity__2023-07-10,liquidity_state,,,,,,,
2023-07-11,0.0026668780746561,-0.0013287587241244,0.0031455756974363,-0.0099681618450091,0.0036112315505789,0.0018519085447345,0.0008149695299216,0.178502117017718,liquidity__2023-07-11,liquidity_state,,,,,,,
2023-07-12,0.0031400916781372,-0.001187811947652,-0.0385753561649835,-0.0166806603806897,-0.0025090727190288,0.005063607400854,-0.0019235157227168,0.0344668666649616,liquidity__2023-07-12,liquidity_state,,,,,,,
2023-07-13,-0.0048029825540041,-0.001261670144931,0.0341967856368779,0.0526791966144851,0.102053391540878,0.0081077143638237,-0.0129106969178279,-0.530851817607578,liquidity__2023-07-13,liquidity_state,,,,,,,
2023-07-14,0.0387818165165257,0.0013100839494448,-0.0031499410584601,0.0038682306357609,-0.0324950621779756,0.0001925815074834,0.0385892350090423,2.09892452754496,liquidity__2023-07-14,liquidity_state,,,,,,,
2023-07-15,-0.0237309051420596,0.0001968798477776,-0.0038119885678842,-0.0106492914250396,0.0027512872363857,0.0024125155447805,-0.0261434206868401,-1.20048323947077,liquidity__2023-07-15,liquidity_state,,,,,,,
2023-07-16,0.0034821142223577,0.0003296266042553,-0.0030521566680636,-0.037889127758155,-0.0065986521146044,0.0008346946112188,0.0026474196111389,0.269856568132545,liquidity__2023-07-16,liquidity_state,,,,,,,
2023-07-17,-0.005655252772712,0.0001472998127987,0.0026504328219498,0.0335895135247606,0.0007246881502886,0.002994899847749,-0.008650152620461,-0.303435440227937,liquidity__2023-07-17,liquidity_state,,,,,,,
2023-07-18,-0.0025145413704237,-0.001387735920936,-0.0109920099985157,-0.0076400255539512,-0.0056055239554631,0.0025527071564225,-0.0050672485268462,-0.120472593159459,liquidity__2023-07-18,liquidity_state,,,,,,,
2023-07-19,-0.0079252141327863,-0.000814479893556,0.0045177228545814,-0.0007567655520102,0.0118825211760942,0.0026107821588572,-0.0105359962916436,-0.395965664318216,liquidity__2023-07-19,liquidity_state,,,,,,,
2023-07-20,-0.0061872486113863,-0.0016648619800072,-0.0117758199464948,-0.0042613424803406,0.0007817965621477,0.0031971764894214,-0.0093844251008077,-0.334545890649827,liquidity__2023-07-20,liquidity_state,,,,,,,
2023-07-21,0.0005163574246118,-0.0005415014487262,0.0096058054333561,0.0042306745662017,0.0011664943824065,0.0015004881228477,-0.0009841306982358,0.0992157695105184,liquidity__2023-07-21,liquidity_state,,,,,,,
2023-07-22,0.0012676119084034,-0.0012401989504908,-0.0016698421888143,-0.0115521053533616,-0.0142814967719715,0.0009328768310608,0.0003347350773425,0.169367755760452,liquidity__2023-07-22,liquidity_state,,,,,,,
2023-07-23,-0.0120943917907503,-0.0007023076914478,0.0115528150360973,0.0137658272463161,0.0066017979395098,0.0020070450090625,-0.0141014367998128,-0.579104145029571,liquidity__2023-07-23,liquidity_state,,,,,,,
2023-07-24,0.007541417159917,-0.000129935673609,-0.0325469033882637,-0.0229263953682226,-0.0216270314606177,0.0029098482946054,0.0046315688653116,0.392701642669225,liquidity__2023-07-24,liquidity_state,,,,,,,
2023-07-25,-0.0206010331609576,-0.0013703286719959,0.0017206131408134,0.0041363255225865,0.0021851072677279,0.0023029684604884,-0.022904001621446,-1.03141393768204,liquidity__2023-07-25,liquidity_state,,,,,,,
2023-07-26,-0.0006757795251388,-0.0008038432194084,0.004596782454211,0.0088270993991859,0.005796437728673,0.0024435145395177,-0.0031192940646566,-0.0112911485275783,liquidity__2023-07-26,liquidity_state,,,,,,,
2023-07-27,0.0051097972583029,-0.0009624836009471,-0.004392608220348,-0.0115892806812186,0.0014628713683571,0.0023431655143758,0.0027666317439271,0.295088126352053,liquidity__2023-07-27,liquidity_state,,,,,,,
2023-07-28,-0.0006899013313947,-0.0006311840618096,0.0034541317735854,0.0134834598873086,0.0010535019187152,0.002340137008179,-0.0030300383395738,-0.000582235254657,liquidity__2023-07-28,liquidity_state,,,,,,,
2023-07-29,0.0069276832978353,-0.0013940517999877,0.0017390782799271,0.0037313183411296,0.0077542692357575,0.0026991270926111,0.0042285562052241,0.385768070267434,liquidity__2023-07-29,liquidity_state,,,,,,,
2023-07-30,0.0070936388421714,0.0023168972309122,-0.0036279273983215,-0.0121387444880376,-0.008439777403165,0.00152670827861,0.0055669305635614,0.454305519018767,liquidity__2023-07-30,liquidity_state,,,,,,,
2023-07-31,-0.0532603660659312,-0.0010894565588692,-0.0016420228842353,-0.0025522556077479,-0.0063824881482545,0.0017824898160635,-0.0550428558819948,-2.71239486273998,liquidity__2023-07-31,liquidity_state,,,,,,,
2023-08-01,-0.0166609484687186,-0.0005331632875709,0.0174117814926831,0.0109362670574518,0.007405975883465,0.00143852608863,-0.0180994745573486,-0.777984308829365,liquidity__2023-08-01,liquidity_state,,,,,,,
2023-08-02,-0.0092213260800271,-0.001973318102344,-0.0188353968373214,-0.0197034939221945,-0.0200255016938051,0.001854723541034,-0.0110760496210611,-0.411107190830063,liquidity__2023-08-02,liquidity_state,,,,,,,
2023-08-03,-0.0108744552658422,-0.0011799964302028,-0.0006769458217519,-0.0036357152961166,-0.0112299641625953,0.0013036185859907,-0.012178073851833,-0.470338269661619,liquidity__2023-08-03,liquidity_state,,,,,,,
2023-08-04,0.0113467267639926,-0.001701959301144,-0.0018805782490236,-0.0014590434009829,-0.0067163721484426,0.0018128713125484,0.0095338554514441,0.664917496980117,liquidity__2023-08-04,liquidity_state,,,,,,,
2023-08-05,-0.001207475806467,-0.0011156409099157,-0.0008914596128697,0.0030725496293477,0.0030176895023466,0.0025742125537944,-0.0037816883602615,-0.0295286815461256,liquidity__2023-08-05,liquidity_state,,,,,,,
2023-08-06,0.0030113651101118,-4.94608595715818e-05,-0.001637599108859,-0.0033693825935117,-0.0017040138785446,0.0021019780459363,0.0009093870641754,0.218438854934421,liquidity__2023-08-06,liquidity_state,,,,,,,
2023-08-07,0.0019377465447867,0.0002006054871941,0.0051030633774935,-0.0004466290637479,-0.0005378307008463,0.001651407634914,0.0002863389098726,0.184171995080731,liquidity__2023-08-07,liquidity_state,,,,,,,
2023-08-08,0.0078482392625538,-0.0015584209145593,0.0197245667367625,0.0144022005835085,0.0107179327735913,0.0015723823079129,0.0062758569546409,0.499901953149067,liquidity__2023-08-08,liquidity_state,,,,,,,
2023-08-09,0.0122970748834668,0.0009098858721579,-0.006455577350497,-0.000676595357576,0.0011616458370262,0.002840172128046,0.0094569027554206,0.66536757621011,liquidity__2023-08-09,liquidity_state,,,,,,,
2023-08-10,0.0001368645796446,0.0176711384185779,-0.0050167851429723,-0.0016225291243223,-0.0046841604265246,0.0022480558310722,-0.0021111912514275,0.0546232535680412,liquidity__2023-08-10,liquidity_state,,,,,,,
2023-08-11,0.0068326743375806,-0.0016539576234322,-0.0011058389975406,-0.0031538453925827,-0.0012375300883853,0.0020935538484869,0.0047391204890936,0.423635362012193,liquidity__2023-08-11,liquidity_state,,,,,,,
2023-08-12,0.0037463808598765,-0.0015416130668839,-0.0017951652261647,-0.0008050771941654,0.0003389279595324,0.0023440911774008,0.0014022896824756,0.245759955979955,liquidity__2023-08-12,liquidity_state,,,,,,,
2023-08-13,0.0004694846289865,0.0006636187588533,-0.0023869376346485,-0.0032320542293096,0.0110357376504879,0.0031135127289407,-0.0026440280999541,0.0323403412473343,liquidity__2023-08-13,liquidity_state,,,,,,,
2023-08-14,-0.003174983583662,2.53987197993411e-05,0.0046958516993029,0.002583523272226,0.0040490939842392,0.002117957858473,-0.0052929414421351,-0.107239138547386,liquidity__2023-08-14,liquidity_state,,,,,,,
2023-08-15,0.0002305437063121,-0.0032059959869634,-0.0084722508697119,-0.0092292408073158,-0.0210155545292494,0.0011369361932844,-0.0009063924869723,0.123285197397598,liquidity__2023-08-15,liquidity_state,,,,,,,
2023-08-16,-0.0138692472719555,-0.0022183260245967,-0.0156993621053996,-0.009970057432687,-0.012949631394747,0.0023779076255938,-0.0162471548975493,-0.690221605739423,liquidity__2023-08-16,liquidity_state,,,,,,,
2023-08-17,-0.0226230593150873,-0.0013014040869485,-0.0754327170412132,-0.072981683944934,-0.0428588447544023,0.0038136058721011,-0.0264366651871885,-1.22420759230678,liquidity__2023-08-17,liquidity_state,,,,,,,
2023-08-18,-0.0428173898377224,-0.001186935978648,-0.0214353480307778,-0.0115155666374092,0.0122016451772744,0.0047145381944893,-0.0475319280322118,-2.32192010133085,liquidity__2023-08-18,liquidity_state,,,,,,,
2023-08-19,-0.0085866095887183,-0.0029187505006831,0.0013603655904646,0.0045278668155042,0.0077337066784082,0.0027566391770173,-0.0113432487657357,-0.419296107017257,liquidity__2023-08-19,liquidity_state,,,,,,,
2023-08-20,0.0041779674440185,0.0015505967755018,0.0034826741895805,0.009156911212349,0.0056302745667302,0.0025443844362475,0.0016335830077709,0.258109299244737,liquidity__2023-08-20,liquidity_state,,,,,,,
2023-08-21,-0.0045317932196411,0.0003811690771087,-0.0023294175419383,-0.0105831172514277,-0.0071937731873212,0.0015449559200122,-0.0060767491396534,-0.151617648164597,liquidity__2023-08-21,liquidity_state,,,,,,,
2023-08-22,-0.0047665071599141,0.008609223856066,-0.0035775055993276,-0.020186598332403,-0.0054852963551539,0.0014975935173461,-0.0062641006772602,-0.159056628338769,liquidity__2023-08-22,liquidity_state,,,,,,,
2023-08-23,-0.0128364417815163,-0.0005408986909429,0.0150180176791483,0.0271539575835424,0.016155367781078,0.002792056793667,-0.0156284985751833,-0.6544397154283,liquidity__2023-08-23,liquidity_state,,,,,,,
2023-08-24,0.0191162382160179,-7.09046383846612e-05,-0.008881205965979,-0.0102355276267492,-0.0080959044581909,0.0020958050398182,0.0170204331761997,1.0754406042804,liquidity__2023-08-24,liquidity_state,,,,,,,
2023-08-25,-0.007211551530414,0.00077716462863,-0.0049466869792613,-0.0041578293442476,-0.0020862080142549,0.002356615826285,-0.009568167356699,-0.333014658902108,liquidity__2023-08-25,liquidity_state,,,,,,,
2023-08-26,-0.0053713545402622,0.0003033650003878,-0.0022199917641199,-0.0053814479461342,-0.0012271171867226,0.0021305342419079,-0.0075018887821702,-0.221576406804497,liquidity__2023-08-26,liquidity_state,,,,,,,
2023-08-27,-0.0009731910810266,0.0005090855837757,0.0031024603856835,0.0067957644128338,0.0038831687308835,0.0023799701991927,-0.0033531612802194,-0.0085261687870948,liquidity__2023-08-27,liquidity_state,,,,,,,
2023-08-28,0.0061139384373163,0.0006476267402177,0.0004911345585156,-0.0033307080656346,-7.99668456465952e-05,0.0020255550332156,0.0040883834041007,0.387861015356337,liquidity__2023-08-28,liquidity_state,,,,,,,
2023-08-29,0.0002231884439858,0.0004013834943954,0.0597864457977373,0.0453626496138648,0.0257638499318524,-9.94109360159586e-05,0.0003225993800017,0.183341423187502,liquidity__2023-08-29,liquidity_state,,,,,,,
2023-08-30,0.0299984042644503,0.0031692485425587,-0.0145047307665944,-0.0137195250188356,-0.0126911560975174,0.0021735566712545,0.0278248475931958,1.65593598818481,liquidity__2023-08-30,liquidity_state,,,,,,,
2023-08-31,-0.0130984027499927,0.0011369614728096,-0.0517843730503582,-0.0356866233973472,-0.0210190201366558,0.0043527046584525,-0.0174511074084453,-0.766356763039464,liquidity__2023-08-31,liquidity_state,,,,,,,
2023-09-01,-0.0228931317305729,0.0007128582054853,-0.0052096872707991,-0.0100308756279093,-0.0043219122777031,0.0020397774886228,-0.0249329092191958,-1.16240902521822,liquidity__2023-09-01,liquidity_state,,,,,,,
2023-09-02,-0.0042060064827822,-0.0010939945591097,0.0026478763598234,0.0047006495462467,0.0004847142822015,0.0021088574054897,-0.0063148638882719,-0.165821047278927,liquidity__2023-09-02,liquidity_state,,,,,,,
2023-09-03,0.0025860023631842,5.67649606892928e-05,0.004504869807965,-1.52286174905925e-05,0.0005648098583819,0.0018009680166496,0.0007850343465345,0.212828287462385,liquidity__2023-09-03,liquidity_state,,,,,,,
2023-09-04,0.0024041424204597,0.0003296119791187,-0.0058521310989334,-0.0034734565467982,0.0014262696345568,0.0027196711655858,-0.0003155287451261,0.152990681586296,liquidity__2023-09-04,liquidity_state,,,,,,,
2023-09-05,-0.0045913212545336,-0.0016783539180842,-0.0016573922655851,0.0019829651903426,0.0003765848014225,0.0024179323142505,-0.0070092535687842,-0.204386283390205,liquidity__2023-09-05,liquidity_state,,,,,,,
2023-09-06,0.0062699001429216,-0.0034749836797374,-0.0014635968496961,-0.001059369982558,-1.42158801175185e-05,0.002279734462748,0.0039901656801735,0.384640134945253,liquidity__2023-09-06,liquidity_state,,,,,,,
2023-09-07,-0.0032554157175575,-0.0009159338349284,0.0195888001500943,0.0091220622101548,0.0043389455687119,0.0009565251645369,-0.0042119408820944,-0.0606713638235786,liquidity__2023-09-07,liquidity_state,,,,,,,
2023-09-08,0.0099018634373102,-0.0018891466609289,-0.0135322356774559,-0.0066940813470397,-0.005333481754512,0.002836452272289,0.0070654111650212,0.548718480609004,liquidity__2023-09-08,liquidity_state,,,,,,,
2023-09-09,-0.0080338806235715,0.0010696163987553,-0.0003372437141351,-0.0006807813816047,-0.0006696957325083,0.0021385342100365,-0.0101724148336081,-0.378918880795072,liquidity__2023-09-09,liquidity_state,,,,,,,
2023-09-10,-0.0017497022125319,0.0004139634608755,-0.0027000419182776,-0.0114585535359017,-0.0131547497270397,0.0011140659096355,-0.0028637681221674,0.0190453470458374,liquidity__2023-09-10,liquidity_state,,,,,,,
2023-09-11,-0.0070125851623785,0.0005838846388286,-0.0263549606861595,-0.0412227628426383,-0.0200905587865279,0.0018993615648326,-0.0089119467272112,-0.305213079275666,liquidity__2023-09-11,liquidity_state,,,,,,,
2023-09-12,-0.0296374212467896,-0.0009147471354076,0.0268680220314792,0.0264508250014499,0.0096142935787142,0.0011917734995471,-0.0308291947463367,-1.4839256564843,liquidity__2023-09-12,liquidity_state,,,,,,,
2023-09-13,0.0186887988390616,0.0007395849692954,0.0146252204743913,0.0093220263271343,0.0076054697242433,0.0016627670751294,0.0170260317639321,1.09243064635988,liquidity__2023-09-13,liquidity_state,,,,,,,
2023-09-14,0.0088917041580174,0.0003463761504498,0.0115772431135888,0.0115311018023512,0.0071787684572512,0.0019800715156027,0.0069116326424146,0.544158725809682,liquidity__2023-09-14,liquidity_state,,,,,,,
2023-09-15,0.0079698882031884,-0.0002708065691834,0.0024299930142586,0.0087677613379177,0.011668019923107,0.0030747292318109,0.0048951589713774,0.430920711578342,liquidity__2023-09-15,liquidity_state,,,,,,,
2023-09-16,0.0304394371715624,-0.0018693333534933,-0.0009756646246756,-0.0037575995601963,0.0047216973835482,0.0025021100427138,0.0279373271288486,1.67740216621025,liquidity__2023-09-16,liquidity_state,,,,,,,
2023-09-17,-0.0057215076342558,0.0006048286957565,-0.0012895484473656,-0.0072818534213521,-0.0094470716076031,0.0013819985082056,-0.0071035061424614,-0.229574213944373,liquidity__2023-09-17,liquidity_state,,,,,,,
2023-09-18,-0.0052206279945963,0.0002883552723105,0.0083995122797588,0.0079012715918498,0.0098259687862167,0.0023601586765109,-0.0075807866711072,-0.252781139117063,liquidity__2023-09-18,liquidity_state,,,,,,,
2023-09-19,0.0056638139693951,-0.000195207779523,0.0170431619335751,0.0047105042356037,0.01009744087672,0.0014836425492761,0.004180171420119,0.384203049629158,liquidity__2023-09-19,liquidity_state,,,,,,,
2023-09-20,0.0057469343731462,-9.2393888561304e-05,-0.0034829231787973,-0.0131077448963426,-0.0028618566072822,0.0018948341222486,0.0038521002508975,0.366272034531377,liquidity__2023-09-20,liquidity_state,,,,,,,
2023-09-21,-0.0079071448882963,0.0007236525752425,-0.0206920005768172,-0.0237036643799362,-0.0134294815644083,0.0023920578381023,-0.0102992027263987,-0.406741497069497,liquidity__2023-09-21,liquidity_state,,,,,,,
2023-09-22,-0.0185190523675161,0.0003047846829673,0.0005097125676023,0.0056814898366992,0.0030042821836247,0.0025218940303035,-0.0210409463978196,-0.994818063516307,liquidity__2023-09-22,liquidity_state,,,,,,,
2023-09-23,0.0049645048201725,-0.0005322304088437,-4.87924773953097e-05,0.0003337726710448,4.04215058544821e-05,0.0021946075739652,0.0027698972462072,0.312957417124566,liquidity__2023-09-23,liquidity_state,,,,,,,
2023-09-24,-0.0020959722603599,0.0003505301343196,-0.0119471282488668,-0.0070615531059949,-0.0093357220724001,0.0023839152984477,-0.0044798875588077,-0.0844803004398332,liquidity__2023-09-24,liquidity_state,,,,,,,
2023-09-25,-0.0101405824341541,4.32747732368455e-05,0.0012667239476194,0.0041904078947423,0.0050922654000267,0.0025606816179849,-0.012701264052139,-0.534796903068212,liquidity__2023-09-25,liquidity_state,,,,,,,
2023-09-26,0.0058154670078032,-0.001747402458367,-0.0032547833899023,0.0027091601560291,-0.0031386049061126,0.0023288993957624,0.0034865676120407,0.352752282893793,liquidity__2023-09-26,liquidity_state,,,,,,,
2023-09-27,0.0005342025286338,-0.0007404195496896,0.0055665124625878,0.0027316179589291,0.001470415852502,0.001851907980178,-0.0013177054515441,0.0911191236306311,liquidity__2023-09-27,liquidity_state,,,,,,,
2023-09-28,0.0002263819189813,-0.0013017773808385,0.0250544837865938,0.0338997886968757,0.0132972973219516,0.0018548841662407,-0.0016285022472593,0.0740185910077289,liquidity__2023-09-28,liquidity_state,,,,,,,
2023-09-29,0.0190797271334269,0.0013245348803039,-0.0044202888543605,0.0086210898741532,0.0040151243637112,0.0031413180554349,0.0159384090779919,1.03600049269359,liquidity__2023-09-29,liquidity_state,,,,,,,
2023-09-30,0.0027647763060478,-0.0028304916550574,0.0020052274331927,0.0020251588389861,0.0016308117591172,0.002172318986459,0.0005924573195888,0.193300762565681,liquidity__2023-09-30,liquidity_state,,,,,,,
2023-10-01,0.0001919497535176,0.0004271356119502,0.037817082281995,0.037499046652008,0.0180681954197226,0.0011323166602011,-0.0009403669066834,0.10879142072355,liquidity__2023-10-01,liquidity_state,,,,,,,
2023-10-02,0.0245567553375174,0.0002508855411207,-0.018035163109035,-0.04221936538453,-0.0157919903170161,0.0014153200355788,0.0231414353019386,1.42409375586649,liquidity__2023-10-02,liquidity_state,,,,,,,
2023-10-03,-0.0226586417594739,0.0014409593030571,-0.0024775817668416,-0.0030433918833336,0.0013585822676098,0.0024150709428903,-0.0250737127023642,-1.21100761918547,liquidity__2023-10-03,liquidity_state,,,,,,,
2023-10-04,-0.0076157126929992,-0.001213369614085,0.0126501932738066,-0.0067842946059615,-0.0014766704865749,0.0006927184625689,-0.0083084311555682,-0.291865731424779,liquidity__2023-10-04,liquidity_state,,,,,,,
2023-10-05,0.0047502039539786,-0.000912220667697,-0.0133347449714378,-0.0212328275125504,-0.0067825947752808,0.0022743245819403,0.0024758793720382,0.298753817676532,liquidity__2023-10-05,liquidity_state,,,,,,,
2023-10-06,-0.0093052329537677,0.0002491406768001,0.0192507718992463,0.0209243859729558,0.0089676516257988,0.0016834995618752,-0.010988732515643,-0.43639927498268,liquidity__2023-10-06,liquidity_state,,,,,,,
2023-10-07,0.0102044963226575,0.002312680446451,0.0011014948144474,-0.0068520539957486,-0.0014600699695712,0.0017615324197916,0.0084429639028658,0.624065801956584,liquidity__2023-10-07,liquidity_state,,,,,,,
2023-10-08,-0.0019350003423177,0.000578043833034,-0.0014899539810446,-0.0005448310953584,-0.003426799676319,0.0020463846691666,-0.0039813850114843,-0.0566041451677181,liquidity__2023-10-08,liquidity_state,,,,,,,
2023-10-09,-0.0052554701785041,0.000192573533237,-0.0112489169647638,-0.0322749104753663,-0.0206546821167031,0.0007277572942297,-0.0059832274727338,-0.166282272977762,liquidity__2023-10-09,liquidity_state,,,,,,,
2023-10-10,-0.019944098119435,-0.0001146460853078,-0.0083992628224116,-0.0091715920234305,-0.0005187017265804,0.0026410520069392,-0.0225851501263743,-1.06929559799989,liquidity__2023-10-10,liquidity_state,,,,,,,
2023-10-11,-0.0166545359568282,-0.0013119187310977,-0.0187880882228004,-0.0001846986925269,-0.0068087193627661,0.0034103449502039,-0.0200648809070321,-0.930306195108486,liquidity__2023-10-11,liquidity_state,,,,,,,
2023-10-12,-0.0085984210840912,-0.0017253934583223,-0.0047508654046115,-0.0177163763394805,-0.0067724865073408,0.0015857686188268,-0.0101841897029181,-0.389774282493903,liquidity__2023-10-12,liquidity_state,,,,,,,
2023-10-13,-0.0149634433682628,-0.0012698506115,0.0041636065578369,0.0080815958576483,0.0049582458961872,0.0023995051776438,-0.0173629485459067,-0.779354295466312,liquidity__2023-10-13,liquidity_state,,,,,,,
2023-10-14,0.0151070145197707,-0.0003753014888587,-0.0002927193214148,0.0019563486383349,0.0035981857076663,0.0025279374412267,0.012579077078544,0.849048680572316,liquidity__2023-10-14,liquidity_state,,,,,,,
2023-10-15,0.001174492457487,0.0003360195864701,0.0116967979854934,0.001976646154052,0.0042769323802467,0.001468065259296,-0.0002935728018089,0.147274328612915,liquidity__2023-10-15,liquidity_state,,,,,,,
2023-10-16,0.0009138258296488,0.0006341648009247,0.0482577353763869,0.0266026517633167,0.0117381622467079,-0.0006283793563016,0.0015422051859505,0.24628030263978,liquidity__2023-10-16,liquidity_state,,,,,,,
2023-10-17,0.0171431801310291,0.0007636749672563,-0.003804975946597,-0.0218395306827119,-0.0082346262229542,0.0012665346711392,0.0158766454598899,1.02470404160718,liquidity__2023-10-17,liquidity_state,,,,,,,
2023-10-18,-0.0113561447968173,0.001086324332153,-0.0028215005614047,-0.0009828968938903,-0.0041836735858709,0.0021008126150463,-0.0134569574118637,-0.56891408263486,liquidity__2023-10-18,liquidity_state,,,,,,,
2023-10-19,-0.0093476456994245,0.0010643754903192,0.0136010528253241,0.0015552455014562,0.0097205211144419,0.0016798252979292,-0.0110274709973539,-0.436485720211343,liquidity__2023-10-19,liquidity_state,,,,,,,
2023-10-20,0.0065059288700055,0.0054744753079489,0.0325427712864599,0.0235606580323502,0.0133786754898644,0.0008564482484639,0.0056494806215416,0.468249926216094,liquidity__2023-10-20,liquidity_state,,,,,,,
2023-10-21,0.0167850148252775,-0.0014377095602355,0.008059529518464,0.015620239241902,0.0187461300361633,0.0032805098858056,0.0135045049394719,0.891152725893602,liquidity__2023-10-21,liquidity_state,,,,,,,
2023-10-22,0.017571154362404,5.25035619922676e-05,0.0030680960808275,0.0209863360208988,0.0094359736782863,0.003218667294974,0.01435248706743,0.933769585027546,liquidity__2023-10-22,liquidity_state,,,,,,,
2023-10-23,0.0169457445960148,0.0002454210952791,0.0971877843980806,0.0588592342213854,0.0338534373218202,-0.0025620597129299,0.0195078043089448,1.20847164959823,liquidity__2023-10-23,liquidity_state,,,,,,,
2023-10-24,0.0524832657335814,-0.0001309074341868,0.0257493537339926,0.0115091311082081,-0.0017561336138918,8.94494937647965e-06,0.0524743207842049,2.95749030199728,liquidity__2023-10-24,liquidity_state,,,,,,,
2023-10-25,-0.0027615470256954,-0.0036355975901827,0.0169270936498425,0.0012733344981557,0.0066653628719919,0.0011383491470554,-0.0038998961727508,-0.0670628373227391,liquidity__2023-10-25,liquidity_state,,,,,,,
2023-10-26,0.0104918064904496,0.0018885143777787,-0.0098012313155475,0.0091770386833847,0.0026547747287821,0.0035562516717439,0.0069355548187056,0.519750390069155,liquidity__2023-10-26,liquidity_state,,,,,,,
2023-10-27,-0.0005230788614269,0.0006910402556208,-0.0077086015863496,-0.0133481313926751,-0.0072006173243615,0.0019595301727557,-0.0024826090341827,0.0159479515946276,liquidity__2023-10-27,liquidity_state,,,,,,,
2023-10-28,-0.0082780924014649,-0.0011536933133662,0.0055025238389028,-0.001849622039395,0.0064866115245401,0.0020894215030415,-0.0103675139045065,-0.410686379491836,liquidity__2023-10-28,liquidity_state,,,,,,,
2023-10-29,0.0117392754226451,9.57551013307523e-05,0.0129800183269566,0.0107602082920835,0.012213599609133,0.0021976737828883,0.0095416016397567,0.663862510141276,liquidity__2023-10-29,liquidity_state,,,,,,,
2023-10-30,0.0098327775655917,0.0003058823132739,-0.0014490001003313,0.0070668990631359,0.0126691670906283,0.0034565698643148,0.0063762077012769,0.494501364651887,liquidity__2023-10-30,liquidity_state,,,,,,,
2023-10-31,0.0151670458356818,-0.0013309387536963,0.0046653988727776,0.0036036400899233,0.0030904149688169,0.0020808649061627,0.0130861809295191,0.853031256716518,liquidity__2023-10-31,liquidity_state,,,,,,,
2023-11-01,-0.0078414248420202,0.0001534943751053,0.0217529037632822,0.0170768704657318,0.0181047498841771,0.002008816533406,-0.0098502413754262,-0.385823879455222,liquidity__2023-11-01,liquidity_state,,,,,,,
2023-11-02,0.0215665197786379,0.0009868052755841,-0.0132228284980975,-0.0249363678629821,-0.003732136510397,0.0023772026757721,0.0191893171028657,1.17666906553023,liquidity__2023-11-02,liquidity_state,,,,,,,
2023-11-03,-0.0181891710003335,-0.0002508271795278,-0.0064297936475057,0.0170555208952141,0.0033439179680137,0.0035316174594263,-0.0217207884597598,-1.0271466198436,liquidity__2023-11-03,liquidity_state,,,,,,,
2023-11-04,0.0192793569961651,0.0016282349754881,0.0095942681220435,0.0127224568321793,0.0139288407663862,0.0026965479537164,0.0165828090424487,1.03277529994704,liquidity__2023-11-04,liquidity_state,,,,,,,
2023-11-05,0.0178305894615924,0.0011647793140738,-0.0013163714382091,0.0188925931187347,0.0194523124484682,0.0042992822508719,0.0135313072107205,0.874434574635332,liquidity__2023-11-05,liquidity_state,,,,,,,
2023-11-06,-0.0009783361659287,0.0003637270199341,0.0013301823295304,0.0057770634029568,0.030217896374694,0.0044524609193194,-0.0054307970852482,-0.148888583118572,liquidity__2023-11-06,liquidity_state,,,,,,,
2023-11-07,0.0046263576297072,0.0011758278581979,0.0103148190959672,-0.0081520337521983,-0.0128536791612568,3.02277282311246e-05,0.004596129901476,0.389002378144222,liquidity__2023-11-07,liquidity_state,,,,,,,
2023-11-08,8.14051326543108e-05,0.0020767809897321,0.0061952506036089,0.0015015620166281,0.015570323558773,0.0027948385940551,-0.0027134334614008,-0.0064640114115592,liquidity__2023-11-08,liquidity_state,,,,,,,
2023-11-09,0.0116622153371218,5.81199401104016e-05,0.0294973933406908,0.116024441898208,0.0048671736094831,0.003291960395662,0.0083702549414597,0.600861303762259,liquidity__2023-11-09,liquidity_state,,,,,,,
2023-11-10,0.0503350536353295,0.0011453888629802,0.0165488645718384,-0.0205238682073183,0.0312809665077722,0.0023303950978033,0.0480046585375262,2.97303969282931,liquidity__2023-11-10,liquidity_state,,,,,,,
2023-11-11,0.0017311938429323,0.0013253455758714,-0.0049037772820099,-0.0121394167219702,0.0059559479930193,0.0027047846823651,-0.0009735908394328,0.0570913788761272,liquidity__2023-11-11,liquidity_state,,,,,,,
2023-11-12,-0.0041241628104273,0.0016197507458102,-0.0015164580905224,-0.0036899298467698,0.0069629878038917,0.002719254206099,-0.0068434170165263,-0.299129129855014,liquidity__2023-11-12,liquidity_state,,,,,,,
2023-11-13,0.0043965974657922,0.0003886170024749,-0.0169501700838381,0.0034901009482553,-0.0247112782447445,0.0020324802842965,0.0023641171814956,0.252496076411267,liquidity__2023-11-13,liquidity_state,,,,,,,
2023-11-14,-0.0169082651858474,-2.60747700941977e-05,-0.0250109192469097,-0.0359409875838645,-0.0027058698393318,0.0032136866565298,-0.0201219518423773,-1.10498399117067,liquidity__2023-11-14,liquidity_state,,,,,,,
2023-11-15,-0.0102146369127745,-0.0001358329334451,0.0635843780713028,0.0395059344344695,0.044423920284796,0.0007466365695146,-0.0109612734822891,-0.549623923051739,liquidity__2023-11-15,liquidity_state,,,,,,,
2023-11-16,0.0370669056429236,0.0026713812777714,-0.0466682309716084,-0.0489672915919463,-0.030011702056818,0.002817425368282,0.0342494802746415,2.16031715883394,liquidity__2023-11-16,liquidity_state,,,,,,,
2023-11-17,-0.0373735684150809,0.0010824802098348,0.0130207660597375,0.0003060726202521,0.0056682695721299,0.001397652386298,-0.038771220801379,-2.20267162898694,liquidity__2023-11-17,liquidity_state,,,,,,,
2023-11-18,0.0024350593781292,0.0026853345517885,-0.0009641783122962,0.0009347067437897,-0.0027909257418308,0.0020889917033209,0.0003460676748082,0.129952154549183,liquidity__2023-11-18,liquidity_state,,,,,,,
2023-11-19,0.0044025484723739,0.000366103243337,0.0212265583655906,0.0243588854479579,0.0166273055768329,0.0021677354345115,0.0022348130378624,0.241413338959195,liquidity__2023-11-19,liquidity_state,,,,,,,
2023-11-20,0.0215613105063994,0.0006873123923938,0.0022990823023807,0.0049167616058563,-0.0136376643586686,0.0011078575922752,0.0204534529141242,1.32036939804066,liquidity__2023-11-20,liquidity_state,,,,,,,
2023-11-21,0.0004329102466549,0.0025083976363653,-0.0467972641368597,-0.044679514688033,-0.0530154657551414,0.0012645767892389,-0.000831666542584,0.0490515768013832,liquidity__2023-11-21,liquidity_state,,,,,,,
2023-11-22,-0.04262620366082,0.000596701060342,0.0454325713725492,0.0650622209268699,0.0476725461127181,0.0034354376112732,-0.0460616412720933,-2.62370302955113,liquidity__2023-11-22,liquidity_state,,,,,,,
2023-11-23,0.0418118578546114,0.0015288831500122,-0.0032809966024132,-0.0008500491841818,0.0006927949814006,0.0025064097499273,0.0393054481046841,2.40524165543066,liquidity__2023-11-23,liquidity_state,,,,,,,
2023-11-24,0.0001144764311789,-0.000482500466898,0.0113712581530372,0.0090720728744129,0.0077741816213965,0.001969052343084,-0.0018545759119051,-0.0108219480735483,liquidity__2023-11-24,liquidity_state,,,,,,,
2023-11-25,0.0061426124502332,0.0042154162526308,0.0016016425286959,0.0010320034784543,0.0133742561453296,0.0030444835909815,0.0030981288592517,0.278435823610678,liquidity__2023-11-25,liquidity_state,,,,,,,
2023-11-26,-0.0027565276772385,0.0002460001438215,-0.0087273692985476,-0.0100163837245111,-0.0090629147779779,0.002016946858629,-0.0047734745358675,-0.184293220211788,liquidity__2023-11-26,liquidity_state,,,,,,,
2023-11-27,-0.0159226416396443,4.02167487969507e-05,-0.0057306137893462,-0.0171715231023999,-0.0169624096497181,0.0009426304202879,-0.0168652720599323,-0.890462251667145,liquidity__2023-11-27,liquidity_state,,,,,,,
2023-11-28,-0.0122203105700223,-0.0011861436225473,0.0154103354842565,0.0102786384388214,0.0115348559639479,0.0019081261538291,-0.0141284367238514,-0.728142635481804,liquidity__2023-11-28,liquidity_state,,,,,,,
2023-11-29,0.0106889388178359,0.0018209056125506,0.0010653772451352,-0.0094973233018391,-0.0149520425974856,0.0006919543219039,0.009996984495932,0.684651574240435,liquidity__2023-11-29,liquidity_state,,,,,,,
2023-11-30,-0.0040203320633409,0.0003677491888041,-0.0034496813598927,0.011567036302047,0.0028247575340572,0.0030523536874837,-0.0070726857508247,-0.314677664062527,liquidity__2023-11-30,liquidity_state,,,,,,,
2023-12-01,0.0065603627338362,0.0015184343557805,0.0250985852569112,0.0168846802638996,0.0123408237925204,0.0012687777510873,0.0052915849827488,0.415411222515042,liquidity__2023-12-01,liquidity_state,,,,,,,
2023-12-02,0.0126006279617918,0.0013060222472205,0.0198551500241138,0.0364398689374257,0.0189738168221574,0.0028307655528269,0.0097698624089648,0.677336873506205,liquidity__2023-12-02,liquidity_state,,,,,,,
2023-12-03,0.0267588866497661,0.000230115064479,0.012949441870985,0.0129562271967609,-0.0002535142451449,0.0013486052999455,0.0254102813498206,1.5884956866189,liquidity__2023-12-03,liquidity_state,,,,,,,
2023-12-04,0.009993801887056,0.0004709446199093,0.0490053414356648,0.0225970492261016,0.0140159172221992,-0.0006503530089918,0.0106441548960478,0.717845075994545,liquidity__2023-12-04,liquidity_state,,,,,,,
2023-12-05,0.0126841925642367,-0.0006018059662729,0.0485973334120722,0.0221203345713699,0.0074086669881907,-0.0011133759443382,0.0137975685085749,0.902706398531768,liquidity__2023-12-05,liquidity_state,,,,,,,
2023-12-06,0.0227124493205224,0.0016424569501687,-0.0072459543880967,-0.0268340709163573,0.0006006140383441,0.0020855834927573,0.0206268658277651,1.29614164685629,liquidity__2023-12-06,liquidity_state,,,,,,,
2023-12-07,-0.0164129761688407,0.0001936454760418,-0.0110602110332625,0.0537470936170621,0.0175904504593021,0.0061126429050698,-0.0225256190739106,-1.22727460850344,liquidity__2023-12-07,liquidity_state,,,,,,,
2023-12-08,0.0296679608139385,0.0001145761294161,0.0207345541530781,0.0011390843889946,0.0407559605872869,0.0032916923606328,0.0263762684533057,1.6247866176762,liquidity__2023-12-08,liquidity_state,,,,,,,
2023-12-09,0.015702835540349,0.0019589149685863,-0.0106819421148465,-0.007636604477061,-0.0014556689963889,0.0028296374141733,0.0128731981261756,0.834594883198696,liquidity__2023-12-09,liquidity_state,,,,,,,
2023-12-10,-0.0153443613566857,0.0023495701711553,0.0017022518760772,0.0049236435645534,0.0198223361993293,0.0036269357243047,-0.0189712970809904,-1.01716034445768,liquidity__2023-12-10,liquidity_state,,,,,,,
2023-12-11,-0.0078833581219335,-0.0002028506210756,-0.0600256824335705,-0.0557204710933084,-0.037399529091239,0.003307578353706,-0.0111909364756396,-0.561625787926674,liquidity__2023-12-11,liquidity_state,,,,,,,
2023-12-12,-0.0270114296862189,-0.0036422091579524,0.0059149533204614,-0.0098389470855355,0.012248157331765,0.0022352163529308,-0.0292466460391498,-1.60452343672416,liquidity__2023-12-12,liquidity_state,,,,,,,
2023-12-13,-0.0063519661341722,-0.0018848399181443,0.0330477541912657,0.0254901696018335,0.0211378312488435,0.0014389836762321,-0.0077909498104043,-0.359010977229623,liquidity__2023-12-13,liquidity_state,,,,,,,
2023-12-14,0.0241993383026511,0.0022973425333674,0.003455473886575,0.0242322222682532,0.014092445770082,0.0036232306016064,0.0205761077010446,1.28020944745927,liquidity__2023-12-14,liquidity_state,,,,,,,
2023-12-15,0.0229120611809854,0.0013022725774796,-0.0256041140562839,-0.0419050454221397,-0.0285891955253419,0.0011835667517056,0.0217284944292797,1.33946622270012,liquidity__2023-12-15,liquidity_state,,,,,,,
2023-12-16,-0.0330647336554684,0.0029768969621031,0.0079417191014368,0.0037198398677631,0.0196014994009808,0.0029965875236226,-0.036061321179091,-1.98396472802009,liquidity__2023-12-16,liquidity_state,,,,,,,
2023-12-17,0.0062406253721327,0.0003209188696651,-0.0216208136163019,-0.0145579248688836,-0.0236703020726026,0.0019990600975921,0.0042415652745406,0.326769758082682,liquidity__2023-12-17,liquidity_state,,,,,,,
2023-12-18,-0.0112971613955786,-0.000342059839145,0.0306535703144686,0.01031725698292,0.0121359516317696,0.0005417314456539,-0.0118388928412325,-0.603881023673216,liquidity__2023-12-18,liquidity_state,,,,,,,
2023-12-19,0.0196087930413782,0.0010442855290016,-0.0090479842249919,-0.0189802275163347,-0.0073694384802109,0.0019018105242013,0.0177069825171768,1.10580704740315,liquidity__2023-12-19,liquidity_state,,,,,,,
2023-12-20,-0.0088350849899399,0.0021017609263758,0.0319099597958008,0.0113110101733467,0.0304928881673057,0.0018068301458906,-0.0106419151358306,-0.537864532404629,liquidity__2023-12-20,liquidity_state,,,,,,,
2023-12-21,0.020766935877397,0.0015572327440622,0.0052597531076301,0.0168737845042104,0.0391500206462396,0.0050798110723958,0.0156871248050011,0.987727433001024,liquidity__2023-12-21,liquidity_state,,,,,,,
2023-12-22,0.0131748072110618,-0.0003275724384472,0.002806735107864,0.0373232992461849,0.0088091854844307,0.0036879336533365,0.0094868735577252,0.626109705027542,liquidity__2023-12-22,liquidity_state,,,,,,,
2023-12-23,0.0184775084673134,0.0031515246628721,-0.0062894192766958,-0.0070968434649678,0.0140322308487377,0.0035793787476166,0.0148981297196968,0.935630347783518,liquidity__2023-12-23,liquidity_state,,,,,,,
2023-12-24,0.0022524899310241,0.0008836509499765,-0.0166328368922386,-0.0192848996993833,-0.0017733373938497,0.0030071812137433,-0.0007546912827192,0.029677280003927,liquidity__2023-12-24,liquidity_state,,,,,,,
2023-12-25,-0.0079833029394862,0.0006391313496969,0.0134146750422488,0.0030738434034791,0.0294272596183482,0.0031937155819369,-0.0111770185214232,-0.571360168556538,liquidity__2023-12-25,liquidity_state,,,,,,,
2023-12-26,0.0038922139941703,-0.0004047792930208,-0.0247370929858519,-0.0179884935959436,-0.0083666142861886,0.0033113189681081,0.0005808950260622,0.106587549631403,liquidity__2023-12-26,liquidity_state,,,,,,,
2023-12-27,-0.0060487676579192,-0.0026435763634822,0.0221059261970868,0.064398967842215,0.0143472158357163,0.0031223083350852,-0.0091710759930045,-0.45571063132817,liquidity__2023-12-27,liquidity_state,,,,,,,
2023-12-28,0.0367423834893508,0.0020439653837875,-0.0208078204573923,-0.014807570263895,-0.0142020371101097,0.0026133848478795,0.0341289986414712,2.03113209475198,liquidity__2023-12-28,liquidity_state,,,,,,,
2023-12-29,-0.0141101433890327,9.54686006053862e-05,-0.01188118625271,-0.019380439963415,-0.004255734303399,0.0023814414366298,-0.0164915848256626,-0.87862079889924,liquidity__2023-12-29,liquidity_state,,,,,,,
2023-12-30,-0.0125506344975541,0.0001041761504794,0.0017774193790032,-0.0034255907556461,-0.0019582256923698,0.0017652752699328,-0.0143159097674869,-0.751129252682801,liquidity__2023-12-30,liquidity_state,,,,,,,
2023-12-31,0.0011723682467454,-0.0004274055099919,0.0033983547500469,-0.0043563544649307,-0.0056067740147298,0.0013185249128999,-0.0001461566661544,0.0617784436111909,liquidity__2023-12-31,liquidity_state,,,,,,,
2024-01-01,-0.0040069716217843,-0.0013045334641681,0.044093383155495,0.0305120093416402,0.0309339700257176,0.0012882118857482,-0.0052951835075325,-0.235485259531116,liquidity__2024-01-01,liquidity_state,,,,,,,
2024-01-02,0.0404476304883801,0.0010923887500027,0.017370347927125,0.0014905528986579,-0.0102747904642797,-0.000143443288104,0.0405910737764842,2.37759651789502,liquidity__2024-01-02,liquidity_state,,,,,,,
2024-01-03,-0.002561160870055,0.0039193271708768,-0.0482202992770233,-0.0638023783705819,-0.0475121359125978,0.0012266030755274,-0.0037877639455825,-0.152323487139404,liquidity__2024-01-03,liquidity_state,,,,,,,
2024-01-04,-0.0478176368146244,0.0041539045313321,0.03035513198944,0.0258279900537932,0.0253460210361993,0.0020083696889598,-0.0498260065035842,-2.74186909215793,liquidity__2024-01-04,liquidity_state,,,,,,,
2024-01-05,0.02889705950912,0.0033003016533008,-0.0001218561652631,0.0004249878369462,-0.0237190077410574,0.0004547576827407,0.0284423018263793,1.66904331665137,liquidity__2024-01-05,liquidity_state,,,,,,,
2024-01-06,-0.0075721598776255,0.0044962931352188,-0.0042413545713007,-0.0123627581995702,-0.0232606929646728,0.00048555323945,-0.0080577131170755,-0.385074878984287,liquidity__2024-01-06,liquidity_state,,,,,,,
2024-01-07,-0.0083015918556164,0.0020219315834104,-0.0009413097697521,-0.0087285875281759,-0.0236876762052134,0.000257738159027,-0.0085593300146434,-0.411884614523032,liquidity__2024-01-07,liquidity_state,,,,,,,
2024-01-08,-0.0135830860218142,0.0003492700336487,0.0665545350766585,0.047968367503886,0.041925465399185,0.0005420298897295,-0.0141251159115438,-0.722511150705065,liquidity__2024-01-08,liquidity_state,,,,,,,
2024-01-09,0.0376637631540078,0.002773427417658,-0.0180968725389192,0.0059330863543394,-0.0140709428021992,0.0029955674904973,0.0346681956635104,2.00913344979144,liquidity__2024-01-09,liquidity_state,,,,,,,
2024-01-10,0.0025023953397891,0.0006559371345176,0.0115514608726723,0.0974486962370307,0.0449969304618989,0.0073502464965556,-0.0048478511567665,-0.201201856138275,liquidity__2024-01-10,liquidity_state,,,,,,,
2024-01-11,0.0570051923123813,0.0012790615704894,-0.0067137186712056,0.0129322059199026,0.0084272799741462,0.0038082151715019,0.0531969771408793,3.00342009416808,liquidity__2024-01-11,liquidity_state,,,,,,,
2024-01-12,0.0066260422293424,0.0019325827612206,-0.0799611512640048,-0.0372141892509266,-0.0378251553052387,0.00567907786777,0.0009469643615724,0.118475808759798,liquidity__2024-01-12,liquidity_state,,,,,,,
2024-01-13,-0.0388720073874929,-0.0040322168554141,0.0014922494410658,0.021842646741578,0.0147788074299733,0.0037837498473267,-0.0426557572348196,-2.27740769859175,liquidity__2024-01-13,liquidity_state,,,,,,,
2024-01-14,0.0146354493934595,0.004646955151653,-0.0267213319199424,-0.0417132329884868,-0.0174103153081546,0.0021158883910683,0.0125195610023912,0.775813841889549,liquidity__2024-01-14,liquidity_state,,,,,,,
2024-01-15,-0.0135658839635369,-0.0002559374827839,0.0189136307128042,0.0155774575376597,0.0146427861824741,0.0019718063747097,-0.0155376903382467,-0.782815018318791,liquidity__2024-01-15,liquidity_state,,,,,,,
2024-01-16,0.0048215846604975,-0.0004140255467781,0.0145189952459504,0.0297062169021496,0.0080994953932851,0.0023218774503131,0.0024997072101843,0.220836448858354,liquidity__2024-01-16,liquidity_state,,,,,,,
2024-01-17,0.0143320557958724,-0.0004655628320158,-0.0088608179322289,-0.0225868186832496,-0.0052093346680628,0.0019350790257789,0.0123969767700935,0.768555545269382,liquidity__2024-01-17,liquidity_state,,,,,,,
2024-01-18,-0.0118508206838861,0.004583576031095,-0.0343044493090829,-0.0236680242239693,-0.0315427472090732,0.0023202572252288,-0.0141710779091149,-0.704776718454739,liquidity__2024-01-18,liquidity_state,,,,,,,
2024-01-19,-0.0201100032133681,-0.0043915685008642,0.0079010287511422,0.0085921912659188,-2.38006744694985e-05,0.0017018828672703,-0.0218118860806384,-1.13010769293355,liquidity__2024-01-19,liquidity_state,,,,,,,
2024-01-20,0.0031726512346779,0.0009738347736849,0.0014107363771653,-0.0080025690933727,0.0066610125226311,0.0022962370478379,0.00087641418684,0.132777688816521,liquidity__2024-01-20,liquidity_state,,,,,,,
2024-01-21,-0.0003959050635771,0.0014545641627101,-0.0031161568353859,-0.0061129660377012,-0.0074030746146007,0.0017368179084427,-0.0021327229720199,-0.0277863597666498,liquidity__2024-01-21,liquidity_state,,,,,,,
2024-01-22,-0.0029548496749392,-0.0016053665373441,-0.0498848783902766,-0.0599876187779032,-0.0394389885483122,0.0020898841072988,-0.005044733782238,-0.191394525644025,liquidity__2024-01-22,liquidity_state,,,,,,,
2024-01-23,-0.0370925950902858,-0.0001328853848789,0.0087415296871,-0.0313748999555727,-0.0059614723640244,-1.48453783027757e-05,-0.0370777497119831,-1.97305149984964,liquidity__2024-01-23,liquidity_state,,,,,,,
2024-01-24,-0.0118436398986717,0.0052335379611712,0.0047196479784315,-0.0033645923883876,0.0115780376619696,0.0024912512001097,-0.0143348910987814,-0.700028802419039,liquidity__2024-01-24,liquidity_state,,,,,,,
2024-01-25,0.0036197530605903,0.000818613408807,-0.0030831058984617,-0.0074474401885771,-0.0086760078232046,0.0015999091725478,0.0020198438880424,0.209615564508999,liquidity__2024-01-25,liquidity_state,,,,,,,
2024-01-26,0.0001923969373116,0.0010635203993558,0.0454602177767782,0.0220191710906441,0.0315729729748249,0.0009533087338015,-0.0007609117964898,0.0580614884776905,liquidity__2024-01-26,liquidity_state,,,,,,,
2024-01-27,0.0254589143520576,0.0021729995458699,0.0073629877530603,0.0001629489424583,0.0073043314909,0.0020378268657315,0.023421087486326,1.4042541539628,liquidity__2024-01-27,liquidity_state,,,,,,,
2024-01-28,0.004448457258956,0.0004353904049914,-0.0021507718510882,-0.0049272529212967,-0.0013644810531019,0.0021276657558751,0.0023207915030809,0.226304304863835,liquidity__2024-01-28,liquidity_state,,,,,,,
2024-01-29,-0.0009094153278859,0.000201225060131,0.0297082848306527,0.0265550803171326,0.024599407993513,0.0020351700465655,-0.0029445853744514,-0.0684999321418661,liquidity__2024-01-29,liquidity_state,,,,,,,
2024-01-30,0.0213497053811658,0.0017822492973032,-0.0082198669368374,0.0111059783045988,-0.0113131868890193,0.0024393520273048,0.018910353353861,1.15319363374848,liquidity__2024-01-30,liquidity_state,,,,,,,
2024-01-31,-0.00304031458014,-0.0003016800832966,-0.0092777505377483,-0.0267366917596936,-0.020203057345217,0.0007449613800251,-0.0037852759601652,-0.12074992073623,liquidity__2024-01-31,liquidity_state,,,,,,,
2024-02-01,-0.0206522632679516,0.0014355424545051,0.0123095063968979,0.0096993869454182,0.0098302098155329,0.0020523956357523,-0.0227046589037039,-1.17670305625869,liquidity__2024-02-01,liquidity_state,,,,,,,
2024-02-02,0.0146137861077449,-0.0003252364834516,0.0024385561989781,0.001799418386124,0.0113466550160162,0.0028407553328318,0.0117730307749131,0.762917987195574,liquidity__2024-02-02,liquidity_state,,,,,,,
2024-02-03,0.0059304012927512,0.0009187391593847,-0.0040868487797602,-0.0051728504264234,-0.0043693508237261,0.0020783562397478,0.0038520450530033,0.314365219887877,liquidity__2024-02-03,liquidity_state,,,,,,,
2024-02-04,-0.0086326912399172,0.0004140592446191,-0.010041340846616,-0.002960952697073,-0.009054361319869,0.0023514132085873,-0.0109841044485047,-0.51936166403763,liquidity__2024-02-04,liquidity_state,,,,,,,
2024-02-05,-0.0016299319379236,0.0003654693105303,0.0018355009245709,0.0042767308577618,0.0031175925496356,0.0023652063169385,-0.0039951382548621,-0.125584405280895,liquidity__2024-02-05,liquidity_state,,,,,,,
2024-02-06,0.0268092458491545,-0.0002500004131498,0.0102618754133257,0.0313234611199258,-0.0006670478157282,0.0021193307043483,0.0246899151448061,1.48045519601953,liquidity__2024-02-06,liquidity_state,,,,,,,
2024-02-07,0.0303121247937632,0.0013852995482075,0.0283346834276745,0.0216280482734916,0.0199910538703065,0.0016749450938596,0.0286371796999035,1.69012656796255,liquidity__2024-02-07,liquidity_state,,,,,,,
2024-02-08,0.0234418806760317,0.0012242297330438,0.0214643336208429,-0.0017929881456808,0.0105619440578089,0.000912815924277,0.0225290647517546,1.34819137187054,liquidity__2024-02-08,liquidity_state,,,,,,,
2024-02-09,0.0184000126786792,0.002487538513396,0.0402628405277614,0.0276611778189384,0.0226653332520321,0.0009484728252804,0.0174515398533987,1.05852464466088,liquidity__2024-02-09,liquidity_state,,,,,,,
2024-02-10,0.0306698051393823,0.0025079800083389,0.0128540623569826,0.0053411764868345,0.006424696729514,0.001620178574603,0.0290496265647793,1.70330080633567,liquidity__2024-02-10,liquidity_state,,,,,,,
2024-02-11,0.003546496324752,0.0012807571662136,0.0114889941558705,0.0028789264626025,-0.0007954652096664,0.0011409704289007,0.0024055258958513,0.205662640952607,liquidity__2024-02-11,liquidity_state,,,,,,,
2024-02-12,0.0033685985541147,0.0007591825305652,0.0329284200503164,0.0589866197131794,0.0226736156881415,0.0025702611828574,0.0007983373712573,0.116764279415556,liquidity__2024-02-12,liquidity_state,,,,,,,
2024-02-13,0.0391557943484351,-0.0016009081352557,-0.004615221632612,-0.007719648552233,-0.0052353093353723,0.0019869594383437,0.0371688349100913,2.14021609201691,liquidity__2024-02-13,liquidity_state,,,,,,,
2024-02-14,-0.0075154339436949,0.0014336403349624,0.0422951834388634,0.0507328130751246,0.0277686227048868,0.0018296862997914,-0.0093451202434863,-0.457137684722111,liquidity__2024-02-14,liquidity_state,,,,,,,
2024-02-15,0.0412132543438055,0.0024649518627022,0.0016113898329379,0.0172542667549944,0.0130064403027532,0.0035042590695108,0.0377089952742947,2.15610883844524,liquidity__2024-02-15,liquidity_state,,,,,,,
2024-02-16,0.0021999551965947,0.003519607220344,0.0043085419286974,-0.0078740489704411,-0.0002624245084099,0.0015219505024006,0.0006780046941941,0.10851487643785,liquidity__2024-02-16,liquidity_state,,,,,,,
2024-02-17,-0.0046176652071423,0.001511173876505,-0.0097086057389752,-0.0062553663718576,-0.0027009133824087,0.0026893332047466,-0.007306998411889,-0.343581149801216,liquidity__2024-02-17,liquidity_state,,,,,,,
2024-02-18,-0.0002247695552206,0.0010312395182197,0.0095695419134962,0.0336940290075072,0.0144605227056083,0.00336854351108,-0.0035933130663006,-0.130247355629792,liquidity__2024-02-18,liquidity_state,,,,,,,
2024-02-19,0.0238756405476401,3.06979213782199e-05,-0.0071109023216884,0.0218256164071837,0.0107037515807598,0.0042800149377548,0.0195956256098853,1.17619006296829,liquidity__2024-02-19,liquidity_state,,,,,,,
2024-02-20,0.0169654996347504,0.0003906022440567,0.0090353994444605,0.0226123413184673,-0.0089830077476662,0.0013587181510383,0.015606781483712,0.946480596953846,liquidity__2024-02-20,liquidity_state,,,,,,,
2024-02-21,0.0085815176470518,0.0005488242128137,-0.0077160047408124,-0.014921568741384,-0.0101054440342132,0.0016990301979423,0.0068824874491095,0.455460923959482,liquidity__2024-02-21,liquidity_state,,,,,,,
2024-02-22,-0.009140185927329,0.0011090273990213,-0.0115480255545179,0.0005004083990591,-0.0019255410106353,0.0031199155495912,-0.0122601014769203,-0.626934763559712,liquidity__2024-02-22,liquidity_state,,,,,,,
2024-02-23,0.0015502940463818,0.0015617830098833,-0.010059428302803,-0.0161617984570794,-0.0046707586519261,0.0022789304886479,-0.0007286364422661,0.0234110115910543,liquidity__2024-02-23,liquidity_state,,,,,,,
2024-02-24,-0.0137291488943738,0.0025023566465982,0.0161496788652364,0.0240057421158246,0.0206730826184121,0.0029252154517617,-0.0166543643461356,-0.873292999653324,liquidity__2024-02-24,liquidity_state,,,,,,,
2024-02-25,0.0184687848255614,0.0005249597638226,0.0031127789242049,0.0392846721859588,0.0046454508481481,0.0034119938760255,0.0150567909495358,0.911621019098572,liquidity__2024-02-25,liquidity_state,,,,,,,
2024-02-26,0.021486282540625,0.0003134923812986,0.052595574583421,0.0207960538476986,0.0337143438080361,0.000413328074112,0.0210729544665129,1.24451525710015,liquidity__2024-02-26,liquidity_state,,,,,,,
2024-02-27,0.0299736611030603,0.0036008135645211,0.045578292352479,0.0204461663603599,0.0080642301064415,-0.0008358252694915,0.0308094863725519,1.78666980272054,liquidity__2024-02-27,liquidity_state,,,,,,,
2024-02-28,0.0197712475525798,0.0018844808162015,0.0909755256110838,0.04308040717995,0.0299715725198553,-0.0027469273167974,0.0225181748693772,1.31365816545026,liquidity__2024-02-28,liquidity_state,,,,,,,
2024-02-29,0.0409318453937217,0.0043827898492558,-0.0213527178420438,-0.0132128232094892,0.0064704497756125,0.0042338765978701,0.0366979687958516,2.08983251385321,liquidity__2024-02-29,liquidity_state,,,,,,,
2024-03-01,-0.0038957924011349,0.0026267396536816,0.0199136429330284,0.0270309018535748,0.0417002006805305,0.0042157441629781,-0.008111536564113,-0.405666461109783,liquidity__2024-03-01,liquidity_state,,,,,,,
2024-03-02,0.0296594863782182,0.0044967767003392,-0.0063395688768768,-0.0034877778578206,0.0387051897456168,0.0055091593929866,0.0241503269852316,1.38674341679772,liquidity__2024-03-02,liquidity_state,,,,,,,
2024-03-03,0.0006764069326052,0.0018325828046954,0.0177074329090718,0.0191785952611969,0.0006661440712321,0.0011627273551461,-0.0004863204225409,0.0097940840835398,liquidity__2024-03-03,liquidity_state,,,,,,,
2024-03-04,0.0181936024889957,0.0007303573022561,0.0786276964205506,0.039480143601379,0.0289432321552603,-0.0017872484796848,0.0199808509686806,1.1488497786901,liquidity__2024-03-04,liquidity_state,,,,,,,
2024-03-05,0.0296178720162956,0.0027321290530686,-0.06893236162297,-0.0206136997449455,-0.0463381214337453,0.0045299415478234,0.0250879304684722,1.42607506794204,liquidity__2024-03-05,liquidity_state,,,,,,,
2024-03-06,-0.0264586401815912,0.0008228598839856,0.036437459043654,0.071761766007258,0.0502107665849323,0.0046568774519464,-0.0311155176335376,-1.69237963319108,liquidity__2024-03-06,liquidity_state,,,,,,,
2024-03-07,0.062281826871093,0.0046956168952299,0.0109153398161421,0.0132214813186113,0.0294127587996726,0.0037292460457035,0.0585525808253894,3.22402053923322,liquidity__2024-03-07,liquidity_state,,,,,,,
2024-03-08,0.0092226684189,0.0005033265927707,0.0213396447635432,0.004769647080268,0.0124234176720428,0.0012587418727947,0.0079639265461053,0.454605017889451,liquidity__2024-03-08,liquidity_state,,,,,,,
2024-03-09,0.0158402427149902,0.0083469808633118,0.0016023884452671,0.0046596519552597,0.0156233151193561,0.0033190818791945,0.0125211608357956,0.701971978560746,liquidity__2024-03-09,liquidity_state,,,,,,,
2024-03-10,0.0066537266999979,0.001884867399255,0.0090113637071933,-0.0065766709986157,0.0010576797384409,0.001222585115807,0.0054311415841909,0.307015317937963,liquidity__2024-03-10,liquidity_state,,,,,,,
2024-03-11,-0.0012219862888933,0.0035528157691544,0.0438453265562266,0.0463786830403254,0.0376601781558676,0.0022834921764103,-0.0035054784653037,-0.194759423683925,liquidity__2024-03-11,liquidity_state,,,,,,,
2024-03-12,0.0438167552108126,0.0054773784098856,-0.0089998726216862,-0.0216447889940152,0.0001102146536204,0.0023679502802572,0.0414488049305553,2.36620830559895,liquidity__2024-03-12,liquidity_state,,,,,,,
2024-03-13,-0.0165768970036098,0.0003700394319814,0.0228665958821441,0.0068611392773547,0.0339648209591026,0.002766253440602,-0.0193431504442118,-1.08828718039977,liquidity__2024-03-13,liquidity_state,,,,,,,
2024-03-14,0.0152396404100692,0.0046020179304946,-0.023806018077428,-0.0314538160055289,-0.0031387052089293,0.0032051382702978,0.0120345021397714,0.696849960587722,liquidity__2024-03-14,liquidity_state,,,,,,,
2024-03-15,-0.0219019007864176,0.0004278664847738,-0.0266851331103961,-0.0364699317744304,-0.0185447581509806,0.0021866608818452,-0.0240885616682629,-1.3592583043867,liquidity__2024-03-15,liquidity_state,,,,,,,
2024-03-16,-0.0247505282133638,0.0005009464838678,-0.0627263640321125,-0.0605878444454984,-0.0607327254323025,0.0016933871016706,-0.0264439153150345,-1.48484657119476,liquidity__2024-03-16,liquidity_state,,,,,,,
2024-03-17,-0.0514865332147991,0.001490828678353,0.0463632567657317,0.0336939973894825,0.0444096405965979,0.0021658391075041,-0.0536523723223033,-3.0102086432253,liquidity__2024-03-17,liquidity_state,,,,,,,
2024-03-18,0.0343036558010148,-0.0006608878090688,-0.0113222364320809,-0.0342013577687332,-0.0257702116461545,0.0002999787072409,0.0340036770937739,1.94413560957621,liquidity__2024-03-18,liquidity_state,,,,,,,
2024-03-19,-0.0261651345438985,0.0043110732416842,-0.0876696751174215,-0.108556990449133,-0.0693351470109818,0.0019279295414342,-0.0280930640853327,-1.54884695852613,liquidity__2024-03-19,liquidity_state,,,,,,,
2024-03-20,-0.0807719538613902,-0.0009402730210368,0.0911988116959677,0.107357624127731,0.0775855041194795,0.0026707543240388,-0.0834427081854291,-4.51671324860527,liquidity__2024-03-20,liquidity_state,,,,,,,
2024-03-21,0.0920764464007782,0.0013811270723209,-0.0351888155479969,-0.0068048741236594,-0.0130813302084789,0.0042684733650762,0.0878079730357019,4.68369803444017,liquidity__2024-03-21,liquidity_state,,,,,,,
2024-03-22,-0.009100076305355,0.0026642159716523,-0.0262234341590357,-0.0456521940162755,-0.0120818505782871,0.0023436639034148,-0.0114437402087699,-0.57843976522749,liquidity__2024-03-22,liquidity_state,,,,,,,
2024-03-23,-0.031103402369844,0.0016596181133117,0.0030556929298928,-0.0020710344107861,0.0076845937446492,0.002397592339897,-0.033500994709741,-1.73624145992945,liquidity__2024-03-23,liquidity_state,,,,,,,
2024-03-24,0.0143266423110759,0.0007652643223288,0.0491362612802408,0.0368989131405488,0.0352761033597879,0.001332885163544,0.0129937571475319,0.719315879815119,liquidity__2024-03-24,liquidity_state,,,,,,,
2024-03-25,0.0301117662395036,0.0005631720004188,0.0390208578485858,0.0385197835808135,0.02486926127186,0.0015522639373492,0.0285595023021544,1.53410318225772,liquidity__2024-03-25,liquidity_state,,,,,,,
2024-03-26,0.0387032447944904,0.0078115579453133,0.0013449353227841,-0.0008802810097172,0.0037619408356803,0.0023030266293333,0.036400218165157,1.93347963393776,liquidity__2024-03-26,liquidity_state,,,,,,,
2024-03-27,0.0014654403693761,0.0018426499452601,-0.0077153540631211,-0.024440257671694,-0.0115235769439934,0.0013083542560856,0.0001570861132904,0.0263867384300981,liquidity__2024-03-27,liquidity_state,,,,,,,
2024-03-28,-0.0152343384831752,-0.0010360523367722,0.0191379324876628,0.0169378735529815,0.0178943308578958,0.0022313405902567,-0.017465679073432,-0.896519948315242,liquidity__2024-03-28,liquidity_state,,,,,,,
2024-03-29,0.0189995502440077,0.0031121702457319,-0.0130411605254217,-0.014291517040725,0.0061500244253132,0.0034080426708145,0.0155915075731931,0.841000681598959,liquidity__2024-03-29,liquidity_state,,,,,,,
2024-03-30,-0.0069186744700751,0.0013954135797149,-0.0039499873181938,-0.0011125002931002,-0.0083350529984258,0.0018957772989623,-0.0088144517690374,-0.440459757591746,liquidity__2024-03-30,liquidity_state,,,,,,,
2024-03-31,-0.0006472909095336,5.82046489085997e-05,0.0240734958266557,0.0389146291384197,0.0261647514158412,0.0030439301432108,-0.0036912210527444,-0.169873802012736,liquidity__2024-03-31,liquidity_state,,,,,,,
2024-04-01,0.0249228045220278,-0.0005328071198498,-0.023317596852646,-0.0394278935056143,-0.0397295729320746,0.0002260292263307,0.0246967752956971,1.31509682776863,liquidity__2024-04-01,liquidity_state,,,,,,,
2024-04-02,-0.0250940026967683,0.0035485678095206,-0.062022126911522,-0.0664634107433333,-0.050166266639561,0.0022294862525361,-0.0273234889493044,-1.40763746709043,liquidity__2024-04-02,liquidity_state,,,,,,,
2024-04-03,-0.0471242097559781,0.0058103533851507,0.007817530304317,0.0097452662424224,-0.0037772696400821,0.001467925810417,-0.0485921355663951,-2.49196966257052,liquidity__2024-04-03,liquidity_state,,,,,,,
2024-04-04,0.0089337453182665,0.0067621910830268,0.037597039662133,0.0051329126387518,0.0178130732407134,0.0001607500758293,0.0087729952424371,0.486410760035147,liquidity__2024-04-04,liquidity_state,,,,,,,
2024-04-05,0.0079448725322741,0.0066133753069443,-0.0096717504484047,-0.0030369219077321,-0.0103300449642489,0.0022209718690939,0.0057239006631802,0.326654911127205,liquidity__2024-04-05,liquidity_state,,,,,,,
2024-04-06,-0.0019669533804176,0.0054599390421934,0.0151429175361422,0.0100432029348934,0.0200286395225682,0.0025511956364201,-0.0045181490168377,-0.205678390266697,liquidity__2024-04-06,liquidity_state,,,,,,,
2024-04-07,0.0114434224768765,0.0013061733586461,0.0068132746736697,0.0301129972562073,0.0096116114375099,0.0031591385645542,0.0082842839123222,0.457149155314715,liquidity__2024-04-07,liquidity_state,,,,,,,
2024-04-08,0.0150012505520074,-0.0001152113554567,0.0322378494182622,0.0674105072035101,0.023401376289101,0.0029410883534914,0.0120601621985159,0.651184298767927,liquidity__2024-04-08,liquidity_state,,,,,,,
2024-04-09,0.0530943089496461,-0.0014900793137115,-0.0355762409933824,-0.0524716737882969,-0.0322362135734444,0.001520942511386,0.05157336643826,2.66906415136539,liquidity__2024-04-09,liquidity_state,,,,,,,
2024-04-10,-0.0335688776313212,-0.0020245554932607,0.0216133149821331,0.0112869424361239,0.0061790811434363,0.0009695942525753,-0.0345384718838966,-1.74461267895585,liquidity__2024-04-10,liquidity_state,,,,,,,
2024-04-11,0.0099375000715618,8.34920216945534e-05,-0.0088154324607288,-0.0126820619152213,-0.0047059770977497,0.0022657460753864,0.0076717539961753,0.41604041643009,liquidity__2024-04-11,liquidity_state,,,,,,,
2024-04-12,0.0058792189232832,0.0010525018946197,-0.0421087738587005,-0.0782904130369069,-0.08838343999955,-0.0027843295140077,0.008663548437291,0.46510450928348,liquidity__2024-04-12,liquidity_state,,,,,,,
2024-04-13,-0.0844076346305904,0.0031463742170423,-0.0480842423497378,-0.0738176327766453,-0.0800849007374254,-0.0014853981000526,-0.0829222365305378,-4.13236315666147,liquidity__2024-04-13,liquidity_state,,,,,,,
2024-04-14,-0.082352763642902,0.0054755875176226,0.0269777323620382,0.048171052481317,0.0543310530445815,0.005127087203911,-0.087479850846813,-4.2404644524694,liquidity__2024-04-14,liquidity_state,,,,,,,
2024-04-15,0.0546628193890371,-0.0005562572948072,-0.0353715635519496,-0.017064403981621,-0.0288361903571932,0.0028169237905104,0.0518458955985266,2.5598702777818,liquidity__2024-04-15,liquidity_state,,,,,,,
2024-04-16,-0.0037949862501101,0.0027067236047173,0.0055890422564637,-0.0057948216035939,-0.0085547604754907,0.0008553203780374,-0.0046503066281475,-0.185650304096437,liquidity__2024-04-16,liquidity_state,,,,,,,
2024-04-17,-0.0113344435700711,0.0057421346636275,-0.0402899773571104,-0.0325904021301593,-0.0193811550106062,0.0035017928892947,-0.0148362364593658,-0.680816746798788,liquidity__2024-04-17,liquidity_state,,,,,,,
2024-04-18,-0.0204997289824753,-0.0129129267258676,0.0355674118110283,0.0261959383645145,0.0285178459384134,0.0017702118655214,-0.0222699408479968,-1.03651969618589,liquidity__2024-04-18,liquidity_state,,,,,,,
2024-04-19,0.0241774398111296,0.0184653689420635,0.0052006843903384,-0.0025211320039968,0.0031270408878292,0.0018498285648627,0.0223276112462669,1.12579179837563,liquidity__2024-04-19,liquidity_state,,,,,,,
2024-04-20,0.0090434533680579,-0.0073878790984451,0.0175743604080854,0.0318623591904021,0.049611859866328,0.0051601948700622,0.0038832584979957,0.223039769125946,liquidity__2024-04-20,liquidity_state,,,,,,,
2024-04-21,0.0277611196744587,0.0005744161408216,-9.92122849243771e-05,-0.0025335280020595,-0.0060711749688913,0.0016630806828816,0.026098038991577,1.30194747899008,liquidity__2024-04-21,liquidity_state,,,,,,,
2024-04-22,0.002330619534252,0.0140553478521035,0.0284410013773062,0.0165374522599109,0.0260634592004081,0.0019591366439178,0.0003714828903342,0.0433402557514627,liquidity__2024-04-22,liquidity_state,,,,,,,
2024-04-23,0.0162868159018927,0.0029662232137397,-0.0061678151325175,0.0059494056049658,-0.0040696297618474,0.0026275774695147,0.013659238432378,0.690736840522759,liquidity__2024-04-23,liquidity_state,,,,,,,
2024-04-24,0.0058303045886525,1.41192036657856e-05,-0.0329800533018005,-0.0248726483677917,-0.0277635494712278,0.002439627990128,0.0033906765985244,0.186925456705971,liquidity__2024-04-24,liquidity_state,,,,,,,
2024-04-25,-0.0285917227077306,0.0031247761207886,0.0035826855815912,0.0048754546962097,-0.0014185737423808,0.0018873969039321,-0.0304791196116627,-1.46008173026906,liquidity__2024-04-25,liquidity_state,,,,,,,
2024-04-26,0.007250775986197,9.46248311741726e-05,-0.0113972114526923,-0.008124632209034,-0.0180200386856235,0.0016616096406543,0.0055891663455426,0.300461828004254,liquidity__2024-04-26,liquidity_state,,,,,,,
2024-04-27,-0.0101656746469345,0.0001507340936939,-0.0045881800715843,0.0393106929997966,0.0032444631268404,0.0040228795199695,-0.014188554166904,-0.662647561258466,liquidity__2024-04-27,liquidity_state,,,,,,,
2024-04-28,0.0231574765910914,0.0004784138802378,-0.0055935742121899,0.002271632425538,-0.0058181719279346,0.0023350694120099,0.0208224071790814,1.03966534260788,liquidity__2024-04-28,liquidity_state,,,,,,,
2024-04-29,0.0037841564718625,-7.8818402769798e-05,0.0117845949779909,-0.0142195030177934,-0.0041695429409642,0.0003510617583135,0.003433094713549,0.192516398923901,liquidity__2024-04-29,liquidity_state,,,,,,,
2024-04-30,-0.0194048664349964,-0.0013001725090902,-0.0515028377386795,-0.0652314568866981,-0.0417061357818156,0.0019151442518982,-0.0213200106868946,-1.01112310967942,liquidity__2024-04-30,liquidity_state,,,,,,,
2024-05-01,-0.0543173362882037,0.0002176258255204,-0.0393739871143701,-0.0141350800310249,0.0059048251102815,0.0058336131439868,-0.0601509494321906,-2.86866871894412,liquidity__2024-05-01,liquidity_state,,,,,,,
2024-05-02,-0.0014158201027285,-0.0014229848802074,0.0129814662581911,0.0049272576206611,0.0128728192427339,0.0020706955745753,-0.0034865156773039,-0.135450634617602,liquidity__2024-05-02,liquidity_state,,,,,,,
2024-05-03,0.0151764886878034,0.0001241807776395,0.0624834715541134,0.0383258360436098,0.037077816837666,0.0002722400569626,0.0149042486308407,0.751124206578204,liquidity__2024-05-03,liquidity_state,,,,,,,
2024-05-04,0.0390673687306702,0.0024996478650614,0.0160032390256681,0.0045999928433939,0.0072746522741091,0.0013688000841468,0.0376985686465234,1.83594463744615,liquidity__2024-05-04,liquidity_state,,,,,,,
2024-05-05,0.0080936049245323,0.0025048686778781,0.0018316625740268,0.0061978472140928,0.0072976995837628,0.0027310975979006,0.0053625073266317,0.288358968704879,liquidity__2024-05-05,liquidity_state,,,,,,,
2024-05-06,0.0076232780147336,0.0002969702668167,-0.0132536256625286,-0.0238627283605428,-0.0036799226100221,0.0024161809358783,0.0052070970788552,0.277035628469592,liquidity__2024-05-06,liquidity_state,,,,,,,
2024-05-07,-0.0158213208557605,0.000632700892897,-0.0136557847074528,-0.018766018304035,-0.0193212703114938,0.0014550315123645,-0.0172763523681251,-0.807135376457186,liquidity__2024-05-07,liquidity_state,,,,,,,
2024-05-08,-0.0125771736550035,-2.69894388154057e-05,-0.0182592047454602,-0.0106107313494119,-0.0095321655138214,0.0028473556030328,-0.0154245292580364,-0.720927383607188,liquidity__2024-05-08,liquidity_state,,,,,,,
2024-05-09,-0.0190144780339523,-0.0011870898634889,0.0302830204115416,0.0206943839557399,0.0284396605442794,0.0020884733984298,-0.0211029514323821,-0.991262901159973,liquidity__2024-05-09,liquidity_state,,,,,,,
2024-05-10,0.018858989193987,-0.0001121105189412,-0.0367583925113806,-0.0424515832708421,-0.0222827551766471,0.0026645627485101,0.0161944264454768,0.805491290684868,liquidity__2024-05-10,liquidity_state,,,,,,,
2024-05-11,-0.0273331997548532,-0.0005790029170746,0.0002552916476492,0.0008096577553473,-0.0002061016525907,0.0021626011766812,-0.0294958009315344,-1.39522563418656,liquidity__2024-05-11,liquidity_state,,,,,,,
2024-05-12,0.0035285434998577,0.0003614523277448,0.0105806723683468,0.0055855418868588,-0.00236642875889,0.0011908120141988,0.0023377314856588,0.137824926700775,liquidity__2024-05-12,liquidity_state,,,,,,,
2024-05-13,0.0048819862066906,-5.49437009276232e-05,0.0237392983304421,0.0075566506929893,0.0036854091261062,0.0004769238226047,0.0044050623840859,0.236336048147659,liquidity__2024-05-13,liquidity_state,,,,,,,
2024-05-14,0.0011520276926297,0.000158613100627,-0.021994061379031,-0.0237130784797861,-0.0237715475366471,0.001750904595125,-0.0005988769024952,-0.0050114552563949,liquidity__2024-05-14,liquidity_state,,,,,,,
2024-05-15,-0.017590591321067,-0.0012531725708697,0.0728374052893557,0.0510852104270887,0.0475293524697733,0.0004664348137334,-0.0180570261348005,-0.841809916832913,liquidity__2024-05-15,liquidity_state,,,,,,,
2024-05-16,0.0445233027722018,0.0034246044860744,-0.0147144635145171,-0.0294324376773227,-0.0053414467791732,0.002261681395277,0.0422616213769248,2.04381817978576,liquidity__2024-05-16,liquidity_state,,,,,,,
2024-05-17,-0.0095271339708276,0.0009323356663024,0.0269186068518508,0.0489947137818278,0.0230977402363912,0.0028576818590145,-0.0123848158298421,-0.569320111161697,liquidity__2024-05-17,liquidity_state,,,,,,,
2024-05-18,0.0344883508391263,0.0018759531687209,-0.0016619029320459,0.0099586019381572,0.0005727188649231,0.0026725969893007,0.0318157538498255,1.53483394029387,liquidity__2024-05-18,liquidity_state,,,,,,,
2024-05-19,0.007150002850313,0.0017455585054833,-0.0097356580879992,-0.0169100886322475,-0.0179064707441334,0.0012519249530568,0.0058980778972562,0.298192094549287,liquidity__2024-05-19,liquidity_state,,,,,,,
2024-05-20,-0.01051988709035,-0.0001160270412938,0.0750091507733242,0.175775208968458,0.0626791137479685,0.0051298295208714,-0.0156497166112215,-0.725708450257847,liquidity__2024-05-20,liquidity_state,,,,,,,
2024-05-21,0.10662543329844,-0.0019450265964522,-0.0181819162136545,0.0344295293212262,-0.0009723373645869,0.0048246798228893,0.101800753475551,4.70774661943562,liquidity__2024-05-21,liquidity_state,,,,,,,
2024-05-22,0.0161776586879867,0.000434308496942,-0.0140928669098805,-0.0139355299370703,-0.0102050636026867,0.002311961612411,0.0138656970755756,0.64430598143634,liquidity__2024-05-22,liquidity_state,,,,,,,
2024-05-23,0.002665282285907,0.0001433240376691,-0.0176494470756836,0.0121948195160737,-0.0135860973888136,0.0031780990610935,-0.0005128167751865,-0.0183641114653015,liquidity__2024-05-23,liquidity_state,,,,,,,
2024-05-24,-0.007341985008324,-0.0012740055960449,0.0087605631791341,-0.0146981784291622,-0.0030538431938396,0.0006988988685754,-0.0080408838768995,-0.369658661288446,liquidity__2024-05-24,liquidity_state,,,,,,,
2024-05-25,-0.0002946447606007,0.0012373585787308,0.0107441947681917,0.0057252997969001,0.0105762448488029,0.0021328122199453,-0.002427456980546,-0.10964575240705,liquidity__2024-05-25,liquidity_state,,,,,,,
2024-05-26,0.0057181268029182,-6.74612213593662e-05,-0.0114908201718649,0.0202239923300365,-0.0118657561117921,0.0029757740604238,0.0027423527424944,0.129911558814547,liquidity__2024-05-26,liquidity_state,,,,,,,
2024-05-27,0.0155610784697906,-0.0005257853863227,0.0132194690096537,0.0175784223614244,0.0196163883173632,0.0029255540767607,0.0126355243930299,0.58680895616159,liquidity__2024-05-27,liquidity_state,,,,,,,
2024-05-28,0.0060601156295803,0.0001202946315572,-0.0150202887290494,-0.0130681729156219,-0.0080084450341857,0.0025856702579932,0.003474445371587,0.165364371866763,liquidity__2024-05-28,liquidity_state,,,,,,,
2024-05-29,-0.0102733756303799,-0.0012582917994912,-0.0116166863238671,-0.0203312574782313,-0.0077639148233927,0.002070054828004,-0.0123434304583839,-0.567964941846634,liquidity__2024-05-29,liquidity_state,,,,,,,
2024-05-30,-0.0131682485324767,-0.0022170117823243,0.0111402224386463,-0.0048015616256815,-0.0174065045114382,-0.0002806961158838,-0.0128875524165928,-0.591689775275781,liquidity__2024-05-30,liquidity_state,,,,,,,
2024-05-31,-0.0016407697278531,0.0006377996010762,-0.0122620448699351,0.0036923291628756,-0.0021200446464924,0.0032676988667111,-0.0049084685945642,-0.225976236827617,liquidity__2024-05-31,liquidity_state,,,,,,,
2024-06-01,0.0083142634718882,0.0008782627813417,0.0033980038948602,0.0140167237826159,0.0041401993448744,0.0025886367266463,0.0057256267452419,0.266616408693814,liquidity__2024-06-01,liquidity_state,,,,,,,
2024-06-02,0.0081356381632815,0.0003235174744666,4.78845689819707e-05,-0.0090302745813915,-0.0046875337555931,0.0015559917798679,0.0065796463834136,0.307624824869936,liquidity__2024-06-02,liquidity_state,,,,,,,
2024-06-03,-0.0031520326584697,-0.0001960726239431,0.0153807884240944,-0.0035450957849647,0.0101176637856142,0.0013908752306839,-0.0045429078891537,-0.209629846680868,liquidity__2024-06-03,liquidity_state,,,,,,,
2024-06-04,-0.0014485252983789,0.0019982621194927,0.0250636495178167,0.0114147530752522,0.0319453850385081,0.0025509923659179,-0.0039995176642968,-0.184310470638824,liquidity__2024-06-04,liquidity_state,,,,,,,
2024-06-05,0.0154914181592112,0.0005527517716998,0.0080811949427808,0.0145228958622017,0.0107097995606935,0.0026538100453017,0.0128376081139094,0.594115523177666,liquidity__2024-06-05,liquidity_state,,,,,,,
2024-06-06,0.0120102527323063,0.0019682095284316,-0.0047341385035686,-0.0136679415468137,-0.0059079100478811,0.0017696019795435,0.0102406507527627,0.475474062658476,liquidity__2024-06-06,liquidity_state,,,,,,,
2024-06-07,-0.0074614487847135,0.0012005034823694,-0.0207107929842874,-0.0364401419749854,-0.0406797358352975,4.46467228818544e-06,-0.0074659134570017,-0.355477485084163,liquidity__2024-06-07,liquidity_state,,,,,,,
2024-06-08,-0.0254008463598581,0.000854635955104,-0.0002328965488267,0.0009692706819706,-0.0171069181307963,0.0009682422758984,-0.0263690886357565,-1.23480190046642,liquidity__2024-06-08,liquidity_state,,,,,,,
2024-06-09,-0.0057569655501623,0.0001275330216969,0.0047526144224221,0.0067078275362639,0.0083539161607078,0.002553662789195,-0.0083106283393574,-0.391171026089064,liquidity__2024-06-09,liquidity_state,,,,,,,
2024-06-10,0.0044044125964894,0.000593691952325,-0.0015203651563897,-0.0103881118206157,-0.0210266524378184,0.000457398159069,0.0039470144374204,0.176579129701207,liquidity__2024-06-10,liquidity_state,,,,,,,
2024-06-11,-0.0148831020628606,-0.000968855429182,-0.0323908421892565,-0.0474144184988212,-0.0353675509331772,0.0011474179348332,-0.0160305199976938,-0.760553940809663,liquidity__2024-06-11,liquidity_state,,,,,,,
2024-06-12,-0.0269394122790132,-0.0016381945155572,0.0139915934375594,0.0177573893893062,0.0324238133849413,0.0038024069955837,-0.0307418192745969,-1.44522939672387,liquidity__2024-06-12,liquidity_state,,,,,,,
2024-06-13,0.0166675868442603,0.0024786656368718,-0.0224404950176087,-0.0258645285432859,-0.03340084201119,0.0010185787005455,0.0156490081437148,0.726912054367374,liquidity__2024-06-13,liquidity_state,,,,,,,
2024-06-14,-0.0196570974054744,0.0008708838830457,-0.010824845444608,0.0034733464219876,-0.0123642818258247,0.0023737398233462,-0.0220308372288206,-1.04197094006944,liquidity__2024-06-14,liquidity_state,,,,,,,
2024-06-15,-0.0039117914540725,-0.0001729234522791,0.0026175384897193,0.0247457929641186,0.0085499447966199,0.0033081977036721,-0.0072199891577446,-0.346018986331839,liquidity__2024-06-15,liquidity_state,,,,,,,
2024-06-16,0.0138855203982438,-0.0014080372874332,0.0069799832702059,0.0153911607427037,0.0108634920186148,0.0027932256413875,0.0110922947568562,0.51425776463469,liquidity__2024-06-16,liquidity_state,,,,,,,
2024-06-17,0.0085060053960042,0.0002328471940025,-0.0026538906128781,-0.0315408270954514,-0.0351704074589243,-0.0011149976573715,0.0096210030533757,0.444489376936125,liquidity__2024-06-17,liquidity_state,,,,,,,
2024-06-18,-0.0224987040696156,-0.0007209741569802,-0.0201195295770233,-0.0080702494138886,-0.0345551758570224,0.0012536479691717,-0.0237523520387874,-1.11763763786518,liquidity__2024-06-18,liquidity_state,,,,,,,
2024-06-19,-0.0120444212690067,0.0019315266780317,-0.0029883876316017,0.0219069592314298,0.01015056488162,0.0038599074240599,-0.0159043286930666,-0.746435998684924,liquidity__2024-06-19,liquidity_state,,,,,,,
2024-06-20,0.0110554502877562,-4.53079111366606e-05,-0.0017328356349679,-0.0136527842462062,-0.0027530672413931,0.0017243648216543,0.0093310854661018,0.439175049382734,liquidity__2024-06-20,liquidity_state,,,,,,,
2024-06-21,-0.0141462615375545,0.0004569865368608,-0.0112279228689172,0.0017850216706918,-0.0015218732045099,0.0031586140789144,-0.017304875616469,-0.806862042789892,liquidity__2024-06-21,liquidity_state,,,,,,,
2024-06-22,-0.0014891846958988,-0.000192120650265,0.0017158892982962,-0.0064660522865018,-0.0002544999682427,0.0018049975669783,-0.0032941822628771,-0.148701079171976,liquidity__2024-06-22,liquidity_state,,,,,,,
2024-06-23,0.0024553279900096,0.0006367121650399,-0.0164320040286121,-0.0217164582192027,-0.0162779399065798,0.0018475247827331,0.0006078032072765,0.0354426432416019,liquidity__2024-06-23,liquidity_state,,,,,,,
2024-06-24,-0.0206466445690268,-0.0001612884858097,-0.0473757861778079,-0.0201066232995206,0.0028650267811052,0.0061713693117232,-0.02681801388075,-1.25084021709197,liquidity__2024-06-24,liquidity_state,,,,,,,
2024-06-25,-0.0202325151050786,-0.0040306890624854,0.0250411932084749,0.0125088812649263,0.0195105655981749,0.0016704186871764,-0.0219029337922551,-1.01508892162734,liquidity__2024-06-25,liquidity_state,,,,,,,
2024-06-26,0.0185068923316365,0.0007198320042007,-0.0153894401655421,-0.0070129700415382,-0.007666090057544,0.0028271312760544,0.015679761055582,0.744989525577541,liquidity__2024-06-26,liquidity_state,,,,,,,
2024-06-27,-0.0080648131283034,0.000545221132409,0.0132785347298086,0.0232287134223004,0.0238818084080457,0.0034040269264952,-0.0114688400547986,-0.526440886436097,liquidity__2024-06-27,liquidity_state,,,,,,,
2024-06-28,0.0115781347784392,-0.0013461943447978,-0.0214769684028333,-0.0214343251971858,-0.0252829816659172,0.0016602440432741,0.009917890735165,0.472814734506325,liquidity__2024-06-28,liquidity_state,,,,,,,
2024-06-29,-0.0197523409811566,-0.0023493726347183,0.0093591013573934,0.0003728440180843,-0.0019459096396232,0.0011781828999589,-0.0209305238811156,-0.97101479704929,liquidity__2024-06-29,liquidity_state,,,,,,,
2024-06-30,0.0028539884221849,0.0012562521516663,0.0294287750838826,0.0169818292476851,0.0214149749315098,0.0015387525784925,0.0013152358436924,0.0750658259825195,liquidity__2024-06-30,liquidity_state,,,,,,,
2024-07-01,0.0185666946970606,-0.0014501787244078,0.0016059715498837,0.0015602933215426,-0.0025490493915469,0.0018875655439059,0.0166791291531547,0.793508210772427,liquidity__2024-07-01,liquidity_state,,,,,,,
2024-07-02,0.0057550486013049,0.0013394305256007,-0.0119513087707581,-0.0060262394882322,0.0151774383784371,0.0042202868929583,0.0015347617083465,0.0827593217784995,liquidity__2024-07-02,liquidity_state,,,,,,,
2024-07-03,-0.0107990569246859,-0.0015600744316728,-0.0318109075145099,-0.0375389964110084,-0.0423318508089636,0.0008778647689561,-0.011676921693642,-0.535284607301341,liquidity__2024-07-03,liquidity_state,,,,,,,
2024-07-04,-0.0282354789478916,0.0020144176760013,-0.0532052175817892,-0.0740586966394865,-0.0645714210712569,0.0001238801096793,-0.028359359057571,-1.31252978410779,liquidity__2024-07-04,liquidity_state,,,,,,,
2024-07-05,-0.0504075363470271,-0.0002914231325092,-0.0072000990351117,-0.0256962903922755,-0.0037353464885789,0.0017962982553607,-0.0522038346023879,-2.4055093917157,liquidity__2024-07-05,liquidity_state,,,,,,,
2024-07-06,-0.0191492151532024,0.0028653198581949,0.0280473694677266,0.02814936430679,0.0474566356497306,0.0039198704780237,-0.0230690856312261,-1.0524466775106,liquidity__2024-07-06,liquidity_state,,,,,,,
2024-07-07,0.0138614362578622,0.0013101229877463,-0.0418510234991718,-0.0453075457904371,-0.0535335092059626,0.0007494351544483,0.0131120011034139,0.628205512011911,liquidity__2024-07-07,liquidity_state,,,,,,,
2024-07-08,-0.03186401029512,-9.74168302683154e-05,0.015461305555549,0.029546345704099,0.0280532839109853,0.0036989525102076,-0.0355629628053276,-1.62321297242504,liquidity__2024-07-08,liquidity_state,,,,,,,
2024-07-09,0.0249134610323978,0.0005194291611339,0.0231682625124687,0.0156416162612789,0.0140643192051364,0.0015370842885742,0.0233763767438235,1.10009582707649,liquidity__2024-07-09,liquidity_state,,,,,,,
2024-07-10,0.0130717790362311,0.0010662772918941,-0.0055673393684259,0.0110714098776921,0.0060698392472105,0.0034725158454793,0.0095992631907517,0.462161446174841,liquidity__2024-07-10,liquidity_state,,,,,,,
2024-07-11,0.0080186794402834,0.0014244452369816,-0.0063685857453617,-0.0003743814645478,-0.0075811355921544,0.002197488182993,0.0058211912572903,0.286603427222631,liquidity__2024-07-11,liquidity_state,,,,,,,
2024-07-12,0.0017706827848158,-0.000242933208753,0.0092943090044457,0.0111338097995599,0.0179385706381616,0.0029717919726789,-0.001201109187863,-0.0392929739122933,liquidity__2024-07-12,liquidity_state,,,,,,,
2024-07-13,0.0057089705664239,-0.003533129589293,0.0224160082603309,0.013296266017095,0.0153534890082234,0.00163115797314,0.0040778125932838,0.209975754544444,liquidity__2024-07-13,liquidity_state,,,,,,,
2024-07-14,0.0145825616019799,0.0048379296025018,0.0264268932578169,0.0215446319352512,0.0174934350239155,0.0016652399152538,0.0129173216867261,0.616235255927809,liquidity__2024-07-14,liquidity_state,,,,,,,
2024-07-15,0.0266136802383201,0.0003025620681924,0.0626758928953777,0.0709966889278082,0.0483423218326884,0.0020661259578448,0.0245475542804753,1.15203190361414,liquidity__2024-07-15,liquidity_state,,,,,,,
2024-07-16,0.0340341018018471,0.0010277718008175,0.0049737105864018,-0.0110174188847552,0.0018033398208778,0.001517928685553,0.032516173116294,1.51210649574083,liquidity__2024-07-16,liquidity_state,,,,,,,
2024-07-17,0.0091630544706369,0.0032517628931714,-0.0150475233530383,-0.0171277667804812,-0.0075207342778043,0.0025020408100141,0.0066610136606227,0.314346061398658,liquidity__2024-07-17,liquidity_state,,,,,,,
2024-07-18,-0.0082417327607693,0.0005402493285409,-0.0016082508284345,0.011286609514487,-0.0053499446650917,0.0022714834504571,-0.0105132162112265,-0.480214071238201,liquidity__2024-07-18,liquidity_state,,,,,,,
2024-07-19,-0.0015849309654107,-5.56923908412443e-05,0.0412590151622165,0.0226470468464015,0.0263609772902562,0.0009775496147932,-0.002562480580204,-0.113268296538691,liquidity__2024-07-19,liquidity_state,,,,,,,
2024-07-20,0.0280955197178301,0.0036433392166621,0.0069054587287897,0.0037667838674391,0.0117493534157092,0.0025158385059042,0.0255796812119258,1.1833668854993,liquidity__2024-07-20,liquidity_state,,,,,,,
2024-07-21,0.0049473240260624,0.0026115406970248,0.0152029952641506,0.0051313195961224,0.0191891392645402,0.0023361334429207,0.0026111905831417,0.122250246528018,liquidity__2024-07-21,liquidity_state,,,,,,,
2024-07-22,0.0052516672988431,-0.0007187585207333,-0.0092189364619716,-0.0274091251593944,-0.0259135579693215,0.0002988429993165,0.0049528242995266,0.228104371136233,liquidity__2024-07-22,liquidity_state,,,,,,,
2024-07-23,-0.009577660750633,0.0011145632189872,-0.0240647009624215,0.0122599245855017,-0.0156044051345141,0.0036256270800698,-0.0132032878307028,-0.608337243231106,liquidity__2024-07-23,liquidity_state,,,,,,,
2024-07-24,-0.0018426515124829,0.0019796632535076,-0.0085704974926468,-0.0431541993242153,-0.005383015108304,0.0012769962844147,-0.0031196477968977,-0.145315878129379,liquidity__2024-07-24,liquidity_state,,,,,,,
2024-07-25,-0.0310312673514339,-0.0011122222399073,0.0064708365747066,-0.0493174746481611,-0.016870932909729,-0.0011472628827252,-0.0298840044687087,-1.37642164422175,liquidity__2024-07-25,liquidity_state,,,,,,,
2024-07-26,-0.0171636200922975,-0.0027826155347234,0.0317560634353153,0.0309563065910865,0.0294118564853036,0.0023321708711651,-0.0194957909634627,-0.893349195289247,liquidity__2024-07-26,liquidity_state,,,,,,,
2024-07-27,0.0273779356040897,0.00098401530472,-0.000341729227598,-0.0078536519424083,-0.0008748079205318,0.0019081787303684,0.0254697568737213,1.17325520868763,liquidity__2024-07-27,liquidity_state,,,,,,,
2024-07-28,0.0028635002523245,0.0013938297267905,0.0050257633427559,0.0064332554532367,-0.0039162347250645,0.0016166815297933,0.0012468187225312,0.0593205684868215,liquidity__2024-07-28,liquidity_state,,,,,,,
2024-07-29,0.0016871415909491,-0.0008204847308803,-0.0215294580957437,0.0144586072830215,-0.0057206905587854,0.0041846421333268,-0.0024975005423776,-0.111927290492605,liquidity__2024-07-29,liquidity_state,,,,,,,
2024-07-30,0.0079742269854534,-0.0022676439864994,-0.0092748659812915,-0.0117571770865492,-0.0045981096645171,0.0023440492173496,0.0056301777681038,0.256611883201787,liquidity__2024-07-30,liquidity_state,,,,,,,
2024-07-31,-0.0152928014393829,6.14341125526607e-07,-0.0235829992495606,-0.0142648188787113,-0.0186903971644519,0.0025562692048966,-0.0178490706442795,-0.833225115216697,liquidity__2024-07-31,liquidity_state,,,,,,,
2024-08-01,-0.0179595680016007,-0.0004237222527585,0.0108306123857691,-0.0092339117082751,-0.0093171799145714,0.0002103117175171,-0.0181698797191178,-0.846690705912139,liquidity__2024-08-01,liquidity_state,,,,,,,
2024-08-02,-0.0109582451523664,-0.00239295807906,-0.0614937702638283,-0.0690881107656587,-0.0550240616078455,0.0017439629211109,-0.0127022080734774,-0.59297047804675,liquidity__2024-08-02,liquidity_state,,,,,,,
2024-08-03,-0.049033539968768,9.18213522993483e-07,-0.0120363290977714,-0.0294137583300182,-0.0268533706500733,0.0004303166536371,-0.0494638566224051,-2.27489617365674,liquidity__2024-08-03,liquidity_state,,,,,,,
2024-08-04,-0.0270534245465903,0.0011455824870765,-0.0428973490288822,-0.0763997598724986,-0.035410866903721,0.001245819709119,-0.0282992442557094,-1.29389321913251,liquidity__2024-08-04,liquidity_state,,,,,,,
2024-08-05,-0.0724007346762932,0.0009000020126208,-0.0737211867498537,-0.105479385386233,-0.0559473319730479,0.0017142878635028,-0.074115022539796,-3.33778368040717,liquidity__2024-08-05,liquidity_state,,,,,,,
2024-08-06,-0.056174508773978,0.0004951932337675,0.0366163228982455,0.0171843285120552,0.0478167339690714,0.0028230466774905,-0.0589975554514685,-2.62119670891305,liquidity__2024-08-06,liquidity_state,,,,,,,
2024-08-07,0.0321312244730052,0.0036934125099925,-0.0159541866760691,-0.0494192209449658,-0.0031738862891828,0.0019351476993381,0.0301960767736671,1.37018728211297,liquidity__2024-08-07,liquidity_state,,,,,,,
2024-08-08,-0.0305665982576429,0.0038014620357564,0.112242425579058,0.135459248594091,0.0728889444655714,0.0012208574947306,-0.0317874557523735,-1.39269531757416,liquidity__2024-08-08,liquidity_state,,,,,,,
2024-08-09,0.0757598842453113,0.0028726628494588,-0.0139677017641429,-0.0317949885808009,-0.0149231982613607,0.0014159961848542,0.0743438880604571,3.28191607133702,liquidity__2024-08-09,liquidity_state,,,,,,,
2024-08-10,0.0030937415423153,0.0007239429435479,0.0013637798554597,0.0042473949327668,0.0059954562152988,0.0026199059880037,0.0004738355543116,0.0368639210238773,liquidity__2024-08-10,liquidity_state,,,,,,,
2024-08-11,0.0048624193383943,0.0007279204563666,-0.0369930267084762,-0.0210878589531678,-0.0416013374224171,0.0019062552209364,0.0029561641174579,0.145745166267198,liquidity__2024-08-11,liquidity_state,,,,,,,
2024-08-12,-0.0259567386097679,-0.0001648133349227,0.0108470119586421,0.0634397336949197,0.0273708522811198,0.0050951607307999,-0.0310518993405679,-1.34176744661607,liquidity__2024-08-12,liquidity_state,,,,,,,
2024-08-13,0.0221684716705681,0.0019346072404538,0.0207451197902806,-0.0074835196753646,0.0074645893858971,0.0005802777535871,0.021588193916981,0.96104042241837,liquidity__2024-08-13,liquidity_state,,,,,,,
2024-08-14,0.0190216723005037,0.0015386960102858,-0.031935912106098,-0.0153567582999337,-0.0079889815962808,0.0040850000246925,0.0149366722758111,0.66754927070665,liquidity__2024-08-14,liquidity_state,,,,,,,
2024-08-15,-0.0229127791997534,0.0030688847598412,-0.0196785985536714,-0.0349262604884979,-0.0143173668012295,0.0018953910455081,-0.0248081702452616,-1.06928244283304,liquidity__2024-08-15,liquidity_state,,,,,,,
2024-08-16,-0.012120800724162,0.0027757688892613,0.0228311632474014,0.0088201118788378,-0.0011828960898867,0.0002405796340161,-0.0123613803581781,-0.527661679609288,liquidity__2024-08-16,liquidity_state,,,,,,,
2024-08-17,0.0121657025182316,0.0033445932436464,0.010399424845966,0.0083408689918229,0.0142824454169173,0.0025162677830938,0.0096494347351377,0.431370875463758,liquidity__2024-08-17,liquidity_state,,,,,,,
2024-08-18,0.0033072600714234,0.0005250175525475,-0.0179292037341821,-0.0007914343896802,-0.0049925022056349,0.0034462774686564,-0.0001390173972329,-0.0008728344251227,liquidity__2024-08-18,liquidity_state,,,,,,,
2024-08-19,0.0078841718377269,-0.0001538341058378,0.0171864909207695,0.0092785006216207,0.0206158369193048,0.0023821635258338,0.0055020083118931,0.247045336733331,liquidity__2024-08-19,liquidity_state,,,,,,,
2024-08-20,-0.0002030746030712,0.001086156329304,-0.0072874330698997,-0.0244993264758318,0.0076661727847344,0.0026798477447315,-0.0028829223478028,-0.12255304623465,liquidity__2024-08-20,liquidity_state,,,,,,,
2024-08-21,-0.0025085929115071,0.0015059439572198,0.0355794330801888,0.0223191474212179,0.0142196198059139,0.0005997838097739,-0.0031083767212811,-0.13287193191317,liquidity__2024-08-21,liquidity_state,,,,,,,
2024-08-22,0.0192268181211297,0.0019977158701713,-0.0126836851429726,-0.0031279896347964,0.010297259577424,0.0040159435749767,0.0152108745461529,0.670177549759468,liquidity__2024-08-22,liquidity_state,,,,,,,
2024-08-23,-0.0035291018569587,0.0013840484772806,0.0589595041078113,0.0520740062979712,0.0365136395607379,0.0009704576795793,-0.0044995595365381,-0.195408247793748,liquidity__2024-08-23,liquidity_state,,,,,,,
2024-08-24,0.0490173503048581,0.003527998672812,0.0017596289609915,0.0019192647237629,0.0061349490297821,0.0025235128018869,0.0464938375029712,2.03398236312289,liquidity__2024-08-24,liquidity_state,,,,,,,
2024-08-25,-0.0038263062890422,0.0009999018373392,0.0011505583830153,-0.0079587747678964,-0.0118203607610781,0.0009609044562431,-0.0047872107452854,-0.214023509027161,liquidity__2024-08-25,liquidity_state,,,,,,,
2024-08-26,0.0050736171155954,-0.0008608371907676,-0.0221738316389963,-0.0242605127510886,-0.0269772232450762,0.0015150673294719,0.0035585497861234,0.150975843143749,liquidity__2024-08-26,liquidity_state,,,,,,,
2024-08-27,-0.0245068202954464,0.0009321794082666,-0.0556955673087263,-0.086916962533155,-0.0336841750436783,0.0022420869382287,-0.0267489072336751,-1.17165013809399,liquidity__2024-08-27,liquidity_state,,,,,,,
2024-08-28,-0.0600401490974818,-0.0024321608566602,-0.0064679429707759,0.0284534664115021,-0.0045166207494737,0.003299100520636,-0.0633392496181179,-2.73629421484845,liquidity__2024-08-28,liquidity_state,,,,,,,
2024-08-29,0.0059125110727578,0.0016480995402794,0.0053782627289926,-0.0002262727831876,-0.0046620313380998,0.0013288877641721,0.0045836233085857,0.207894775852909,liquidity__2024-08-29,liquidity_state,,,,,,,
2024-08-30,0.0003622537694383,0.0019223888576647,-0.004064488625854,-0.0008639781946682,-0.001303665246926,0.0024315617986411,-0.0020693080292028,-0.0826313628484173,liquidity__2024-08-30,liquidity_state,,,,,,,
2024-08-31,-0.0019471115819413,-2.7274330388849e-05,-0.0021428771779117,-0.0050071358977428,-0.0078478121981326,0.0016471779011278,-0.0035942894830692,-0.151617698627618,liquidity__2024-08-31,liquidity_state,,,,,,,
2024-09-01,-0.0027688023363658,-7.8993056852994e-05,-0.0285130033764638,-0.035283798040358,-0.0302290329317394,0.001531330330693,-0.0043001326670589,-0.182561707930616,liquidity__2024-09-01,liquidity_state,,,,,,,
2024-09-02,-0.0218768582849904,-1.43712490228154e-05,0.0312959709029688,0.0451782865225265,0.0257376746330138,0.0025318781516367,-0.0244087364366272,-1.05243575303596,liquidity__2024-09-02,liquidity_state,,,,,,,
2024-09-03,0.0270184007572496,-0.0006676289017377,-0.0287400346245565,-0.0455498145267326,-0.0270860273614772,0.001475099499328,0.0255433012579215,1.11159317325148,liquidity__2024-09-03,liquidity_state,,,,,,,
2024-09-04,-0.0257964403676034,-0.0012520470745371,0.0086251765786329,0.0105139213381698,0.0077428863973736,0.0022644400034362,-0.0280608803710397,-1.20724472811364,liquidity__2024-09-04,liquidity_state,,,,,,,
2024-09-05,0.0099876955674425,0.0008166529499789,-0.0315154082322646,-0.0340753283518351,-0.0173555007444257,0.0027935981322924,0.00719409743515,0.317686038627992,liquidity__2024-09-05,liquidity_state,,,,,,,
2024-09-06,-0.020768552030507,-0.0003468872595604,-0.0397848790616013,-0.0624414095317212,-0.0185262584670873,0.0026204160340874,-0.0233889680645945,-1.0017766246392,liquidity__2024-09-06,liquidity_state,,,,,,,
2024-09-07,-0.0468116429574046,-9.01571690157255e-05,0.0033495374956444,0.0215076871621305,0.0119654305170442,0.0033945149772806,-0.0502061579346852,-2.14026317336148,liquidity__2024-09-07,liquidity_state,,,,,,,
2024-09-08,0.0175677544880024,0.000752646292728,0.0131404178660475,0.0104174964008008,0.0152716232289904,0.0023976695152748,0.0151700849727276,0.663525121535503,liquidity__2024-09-08,liquidity_state,,,,,,,
2024-09-09,0.0122870120313294,0.0002345176590807,0.0383883951565487,0.0267071597848378,0.02624510783399,0.0013569690376957,0.0109300429936336,0.479773460468141,liquidity__2024-09-09,liquidity_state,,,,,,,
2024-09-10,0.0274682794415746,0.0017977324147473,0.010582835322781,0.0121583129055116,0.0070464436461357,0.002081288319859,0.0253869911217156,1.09445557384872,liquidity__2024-09-10,liquidity_state,,,,,,,
2024-09-11,0.0064767569056378,0.001207446983571,-0.0052295246381177,-0.0202384482422504,-0.0047693475901873,0.0017017567857672,0.0047750001198705,0.20763563816802,liquidity__2024-09-11,liquidity_state,,,,,,,
2024-09-12,-0.0068662032810991,-0.0004171148747147,0.0137309807867716,0.0090335204668861,0.0187020355888166,0.0025539341750712,-0.0094201374561703,-0.399069069901991,liquidity__2024-09-12,liquidity_state,,,,,,,
2024-09-13,0.009466183623477,-0.0013241600336328,0.0407789299537988,0.0323698556880192,0.0162165950393245,0.0005674426256552,0.0088987409978218,0.38777802588956,liquidity__2024-09-13,liquidity_state,,,,,,,
2024-09-14,0.0320894023371032,0.0049982359550284,-0.0090712222922562,-0.0088029613582705,-0.0028784406118092,0.0025406290752434,0.0295487732618598,1.26933514474746,liquidity__2024-09-14,liquidity_state,,,,,,,
2024-09-15,-0.0088633074678341,0.002675484689913,-0.0147145195428937,-0.0430521094618488,-0.018673497223098,0.0008705673077145,-0.0097338747755486,-0.41105135561428,liquidity__2024-09-15,liquidity_state,,,,,,,
2024-09-16,-0.0181598661687836,-0.0014750560520688,-0.0156523303713687,-0.0089398707218224,-0.0115690586449659,0.0025061753645299,-0.0206660415333136,-0.878126437916522,liquidity__2024-09-16,liquidity_state,,,,,,,
2024-09-17,-0.0231307736347581,-0.001075078120678,0.0354587160066338,0.0199862109251594,0.0109318272156678,0.0002987457451364,-0.0234295193798945,-0.993616786622014,liquidity__2024-09-17,liquidity_state,,,,,,,
2024-09-18,0.0219667605552054,0.0023890294131945,0.0238125205712532,0.0139220453636497,0.0173904712891613,0.001670608843075,0.0202961517121304,0.877403731530334,liquidity__2024-09-18,liquidity_state,,,,,,,
2024-09-19,0.000123478202834,0.0001400711190342,0.019074607918089,0.0374112158824644,0.0207232662158994,0.003061072863847,-0.0029375946610129,-0.116444412237311,liquidity__2024-09-19,liquidity_state,,,,,,,
2024-09-20,0.0365924335610828,0.0019466107533112,0.0039811010758743,0.0383034005597613,0.0104974003748453,0.003732933956235,0.0328594996048477,1.40751550261748,liquidity__2024-09-20,liquidity_state,,,,,,,
2024-09-21,0.0245927899582199,0.0014736468633422,0.0026071101348748,0.019915747142333,0.018945244637667,0.0039293223588844,0.0206634675993355,0.881829390255161,liquidity__2024-09-21,liquidity_state,,,,,,,
2024-09-22,0.0073077994991379,0.0003652586803575,0.0031905416072088,-0.0120534352418993,-0.0120081764689459,0.0006350193042951,0.0066727801948427,0.283853621140389,liquidity__2024-09-22,liquidity_state,,,,,,,
2024-09-23,-0.0079689879343476,0.0003811755573508,-0.0037369983294244,0.0250594468562522,0.0133187269664354,0.0042572953088069,-0.0122262832431546,-0.522108880237678,liquidity__2024-09-23,liquidity_state,,,,,,,
2024-09-24,0.0221417074376902,0.0009113033186594,0.0146813084381137,0.002284622776993,0.018068551079061,0.0022163523644212,0.0199253550732689,0.846094463857691,liquidity__2024-09-24,liquidity_state,,,,,,,
2024-09-25,0.0078677465857808,0.0004962426954655,-0.0177377029940899,-0.0280180351115344,-0.0131442723121999,0.0020097115856547,0.005858035000126,0.245637597478254,liquidity__2024-09-25,liquidity_state,,,,,,,
2024-09-26,-0.0183552897087154,0.0010667155289105,0.0315938954281556,0.0199870875302564,0.0290632727678144,0.0019917102784558,-0.0203469999871712,-0.869184343799726,liquidity__2024-09-26,liquidity_state,,,,,,,
2024-09-27,0.0248138760465579,0.0013812480566741,0.0093292881031743,0.0235082060962304,0.0172044214034877,0.0032865630993129,0.0215273129472449,0.911645480657603,liquidity__2024-09-27,liquidity_state,,,,,,,
2024-09-28,0.0131767984523492,-0.0001628352639357,0.0013639209145424,-0.007177978340743,-0.0041997809812386,0.0015257076267749,0.0116510908255742,0.491869906031421,liquidity__2024-09-28,liquidity_state,,,,,,,
2024-09-29,-0.0063220696324926,-3.0733254252624e-05,-0.004056553948823,-0.0066497180771838,0.0015034733132992,0.0024635492990365,-0.0087856189315291,-0.377183664808615,liquidity__2024-09-29,liquidity_state,,,,,,,
2024-09-30,0.0005277489882544,0.0011624149476539,-0.0356157786352114,-0.0212149369119157,-0.0331957171215826,0.0023937640965509,-0.0018660151082964,-0.0824870909090679,liquidity__2024-09-30,liquidity_state,,,,,,,
2024-10-01,-0.0203622112599504,-0.0042654984895946,-0.0402661880414392,-0.0609808790480599,-0.0380509715440063,0.0012713427844907,-0.0216335540444411,-0.918974042899672,liquidity__2024-10-01,liquidity_state,,,,,,,
2024-10-02,-0.0394725833712428,0.0019237445913802,-0.0027306825843016,-0.0349018873072628,-0.0184546842673825,2.18021901608142e-05,-0.0394943855614036,-1.67393260034212,liquidity__2024-10-02,liquidity_state,,,,,,,
2024-10-03,-0.0291153394765082,0.0007460561687295,0.0016741159464963,-0.0059871411778118,-0.0058788013702901,0.0014091600037642,-0.0305244994802725,-1.28755865860043,liquidity__2024-10-03,liquidity_state,,,,,,,
2024-10-04,-0.0033527229566843,-0.0006169984520383,0.0218631897352779,0.0271030006838844,0.0258612655598398,0.0028711575573146,-0.0062238805139989,-0.25638836302748,liquidity__2024-10-04,liquidity_state,,,,,,,
2024-10-05,0.0247014605120022,0.0003420352334728,-0.0003389672561056,9.28630215080162e-05,-0.0029005101549017,0.00199770481471,0.0227037556972921,0.964935996339379,liquidity__2024-10-05,liquidity_state,,,,,,,
2024-10-06,-0.0037664211953654,0.0004319678954409,0.0120249800642167,0.0104483841959402,0.0163632261357414,0.0025822815282245,-0.0063487027235899,-0.263634148413383,liquidity__2024-10-06,liquidity_state,,,,,,,
2024-10-07,-0.0057314149850391,-0.0001365004218705,-0.0094664569362041,-0.0071973313755222,-0.0093545442227025,0.0021486896485253,-0.0078801046335645,-0.327999879618372,liquidity__2024-10-07,liquidity_state,,,,,,,
2024-10-08,0.0063900246792982,-7.07350542761276e-05,-0.0018018042972443,0.0073759811220979,-0.00294347419835,0.002349011745953,0.0040410129333452,0.175645837114351,liquidity__2024-10-08,liquidity_state,,,,,,,
2024-10-09,-0.0102770650202331,0.000194961465727,-0.0248983914992333,-0.029110348889037,-0.0138600557850062,0.0025873828257643,-0.0128644478459974,-0.541833673077298,liquidity__2024-10-09,liquidity_state,,,,,,,
2024-10-10,-0.0201643526506032,8.17237392247705e-05,-0.0049029568891096,0.0063607467854254,0.0003209551799798,0.002846065518308,-0.0230104181689113,-0.971202561945608,liquidity__2024-10-10,liquidity_state,,,,,,,
2024-10-11,-0.0018023369472999,-0.0012735377639643,0.0364583955099906,0.0223442054386371,0.0243053321981357,0.0012617195715353,-0.0030640565188352,-0.126940866958363,liquidity__2024-10-11,liquidity_state,,,,,,,
2024-10-12,0.0342892231131664,0.0017941226822024,0.0107011348541182,0.0150145302005056,0.0099218212846068,0.0023679186471571,0.0319213044660092,1.34760630511345,liquidity__2024-10-12,liquidity_state,,,,,,,
2024-10-13,0.0130376560532142,0.000280536576831,-0.0055749891922953,-0.0032233323158115,-0.0037250559034909,0.0023222412536424,0.0107154147995717,0.450767415043384,liquidity__2024-10-13,liquidity_state,,,,,,,
2024-10-14,-0.0033190971557637,-0.0001022326347843,0.0499739567301685,0.0631975400035412,0.0321841175720579,0.0018183708268188,-0.0051374679825825,-0.219374743292122,liquidity__2024-10-14,liquidity_state,,,,,,,
2024-10-15,0.0427022749463433,-0.0008600351255303,0.0148539896986541,-0.0084415121356391,-0.0083452161528683,-6.69404284155785e-05,0.0427692153747588,1.79458813481488,liquidity__2024-10-15,liquidity_state,,,,,,,
2024-10-16,-0.0114862515685665,-0.0005786138349783,0.0081610003607508,0.0012459392788422,0.0003514276431033,0.0014845498356706,-0.0129708014042371,-0.549858445276908,liquidity__2024-10-16,liquidity_state,,,,,,,
2024-10-17,-0.0006673991590986,2.14293989486691e-05,-0.0029453041108471,-0.0020764209562154,-0.0114622625463383,0.0015434918060494,-0.0022108909651481,-0.0979254465924758,liquidity__2024-10-17,liquidity_state,,,,,,,
2024-10-18,-0.0146221293508688,-0.0007946113911394,0.014828893268362,0.0142062495569064,0.0169567114466176,0.0024792719045899,-0.0171014012554588,-0.724472701449573,liquidity__2024-10-18,liquidity_state,,,,,,,
2024-10-19,0.0093944419477018,0.0018666405345335,-0.0007837110462283,0.0021720073674025,0.0048400131994803,0.0026713301783588,0.006723111769343,0.279044714878159,liquidity__2024-10-19,liquidity_state,,,,,,,
2024-10-20,0.0007127540526461,0.000812386947846,0.0095619472833039,0.0366596434764972,0.0189251646498683,0.0037871376833298,-0.0030743836306836,-0.131820504908178,liquidity__2024-10-20,liquidity_state,,,,,,,
2024-10-21,0.0244023254637717,0.000456680494846,-0.0246370275072181,-0.0301850912913775,-0.0147360560027572,0.0024663627828179,0.0219359626809538,0.920698028341746,liquidity__2024-10-21,liquidity_state,,,,,,,
2024-10-22,0.0013386872319571,-0.0015849234772069,0.0005767292040381,-0.0167868867958099,-0.0031049810760599,0.0013903104605298,-5.16232285727117e-05,-0.0030504867003114,liquidity__2024-10-22,liquidity_state,,,,,,,
2024-10-23,-4.47841148911721e-05,-0.0011462465498368,-0.0114953887777069,-0.0384812015743163,-0.0095271360681366,0.0013832779017583,-0.0014280620166494,-0.0552201985320601,liquidity__2024-10-23,liquidity_state,,,,,,,
2024-10-24,-0.0238902780197243,-0.0017870471205476,0.0228794142366464,0.0047683360082659,0.0134664271878151,0.0011928852441718,-0.0250831632638961,-1.05510216066295,liquidity__2024-10-24,liquidity_state,,,,,,,
2024-10-25,0.0162905737556329,0.0008779829249405,-0.0234773690430803,-0.0395137288404834,-0.047149026859433,-0.0003080333212942,0.0165986070769272,0.709706273576257,liquidity__2024-10-25,liquidity_state,,,,,,,
2024-10-26,-0.0275739084645679,0.0006480231003003,0.0065598013492191,0.0177049748340421,0.0149927750518195,0.0032057435465357,-0.0307796520111036,-1.29064659288429,liquidity__2024-10-26,liquidity_state,,,,,,,
2024-10-27,0.003769358117271,0.0001173519354296,0.0137532527728919,0.0101189188377022,0.0136901349299983,0.0022154900863628,0.0015538680309082,0.0742714242133185,liquidity__2024-10-27,liquidity_state,,,,,,,
2024-10-28,0.0010719128401355,0.0004143564226417,0.028736938157337,0.0240594772961593,0.0117145815098318,0.0011014149708444,-2.95021307089272e-05,0.0084586921729865,liquidity__2024-10-28,liquidity_state,,,,,,,
2024-10-29,0.0174969492526209,-0.0011634838294583,0.0391233408282403,0.0274885782179508,0.0199469123841389,0.0008486706277269,0.016648278624894,0.711918867697762,liquidity__2024-10-29,liquidity_state,,,,,,,
2024-10-30,0.0231222463610941,0.0026946446463753,-0.0053018611879149,0.0078068553139871,-0.0117745952127706,0.0020359208880761,0.0210863254730179,0.897896634595776,liquidity__2024-10-30,liquidity_state,,,,,,,
2024-10-31,0.0052434121163678,0.001249642516818,-0.0298164683338591,-0.0552540310326739,-0.0261106008170451,0.0013548367610536,0.0038885753553141,0.170208200414797,liquidity__2024-10-31,liquidity_state,,,,,,,
2024-11-01,-0.0355445660867915,-0.002612614093806,-0.010521383725294,-0.0018037653779989,-0.0094158700935409,0.0024040506422506,-0.0379486167290421,-1.58592437617578,liquidity__2024-11-01,liquidity_state,,,,,,,
2024-11-02,-0.0014037284300982,0.0013467739308161,-0.0016145373374314,-0.0070737863809391,-0.007154812142577,0.0015871291844918,-0.0029908576145901,-0.115701506685904,liquidity__2024-11-02,liquidity_state,,,,,,,
2024-11-03,-0.0056196206929293,0.0023414658820968,-0.0086445136880186,-0.0143288386959162,-0.0188505149045639,0.0011589673824603,-0.0067785880753896,-0.272889329679403,liquidity__2024-11-03,liquidity_state,,,,,,,
2024-11-04,-0.0081565856607532,0.0002155734060131,-0.0138164640180989,-0.0248429868919677,-0.0133991402426545,0.0017232300461665,-0.0098798157069198,-0.401136184743114,liquidity__2024-11-04,liquidity_state,,,,,,,
2024-11-05,-0.0221866072200712,0.0050259733533195,0.0228500623425276,0.010757609814454,0.0277863724711267,0.0024300342596714,-0.0246166414797426,-1.01948093954673,liquidity__2024-11-05,liquidity_state,,,,,,,
2024-11-06,0.021430615612239,0.0023803248325577,0.086465023915391,0.117184510365156,0.0711974397817769,0.0029343206153592,0.0184962949968798,0.795340595725092,liquidity__2024-11-06,liquidity_state,,,,,,,
2024-11-07,0.0830218716029414,0.0088385501933281,0.0034580778780348,0.0615318795351376,0.0194952868002218,0.0051422902204015,0.0778795813825399,3.2390264233124,liquidity__2024-11-07,liquidity_state,,,,,,,
2024-11-08,0.0301654118600148,0.003891484217366,0.0084990395146959,0.0227176005498233,0.0119307412762666,0.0029513979306458,0.027214013929369,1.13244492410157,liquidity__2024-11-08,liquidity_state,,,,,,,
2024-11-09,0.0146217886491691,0.0068296102166982,0.0021235989400931,0.0540438100873946,0.0326732607838309,0.0060110102811508,0.0086107783680182,0.368063764932671,liquidity__2024-11-09,liquidity_state,,,,,,,
2024-11-10,0.0322906025609164,0.0013369704577534,0.0471917316168842,0.01833586636217,0.0466915106540107,0.0017953384625641,0.0304952640983523,1.27321902091765,liquidity__2024-11-10,liquidity_state,,,,,,,
2024-11-11,0.0260083697903397,0.0013830401928025,0.0982338479072542,0.0575594286777221,0.0620276121781664,-0.0006236182162239,0.0266319880065636,1.10708701500823,liquidity__2024-11-11,liquidity_state,,,,,,,
2024-11-12,0.0455460538083443,0.0092511530926415,-0.0079379276182081,-0.0386119217280374,-0.0149055788435177,0.0006538549058162,0.044892198902528,1.85120495525677,liquidity__2024-11-12,liquidity_state,,,,,,,
2024-11-13,-0.0049909457867158,0.0003688143109457,0.0275654074215108,-0.0174348486804146,0.0011617466571785,-0.0008146860250449,-0.0041762597616709,-0.177305903797523,liquidity__2024-11-13,liquidity_state,,,,,,,
2024-11-14,-0.0136857182739263,0.0069402951117716,-0.0354862848135316,-0.04216697247392,-0.0151526966787507,0.0030802709137099,-0.0167659891876362,-0.696819690612709,liquidity__2024-11-14,liquidity_state,,,,,,,
2024-11-15,-0.0246675037137649,0.0105800436352723,0.0417612389833408,0.0102458771527267,0.0479323219713876,0.0021464195839859,-0.0268139232977508,-1.1062863275181,liquidity__2024-11-15,liquidity_state,,,,,,,
2024-11-16,0.0214033070898694,0.0022288281478495,-0.0050010563969351,0.0137241654767042,0.0353346623355044,0.0056545392838777,0.0157487678059916,0.650120206686789,liquidity__2024-11-16,liquidity_state,,,,,,,
2024-11-17,0.0095185709084582,0.0027119229845844,-0.0079647556591968,-0.0181809163726481,-0.0033094138300917,0.0021244476497007,0.0073941232587574,0.302655089453428,liquidity__2024-11-17,liquidity_state,,,,,,,
2024-11-18,-0.0048419477243157,0.0013447759546316,0.0070404442079965,0.0421861425103067,0.0253195967716664,0.0046576530972044,-0.0094996008215202,-0.396744861435293,liquidity__2024-11-18,liquidity_state,,,,,,,
2024-11-19,0.024566820781935,0.000270188069507,0.0206760549776259,-0.0312614993468667,-0.0046157971439413,-0.0010177202705379,0.0255845410524729,1.05720666170951,liquidity__2024-11-19,liquidity_state,,,,,,,
2024-11-20,-0.012193582304274,0.0036135259359646,0.0209413557165359,-0.0126059804268035,-0.012008048924276,-0.0010256477101296,-0.0111679345941444,-0.464951612331918,liquidity__2024-11-20,liquidity_state,,,,,,,
2024-11-21,-0.0028476127517294,0.0095119621727732,0.0421883666633995,0.0895096778940676,0.0475671610835917,0.0044632226145664,-0.0073108353662958,-0.311040524208223,liquidity__2024-11-21,liquidity_state,,,,,,,
2024-11-22,0.0635171114970099,0.0037258280831835,0.0055431370619523,-0.008637058196717,0.0488723781280953,0.0050023597883711,0.0585147517086387,2.41727746774019,liquidity__2024-11-22,liquidity_state,,,,,,,
2024-11-23,0.0041975488009775,0.0107320507203106,-0.0124107588297164,0.0198369753730052,0.0318826103145682,0.0062704466157305,-0.0020728978147529,-0.0946552623671303,liquidity__2024-11-23,liquidity_state,,,,,,,
2024-11-24,0.0156433969356975,0.0079676005451574,0.0026433041482416,-0.0095259877132907,0.0044874069285221,0.0019762344781145,0.013667162457583,0.556497499023664,liquidity__2024-11-24,liquidity_state,,,,,,,
2024-11-25,-0.0038856561175926,0.0021191237224123,-0.052651218308311,0.0144516589404873,-0.0393438142797038,0.0045912960855571,-0.0084769522031497,-0.360755839876913,liquidity__2024-11-25,liquidity_state,,,,,,,
2024-11-26,-0.0136532061547605,-0.0012688586941358,-0.0106671350166927,-0.0260657371292599,-0.0096640008425374,0.0016697883901526,-0.0153229945449132,-0.644693587585499,liquidity__2024-11-26,liquidity_state,,,,,,,
2024-11-27,-0.0136186429872929,-0.0008397373805628,0.0419261655442114,0.0947525818292156,0.0399748107071147,0.0040861377649679,-0.0177047807522608,-0.742793284854453,liquidity__2024-11-27,liquidity_state,,,,,,,
2024-11-28,0.0746674880360025,0.007852098814542,-0.0029424331253498,-0.0214858187173341,0.0071552650992536,0.0023304090976178,0.0723370789383847,2.94553774394952,liquidity__2024-11-28,liquidity_state,,,,,,,
2024-11-29,-0.0102610470128646,0.0042806960512571,0.0190763960938831,0.0041201116005229,0.0387518016497097,0.0033873385486639,-0.0136483855615285,-0.574017147336695,liquidity__2024-11-29,liquidity_state,,,,,,,
2024-11-30,0.0146212243604751,0.003780889607178,-0.0106365247145312,0.0307957861523072,0.0145385102011666,0.0051586091295526,0.0094626152309224,0.371384864114551,liquidity__2024-11-30,liquidity_state,,,,,,,
2024-12-01,0.0194779129938922,-0.0089570059691794,0.0082132014005313,0.0011196994582665,0.0369085928939299,0.0041675507842158,0.0153103622096764,0.609887564976221,liquidity__2024-12-01,liquidity_state,,,,,,,
2024-12-02,0.0038059945328434,0.0014236259178943,-0.0145286453289035,-0.0178422764576407,0.035836148958424,0.0056247806317791,-0.0018187860989356,-0.0879612859073588,liquidity__2024-12-02,liquidity_state,,,,,,,
2024-12-03,-0.0133949786575336,0.0036444342363566,0.000718059042402,-0.00745570468953,0.0299313809156772,0.004090185872715,-0.0174851645302486,-0.726304752080517,liquidity__2024-12-03,liquidity_state,,,,,,,
2024-12-04,0.0663777431794017,0.0027520891238701,0.0288808982914759,0.0605971573780799,-0.0012223837783231,0.0012341482160238,0.0651435949633778,2.62738105427014,liquidity__2024-12-04,liquidity_state,,,,,,,
2024-12-05,-0.010462127808168,0.0060827989155285,-0.0173468761928852,-0.0143248637473743,-0.0092124440216103,0.0026747231234338,-0.0131368509316018,-0.545470600858596,liquidity__2024-12-05,liquidity_state,,,,,,,
2024-12-06,-0.0083939844043037,0.003214704386405,0.0288950547632894,0.0554791663925762,0.0354557211834639,0.0037794888372794,-0.0121734732415832,-0.507932221950221,liquidity__2024-12-06,liquidity_state,,,,,,,
2024-12-07,0.041401058187585,0.0063278006255913,0.0003951234840275,-0.0012343221762964,0.0147130634589914,0.0031866615997337,0.0382143965878512,1.5354237429865,liquidity__2024-12-07,liquidity_state,,,,,,,
2024-12-08,0.0017795996446778,0.0019398361040003,0.0124212454390413,0.0017386281555538,0.0019478649613873,0.001222326484434,0.0005572731602438,0.0093701687692763,liquidity__2024-12-08,liquidity_state,,,,,,,
2024-12-09,-0.0009855173865815,0.0058546513426982,-0.0386589292196913,-0.0758805251655819,-0.11350998275158,-0.0048814092934643,0.0038958919068827,0.14241154507605,liquidity__2024-12-09,liquidity_state,,,,,,,
2024-12-10,-0.0772296379547512,-0.0017829957164607,-0.0070763569629015,-0.0228341701259307,-0.000998244852461,0.002072420999031,-0.0793020589537823,-3.18415604572677,liquidity__2024-12-10,liquidity_state,,,,,,,
2024-12-11,-0.0001972005928543,0.0037736919910429,0.0458960807907225,0.0547374248174357,0.0468882419121996,0.0030243222247831,-0.0032215228176374,-0.140248547871748,liquidity__2024-12-11,liquidity_state,,,,,,,
2024-12-12,0.0535861898760643,0.0029650114324368,-0.0116054812026132,0.012396132707714,0.0051085751418789,0.0040008174593967,0.0495853724166676,1.96216401746837,liquidity__2024-12-12,liquidity_state,,,,,,,
2024-12-13,0.009617630658294,0.0023862460183714,0.0138895566086834,0.0062497871939371,0.0114519044459769,0.0019217349165823,0.0076958957417116,0.291641364517695,liquidity__2024-12-13,liquidity_state,,,,,,,
2024-12-14,0.0080401858566858,0.0045411614419279,-0.0002470588788856,-0.0096397353743338,-0.0221264241685937,0.0002809934489386,0.0077591924077472,0.295959507263212,liquidity__2024-12-14,liquidity_state,,,,,,,
2024-12-15,-0.0073745983504096,0.0011292055957135,0.0292438359239071,0.0226006745249965,0.0184672997642394,0.0015077935554046,-0.0088823919058142,-0.373442918031058,liquidity__2024-12-15,liquidity_state,,,,,,,
2024-12-16,0.0225497886958728,0.0007368205146711,0.015832706196262,0.0074413929472214,-0.0119667764692259,5.33197518676832e-05,0.0224964689440051,0.881739304010503,liquidity__2024-12-16,liquidity_state,,,,,,,
2024-12-17,0.016752635500918,0.0023092054737503,0.0005049524142748,-0.0239545684098257,-0.0039930585902645,0.0011160580699182,0.0156365774309997,0.603868694758274,liquidity__2024-12-17,liquidity_state,,,,,,,
2024-12-18,-0.0209704314753054,0.0015551515992235,-0.0578955525440925,-0.0711693752611247,-0.0688425757289473,0.0003306917868022,-0.0213011232621077,-0.870702178392991,liquidity__2024-12-18,liquidity_state,,,,,,,
2024-12-19,-0.052827787096259,0.000670568171774,-0.028094321856484,-0.0598289116245283,-0.051133353340429,-0.0007845966505375,-0.0520431904457215,-2.08473816178981,liquidity__2024-12-19,liquidity_state,,,,,,,
2024-12-20,-0.0492849517498541,0.002187393252619,0.0039231023529122,0.0161958565100004,0.0212830451637132,0.0038677169648802,-0.0531526687147344,-2.10943196315631,liquidity__2024-12-20,liquidity_state,,,,,,,
2024-12-21,0.002182526439288,0.001091586641678,-0.0054627885791713,-0.0392405931660775,-0.0302140984782007,-0.0007214283715607,0.0029039548108488,0.109795288942371,liquidity__2024-12-21,liquidity_state,,,,,,,
2024-12-22,-0.0287390558467813,8.9411293558328e-05,-0.0222619465776379,-0.0177367499475061,-0.0073536333735546,0.0031642263805312,-0.0319032822273126,-1.26072113314622,liquidity__2024-12-22,liquidity_state,,,,,,,
2024-12-23,-0.0068699170048063,0.0005380053383383,-0.0034833774854767,0.0416822432646509,0.0425198393302146,0.0068836278538838,-0.0137535448586901,-0.541915591460441,liquidity__2024-12-23,liquidity_state,,,,,,,
2024-12-24,0.0319143749731303,0.0004658325875155,0.039708662246916,0.0211495518601943,0.030269333531276,0.0013638806291992,0.0305504943439311,1.2014444993077,liquidity__2024-12-24,liquidity_state,,,,,,,
2024-12-25,0.0261602997055626,0.0017764041950343,0.0074730228845609,0.00079389511904,-0.0072817432917773,0.0009726626667151,0.0251876370388474,0.98600321650629,liquidity__2024-12-25,liquidity_state,,,,,,,
2024-12-26,-8.18427771278607e-05,0.001129013454463,-0.0369929409945815,-0.0463665980454717,-0.0388260296876659,0.0013505239998881,-0.001432366777016,-0.0630790995496152,liquidity__2024-12-26,liquidity_state,,,,,,,
2024-12-27,-0.0362451950226195,0.0035258622094147,-0.0165417982967586,-0.0021423855707833,-0.0007145524151397,0.0035921348248289,-0.0398373298474484,-1.56622959710032,liquidity__2024-12-27,liquidity_state,,,,,,,
2024-12-28,-0.0032880555263297,0.0005168319041146,0.0126044103606233,0.0212366730062765,0.0234188543510037,0.0033724819756835,-0.0066605375020132,-0.26195495097042,liquidity__2024-12-28,liquidity_state,,,,,,,
2024-12-29,0.0196531804935987,-0.0006923221370165,-0.0188160492936262,-0.0147189084428927,-0.0317939300869199,0.0011363186638249,0.0185168618297737,0.725469827411911,liquidity__2024-12-29,liquidity_state,,,,,,,
2024-12-30,-0.0133789034956315,-0.0007858322817853,-0.0101482067837306,0.001461815682326,-0.0022416042096686,0.0029959015437205,-0.016374805039352,-0.645616626065099,liquidity__2024-12-30,liquidity_state,,,,,,,
2024-12-31,-0.0065737424275411,-0.0040526227337842,0.0080629094815787,-0.0072504927083958,-0.0010855334060586,0.0011323694768185,-0.0077061119043597,-0.30436455476883,liquidity__2024-12-31,liquidity_state,,,,,,,
2025-01-01,-0.0040352323302634,-0.0028149341561025,0.0107494939197519,0.0066987030241989,0.0407485956040716,0.0043831192765481,-0.0084183516068116,-0.328200492262799,liquidity__2025-01-01,liquidity_state,,,,,,,
2025-01-02,0.0147919090836659,-0.0023682636049358,0.0262106155348807,0.0290129047354224,0.0202393685278111,0.0021119998439137,0.0126799092397521,0.502476565199407,liquidity__2025-01-02,liquidity_state,,,,,,,
2025-01-03,0.0234833648921331,0.0076027766870083,0.0126758844810411,0.0441454349890709,0.042106087901324,0.0054305708349101,0.0180527940572229,0.710397431649343,liquidity__2025-01-03,liquidity_state,,,,,,,
2025-01-04,0.0344531998335071,0.0058750151662501,0.0008816050865689,0.0134657006194594,0.0008308659198803,0.0025614756675841,0.031891724165923,1.25796414702821,liquidity__2025-01-04,liquidity_state,,,,,,,
2025-01-05,0.0100419310123705,0.0087518400422901,0.0012232696677578,-0.0058512324193369,-0.0054258582961566,0.0014883526499044,0.008553578362466,0.331569042995667,liquidity__2025-01-05,liquidity_state,,,,,,,
2025-01-06,-0.0025280393711177,0.0004581342376184,0.0392066352828788,0.0146313374927178,0.0110111038376139,-0.0002035524915451,-0.0023244868795726,-0.100077760231956,liquidity__2025-01-06,liquidity_state,,,,,,,
2025-01-07,0.0129498666144201,0.0027047008274721,-0.05336619826023,-0.0870173612043885,-0.0627948712569584,-0.0001200383664157,0.0130699049808359,0.506985676926771,liquidity__2025-01-07,liquidity_state,,,,,,,
2025-01-08,-0.0670535315998073,-0.0028714761378481,-0.0201586343626534,-0.0164109956698386,-0.009871490339151,0.0028238967403905,-0.0698774283401979,-2.7466866699124,liquidity__2025-01-08,liquidity_state,,,,,,,
2025-01-09,-0.0154605462482316,-0.0005025819936044,-0.0250446380706872,-0.0318253073603589,-0.0323045929957502,0.0011612619105526,-0.0166218081587842,-0.651421054709634,liquidity__2025-01-09,liquidity_state,,,,,,,
2025-01-10,-0.0266247265425648,-0.0010782757915457,0.0217478126750947,0.0135893460144398,0.0206734692593926,0.0020935572915047,-0.0287182838340695,-1.12274501953756,liquidity__2025-01-10,liquidity_state,,,,,,,
2025-01-11,0.0197529408601937,0.0008780873040912,-0.0012649818537529,0.0049480986732444,0.0203395816116192,0.0039405770309974,0.0158123638291963,0.63259045436462,liquidity__2025-01-11,liquidity_state,,,,,,,
2025-01-12,0.0046950388771271,-0.0003079807075145,-0.0010714744822646,-0.0050778993200317,-0.0144137766780936,0.0010623790566759,0.0036326598204512,0.147777555193542,liquidity__2025-01-12,liquidity_state,,,,,,,
2025-01-13,-0.0098287767365192,0.0012514999380002,0.0007529185287928,-0.0395441987576106,-0.0141465539786942,-0.000123228243715,-0.0097055484928041,-0.377962554164271,liquidity__2025-01-13,liquidity_state,,,,,,,
2025-01-14,-0.021491188809776,-0.0004704585005725,0.0205815617215315,0.0267426551322067,0.0280330057070231,0.0031389269683244,-0.0246301157781004,-0.967212589967526,liquidity__2025-01-14,liquidity_state,,,,,,,
2025-01-15,0.0279295515088727,0.0011202209099394,0.0403403888925578,0.0679631400771523,0.0718231100537707,0.0057724513968962,0.0221571001119764,0.880987208007657,liquidity__2025-01-15,liquidity_state,,,,,,,
2025-01-16,0.0516189987104028,0.0041188620115661,-0.005198841677469,-0.0424382427279806,0.0043273277820219,0.0017011969994393,0.0499178017109634,1.96433511924088,liquidity__2025-01-16,liquidity_state,,,,,,,
2025-01-17,-0.0187925931490298,0.0009488716828158,0.0403059627365163,0.0491586907717245,0.0366827204576801,0.0026229236401532,-0.0214155167891831,-0.839864730139269,liquidity__2025-01-17,liquidity_state,,,,,,,
2025-01-18,0.040922738124884,0.0087720306883092,0.0032277125706201,-0.0501701797190393,-0.0021038600200213,0.000214743748635,0.040707994376249,1.59132936546651,liquidity__2025-01-18,liquidity_state,,,,,,,
2025-01-19,-0.0244769703011194,0.0002749172588885,-0.0311002350931684,-0.0285927939695618,-0.0603269183917554,-0.0002439098440383,-0.0242330604570811,-0.951081633155511,liquidity__2025-01-19,liquidity_state,,,,,,,
2025-01-20,-0.0228404730343499,0.001700261612374,0.0094843160873701,0.0216098064274739,0.0091442731930975,0.0026216720902942,-0.0254621451246441,-0.995359155911964,liquidity__2025-01-20,liquidity_state,,,,,,,
2025-01-21,0.0078145810714538,-0.0006097406740472,0.0380794697818114,0.014000073341073,0.029993532678219,0.001279502571342,0.0065350785001118,0.254719178891487,liquidity__2025-01-21,liquidity_state,,,,,,,
2025-01-22,0.0228900514434898,0.012770813650409,-0.0238784978321789,-0.0263357275213281,-0.0031639330714909,0.0033638809476678,0.0195261704958219,0.758286278011583,liquidity__2025-01-22,liquidity_state,,,,,,,
2025-01-23,-0.0101191396741385,0.0058472570757572,0.0026017356250314,0.0297921966294883,-0.0107500775443938,0.0020403708297786,-0.0121595105039171,-0.483730371390808,liquidity__2025-01-23,liquidity_state,,,,,,,
2025-01-24,0.0083261651130328,0.003493353259337,0.0088282016152359,-0.0088319597936887,-0.0057942701422071,0.0006672434841714,0.0076589216288614,0.292387844035189,liquidity__2025-01-24,liquidity_state,,,,,,,
2025-01-25,-0.0025690354767569,0.0028209560606455,-0.0011521053481296,0.0026558982468198,0.005815575224549,0.0027918284851657,-0.0053608639619226,-0.217340621435452,liquidity__2025-01-25,liquidity_state,,,,,,,
2025-01-26,0.00714357668787,0.0001986190589846,-0.0206576881150458,-0.0262299987527825,-0.0280472930369733,0.0012366393564003,0.0059069373314696,0.226331563214242,liquidity__2025-01-26,liquidity_state,,,,,,,
2025-01-27,-0.0179247161853482,-0.0003310904504374,-0.0050944289130683,-0.0157017609287102,-0.0059328959051576,0.0017399805849043,-0.0196646967702526,-0.77382058620349,liquidity__2025-01-27,liquidity_state,,,,,,,
2025-01-28,-0.027289726364284,0.0011695612733539,-0.0077978082978216,-0.0340932628361816,-0.0264304984837871,-7.18158272908526e-05,-0.0272179105369931,-1.06562637295519,liquidity__2025-01-28,liquidity_state,,,,,,,
2025-01-29,-0.0195692078758327,0.0017007549117877,0.0240203281043598,0.0123076176537751,0.0123241496553135,0.0012297972202106,-0.0207990050960434,-0.810034559907658,liquidity__2025-01-29,liquidity_state,,,,,,,
2025-01-30,0.0179495851887204,0.0010052201885422,0.00965440223362,0.0421432926999223,0.0296446783839635,0.0047327096764032,0.0132168755123171,0.519020160822563,liquidity__2025-01-30,liquidity_state,,,,,,,
2025-01-31,0.0268990353232716,0.0031791789732444,-0.0224726663747141,0.0159725736419656,-0.0088804197420273,0.0040848774649512,0.0228141578583204,0.88955139985794,liquidity__2025-01-31,liquidity_state,,,,,,,
2025-02-01,-0.0089209815034117,0.0010202943969481,-0.0176586892472272,-0.0570436253228586,-0.0531433802526244,-0.0018153828507137,-0.0071055986526979,-0.278837485247715,liquidity__2025-02-01,liquidity_state,,,,,,,
2025-02-02,-0.0385024124754665,9.14669659479728e-05,-0.0300779011629295,-0.0833059331266908,-0.0721946179240192,-0.0028574694407725,-0.0356449430346939,-1.38751976591303,liquidity__2025-02-02,liquidity_state,,,,,,,
2025-02-03,-0.0750659898282784,-0.000291578638464,0.0381636564058727,0.0051937418052743,0.0323119992050174,0.0011776266760824,-0.0762436165043609,-2.93020539160695,liquidity__2025-02-03,liquidity_state,,,,,,,
2025-02-04,0.0263046548630221,0.0041321536940905,-0.0366668680646001,-0.053698744881169,-0.0463910019071569,0.0005428716425934,0.0257617832204287,0.999288926624424,liquidity__2025-02-04,liquidity_state,,,,,,,
2025-02-05,-0.0345030216817115,0.0111428596145551,-0.0119101527525824,0.0203586706498982,-0.0244400714134017,0.0020928397901638,-0.0365958614718753,-1.39393851394,liquidity__2025-02-05,liquidity_state,,,,,,,
2025-02-06,0.0071565358760352,0.0057063099242036,-0.0006950255059621,-0.0369659603827239,-0.0191722053423966,-0.000281629132064,0.0074381650080992,0.30231989956101,liquidity__2025-02-06,liquidity_state,,,,,,,
2025-02-07,-0.003091267884141,0.0028970595633595,-0.0003238012506994,-0.0242517845470962,0.007850317382001,0.0020558841691078,-0.0051471520532489,-0.179744628542598,liquidity__2025-02-07,liquidity_state,,,,,,,
2025-02-08,-0.0042317244154936,0.0049028621795201,-0.0001946037979099,0.0040884689864286,0.0179399240524418,0.00363891090273,-0.0078706353182237,-0.282244386797275,liquidity__2025-02-08,liquidity_state,,,,,,,
2025-02-09,0.0073125896433019,-0.0004013800441811,-0.0003450276051815,-0.0022056538312327,-0.0041605292779571,0.0018363831954493,0.0054762064478526,0.235601843969886,liquidity__2025-02-09,liquidity_state,,,,,,,
2025-02-10,0.0002915094577566,0.0006090862920089,0.0100110345655242,0.0128674705659328,0.0142132695787005,0.0026832495588662,-0.0023917401011095,-0.0679763484097943,liquidity__2025-02-10,liquidity_state,,,,,,,
2025-02-11,0.0143039480565079,0.0017869068717324,-0.0166444035446105,-0.0216238534669824,0.0019332033872174,0.0032108316922496,0.0110931163642583,0.451985876128434,liquidity__2025-02-11,liquidity_state,,,,,,,
2025-02-12,-0.0121449836079321,-0.0001211842688846,0.0209611613999829,0.0499702996887601,0.026885141534283,0.0037176466451987,-0.0158626302531309,-0.585371388977954,liquidity__2025-02-12,liquidity_state,,,,,,,
2025-02-13,0.0344412697321026,0.0010314763150738,-0.0126303399462468,-0.022848237266146,-0.0077498084064231,0.0020892982412901,0.0323519714908125,1.27507659214907,liquidity__2025-02-13,liquidity_state,,,,,,,
2025-02-14,-0.0132659344351822,5.27302765398474e-05,0.0089070221644487,0.0182912878991148,0.024337242810379,0.0036939897274475,-0.0169599241626298,-0.62674919189304,liquidity__2025-02-14,liquidity_state,,,,,,,
2025-02-15,0.0089849264801458,0.0022886638715249,0.0009390615451039,-0.011891119363991,-0.0058029314345837,0.0013053094279536,0.0076796170521921,0.327231495001756,liquidity__2025-02-15,liquidity_state,,,,,,,
2025-02-16,-0.0041387027628481,0.0006511697279876,-0.0145220325989008,-0.0112971316797017,-0.0093619847816093,0.002493114270505,-0.0066318170333532,-0.227326208648988,liquidity__2025-02-16,liquidity_state,,,,,,,
2025-02-17,-0.0082404609572961,0.0001593803193529,-0.0042481694567424,0.0298430186947236,-0.0121331745390556,0.0025744956669452,-0.0108149566242414,-0.388559566445441,liquidity__2025-02-17,liquidity_state,,,,,,,
2025-02-18,-0.001555570292389,5.82875486898615e-06,-0.0018734713709953,-0.0272120412983083,-0.027490332730153,-0.0004916557287915,-0.0010639145635974,-0.0086458951152294,liquidity__2025-02-18,liquidity_state,,,,,,,
2025-02-19,-0.0157917810565706,-0.0007852345133656,0.0106873141999309,0.0171781060668144,0.0188028669185947,0.0030881453541117,-0.0188799264106824,-0.69564493549129,liquidity__2025-02-19,liquidity_state,,,,,,,
2025-02-20,0.0174965495621144,0.0027277057145127,0.0175177862552225,0.00808627339579,0.0121582014605046,0.001692913318188,0.0158036362439264,0.647672123104951,liquidity__2025-02-20,liquidity_state,,,,,,,
2025-02-21,0.0122058361763955,-2.27736331659401e-05,-0.0224735975032644,-0.0287486096891136,-0.0273062294298292,0.0013836622751941,0.0108221739012013,0.452188562646246,liquidity__2025-02-21,liquidity_state,,,,,,,
2025-02-22,-0.0311205291350767,0.0026369710832092,0.0044285991077366,0.0377476769524767,0.0150647506666459,0.0040110629450165,-0.0351315920800932,-1.32159915177665,liquidity__2025-02-22,liquidity_state,,,,,,,
2025-02-23,0.019185693446083,-0.0001928728268225,-0.0029365814135715,0.0202308039370731,-0.0057733633429357,0.0026322645040191,0.0165534289420638,0.672689942101694,liquidity__2025-02-23,liquidity_state,,,,,,,
2025-02-24,0.0118275140588011,0.0009589037065751,-0.0495642626623436,-0.113802773920813,-0.0863551738768571,-0.0030122334577505,0.0148397475165516,0.606486775769157,liquidity__2025-02-24,liquidity_state,,,,,,,
2025-02-25,-0.0735214127742658,-0.0021947524190579,-0.0337813773479407,-0.0095828185224577,0.0090757662460347,0.0056859755078015,-0.0792073882820674,-2.98363449343941,liquidity__2025-02-25,liquidity_state,,,,,,,
2025-02-26,-0.0178224200770707,-0.004573020188161,-0.048948472738001,-0.0649713261294522,-0.0216044300685816,0.003166431577746,-0.0209888516548167,-0.754522423685677,liquidity__2025-02-26,liquidity_state,,,,,,,
2025-02-27,-0.0472774316711799,-0.0026138079470783,0.0050414350324103,-0.0118692656481114,0.0014517099131978,0.0014601535623348,-0.0487375852335147,-1.80267977932915,liquidity__2025-02-27,liquidity_state,,,,,,,
2025-02-28,-0.0024195621481908,-0.0005753977878271,-0.0034439729722635,-0.0296906742947298,-0.0022653508182699,0.0014365420548358,-0.0038561042030267,-0.0872546134729226,liquidity__2025-02-28,liquidity_state,,,,,,,
2025-03-01,0.0032269211025912,0.0036572074588718,0.0187841073021051,-0.0106270371403383,0.0110472779520379,0.0009311739202049,0.0022957471823862,0.146933357759235,liquidity__2025-03-01,liquidity_state,,,,,,,
2025-03-02,0.0039683078677477,-0.0034912836180076,0.0910584995512025,0.127800011757656,0.125689956852217,0.0068402327813184,-0.0028719249135707,-0.0479413569403428,liquidity__2025-03-02,liquidity_state,,,,,,,
2025-03-03,0.0818288265584215,0.0005771720513152,-0.0904137631716182,-0.159621921751535,-0.1265044375311,-0.0035625621218181,0.0853913886802397,3.27383159307192,liquidity__2025-03-03,liquidity_state,,,,,,,
2025-03-04,-0.101105075680849,-0.0001974175289873,0.013748724423845,0.0117183074504323,0.0241666184696996,0.0030353614796477,-0.104140437160496,-3.79003644346473,liquidity__2025-03-04,liquidity_state,,,,,,,
2025-03-05,0.0053802989299782,0.0013714376379248,0.0366128853997019,0.0310521836410498,0.0225733076448762,0.0013817108212829,0.0039985881086953,0.214220046015767,liquidity__2025-03-05,liquidity_state,,,,,,,
2025-03-06,0.0312440789654111,0.0049825025308116,-0.0075273071979697,-0.0174685710410989,-0.0026833313642349,0.0021514471214064,0.0290926318440047,1.13777437029846,liquidity__2025-03-06,liquidity_state,,,,,,,
2025-03-07,-0.0236167909540548,0.0006700132790768,-0.0351908264127303,-0.027928808989965,-0.0282010099293508,0.0025202877382138,-0.0261370786922686,-0.905013077822304,liquidity__2025-03-07,liquidity_state,,,,,,,
2025-03-08,-0.0061590096950823,0.0047127111768112,-0.0046978012419192,0.0295077281603051,-0.0109223633525666,0.0026952084562732,-0.0088542181513555,-0.259313541694424,liquidity__2025-03-08,liquidity_state,,,,,,,
2025-03-09,0.0062304687864127,0.0002418760468856,-0.0670327011620131,-0.0867359010037001,-0.0605118296087177,0.0013222981963666,0.004908170590046,0.254413194902366,liquidity__2025-03-09,liquidity_state,,,,,,,
2025-03-10,-0.0605287522810158,-0.0001807580944053,-0.0268985140284741,-0.0803068670265601,-0.0389261522140174,-0.000612276249923,-0.0599164760310927,-2.14197870500149,liquidity__2025-03-10,liquidity_state,,,,,,,
2025-03-11,-0.043656716154473,-0.0018062737519173,0.0535393470559651,0.0303794720410879,0.0363749997551714,0.0008099632147625,-0.0444666793692355,-1.56022960681395,liquidity__2025-03-11,liquidity_state,,,,,,,
2025-03-12,0.0293708633416401,0.0024531741510571,0.00815428433717,-0.0084967921356691,0.0205187352908958,0.002677112939951,0.026693750401689,1.07071600602388,liquidity__2025-03-12,liquidity_state,,,,,,,
2025-03-13,0.0042994920182302,0.0026626698115741,-0.0307188811107117,-0.0227760001157655,-0.0085254701206629,0.0037097025911846,0.0005897894270455,0.103031639243298,liquidity__2025-03-13,liquidity_state,,,,,,,
2025-03-14,-0.0078005001626806,0.0004934558775815,0.0351622988621951,0.0255534430510469,0.0263444375235942,0.0016283911772054,-0.0094288913398861,-0.265708723097436,liquidity__2025-03-14,liquidity_state,,,,,,,
2025-03-15,0.0249125399788532,0.0025866109642187,0.0042416972128922,0.0124535524821381,0.0187693319610958,0.003540608300553,0.0213719316783002,0.869972665655618,liquidity__2025-03-15,liquidity_state,,,,,,,
2025-03-16,0.0132508362465735,0.0006671220587648,-0.0219320176230227,-0.0262760091191563,-0.0302124497631517,0.001193866899744,0.0120569693468295,0.521612544800824,liquidity__2025-03-16,liquidity_state,,,,,,,
2025-03-17,-0.0191288246660584,-0.0001406843839042,0.0195411252109992,0.0215258583588716,0.0203186544506195,0.0025104437684987,-0.0216392684345571,-0.733170218764806,liquidity__2025-03-17,liquidity_state,,,,,,,
2025-03-18,0.0152513627123447,0.0017742339243263,-0.0169371767806616,0.0021105907889476,-0.0086115958236874,0.0031751863295135,0.0120761763828312,0.52465472100935,liquidity__2025-03-18,liquidity_state,,,,,,,
2025-03-19,-0.0001034015768475,0.001118216653797,0.048773384451037,0.063647776658236,0.0376612842285269,0.0023463769490033,-0.0024497785258508,-0.0196071724132601,liquidity__2025-03-19,liquidity_state,,,,,,,
2025-03-20,0.0295710591929392,0.0028534271119085,-0.0321308105549782,-0.0378946050419726,-0.019930524260463,0.0025461668464268,0.0270248923465124,1.08169044755978,liquidity__2025-03-20,liquidity_state,,,,,,,
2025-03-21,-0.025963199155882,-0.0006296184970793,-0.0014392421850608,-0.0089164106870605,-0.0070496573090324,0.0015232331065494,-0.0274864322624314,-0.978926088470422,liquidity__2025-03-21,liquidity_state,,,,,,,
2025-03-22,-0.0012436022222139,0.0024914789878351,-0.0025108040895993,0.0077572482040899,0.0015495358885182,0.0027569536877862,-0.0040005559100002,-0.0798310582453932,liquidity__2025-03-22,liquidity_state,,,,,,,
2025-03-23,0.0070459129110389,0.0039690272729622,0.0270507391541113,0.0141397113713504,0.0111779482042742,0.0009198171375403,0.0061260957734986,0.304667497732951,liquidity__2025-03-23,liquidity_state,,,,,,,
2025-03-24,0.0177357566928507,0.0014254095861261,0.0157784554214793,0.0357374193095188,0.0214649123257935,0.0033706386199059,0.0143651180729447,0.620811678744868,liquidity__2025-03-24,liquidity_state,,,,,,,
2025-03-25,0.0340898530611042,0.004282113992069,-0.0010027824947869,-0.0071787828736713,0.006078745726274,0.0025016726682331,0.0315881803928711,1.28122451859308,liquidity__2025-03-25,liquidity_state,,,,,,,
2025-03-26,0.0087272626487404,0.0046647916467748,-0.0051492258753942,-0.0271515922626113,-0.0159089484691535,0.0006662732698802,0.0080609893788602,0.382351809700332,liquidity__2025-03-26,liquidity_state,,,,,,,
2025-03-27,-0.013571262016459,0.0007244907093486,0.0033819480048649,-0.0036798129497306,0.006727113766761,0.0022485059262124,-0.0158197679426714,-0.534774890278641,liquidity__2025-03-27,liquidity_state,,,,,,,
2025-03-28,-0.0037362389375772,-0.0006040387746217,-0.033739076985583,-0.0552848005542215,-0.0393528839517181,0.0007422167419102,-0.0044784556794875,-0.0999053015180385,liquidity__2025-03-28,liquidity_state,,,,,,,
2025-03-29,-0.0405820453204697,-0.0026445872085147,-0.0208039965347506,-0.0368692928650889,-0.0275488165723985,0.0009669971783261,-0.0415490424987958,-1.51674235788601,liquidity__2025-03-29,liquidity_state,,,,,,,
2025-03-30,-0.023794822763552,0.0002085839877103,-0.0030858595172951,-0.0110648772354596,-0.0022174564512909,0.0019669279162597,-0.0257617506798118,-0.907953942979338,liquidity__2025-03-30,liquidity_state,,,,,,,
2025-03-31,-0.0136536304600803,0.0005094944313697,0.0018408737386845,0.0080202017899626,-0.0044854017838744,0.0019174714242217,-0.0155711018843021,-0.515718936965466,liquidity__2025-03-31,liquidity_state,,,,,,,
2025-04-01,0.0230866324436434,0.0007599969072273,0.0313437616830097,0.0446363280126647,0.0158087877549384,0.0017801123674229,0.0213065200762204,0.898652852854028,liquidity__2025-04-01,liquidity_state,,,,,,,
2025-04-02,0.0186042866078111,0.000367177478985,-0.0318211181696757,-0.0596420593759515,-0.0379858813787166,0.0005342159252542,0.0180700706825569,0.770133251314306,liquidity__2025-04-02,liquidity_state,,,,,,,
2025-04-03,-0.0299149358156079,0.0024207026971012,0.0081807511531266,0.011858663223852,0.0050783826622122,0.0021498529013924,-0.0320647887170004,-1.15806483720365,liquidity__2025-04-03,liquidity_state,,,,,,,
2025-04-04,0.0083192477297693,-0.0003229318096913,0.0082894210310886,0.0001677759495057,0.0113098986372044,0.0022470886174067,0.0060721591123625,0.309189691671534,liquidity__2025-04-04,liquidity_state,,,,,,,
2025-04-05,0.0056709922314333,-0.001978411354365,-0.0041787253879501,-0.0060686942706924,-0.0045916239495298,0.0020435646174193,0.0036274276140139,0.215376535915888,liquidity__2025-04-05,liquidity_state,,,,,,,
2025-04-06,-0.0041460920818394,-0.0002485957174869,-0.0636177010721646,-0.13365192371602,-0.071476907013615,-0.0012119711862841,-0.0029341208955553,-0.0372211666171759,liquidity__2025-04-06,liquidity_state,,,,,,,
2025-04-07,-0.0772358940143221,-0.0022199377797598,0.0098540523070322,-0.0173677480719387,0.0054810841895225,0.0011457639559648,-0.0783816579702869,-2.89721195083951,liquidity__2025-04-07,liquidity_state,,,,,,,
2025-04-08,-0.0048210432229183,-0.0012160285835172,-0.0369028033994905,-0.0528945064701354,-0.0227551840260816,0.0023291633386266,-0.0071502065615449,-0.186178270019088,liquidity__2025-04-08,liquidity_state,,,,,,,
2025-04-09,-0.0275289273028818,-0.001958102876646,0.0795137573179385,0.125276703955921,0.0717706786158843,0.003863656984395,-0.0313925842872768,-1.10440421126408,liquidity__2025-04-09,liquidity_state,,,,,,,
2025-04-10,0.0676473849645873,0.000746661220905,-0.0375065012089806,-0.0925940791776014,-0.0208811501319097,0.0013293992779959,0.0663179856865914,2.59881417472221,liquidity__2025-04-10,liquidity_state,,,,,,,
2025-04-11,-0.0409563546179008,-0.0008840080958485,0.0470559813098568,0.0288470340020233,0.0245882022122572,0.0004965313667912,-0.041452885984692,-1.47906761322452,liquidity__2025-04-11,liquidity_state,,,,,,,
2025-04-12,0.0195438672127395,-0.0007124326404763,0.0223951699417047,0.0485853641355902,0.035146828999487,0.0041514805397419,0.0153923866729976,0.669729744173482,liquidity__2025-04-12,liquidity_state,,,,,,,
2025-04-13,0.0253706724350806,0.0009562859881739,-0.0181750671813781,-0.0289041431610473,-0.0251395844129263,0.0011403859404393,0.0242302864946413,1.00427761569886,liquidity__2025-04-13,liquidity_state,,,,,,,
2025-04-14,-0.0097779238106134,-0.0010851771113884,0.0100651373380956,0.0165920423093011,0.000157915826886,0.0017553586927765,-0.01153328250339,-0.376891896705083,liquidity__2025-04-14,liquidity_state,,,,,,,
2025-04-15,0.0008105285752861,0.0006627546277009,-0.0112029186965135,-0.0219070258678329,-0.0161681903286137,0.0013655628545223,-0.0005550342792362,0.0550806678634027,liquidity__2025-04-15,liquidity_state,,,,,,,
2025-04-16,-0.0046906742530836,0.0018735117335957,0.00460775678334,-0.0071426027185292,0.002485516166768,0.0017185555518491,-0.0064092298049327,-0.173299698131759,liquidity__2025-04-16,liquidity_state,,,,,,,
2025-04-17,-0.0103277502710171,0.0008605374146064,0.0101534906270455,0.0034401439025595,0.0076521855294018,0.0019035214852281,-0.0122312717562452,-0.400940629193743,liquidity__2025-04-17,liquidity_state,,,,,,,
2025-04-18,0.0027671089157905,0.0014296160338247,-0.0052021509335524,0.0034349671741447,0.0015778599430404,0.002878349653902,-0.0001112407381114,0.0700146308191926,liquidity__2025-04-18,liquidity_state,,,,,,,
2025-04-19,-0.0052976838441978,-0.0022375466958379,0.0068036630975729,0.0149988639665111,0.0132666857493611,0.0029747033127926,-0.0082723871569904,-0.245944858432149,liquidity__2025-04-19,liquidity_state,,,,,,,
2025-04-20,0.0150038839109641,0.0009620066882689,0.0008599530270867,-0.0165721984287543,-0.0030631543002783,0.0013736132739989,0.0136302706369651,0.609725679291956,liquidity__2025-04-20,liquidity_state,,,,,,,
2025-04-21,-0.0041129633870724,1.64553846282445e-05,0.0279744225999092,-0.0039037092954572,0.0032089568324202,-0.0002949916301329,-0.0038179717569394,-0.0695797376377455,liquidity__2025-04-21,liquidity_state,,,,,,,
2025-04-22,-0.0073201918006979,0.000678455002145,0.0660384209505054,0.106474181074764,0.0487185785210684,0.0028491077090596,-0.0101692995097576,-0.317218364287631,liquidity__2025-04-22,liquidity_state,,,,,,,
2025-04-23,0.0622697962661185,0.0058665400081991,0.0025154208293063,0.0218771101775079,0.0066296537575532,0.0030900149525227,0.0591797813135957,2.37680797703061,liquidity__2025-04-23,liquidity_state,,,,,,,
2025-04-24,0.0137362916630082,0.0022178239923818,0.0028838948084022,-0.014439505201473,0.0076465088351049,0.0020388133541085,0.0116974783088996,0.529453027859818,liquidity__2025-04-24,liquidity_state,,,,,,,
2025-04-25,0.0100233898229405,0.0037385331670627,0.0076498239685296,0.008802432926279,0.0015900497973362,0.0018502952110523,0.0081730946118881,0.38891941819285,liquidity__2025-04-25,liquidity_state,,,,,,,
2025-04-26,0.0229317651219709,0.0024580105839149,-0.0005206782184306,0.0200029839751625,0.0056880348526071,0.003245535983284,0.0196862291386869,0.834906010999626,liquidity__2025-04-26,liquidity_state,,,,,,,
2025-04-27,0.0110309696381385,0.003447069401453,-0.0093525612360334,-0.0166391708840621,-0.0059065547283232,0.0021081186450394,0.008922850993099,0.41382313321303,liquidity__2025-04-27,liquidity_state,,,,,,,
2025-04-28,-0.0074216911147431,0.0030066720805805,0.0130731509018638,0.0046511231622128,0.0090215596156433,0.0017703406182001,-0.0091920317329432,-0.287911495352316,liquidity__2025-04-28,liquidity_state,,,,,,,
2025-04-29,0.0057119106666867,0.0020859841274862,-0.0077210257903264,-0.0009738208046545,-0.0119091255465769,0.0019860650130397,0.003725845653647,0.215031227977,liquidity__2025-04-29,liquidity_state,,,,,,,
2025-04-30,-0.0073614839359024,0.006848911479274,-0.0010670227270566,-0.0025765481025619,-0.0043413278531545,0.0018787900372052,-0.0092402739731076,-0.291305719340859,liquidity__2025-04-30,liquidity_state,,,,,,,
2025-05-01,-0.0012998887488997,0.0002887909989937,0.0243887094005011,0.0247968606967861,0.0105676716355774,0.0014418700601655,-0.0027417588090653,-0.0445535678458699,liquidity__2025-05-01,liquidity_state,,,,,,,
2025-05-02,0.0198263906143055,0.0013549699633941,0.0043850174520905,0.0022636969317879,-0.0002490206412097,0.0018206690608199,0.0180057215534856,0.766718080879405,liquidity__2025-05-02,liquidity_state,,,,,,,
2025-05-03,0.0058255274772562,0.0018250636752767,-0.0108786568972032,-0.0048656520579282,-0.0134581604041912,0.0020474524305119,0.0037780750467443,0.210130304972454,liquidity__2025-05-03,liquidity_state,,,,,,,
2025-05-04,-0.0058603909171886,0.0014012626947526,-0.0153973862920864,-0.0116811551333704,-0.0129968033371171,0.0022950176433422,-0.0081554085605308,-0.253923053476886,liquidity__2025-05-04,liquidity_state,,,,,,,
2025-05-05,-0.0100081869405706,-0.0001042651253797,0.0051507411374647,0.0055071897969405,0.0013440328669851,0.0019645649592756,-0.0119727518998462,-0.402247304711078,liquidity__2025-05-05,liquidity_state,,,,,,,
2025-05-06,-0.0043327723239592,-0.0004760819885518,0.0200527054029749,-0.0031519708344207,0.0035365530098232,0.0004854329957306,-0.0048182053196898,-0.119625609263612,liquidity__2025-05-06,liquidity_state,,,,,,,
2025-05-07,0.0001630185153622,-0.0031832053075753,0.0023760593218575,-0.0030071688005293,-0.0013636083955539,0.0017661911428587,-0.0016031726274964,0.0052179389299735,liquidity__2025-05-07,liquidity_state,,,,,,,
2025-05-08,-0.0096514202929753,0.0005038457521884,0.0622052434801912,0.197813730619527,0.074421881938953,0.0078429505073739,-0.0174943708003493,-0.620212974935042,liquidity__2025-05-08,liquidity_state,,,,,,,
2025-05-09,0.0975935011372435,0.0025057540256199,-0.0029040144447769,0.0604568366912872,0.0239791553602444,0.0060293556109298,0.0915641455263137,3.59837235048708,liquidity__2025-05-09,liquidity_state,,,,,,,
2025-05-10,0.0279794618092204,-0.0005370558388122,0.0173923903063962,0.0965024216894355,0.0431255675062658,0.006643028719061,0.0213364330901593,0.880095788937802,liquidity__2025-05-10,liquidity_state,,,,,,,
2025-05-11,0.054455855256716,0.0009981706531156,-0.0062578358957985,-0.0266016400845013,-0.0234651945710631,0.0002291358282553,0.0542267194284607,2.13331130261185,liquidity__2025-05-11,liquidity_state,,,,,,,
2025-05-12,-0.0123099758797274,-4.99990395930183e-05,-0.0129261628128656,-0.007803705178575,0.0158875694552592,0.0043094188397752,-0.0166193947195026,-0.591735557856813,liquidity__2025-05-12,liquidity_state,,,,,,,
2025-05-13,-0.0166782616453069,-0.0022952051798661,0.0129181791942603,0.0712395723987242,0.0181278407909886,0.0044573068616081,-0.0211355685069151,-0.762258596779121,liquidity__2025-05-13,liquidity_state,,,,,,,
2025-05-14,0.0381395105297919,-0.0005080670448869,-0.0058360977862452,-0.0263050262285844,-0.0217727200834865,0.000323606776126,0.0378159037536658,1.49577575942029,liquidity__2025-05-14,liquidity_state,,,,,,,
2025-05-15,-0.0242734220834571,0.0016925361105997,0.0023968261817426,-0.0238401908132788,-0.0294221710453648,-0.0009280214117676,-0.0233454006716894,-0.847739845482146,liquidity__2025-05-15,liquidity_state,,,,,,,
2025-05-16,-0.0186317236751279,0.0024688240148975,-0.0028285771395673,-0.0043467745430367,-0.0052098049101054,0.0019247732788726,-0.0205564969540005,-0.736558793172658,liquidity__2025-05-16,liquidity_state,,,,,,,
2025-05-17,0.0005335177292913,0.0022121154923446,-0.0032737218207827,-0.0247525979709344,-0.0125339873814987,0.0008131889222301,-0.0002796711929388,0.0415054851463249,liquidity__2025-05-17,liquidity_state,,,,,,,
2025-05-18,-0.0103661410437965,0.0001171366829098,0.031853030998203,0.0092001002951827,0.0269352566213534,0.0014866921110457,-0.0118528331548422,-0.39962027056677,liquidity__2025-05-18,liquidity_state,,,,,,,
2025-05-19,0.0074217983254669,0.0005018483213525,-0.0083349871191629,0.0117806721537024,-0.0170789530824216,0.0020457786637902,0.0053760196616767,0.264124686922479,liquidity__2025-05-19,liquidity_state,,,,,,,
2025-05-20,0.0101530759973656,-0.0001554813755113,0.011672755136324,-0.001440534780027,0.0033327377310179,0.0012980274705941,0.0088550485267714,0.395635909141347,liquidity__2025-05-20,liquidity_state,,,,,,,
2025-05-21,0.0067028617857758,0.0470346830384969,0.0261603776026931,0.0106716221299017,0.0205545735357902,0.0015883877256717,0.005114474060104,0.267586555500387,liquidity__2025-05-21,liquidity_state,,,,,,,
2025-05-22,0.0175198399564813,0.0039297686948529,0.0182913264558771,0.0431750146632082,0.0266366038846115,0.0037423088461524,0.0137775311103289,0.608869993313155,liquidity__2025-05-22,liquidity_state,,,,,,,
2025-05-23,0.0194317987517501,0.0020460113572227,-0.040457632063335,-0.053608697595771,-0.0415878331639661,0.001250323709094,0.018181475042656,0.779689831755632,liquidity__2025-05-23,liquidity_state,,,,,,,
2025-05-24,-0.040084825548437,0.001300181641664,0.0046462174367736,0.0022784010323722,0.0074487352303584,0.0023636895607888,-0.0424485151092258,-1.59755783413258,liquidity__2025-05-24,liquidity_state,,,,,,,
2025-05-25,0.0016094577377252,0.000334488295266,0.0115756086429837,0.0078085365943207,0.0044683670521621,0.0016687339069858,-5.92761692606366e-05,0.064944749956786,liquidity__2025-05-25,liquidity_state,,,,,,,
2025-05-26,0.0104138629823218,9.73367848544626e-05,0.0039801350916288,0.0053082496465917,-0.0035854128804793,0.0017040584420934,0.0087098045402283,0.408200640643461,liquidity__2025-05-26,liquidity_state,,,,,,,
2025-05-27,0.0069046982416303,0.0009226245898865,-0.0049556869720941,0.0367706536657959,0.0066051716549679,0.0042279877887331,0.0026767104528972,0.172730546395368,liquidity__2025-05-27,liquidity_state,,,,,,,
2025-05-28,0.016367152806442,-0.0001747743926827,-0.0103178352523035,0.0078102245449738,-0.0083210287625448,0.0027548759884002,0.0136122768180417,0.600421421231429,liquidity__2025-05-28,liquidity_state,,,,,,,
2025-05-29,-0.0030360562564553,-4.52381558169179e-05,-0.0213746108172153,-0.0194861574082381,-0.019093083073173,0.0021650898849879,-0.0052011461414432,-0.138174458724274,liquidity__2025-05-29,liquidity_state,,,,,,,
2025-05-30,-0.0226033268480137,0.0006197017533153,-0.0143161146422077,-0.0379349572594752,-0.0435963707367648,-0.0008474952227201,-0.0217558316252935,-0.786118662139099,liquidity__2025-05-30,liquidity_state,,,,,,,
2025-05-31,-0.0272684254449338,0.0007704977542672,0.0059803854578266,-0.0009716940644901,0.0053350382099282,0.0019867713092094,-0.0292551967541433,-1.07579859523793,liquidity__2025-05-31,liquidity_state,,,,,,,
2025-06-01,0.0016972476515562,0.0004763124680984,0.0097272165715853,0.0042028040330359,0.0064790425570464,0.0018795575188954,-0.0001823098673392,0.062765191544747,liquidity__2025-06-01,liquidity_state,,,,,,,
2025-06-02,0.0063278022329349,0.0001841546942742,0.0021135351568961,0.026711552814894,0.0064333695109546,0.0032581438711662,0.0030696583617686,0.190457836817381,liquidity__2025-06-02,liquidity_state,,,,,,,
2025-06-03,-0.0044859496295117,0.0018185886979793,-0.0047374242781081,-0.005741056301348,0.0013586465753903,0.002543268546012,-0.0070292181755237,-0.204623942295576,liquidity__2025-06-03,liquidity_state,,,,,,,
2025-06-04,-0.00541618039572,0.0033456283571524,-0.0063447240763725,0.005378436811763,-0.0109327333723641,0.0021214784216404,-0.0075376588173604,-0.224135157647063,liquidity__2025-06-04,liquidity_state,,,,,,,
2025-06-05,0.0001632363007715,0.0023005731515759,-0.0301599244825503,-0.0763932063050952,-0.0372957961954334,-7.24945136313728e-05,0.0002357308144029,0.0815392860976879,liquidity__2025-06-05,liquidity_state,,,,,,,
2025-06-06,-0.0457157829418833,-0.0013899508101751,0.0271219564659102,0.0255227494267398,0.0185818785301883,0.0018006150714988,-0.0475163980133821,-1.77513027789809,liquidity__2025-06-06,liquidity_state,,,,,,,
2025-06-07,0.0219397916439732,0.0024307426063501,0.0117933860861577,0.0192509473828757,0.0151668993550196,0.0027803177629437,0.0191594738810295,0.821918788490907,liquidity__2025-06-07,liquidity_state,,,,,,,
2025-06-08,0.0153968060543299,0.001245180578504,0.0012937769657934,-0.0062761672702516,0.0070653171983821,0.0023887461212396,0.0130080599330903,0.578451410211458,liquidity__2025-06-08,liquidity_state,,,,,,,
2025-06-09,-0.0010610603920966,1.44366857917078e-05,0.0418558570133865,0.0657057574214601,0.0291571930384968,0.0024228101088473,-0.003483870500944,-0.0652658004381367,liquidity__2025-06-09,liquidity_state,,,,,,,
2025-06-10,0.0383879140728105,0.0020439507460992,-0.0008018420740469,0.0485146775824443,0.0152036613410367,0.0048294636970155,0.033558450375795,1.37288111929697,liquidity__2025-06-10,liquidity_state,,,,,,,
2025-06-11,0.0284165993275352,-0.0012673821057056,-0.0142531605655787,-0.0152159543387604,-0.0170211337226576,0.0017864552339388,0.0266301440935963,1.09743072947093,liquidity__2025-06-11,liquidity_state,,,,,,,
2025-06-12,-0.0068115104319233,0.0025032870291674,-0.0274158371938373,-0.0473958909423464,-0.0318608607573054,0.0009453855940615,-0.0077568960259848,-0.241606136812307,liquidity__2025-06-12,liquidity_state,,,,,,,
2025-06-13,-0.0501808239336121,-0.0006336207941544,0.0036919352640083,-0.0244155521225311,-0.0090520195964849,0.000434541080086,-0.0506153650136981,-1.8944509878222,liquidity__2025-06-13,liquidity_state,,,,,,,
2025-06-14,0.0002218364415327,0.0027551688894718,-0.0062843389170463,-0.0189119654838672,-0.0113860606154503,0.0013521609750425,-0.0011303245335098,0.0210820665791834,liquidity__2025-06-14,liquidity_state,,,,,,,
2025-06-15,-0.0091318556900361,-0.0005051148384005,0.0014177904893237,0.0063779834370079,0.0101334013318102,0.0029836333189212,-0.0121154890089574,-0.404412519652611,liquidity__2025-06-15,liquidity_state,,,,,,,
2025-06-16,0.0030779711614883,8.10825519792502e-06,0.0118956245143735,-0.0009958047720566,0.0037835746415204,0.0013239515900025,0.0017540195714857,0.134489739647172,liquidity__2025-06-16,liquidity_state,,,,,,,
2025-06-17,0.0204431894726973,0.000297749909496,-0.0206989134661182,-0.0127444434274189,-0.0188781399584812,0.0023210385008531,0.0181221509718442,0.768130992838492,liquidity__2025-06-17,liquidity_state,,,,,,,
2025-06-18,-0.0153935937861469,0.0007448675675618,0.0023238638932348,0.0048858697826803,4.27555219886244e-05,0.0021118956486342,-0.0175054894347811,-0.614171700218085,liquidity__2025-06-18,liquidity_state,,,,,,,
2025-06-19,0.0036347086397619,0.0002294740791874,-0.0017527195577429,-0.0012371793686867,-0.0011974812898323,0.0022140449910059,0.0014206636487559,0.118189677516656,liquidity__2025-06-19,liquidity_state,,,,,,,
2025-06-20,8.13891191100424e-05,-0.0005083343730092,-0.013699950108764,-0.046858081642859,-0.0197183110215313,0.0005852359810019,-0.0005038468618919,0.0445636053537128,liquidity__2025-06-20,liquidity_state,,,,,,,
2025-06-21,-0.0315751467660235,-0.0007905942621206,-0.011155954426826,-0.0468102379257047,-0.020402593519993,0.0003006697863674,-0.0318758165523909,-1.16999331253582,liquidity__2025-06-21,liquidity_state,,,,,,,
2025-06-22,-0.0308456767049954,-9.05232840580084e-05,-0.0113541008278322,-0.0303156221429566,-0.0172640927793708,0.0010460522055451,-0.0318917289105405,-1.16539308346363,liquidity__2025-06-22,liquidity_state,,,,,,,
2025-06-23,-0.0245478477428485,1.68846425658842e-05,0.0427529074068396,0.0797427516605245,0.0516951881671019,0.0044212086459981,-0.0289690563888466,-1.04760562105569,liquidity__2025-06-23,liquidity_state,,,,,,,
2025-06-24,0.0577393071063099,-0.001481036054411,0.0067516889353793,0.0151322976016264,0.0083331468076046,0.0026202824279712,0.0551190246783387,2.18057263800758,liquidity__2025-06-24,liquidity_state,,,,,,,
2025-06-25,0.0153599240129303,0.0066555152348009,0.0118184200556168,-0.012325422937197,-0.0059795270938352,0.0002716132681674,0.0150883107447628,0.638591492718856,liquidity__2025-06-25,liquidity_state,,,,,,,
2025-06-26,-0.0015351606108247,-0.0005583055978277,-0.0035961898670393,-0.0010432679417053,-0.0163023291271891,0.0012784758465603,-0.002813636457385,-0.0475976595495055,liquidity__2025-06-26,liquidity_state,,,,,,,
2025-06-27,-0.0119696272616743,0.0005934616343594,0.0008397300635429,0.0028356665101627,0.0098169745347931,0.0029073668876984,-0.0148769941493727,-0.511121297844146,liquidity__2025-06-27,liquidity_state,,,,,,,
2025-06-28,0.0041345950509352,0.0012134041867817,0.0023884472143151,0.0053905996106085,0.0147552156446444,0.0032043390828013,0.0009302559681339,0.097710487954202,liquidity__2025-06-28,liquidity_state,,,,,,,
2025-06-29,0.0147662184267929,0.0006324250887246,0.0095513104591464,0.0257323840725041,0.0143612949235603,0.0031235409019292,0.0116426775248637,0.506530790728679,liquidity__2025-06-29,liquidity_state,,,,,,,
2025-06-30,0.0145174038889024,-9.23081783987811e-05,-0.0108701101400879,-0.0058425517026359,-0.0042680831667851,0.0026939352231507,0.0118234686657517,0.512203027403347,liquidity__2025-06-30,liquidity_state,,,,,,,
2025-07-01,-0.0037275537805179,0.0010453882414651,-0.0139249955100738,-0.0330701860770519,-0.0245374394337752,0.0006658215389219,-0.0043933753194399,-0.109457653603914,liquidity__2025-07-01,liquidity_state,,,,,,,
2025-07-02,-0.0199849053990917,0.0010585287638029,0.0294029286843802,0.0665644454439658,0.0297422480442613,0.0036450828987859,-0.0236299882978776,-0.846440353451943,liquidity__2025-07-02,liquidity_state,,,,,,,
2025-07-03,0.0344089959178966,0.0022654803673134,0.0068329150652175,0.0081770572445973,0.0068411513372694,0.0022937813159375,0.032115214601959,1.2899158956536,liquidity__2025-07-03,liquidity_state,,,,,,,
2025-07-04,0.0136485655401231,0.0011059805395525,-0.0147299805499603,-0.0327038079339745,-0.0205254333873022,0.0010467904972932,0.0126017750428299,0.537365070977413,liquidity__2025-07-04,liquidity_state,,,,,,,
2025-07-05,-0.0199568266511463,0.0004791314952399,0.0018165919091348,0.0032997277417212,0.0020929651393402,0.002262140515406,-0.0222189671665523,-0.806971730838219,liquidity__2025-07-05,liquidity_state,,,,,,,
2025-07-06,0.0050203603509864,0.0001740967628691,0.0091512009438741,0.0212216115238446,0.0148072229144773,0.0030578046466086,0.0019625557043777,0.123520889455933,liquidity__2025-07-06,liquidity_state,,,,,,,
2025-07-07,0.0127772596660165,0.000225167210317,-0.0087102114078785,-0.0110868340378785,-0.0068747124057146,0.0021442851440165,0.010632974522,0.458702628749355,liquidity__2025-07-07,liquidity_state,,,,,,,
2025-07-08,-0.0093707752736342,0.0006519646557094,0.0067177867735193,0.0287833605303183,0.0105090863720321,0.0031940832566709,-0.0125648585303052,-0.440719309909102,liquidity__2025-07-08,liquidity_state,,,,,,,
2025-07-09,0.0170105220586514,-0.000237627245184,0.0206552370141235,0.0568062705629329,0.026526082720018,0.0039250835256646,0.0130854385329867,0.553735606654504,liquidity__2025-07-09,liquidity_state,,,,,,,
2025-07-10,0.0336479551527091,0.0024913944770155,0.0417149835772506,0.0633590446883128,0.038386440531923,0.0030448294858703,0.0306031256668388,1.22790321982606,liquidity__2025-07-10,liquidity_state,,,,,,,
2025-07-11,0.0397181768653923,0.0041673845786185,0.0132839888022556,0.0027538764857206,0.021029443090324,0.0025778845209502,0.037140292344442,1.47310290932592,liquidity__2025-07-11,liquidity_state,,,,,,,
2025-07-12,0.0037779280226395,0.0315560770441046,-0.0009085174944463,-0.0052672750474416,-0.0025770181297168,0.0019131091386275,0.0018648188840119,0.112618495409763,liquidity__2025-07-12,liquidity_state,,,,,,,
2025-07-13,-0.0021369231995862,0.00096713351342,0.013314655646619,0.0094552644302092,0.0197663997212487,0.0026835415209109,-0.0048204647204972,-0.144213141845021,liquidity__2025-07-13,liquidity_state,,,,,,,
2025-07-14,0.0111391292078338,0.0006380434627644,0.0069028000810895,0.0142364546034761,0.0091217386807933,0.0026374135270665,0.0085017156807671,0.37001532846198,liquidity__2025-07-14,liquidity_state,,,,,,,
2025-07-15,0.0035613177568656,-0.0012642154589173,-0.0170209293022943,0.0409049586142061,0.0059676941284152,0.0054228298316743,-0.0018615120748086,-0.0269060126575037,liquidity__2025-07-15,liquidity_state,,,,,,,
2025-07-16,0.0131479373241099,-0.0036486252576608,0.0071633690603896,0.0713476382716411,0.0240808561402304,0.0054318696315488,0.007716067692561,0.346342725777358,liquidity__2025-07-16,liquidity_state,,,,,,,
2025-07-17,0.0280118840447443,0.0092058147395945,0.0048640237100148,0.0312556989914743,0.0420928899857564,0.0057655662378758,0.0222463178068685,0.906139128445263,liquidity__2025-07-17,liquidity_state,,,,,,,
2025-07-18,0.01612757982193,0.0021190188061872,-0.0106404098286532,0.0198806677827523,-5.10084211526873e-05,0.0037565834494996,0.0123709963724304,0.521795172025912,liquidity__2025-07-18,liquidity_state,,,,,,,
2025-07-19,0.0111993225690554,0.0028807596195434,-0.0008318612608686,0.0126293400755291,0.0077564990474527,0.0032049487235952,0.0079943738454602,0.35143511893488,liquidity__2025-07-19,liquidity_state,,,,,,,
2025-07-20,0.007317133966076,0.0012499661914979,-0.0050348384932661,0.0446339716320896,0.0204814026756068,0.0054934268629908,0.0018237071030851,0.115622861582806,liquidity__2025-07-20,liquidity_state,,,,,,,
2025-07-21,0.0275215540376443,0.0013529761877357,0.0010128923172896,0.0015007854828503,0.0179916952484902,0.0034530809350215,0.0240684731026228,0.973106312369428,liquidity__2025-07-21,liquidity_state,,,,,,,
2025-07-22,-0.0003135453313554,0.0348345099798308,0.0217497683917696,-0.0041945302544359,0.0119015558496933,0.0009128042823946,-0.00122634961375,-0.0040473643108225,liquidity__2025-07-22,liquidity_state,,,,,,,
2025-07-23,0.0105583934199096,0.0210550474686535,-0.0101365414845631,-0.032104923550488,-0.0583091837019936,-0.002142584917028,0.0127009783369377,0.531583319861872,liquidity__2025-07-23,liquidity_state,,,,,,,
2025-07-24,-0.0248114324806608,0.0184801478186039,-0.0035229008880381,0.0214875838041575,-0.0114893799751385,0.0023034978751419,-0.0271149303558027,-1.00360982030983,liquidity__2025-07-24,liquidity_state,,,,,,,
2025-07-25,-0.0037103255924861,0.0043863037904898,-0.006389799562168,0.0044876275493273,0.0139791689268414,0.0039330829042418,-0.0076434084967279,-0.254720963141404,liquidity__2025-07-25,liquidity_state,,,,,,,
2025-07-26,0.0140625686891411,-0.0006623570276182,0.0028905286445191,0.0045947878259262,0.0054417793655048,0.0024481790674329,0.0116143896217082,0.486766127740475,liquidity__2025-07-26,liquidity_state,,,,,,,
2025-07-27,0.0057989341525051,0.0020626709024114,0.0124994554443578,0.0343811397038039,0.0222400591036589,0.0036906291951784,0.0021083049573266,0.121725542036668,liquidity__2025-07-27,liquidity_state,,,,,,,
2025-07-28,0.0265075211338974,0.000584946461938,-0.0114961200551829,-0.0191312633402063,-0.029931673178357,0.0004628006879186,0.0260447204459788,1.04469402677689,liquidity__2025-07-28,liquidity_state,,,,,,,
2025-07-29,-0.0215435201727523,2.46453499457289e-05,-0.0013311176655168,-0.0017163617173086,-0.0058018587263362,0.0018215777532761,-0.0233650979260285,-0.863212927125284,liquidity__2025-07-29,liquidity_state,,,,,,,
2025-07-30,-0.0026810269353987,0.0006517305282862,-0.0009070659448102,0.0042755582755944,-0.0109646171206172,0.0015823397724712,-0.0042633667078699,-0.124140335842846,liquidity__2025-07-30,liquidity_state,,,,,,,
2025-07-31,-0.0015020661209312,0.0021966882111605,-0.0164557424124521,-0.0283523826763297,-0.0204157464063321,0.0013455405406205,-0.0028476066615518,-0.0710646139209991,liquidity__2025-07-31,liquidity_state,,,,,,,
2025-08-01,-0.0215453614104639,0.0020376537031729,-0.0231087677532056,-0.0603101712176901,-0.024246903856227,0.0007187719348727,-0.0222641333453367,-0.821045570234138,liquidity__2025-08-01,liquidity_state,,,,,,,
2025-08-02,-0.037837951570598,0.0009646227279418,-0.0062330494537743,-0.0272278843291431,-0.0265857801295439,-2.17518621386695e-05,-0.0378161997084593,-1.41593686337013,liquidity__2025-08-02,liquidity_state,,,,,,,
2025-08-03,-0.0178692580322739,-0.0001429631751932,0.0149588990803124,0.0304098959143086,0.0295298427593274,0.0038801656274955,-0.0217494236597694,-0.80258067859974,liquidity__2025-08-03,liquidity_state,,,,,,,
2025-08-04,0.0270464171351712,0.0017108867298283,0.0070536623506267,0.0618952969055364,0.0281517300431027,0.0054575544411693,0.0215888626940018,0.869968923882552,liquidity__2025-08-04,liquidity_state,,,,,,,
2025-08-05,0.0334034126632652,0.0011077515135404,-0.0081857407283525,-0.0297858173430825,-0.0235375314997412,0.0003066308002078,0.0330967818630573,1.3157744584915,liquidity__2025-08-05,liquidity_state,,,,,,,
2025-08-06,-0.009076599974648,0.00047886594486,0.0081521796093539,0.0197514801772964,0.0120011125959714,0.0028995217928621,-0.0119761217675102,-0.453256193635407,liquidity__2025-08-06,liquidity_state,,,,,,,
2025-08-07,0.0156746593088819,-0.0007500057868554,0.0211994367756922,0.0598793287073107,0.0454558898463659,0.0053608429633103,0.0103138163455716,0.426501763026261,liquidity__2025-08-07,liquidity_state,,,,,,,
2025-08-08,0.0442475275541341,0.0037454163760557,-0.0070949148639503,0.0252322932542164,0.0072677598454937,0.0041279785578681,0.0401195489962659,1.59109815657207,liquidity__2025-08-08,liquidity_state,,,,,,,
2025-08-09,0.0076681554750663,0.001881288874376,-0.0016492156938934,0.0607435065140027,0.0088399596817723,0.0048070878805364,0.0028610675945299,0.134171496402325,liquidity__2025-08-09,liquidity_state,,,,,,,
2025-08-10,0.0313381727936282,0.0017334974917382,0.0238779195121435,-0.002453144222013,-0.0007041446961544,-0.0001600768651444,0.0314982496587726,1.26854222883062,liquidity__2025-08-10,liquidity_state,,,,,,,
2025-08-11,-0.0020344548715662,-0.0019936516153045,-0.005206064367627,-0.0065330008800224,-0.0196383656903123,0.0010168935867835,-0.0030513484583497,-0.103811074412753,liquidity__2025-08-11,liquidity_state,,,,,,,
2025-08-12,-0.0079116802236924,0.0025496578912083,0.0119132075959829,0.0830634371251993,0.0410010751118364,0.0065900089409373,-0.0145016891646299,-0.561558265754554,liquidity__2025-08-12,liquidity_state,,,,,,,
2025-08-13,0.0457760075814235,0.0026122189602269,0.0265905605316039,0.0344485594236108,0.023946628635958,0.0025132034233022,0.0432628041581213,1.73002205400065,liquidity__2025-08-13,liquidity_state,,,,,,,
2025-08-14,0.020613924759818,0.0047143965985121,-0.0410583039881605,-0.0430929438960561,-0.0369201985293763,0.001965806437207,0.018648118322611,0.752653016344876,liquidity__2025-08-14,liquidity_state,,,,,,,
2025-08-15,-0.0303157988233558,0.0061041926045,-0.008081201068423,-0.0240468708643835,-0.0066820634827031,0.0017105377445698,-0.0320263365679256,-1.25577082279902,liquidity__2025-08-15,liquidity_state,,,,,,,
2025-08-16,-0.0183209184132096,-0.0070631798008911,0.0001542966252365,-0.0038788032682504,0.0082883622362466,0.0026564163263475,-0.0209773347395572,-0.816398307843923,liquidity__2025-08-16,liquidity_state,,,,,,,
2025-08-17,0.000932029059907,-0.0001738156338646,0.0005398837145165,0.0118483254408659,0.0085435149580774,0.0031123624688223,-0.0021803334089152,-0.0705368904649431,liquidity__2025-08-17,liquidity_state,,,,,,,
2025-08-18,0.002333919157202,0.0037904274147457,-0.010503106957243,-0.0370002194767896,-0.0186100517900343,0.0006671458481837,0.0016667733090182,0.0816910994139929,liquidity__2025-08-18,liquidity_state,,,,,,,
2025-08-19,-0.0181022237230124,0.011142740762466,-0.0298829501879503,-0.057162540048461,-0.0364013447013392,0.0005459234855218,-0.0186481472085342,-0.720109154058537,liquidity__2025-08-19,liquidity_state,,,,,,,
2025-08-20,-0.0367499117850372,-0.0001233177098036,0.01244331284596,0.0620805491189103,0.033528470752124,0.0053598191114334,-0.0421097308964706,-1.63873893325514,liquidity__2025-08-20,liquidity_state,,,,,,,
2025-08-21,0.0362564118029525,0.0008117019439275,-0.0158561280891742,-0.0262201549599013,-0.02229253825233,0.0012159307507654,0.035040481052187,1.39686313902909,liquidity__2025-08-21,liquidity_state,,,,,,,
2025-08-22,-0.0085444311144939,-0.002932471541122,0.038610787136383,0.134134877318981,0.0615925682571827,0.0071689970516369,-0.0157134281661309,-0.596638366664558,liquidity__2025-08-22,liquidity_state,,,,,,,
2025-08-23,0.074620529453064,-0.0003507562994364,-0.013092428738684,-0.0112491826600696,-0.0056578226067287,0.0026348775738512,0.0719856518792128,2.81445954313357,liquidity__2025-08-23,liquidity_state,,,,,,,
2025-08-24,0.0074704314507627,0.0041022037024021,-0.0155126335295535,0.001795265596705,-0.0068809311569353,0.0031611909624773,0.0043092404882853,0.186238922673294,liquidity__2025-08-24,liquidity_state,,,,,,,
2025-08-25,-0.0183486924646701,0.0001161278328609,-0.0308242000257959,-0.0891268501455897,-0.0521550819899304,-0.0014878960743319,-0.0168607963903381,-0.639699639689393,liquidity__2025-08-25,liquidity_state,,,,,,,
2025-08-26,-0.0446628317943052,0.0059222733536756,0.0150444573775133,0.0505079993400663,0.0330499792225822,0.0047357178569552,-0.0493985496512604,-1.89592008832996,liquidity__2025-08-26,liquidity_state,,,,,,,
2025-08-27,0.0293046939391104,0.0003281290901746,-0.0050834370179639,-0.0213076301009636,-0.0022195692074156,0.0018438139893697,0.0274608799497407,1.08625038992266,liquidity__2025-08-27,liquidity_state,,,,,,,
2025-08-28,-0.0028004089779933,0.0022611850768434,0.0116592531667354,0.0010642879400677,0.0185246345762451,0.0024931404730032,-0.0052935494509965,-0.19470477176464,liquidity__2025-08-28,liquidity_state,,,,,,,
2025-08-29,0.0080232429293687,0.0081837366819819,-0.0379121188647034,-0.0340991246046638,-0.0295534810750162,0.0024872266013974,0.0055360163279712,0.229619156562209,liquidity__2025-08-29,liquidity_state,,,,,,,
2025-08-30,-0.0263885384464011,0.0004397394930641,0.0041847637587793,0.0031814022534995,0.0029590182118539,0.0021030108174037,-0.0284915492638049,-1.09929233643024,liquidity__2025-08-30,liquidity_state,,,,,,,
2025-08-31,0.001806207107446,0.001125032883646,-0.0046815769120218,0.0055175061503227,-0.0077337523043006,0.0022071554365905,-0.0004009483291444,-0.0005616081324982,liquidity__2025-08-31,liquidity_state,,,,,,,
2025-09-01,-0.0026379660373443,0.0022851487477062,0.0087458239155235,-0.018729606223431,-0.0104669015669678,3.32410561446682e-05,-0.002671207093489,-0.0895662038667358,liquidity__2025-09-01,liquidity_state,,,,,,,
2025-09-02,-0.0139213124754924,4.35248756502915e-05,0.0177838307494902,0.0022473958243995,0.029989403616792,0.0028055891892392,-0.0167269016647316,-0.640774708474396,liquidity__2025-09-02,liquidity_state,,,,,,,
2025-09-03,0.0077841006716497,-0.0026224455843717,0.004465946529141,0.0285964346415248,0.0050865340310473,0.0029977743599777,0.0047863263116719,0.204042075172716,liquidity__2025-09-03,liquidity_state,,,,,,,
2025-09-04,0.0228404316601427,0.0056378205531864,-0.0090686315808987,-0.0351748819791844,-0.0208383055670716,0.000425107245778,0.0224153244143647,0.890262590397254,liquidity__2025-09-04,liquidity_state,,,,,,,
2025-09-05,-0.0199603585648802,0.008083802397568,-0.0005153762303873,0.0022003133413672,0.0086015850320073,0.0029242854183077,-0.022884643983188,-0.882655142146661,liquidity__2025-09-05,liquidity_state,,,,,,,
2025-09-06,0.0034804816025193,-0.0047255833431805,-0.0041092962490019,-0.0078261426308117,-0.0032318159922653,0.0020844123734217,0.0013960692290975,0.0663140305300724,liquidity__2025-09-06,liquidity_state,,,,,,,
2025-09-07,-0.0060325293174976,0.0001148085026798,0.0082426918056359,0.0074140230058024,0.0185102919640592,0.0029994424420647,-0.0090319717595623,-0.349031455344123,liquidity__2025-09-07,liquidity_state,,,,,,,
2025-09-08,0.0103635458596685,-0.0006520045300817,0.0084630828039618,5.2853641745898e-05,0.0199786871984671,0.0028658145104513,0.007497731349217,0.303775331784133,liquidity__2025-09-08,liquidity_state,,,,,,,
2025-09-09,0.005655758359726,0.0004950081369621,-0.0047511499744903,0.0007329355760443,0.002892230031648,0.0028521100283164,0.0028036483314096,0.119497892640073,liquidity__2025-09-09,liquidity_state,,,,,,,
2025-09-10,2.4579829403848e-05,0.0014811374395975,0.0216226319895423,0.0094632950677713,0.0159493471571466,0.0016332644262832,-0.0016086845968794,-0.0517690336530959,liquidity__2025-09-10,liquidity_state,,,,,,,
2025-09-11,0.0130147804541849,0.0003438370663957,0.0135740705002583,0.0252039937942659,0.0129380063885591,0.0026302756616626,0.0103845047925223,0.421466291573627,liquidity__2025-09-11,liquidity_state,,,,,,,
2025-09-12,0.0165986792369743,0.0018976528453542,0.0048296193907351,0.0553205518405839,0.022134536360781,0.0050228241894039,0.0115758550475704,0.466206153157097,liquidity__2025-09-12,liquidity_state,,,,,,,
2025-09-13,0.0333159157140628,0.0041897519586306,-0.0010951943492152,-0.0097977622888567,0.0074396415693165,0.0025316861549004,0.0307842295591624,1.22034804270273,liquidity__2025-09-13,liquidity_state,,,,,,,
2025-09-14,-0.004137367241956,0.0021325451385898,-0.0042115584725088,-0.011982118614327,-0.0177369235497977,0.0009009425304284,-0.0050383097723844,-0.188734978481018,liquidity__2025-09-14,liquidity_state,,,,,,,
2025-09-15,-0.0116735247015818,0.0006496185125719,-0.000956024026502,-0.0194525972927355,-0.0123024103107738,0.0007749333647519,-0.0124484580663337,-0.481100039963923,liquidity__2025-09-15,liquidity_state,,,,,,,
2025-09-16,-0.0099799419688686,0.000941167361919,0.0124509204103624,-0.0048866911595286,0.0124520163717534,0.0017937722898893,-0.0117737142587579,-0.455688914978971,liquidity__2025-09-16,liquidity_state,,,,,,,
2025-09-17,-0.0003172707482086,0.0024309636184511,-0.0029038976524038,0.0196627001772356,0.0221732605901579,0.0046698104131115,-0.0049870811613201,-0.189677434328653,liquidity__2025-09-17,liquidity_state,,,,,,,
2025-09-18,0.0162343564436007,0.0005261183606712,0.0053775802595872,-0.0006410609633213,0.0048588848995798,0.00201748555645,0.0142168708871507,0.571054609671571,liquidity__2025-09-18,liquidity_state,,,,,,,
2025-09-19,0.0050897649777859,0.003460832638062,-0.012060518281892,-0.0257766076551782,-0.0224237708297217,0.0008680590021805,0.0042217059756053,0.174630183776538,liquidity__2025-09-19,liquidity_state,,,,,,,
2025-09-20,-0.0166599719713432,0.0023358206468024,0.0003109718683891,0.0022445297044697,0.0079729006693263,0.0028027905606235,-0.0194627625319667,-0.758374947148777,liquidity__2025-09-20,liquidity_state,,,,,,,
2025-09-21,0.0097129033377889,0.0006093938643978,-0.0040518646354676,-0.0079955697769449,-0.0073323990854952,0.00177208110917,0.0079408222286189,0.329678000923469,liquidity__2025-09-21,liquidity_state,,,,,,,
2025-09-22,-0.0120034651304586,-0.0004580654587904,-0.0223824534062089,-0.0566005932617148,-0.0391313170786809,-0.0003328713274072,-0.0116705938030513,-0.446367837409914,liquidity__2025-09-22,liquidity_state,,,,,,,
2025-09-23,-0.0366528151185435,0.0030893896199231,-0.0062750468185761,-0.0087366460836655,-0.0033532658700004,0.002248683548059,-0.0389014986666025,-1.51932484462183,liquidity__2025-09-23,liquidity_state,,,,,,,
2025-09-24,-0.0135255898392899,0.0018864068322876,0.0118321012812199,-0.002781246983373,0.0078486887252964,0.0015754578789507,-0.0151010477182406,-0.57434314512268,liquidity__2025-09-24,liquidity_state,,,,,,,
2025-09-25,0.0014368325598894,0.0030676795815409,-0.0387443880761307,-0.0693128463416013,-0.0497448078090983,1.8881402844395e-05,0.001417951157045,0.0798542182302136,liquidity__2025-09-25,liquidity_state,,,,,,,
2025-09-26,-0.0350167613722441,5.5775884639786e-06,0.0066399303286388,0.0415133810006871,0.023632360455121,0.0045502923102405,-0.0395670536824846,-1.53637796890315,liquidity__2025-09-26,liquidity_state,,,,,,,
2025-09-27,0.0221678055671433,0.0027701423238859,-0.0009224954593154,-0.0048743696274495,0.0008700231861809,0.0021800161766914,0.0199877893904518,0.815172654442801,liquidity__2025-09-27,liquidity_state,,,,,,,
2025-09-28,0.0083163899753806,0.0007489601158496,0.0227124112907706,0.0300473896984386,0.0190390265579623,0.0023787254486653,0.0059376645267152,0.261063595918847,liquidity__2025-09-28,liquidity_state,,,,,,,
2025-09-29,0.0257207823171406,0.0004511683722476,0.0191768627886315,0.0176838773833587,0.003627001127878,0.0011996900894491,0.0245210922276914,0.990220645977288,liquidity__2025-09-29,liquidity_state,,,,,,,
2025-09-30,0.0122807443548929,0.0024411481753858,-0.0026708949589728,-0.0170409304120849,-0.0095113748924298,0.0012117737434319,0.011068970611461,0.458037236180337,liquidity__2025-09-30,liquidity_state,,,,,,,
2025-10-01,-0.0043676417681055,0.0040899017224553,0.0394460608130824,0.0480991863599556,0.0328687029654162,0.0023898919284876,-0.0067575336965932,-0.246797612105638,liquidity__2025-10-01,liquidity_state,,,,,,,
2025-10-02,0.03788284122313,0.0018091360150585,0.0164348942902226,0.0309201725089974,0.0295979525656485,0.0037638178441418,0.0341190233789882,1.35964701907518,liquidity__2025-10-02,liquidity_state,,,,,,,
2025-10-03,0.02033885025158,0.0040591061243766,0.0139944051003997,0.0064996166124959,0.0120696849949553,0.0019650216058828,0.0183738286456972,0.733331856733754,liquidity__2025-10-03,liquidity_state,,,,,,,
2025-10-04,0.0088862869314745,0.0046904352550498,0.0008786216267164,-0.0061128852937919,-0.0169080559098589,0.0006669950142765,0.008219291917198,0.330156266080194,liquidity__2025-10-04,liquidity_state,,,,,,,
2025-10-05,-0.0021790119175442,0.0011000638990488,0.0088315489166426,0.005996854266856,0.0023000593711763,0.0017087654062644,-0.0038877773238087,-0.145893415010115,liquidity__2025-10-05,liquidity_state,,,,,,,
2025-10-06,0.005833284873475,-0.0009058033347457,0.0097586469520294,0.0371144673802988,0.0211858791642854,0.0039490468039214,0.0018842380695535,0.0817225015386038,liquidity__2025-10-06,liquidity_state,,,,,,,
2025-10-07,0.0257072502700133,0.0018855388491196,-0.0267313442729051,-0.0517232498964795,-0.0205121739228389,0.0015874577595205,0.0241197925104928,0.957489256020831,liquidity__2025-10-07,liquidity_state,,,,,,,
2025-10-08,-0.0229034911132651,0.0019058090957173,0.0155927496402519,0.0171313310847676,0.015121199063671,0.0023613284844764,-0.0252648195977415,-0.990991341908831,liquidity__2025-10-08,liquidity_state,,,,,,,
2025-10-09,0.0105642115904878,0.0002641348846132,-0.0131188557616593,-0.0352089659756682,-0.0238751165616442,0.0005756158318467,0.009988595758641,0.398881238916175,liquidity__2025-10-09,liquidity_state,,,,,,,
2025-10-10,-0.0252532770774501,-0.0007766371969886,-0.0748646664427852,-0.130929465941968,-0.133881047214548,-0.004683124253246,-0.020570152824204,-0.8086035335276,liquidity__2025-10-10,liquidity_state,,,,,,,
2025-10-11,-0.109448960596115,0.0019522210446751,-0.0189936313891934,-0.0218418169420946,-0.001900410539374,0.0031395999008067,-0.112588560496922,-4.3170077936476,liquidity__2025-10-11,liquidity_state,,,,,,,
2025-10-12,-0.0135826979980003,-0.0010826299271151,0.0377092598479614,0.102655260626824,0.0686114639988311,0.0068227755826967,-0.020405473580697,-0.765203379070059,liquidity__2025-10-12,liquidity_state,,,,,,,
2025-10-13,0.0668045895592257,0.0001785378507221,0.0015182184261473,0.021117379722325,0.0212470177674966,0.0042357792742253,0.0625688102850004,2.40767831429347,liquidity__2025-10-13,liquidity_state,,,,,,,
2025-10-14,0.0201416310074087,0.0027843512155705,-0.0190897676027397,-0.0282570794628825,-0.0310704794235299,0.0008078800373143,0.0193337509700944,0.751547115069014,liquidity__2025-10-14,liquidity_state,,,,,,,
2025-10-15,-0.0188526025139382,0.0034702911053266,-0.0199978452875911,-0.0332891832759206,-0.0291447071898254,0.000882474254787,-0.0197350767687252,-0.736751307789086,liquidity__2025-10-15,liquidity_state,,,,,,,
2025-10-16,-0.032744928343817,0.0024806835611457,-0.0239667927177845,-0.0244940311554522,-0.0233010372124269,0.0019447786163397,-0.0346897069601568,-1.30487324608046,liquidity__2025-10-16,liquidity_state,,,,,,,
2025-10-17,-0.0191094587355458,4.91109461933092e-05,-0.0146761898393173,-0.0147853775559081,-0.0231013069395125,0.0013909109982008,-0.0205003697337467,-0.759726402877804,liquidity__2025-10-17,liquidity_state,,,,,,,
2025-10-18,-0.0172623758758341,0.0003627868080826,0.0067171935499459,0.0150413004141985,0.0157253015595948,0.0031650109842013,-0.0204273868600354,-0.756406333157658,liquidity__2025-10-18,liquidity_state,,,,,,,
2025-10-19,0.0199878697353242,4.6901845948355e-05,0.0124122816287873,0.0222966027357092,0.0122264735200801,0.0025980732197648,0.0173897965155593,0.68682161959703,liquidity__2025-10-19,liquidity_state,,,,,,,
2025-10-20,0.0030349347076956,0.0008583778629152,0.017086389327801,-0.0008490460115133,0.0098233494896007,0.0012922973473848,0.0017426373603108,0.0888786117973531,liquidity__2025-10-20,liquidity_state,,,,,,,
2025-10-21,0.0138359641502674,-0.0001877785009085,-0.0202747903227127,-0.0270146166669143,-0.021925851566504,0.0016282939654658,0.0122076701848016,0.489809672311423,liquidity__2025-10-21,liquidity_state,,,,,,,
2025-10-22,-0.0228422466433749,0.0037088909443667,-0.0069182789721598,-0.0176721487520641,-0.0104499715082973,0.0015170762112378,-0.0243593228546127,-0.903791566900332,liquidity__2025-10-22,liquidity_state,,,,,,,
2025-10-23,-0.0187378407506031,-0.0017726950686416,0.0232999612702116,0.013749748468955,0.022928571870569,0.0021206604180612,-0.0208585011686644,-0.767527128161193,liquidity__2025-10-23,liquidity_state,,,,,,,
2025-10-24,0.0140445089882064,0.000110314623722,0.0085631710039937,0.0198951148017805,0.0108753732920768,0.0027828889344166,0.0112616200537897,0.453968137939944,liquidity__2025-10-24,liquidity_state,,,,,,,
2025-10-25,0.0150884835730558,0.0017331453483748,0.0052179153272327,0.0043610008398857,0.0080993465587759,0.0024212608601642,0.0126672227128915,0.508151731976524,liquidity__2025-10-25,liquidity_state,,,,,,,
2025-10-26,0.0023178179467713,-0.0005703237792644,0.0255054594131714,0.0504550465121589,0.0219817082929978,0.0029503032397485,-0.0006324852929772,-0.0027644457916854,liquidity__2025-10-26,liquidity_state,,,,,,,
2025-10-27,0.0347844957157157,-0.000375409604679,-0.0039261006031789,-0.0092848503630733,-0.0064332613555677,0.0017878694948619,0.0329966262208538,1.27731568227231,liquidity__2025-10-27,liquidity_state,,,,,,,
2025-10-28,-0.0049767454688414,-0.0010873876930048,-0.0101958959945705,-0.0342188245267216,-0.0150119574417822,0.0009872418743271,-0.0059639873431685,-0.208874703142294,liquidity__2025-10-28,liquidity_state,,,,,,,
2025-10-29,-0.0200641727905406,0.0005377529088441,-0.0246829772367718,-0.0192310040844443,-0.0013895470624945,0.0037826554715445,-0.0238468282620851,-0.886610649497702,liquidity__2025-10-29,liquidity_state,,,,,,,
2025-10-30,-0.0074836154966107,-0.0014906077115917,-0.0171889556362057,-0.0263290101693681,-0.0325457416748343,0.000581179939637,-0.0080647954362477,-0.281855725178562,liquidity__2025-10-30,liquidity_state,,,,,,,
2025-10-31,-0.0204560446974078,-0.0005571788613245,0.0129960928682813,0.0129384538147566,0.0121583521448798,0.0022576111964578,-0.0227136558938657,-0.837487861409921,liquidity__2025-10-31,liquidity_state,,,,,,,
2025-11-01,0.0022007326323638,-0.0006002920702385,0.0031188294488195,0.0050022581321709,0.0050029419971231,0.0024069748848872,-0.0002062422525234,0.0169944015699546,liquidity__2025-11-01,liquidity_state,,,,,,,
2025-11-02,0.0003267567931359,0.0003412523061214,0.004249797686878,0.008458011222741,-6.42397013628226e-05,0.0020330444014807,-0.0017062876083448,-0.0405078690895319,liquidity__2025-11-02,liquidity_state,,,,,,,
2025-11-03,0.0014647103234075,-8.96973419273195e-05,-0.0366357700307436,-0.0807660315567311,-0.068072308993699,-0.0018702006841354,0.003334911007543,0.151235049610502,liquidity__2025-11-03,liquidity_state,,,,,,,
2025-11-04,-0.0585215512173249,-0.000507412184497,-0.048900360382758,-0.0919553106164273,-0.0309102492263627,0.0016654706638141,-0.0601870218811391,-2.2573187123955,liquidity__2025-11-04,liquidity_state,,,,,,,
2025-11-05,-0.0754221537034923,-0.0032710302067187,0.0233296122720841,0.041004536154805,0.0281573536555868,0.0033223771284884,-0.0787445308319807,-2.92482029291507,liquidity__2025-11-05,liquidity_state,,,,,,,
2025-11-06,0.0087494012633726,0.0001416240503751,-0.0246789743742148,-0.032462844862204,-0.0204514903895365,0.0019809458591423,0.0067684554042303,0.28973713121751,liquidity__2025-11-06,liquidity_state,,,,,,,
2025-11-07,-0.0207384947992892,-0.0006923734826678,0.0190792248009686,0.0355033028645551,0.0468884402531771,0.0049297692229551,-0.0256682640222444,-0.929382756368091,liquidity__2025-11-07,liquidity_state,,,,,,,
2025-11-08,0.020464230108697,0.0012047965555055,-0.0096770557384999,-0.0099427126562385,-0.0104697488666972,0.0020035385698779,0.0184606915388191,0.749777665593345,liquidity__2025-11-08,liquidity_state,,,,,,,
2025-11-09,-0.0084793428479805,-0.0014474826069665,0.0232078992032765,0.0522064665171413,0.0153199488507418,0.00272526937044,-0.0112046122184206,-0.376866826997562,liquidity__2025-11-09,liquidity_state,,,,,,,
2025-11-10,0.0319933801649057,-8.47466788371776e-05,0.0120810011637147,-0.0045352339938027,0.0169774973245147,0.0021718033880838,0.0298215767768218,1.18427202417118,liquidity__2025-11-10,liquidity_state,,,,,,,
2025-11-11,0.0014159598928742,0.00068605237065,-0.0283433134011997,-0.0430098002369927,-0.0352969979915052,0.0009101695133315,0.0005057903795427,0.0716025047378833,liquidity__2025-11-11,liquidity_state,,,,,,,
2025-11-12,-0.0293221990076908,0.0002797908595404,-0.0134284338673396,-0.0006025895982553,-0.003182901092849,0.0031683360017188,-0.0324905350094097,-1.18062376057252,liquidity__2025-11-12,liquidity_state,,,,,,,
2025-11-13,-0.0034459785705855,0.000678912115962,-0.0200166685894629,-0.0556276170596224,-0.0204693718473052,0.0008513087495469,-0.0042972873201325,-0.103598182992281,liquidity__2025-11-13,liquidity_state,,,,,,,
2025-11-14,-0.0223773037498489,-0.0034511643336578,-0.0503239941392408,-0.037263577598269,-0.020405599378357,0.0042151959885333,-0.0265924997383822,-0.953516034779823,liquidity__2025-11-14,liquidity_state,,,,,,,
2025-11-15,-0.0199277575702261,-0.0020044000406045,0.0084815883141899,0.017402645408314,0.0095589309164836,0.0026185761566118,-0.022546333726838,-0.799832025510145,liquidity__2025-11-15,liquidity_state,,,,,,,
2025-11-16,0.0011308201694255,-0.0004723766518885,-0.0134023264382801,-0.0235253332498839,-0.0109069926229424,0.0019079832110578,-0.0007771630416323,0.033192514030185,liquidity__2025-11-16,liquidity_state,,,,,,,
2025-11-17,-0.0232269903536455,-0.0004187636103836,-0.0231578984160663,-0.0210561147419437,-0.0185705405109964,0.0023215255971574,-0.025548515950803,-0.908959945024623,liquidity__2025-11-17,liquidity_state,,,,,,,
2025-11-18,-0.0199154568505016,-0.0012138467332079,0.0087083222292907,0.0306802422532115,0.0218836935937077,0.0039042456921253,-0.0238197025426269,-0.840752580630611,liquidity__2025-11-18,liquidity_state,,,,,,,
2025-11-19,0.0245724249308523,0.0001819117254875,-0.0158298311297074,-0.0325043912749976,-0.0218288897096244,0.0010586825939267,0.0235137423369256,0.964931622632832,liquidity__2025-11-19,liquidity_state,,,,,,,
2025-11-20,-0.0193191776992947,-0.0005283811811978,-0.0553048079599829,-0.0654725513442616,-0.0305679399776935,0.0030801131429697,-0.0223992908422645,-0.784832471119591,liquidity__2025-11-20,liquidity_state,,,,,,,
2025-11-21,-0.0340724810160253,-0.0006325582559192,-0.0170651451432278,-0.0238939200322257,-0.0253026989072254,0.0011762201926238,-0.0352487012086492,-1.26901020704675,liquidity__2025-11-21,liquidity_state,,,,,,,
2025-11-22,-0.032423707105746,-0.0008946707425465,-0.0037691012688263,0.0018758690838653,-0.0031277191802665,0.0023522816829928,-0.0347759887887389,-1.24774788389119,liquidity__2025-11-22,liquidity_state,,,,,,,
2025-11-23,-0.0131181854040143,0.0003885588999246,0.0248522886586855,0.0127053034904687,0.0168408693547164,0.0014972562972526,-0.014615441701267,-0.475409421960463,liquidity__2025-11-23,liquidity_state,,,,,,,
2025-11-24,0.0155198214624157,-0.0006537432479518,0.0177482483188776,0.052687240350509,0.031191583620128,0.0044139893506143,0.0111058321118014,0.508130027369062,liquidity__2025-11-24,liquidity_state,,,,,,,
2025-11-25,0.0330444954258233,0.0031634050942521,-0.0126661427572117,0.0006020792958008,-0.0003198790428449,0.0033447531308175,0.0296997422950058,1.21262290470585,liquidity__2025-11-25,liquidity_state,,,,,,,
2025-11-26,0.0010742329235036,0.0021180160011837,0.0354858897784958,0.0227178742690972,0.0155977294205911,0.0007219038145686,0.0003523291089349,0.0912285404677182,liquidity__2025-11-26,liquidity_state,,,,,,,
2025-11-27,0.0204866182937877,0.0028216858387573,0.0091701850082675,-0.0036866093554586,-0.0048056602739698,0.0008630655459797,0.019623552747808,0.822530626207615,liquidity__2025-11-27,liquidity_state,,,,,,,
2025-11-28,-0.0029854968100728,0.0010925187448016,-0.0045933632127095,0.0054006490446916,-0.0077483078364721,0.0021943998972479,-0.0051798967073208,-0.116977492454655,liquidity__2025-11-28,liquidity_state,,,,,,,
2025-11-29,-0.0008308048116774,0.0015681282896835,-0.0007444049190894,-0.0137624719604066,-0.0046555374666539,0.0014894442281964,-0.0023202490398738,-0.0078494943768163,liquidity__2025-11-29,liquidity_state,,,,,,,
2025-11-30,-0.0109543056557087,9.47908641286688e-05,-0.0050928587679326,0.0005457767257937,-0.0073849628654976,0.0021214421006661,-0.0130757477563748,-0.420548126812889,liquidity__2025-11-30,liquidity_state,,,,,,,
2025-12-01,-0.0089626909363893,-0.0003725871199726,-0.0446688702285716,-0.0665895084383736,-0.0377239085063508,0.0015345594619146,-0.010497250398304,-0.31846421268072,liquidity__2025-12-01,liquidity_state,,,,,,,
2025-12-02,-0.0375620039033144,0.0022898226766336,0.0549667507732643,0.0683729194539344,0.0412535624032415,0.0021793181187082,-0.0397413220220227,-1.43947951543194,liquidity__2025-12-02,liquidity_state,,,,,,,
2025-12-03,0.0439258666909552,0.0016258651784077,0.0232989897259444,0.0622943461118552,0.0250030849524343,0.0037330981298595,0.0401927685610956,1.62677873405962,liquidity__2025-12-03,liquidity_state,,,,,,,
2025-12-04,0.0380687617989395,0.000575421584628,-0.014760760308782,-0.0176503299082871,-0.0185504738066413,0.0016476712242417,0.0364210905746977,1.49428409618842,liquidity__2025-12-04,liquidity_state,,,,,,,
2025-12-05,-0.0130026286704386,0.0011157139820809,-0.0302589994911955,-0.0362708072285631,-0.0228333835523138,0.0022078930249949,-0.0152105216954335,-0.499305067989999,liquidity__2025-12-05,liquidity_state,,,,,,,
2025-12-06,-0.0186510735334409,0.0008676673706737,-0.0009973141937322,0.0055818176973101,0.0024109262541181,0.0026147888680604,-0.0212658624015013,-0.731765678968513,liquidity__2025-12-06,liquidity_state,,,,,,,
2025-12-07,-0.000345375703521,-0.000330200251799,0.0130279924134591,0.0072635830263365,-0.0006572080269826,0.0011404443599242,-0.0014858200634452,0.0359120598463844,liquidity__2025-12-07,liquidity_state,,,,,,,
2025-12-08,0.0036185781651063,4.26541466858055e-05,0.0025270034628661,0.0204973691778552,0.0089136347677225,0.0032156220646864,0.0004029561004198,0.109067633878138,liquidity__2025-12-08,liquidity_state,,,,,,,
2025-12-09,0.0057232470347479,0.0011737521578396,0.0222631700714988,0.0602052983848118,0.0122573409326066,0.0028277788673562,0.0028954681673916,0.205696315181504,liquidity__2025-12-09,liquidity_state,,,,,,,
2025-12-10,0.0294147809806553,0.0006109872685762,-0.0071844158330147,0.0019011691806518,-0.0116044905184083,0.0020452376153474,0.0273695433653079,1.15419427412466,liquidity__2025-12-10,liquidity_state,,,,,,,
2025-12-11,-0.0064852659897276,-0.0002122978884742,0.0055292207424138,-0.0267522767487858,-0.0013650113600149,0.0007600936366269,-0.0072453596263545,-0.199969754610383,liquidity__2025-12-11,liquidity_state,,,,,,,
2025-12-12,-0.0033386062604705,0.0026774968579594,-0.0246969583176888,-0.0480258530762345,-0.0111195338159433,0.0022017671490352,-0.0055403734095057,-0.128062701561412,liquidity__2025-12-12,liquidity_state,,,,,,,
2025-12-13,-0.0160043847154299,0.0002174279210045,-0.000343061395915,0.0095446156455629,0.0070887107004118,0.0030177592691621,-0.019022143984592,-0.655485755828687,liquidity__2025-12-13,liquidity_state,,,,,,,
2025-12-14,0.0071625112612743,-9.66132121114072e-05,-0.0232855973767858,-0.0166036960681826,-0.0177910247761268,0.0025246193947472,0.004637891866527,0.275629823188768,liquidity__2025-12-14,liquidity_state,,,,,,,
2025-12-15,-0.0030866147343395,-0.0002816393883087,-0.0200943714748831,-0.0327537098450685,-0.0150462976357382,0.0019455525463859,-0.0050321672807255,-0.105240948584275,liquidity__2025-12-15,liquidity_state,,,,,,,
2025-12-16,-0.0267687094410043,-0.0004261321630494,0.0164105826665022,-0.000949274719356,0.0041645486307366,0.0009352300199366,-0.027703939460941,-0.99183151324844,liquidity__2025-12-16,liquidity_state,,,,,,,
2025-12-17,0.0083238555718061,-0.0003700419519603,-0.0178898553676614,-0.0436698905155906,-0.0273525026533648,0.0005070708318784,0.0078167847399277,0.406743219291572,liquidity__2025-12-17,liquidity_state,,,,,,,
2025-12-18,-0.0248516319388408,0.0002522807040499,-0.0095315866242948,-0.0029920431950261,-0.0175135312919501,0.0016804335895702,-0.026532065528411,-0.944315681207812,liquidity__2025-12-18,liquidity_state,,,,,,,
2025-12-19,-0.0048538953908945,-0.0021049377024624,0.0301673654446653,0.052075725724074,0.0364531917582198,0.0036327581516229,-0.0084866535425174,-0.240268037390421,liquidity__2025-12-19,liquidity_state,,,,,,,
2025-12-20,0.027136935787663,0.0012840851866506,0.0027688585981255,-0.0003534627376504,0.003769285764875,0.0021875250636479,0.024949410724015,1.07788714469128,liquidity__2025-12-20,liquidity_state,,,,,,,
2025-12-21,0.0039895879549085,0.0026745239637904,0.0034104294572134,0.0081614749091354,-0.0005618630815646,0.0020652307872589,0.0019243571676495,0.163766926654238,liquidity__2025-12-21,liquidity_state,,,,,,,
2025-12-22,0.0069059602245822,-0.0030995070402575,-0.0008516573329053,0.0021066667113984,-0.001712576506101,0.0021932045165883,0.0047127557079938,0.270993976701682,liquidity__2025-12-22,liquidity_state,,,,,,,
2025-12-23,-0.0036023567944703,0.0003416309338746,-0.0129170101015141,-0.0149351699547653,-0.0120835404201536,0.002034689914938,-0.0056370467094083,-0.141632656080618,liquidity__2025-12-23,liquidity_state,,,,,,,
2025-12-24,-0.0196925947242264,-0.0006808353484863,0.0022866928586573,-0.0059545542522023,-0.0015397511810917,0.0016728791818175,-0.0213654739060439,-0.762963400604226,liquidity__2025-12-24,liquidity_state,,,,,,,
2025-12-25,0.002207854744352,-0.0010244340252008,-0.0049656497244932,-0.0147396410782559,-0.0124653200084772,0.0012760121305403,0.0009318426138116,0.128448232848991,liquidity__2025-12-25,liquidity_state,,,,,,,
2025-12-26,-0.0063127688727497,0.0002072605916296,0.0015928643040705,0.0079847765968743,0.0100987095001877,0.0030131758121612,-0.009325944684911,-0.280098797485151,liquidity__2025-12-26,liquidity_state,,,,,,,
2025-12-27,0.0004514963823538,-0.0002631403995039,0.0055511170748197,0.0071787320381844,0.0155100064079079,0.0030207538021053,-0.0025692574197514,-0.0145541231690571,liquidity__2025-12-27,liquidity_state,,,,,,,
2025-12-28,0.0053848635443678,-0.0002805735678741,0.0008083050721712,0.0007015988222498,0.0023850612283489,0.0022989147535291,0.0030859487908386,0.210777623417253,liquidity__2025-12-28,liquidity_state,,,,,,,
2025-12-29,0.0038465550809689,-0.0001264941549621,-0.0087757956588294,-0.0047934435437682,-0.0095822897765032,0.0021402312709145,0.0017063238100544,0.157533183709918,liquidity__2025-12-29,liquidity_state,,,,,,,
2025-12-30,-0.016371927595042,-6.64173345832353e-05,0.0144183503404616,0.0120413337553336,0.0067860492160463,0.0017033571370073,-0.0180752847320493,-0.634868362462961,liquidity__2025-12-30,liquidity_state,,,,,,,
2025-12-31,-0.0014218042744254,-0.0005669727234547,-0.0099112341075269,-0.0011037292610076,-0.0078839140043491,0.0024813822737478,-0.0039031865481732,-0.0674701730535218,liquidity__2025-12-31,liquidity_state,,,,,,,
2026-01-01,0.0091685156472287,-0.0025468665950043,0.0138526573686164,0.0110900949412063,0.014376019379668,0.0022859842930116,0.0068825313542171,0.362981938753173,liquidity__2026-01-01,liquidity_state,,,,,,,
2026-01-02,0.0212942836943206,-0.0009067436358876,0.0136037541202789,0.0405508364880731,0.0281212384045908,0.0042068758750022,0.0170874078193183,0.771096535649512,liquidity__2026-01-02,liquidity_state,,,,,,,
2026-01-03,0.0193328914281672,0.0022860990601287,0.007076662087103,0.0004287362911181,0.0076587865921098,0.0020984354013411,0.017234456026826,0.777131323687221,liquidity__2026-01-03,liquidity_state,,,,,,,
2026-01-04,0.0115002579009875,5.91612858436008e-05,0.0098414038576724,0.0055375633846459,0.0138658367303321,0.0024529892077007,0.0090472686932867,0.452741877483633,liquidity__2026-01-04,liquidity_state,,,,,,,
2026-01-05,0.0065291794563577,0.0004355767911299,0.0253567984127372,0.0257078059334255,0.0294138473784358,0.0027672027633648,0.0037619766929929,0.241129104124953,liquidity__2026-01-05,liquidity_state,,,,,,,
2026-01-06,0.0204631153351826,0.0016797993513435,-0.0019062404384975,0.0212694554968245,0.0013989693473242,0.0030961494060619,0.0173669659291207,0.784578499796401,liquidity__2026-01-06,liquidity_state,,,,,,,
2026-01-07,0.0058932012279164,-0.0008405814417251,-0.0257245937585058,-0.0397473444767762,-0.0251190216006023,0.0015151037370666,0.0043780974908497,0.264544789802963,liquidity__2026-01-07,liquidity_state,,,,,,,
2026-01-08,-0.02617644265721,-0.0008359999803744,-0.0027666249589373,-0.0197447613774475,-0.0083670277543177,0.0012235992446962,-0.0274000419019063,-1.02456061614903,liquidity__2026-01-08,liquidity_state,,,,,,,
2026-01-09,-0.0150167392674767,-0.0006392554746454,-0.0055631313086639,-0.0063250145679347,-0.0040781514708214,0.002201886022192,-0.0172186252896687,-0.612212051733206,liquidity__2026-01-09,liquidity_state,,,,,,,
2026-01-10,-0.007265446510992,0.0008469700784523,-0.0008308587738419,-0.0001857021046021,6.62338248922367e-05,0.0022533230821649,-0.0095187695931569,-0.303024746805502,liquidity__2026-01-10,liquidity_state,,,,,,,
2026-01-11,0.0087286086570124,0.0003805469488966,0.0049629626136766,0.0115163764843036,0.0029635948541688,0.0022818820292418,0.0064467266277705,0.345600222289996,liquidity__2026-01-11,liquidity_state,,,,,,,
2026-01-12,0.0067394927795128,-0.0002202457965481,0.003249165429489,-0.0088287822919745,-0.0036055582040077,0.0013452143520426,0.0053942784274701,0.302688539345232,liquidity__2026-01-12,liquidity_state,,,,,,,
2026-01-13,-0.0117021418007077,-0.0018697139438153,0.0447256191363419,0.0720664045846959,0.0353789848865418,0.0028063612985005,-0.0145085030992083,-0.504122348008515,liquidity__2026-01-13,liquidity_state,,,,,,,
2026-01-14,0.0543347959139844,0.0034874272578306,0.0162689490699748,0.0093318879815651,-0.0006363306600007,0.0009039956824204,0.0534308002315639,2.23005031809913,liquidity__2026-01-14,liquidity_state,,,,,,,
2026-01-15,0.0143193457267117,0.0028190431385084,-0.0139078646911184,-0.0109546790993171,-0.019650526635715,0.0016890023773171,0.0126303433493946,0.586150633742984,liquidity__2026-01-15,liquidity_state,,,,,,,
2026-01-16,-0.0074053192718075,0.0030561272895646,-0.0009160496473832,-0.0068914922789158,0.0014450304568676,0.0021611063634675,-0.0095664256352751,-0.304979527631721,liquidity__2026-01-16,liquidity_state,,,,,,,
2026-01-17,0.0011753612827476,0.001903089868918,-0.0040634543083992,0.0042675465004098,0.0002934635045122,0.002703350560359,-0.0015279892776113,0.0192015293610916,liquidity__2026-01-17,liquidity_state,,,,,,,
2026-01-18,0.0073393673079387,0.0002299738654265,-0.0155950474265616,-0.0079464822861101,-0.0207860729332054,0.0018521079420133,0.0054872593659253,0.309444669669021,liquidity__2026-01-18,liquidity_state,,,,,,,
2026-01-19,-0.021235115006057,0.0001666013506813,-0.0115297875385743,-0.0294266686108973,-0.0088463226625812,0.0017088362662589,-0.022943951272316,-0.850826124662176,liquidity__2026-01-19,liquidity_state,,,,,,,
2026-01-20,-0.0042511642309861,-8.19124361122192e-05,-0.0470179069341121,-0.0820757768138973,-0.0355773308529876,0.00144454274048,-0.0056957069714661,-0.149385581015692,liquidity__2026-01-20,liquidity_state,,,,,,,
2026-01-21,-0.0577414414615447,-0.0055414859865976,0.0118590251588113,0.0146193442121358,0.013752618958673,0.0025308478341502,-0.0602722892956949,-2.35391675910225,liquidity__2026-01-21,liquidity_state,,,,,,,
2026-01-22,0.0098431825201359,-0.0010047814962241,0.0015782005954374,-0.0097611660805609,-0.0030170416600832,0.0015152744951975,0.0083279080249384,0.429406790665709,liquidity__2026-01-22,liquidity_state,,,,,,,
2026-01-23,-0.0054274709571728,-0.001231243708208,0.0014253040405538,0.0022241001396876,0.0001396197393646,0.0021222190417427,-0.0075496899989156,-0.215501403025421,liquidity__2026-01-23,liquidity_state,,,,,,,
2026-01-24,-0.0011473314610839,0.0013629527464758,-0.005743658913996,-0.0021026006356681,-0.0012526460283339,0.0025535992902251,-0.0037009307513091,-0.0580315758586717,liquidity__2026-01-24,liquidity_state,,,,,,,
2026-01-25,0.0051740497644559,0.0001904689518887,-0.0286719018201662,-0.0470771939938572,-0.0280025113664806,0.0013553860183576,0.0038186637460982,0.246215214600788,liquidity__2026-01-25,liquidity_state,,,,,,,
2026-01-26,-0.0320571652747752,-0.0001241330623713,0.0192429540008714,0.0390609025633326,0.0208104775211098,0.0031015036515311,-0.0351586689263063,-1.32849411192205,liquidity__2026-01-26,liquidity_state,,,,,,,
2026-01-27,0.0244259320416838,-0.0013717825101835,0.0096893613859538,0.0323452126229,0.0112663216447011,0.0030817079918332,0.0213442240498505,0.954944930194265,liquidity__2026-01-27,liquidity_state,,,,,,,
2026-01-28,0.016650182735237,-0.0015339852622773,0.0002169188581575,-0.0058950155771651,-0.0010798362999935,0.0019002323907614,0.0147499503444755,0.683879624805664,liquidity__2026-01-28,liquidity_state,,,,,,,
2026-01-29,0.0014894684643884,-0.0004983490661238,-0.0518454673584969,-0.0634301149600658,-0.0338920618754663,0.0025763745116646,-0.0010869060472761,0.0401628480373618,liquidity__2026-01-29,liquidity_state,,,,,,,
2026-01-30,-0.0434244175739131,-0.0041967917640022,-0.0063597634524637,-0.0426819966718686,-0.0144139796600591,0.0004215061680044,-0.0438459237419176,-1.68136316723643,liquidity__2026-01-30,liquidity_state,,,,,,,
2026-01-31,-0.0185081594280803,-0.0021256881873945,-0.0663856304236958,-0.0976780835466977,-0.0484547208572401,0.0018211061162612,-0.0203292655443415,-0.726877932922814,liquidity__2026-01-31,liquidity_state,,,,,,,
2026-02-01,-0.0578236392116018,-0.0007653846141728,-0.0226376386832037,-0.0768593964268049,-0.019084604052388,0.0005576356249996,-0.0583812748366015,-2.24415193703723,liquidity__2026-02-01,liquidity_state,,,,,,,
2026-02-02,-0.0358497255622225,0.0003576381469159,0.0219941171271252,0.0323583798719698,0.0173699562467426,0.0023918480703464,-0.038241573632569,-1.43460967600979,liquidity__2026-02-02,liquidity_state,,,,,,,
2026-02-03,0.0129014617881928,0.000525691046235,-0.0386873256167881,-0.049733647793972,-0.0155605518596467,0.0031192090121092,0.0097822527760835,0.489293747549534,liquidity__2026-02-03,liquidity_state,,,,,,,
2026-02-04,-0.0156669460339494,0.0016780360189798,-0.0359931016381303,-0.0401716353689876,-0.0248685499406491,0.0024718472326421,-0.0181387932665915,-0.64069952234468,liquidity__2026-02-04,liquidity_state,,,,,,,
2026-02-05,-0.026517343481995,0.0007044810181504,-0.150455297788145,-0.161698542384206,-0.0943190800221245,0.0043057310047586,-0.0308230744867537,-1.15813468556219,liquidity__2026-02-05,liquidity_state,,,,,,,
2026-02-06,-0.10700625208958,-0.0026380605548546,0.116134297254858,0.124159900809917,0.0684051548002849,0.0001905226724973,-0.107196774762077,-4.15249548079481,liquidity__2026-02-06,liquidity_state,,,,,,,
2026-02-07,0.0657718753079806,0.0010733020166,-0.0185229907096982,0.0104931177770045,-0.0053448626091601,0.0038146259597758,0.0619572493482047,2.53813025785713,liquidity__2026-02-07,liquidity_state,,,,,,,
2026-02-08,0.0137775157269608,0.0006599322370917,0.0148397739599755,0.0011045060887955,-0.0041062555415294,0.0005335055538396,0.0132440101731212,0.617347376407922,liquidity__2026-02-08,liquidity_state,,,,,,,
2026-02-09,0.0069062946401459,0.0034613562073673,-0.0019345264277124,0.0081373498312364,-0.0001755809420735,0.0025879911287352,0.0043183035114107,0.266170351851321,liquidity__2026-02-09,liquidity_state,,,,,,,
2026-02-10,-0.0028437226705229,-0.000281461066919,-0.0190438750784079,-0.0406525066704981,-0.0139143365456178,0.0016941050842317,-0.0045378277547546,-0.082183122015682,liquidity__2026-02-10,liquidity_state,,,,,,,
2026-02-11,-0.0186248044898036,-0.0002760301607516,-0.026166785082065,-0.0414068381059565,-0.0127618010828634,0.0024160001480474,-0.0210408046378511,-0.728037672031152,liquidity__2026-02-11,liquidity_state,,,,,,,
2026-02-12,-0.0130621144348275,-0.0006840299784158,-0.0117552596398784,0.0043800792158128,0.0029495081753978,0.0036147008160008,-0.0166768152508284,-0.556212550690668,liquidity__2026-02-12,liquidity_state,,,,,,,
2026-02-13,-0.0043707035400402,-0.0006772498260438,0.0377533678420399,0.0497266668132239,0.0203211114908086,0.0016717472053583,-0.0060424507453985,-0.134005910284742,liquidity__2026-02-13,liquidity_state,,,,,,,
2026-02-14,0.0231470489498093,0.0022533728892248,0.0139989415883424,0.0183233861241838,0.0287386651486194,0.0035474142729074,0.0195996346769019,0.873010369140202,liquidity__2026-02-14,liquidity_state,,,,,,,
2026-02-15,0.0077786368904355,0.0003349226365827,-0.0142637061426143,-0.0592316285821868,-0.0184988456287485,0.000355198053892,0.0074234388365435,0.393022518725855,liquidity__2026-02-15,liquidity_state,,,,,,,
2026-02-16,-0.0202176778209555,0.0003399472206737,0.0009173618150359,0.0160793741833061,0.0057525092931065,0.0029991208709388,-0.0232167986918944,-0.812413256285775,liquidity__2026-02-16,liquidity_state,,,,,,,
2026-02-17,0.0028441654829798,0.0007017201371581,-0.0202666462535674,-0.0033111374742178,-0.0069445799548546,0.0034432807850368,-0.0005991153020569,0.0773782005355874,liquidity__2026-02-17,liquidity_state,,,,,,,
2026-02-18,-0.0035769650813364,-0.0006656246619805,-0.0157354150843521,-0.0180454328699318,-0.0158940367996401,0.0019216512823686,-0.0054986163637051,-0.115153375280405,liquidity__2026-02-18,liquidity_state,,,,,,,
2026-02-19,-0.028456866644806,0.0007279461403442,0.0092597715607603,-0.0025826897119039,-6.31366040302339e-05,0.0012371426176521,-0.0296940092624581,-1.0660648777543,liquidity__2026-02-19,liquidity_state,,,,,,,
2026-02-20,0.002932295362342,0.0001005568051652,0.0142960997581234,0.0099561331491155,0.0128969683473272,0.0021019183277292,0.0008303770346128,0.136910548107269,liquidity__2026-02-20,liquidity_state,,,,,,,
2026-02-21,0.0003070358187535,-0.0012398123296932,-0.0008036853213031,0.0016186504837616,-0.0004428590888281,0.0022675748321112,-0.0019605390133576,0.0283895454149236,liquidity__2026-02-21,liquidity_state,,,,,,,
2026-02-22,0.003305427182493,-0.000177203408608,-0.0048934660570321,-0.0078999197367997,-0.0125806059448301,0.0014664902959824,0.0018389368865105,0.174472862180042,liquidity__2026-02-22,liquidity_state,,,,,,,
2026-02-23,-0.0095470972635176,0.0027952794004235,-0.0451856374085686,-0.0533353397360514,-0.0219003178579555,0.0031459986651397,-0.0126930959286574,-0.39637673774333,liquidity__2026-02-23,liquidity_state,,,,,,,
2026-02-24,-0.0319182567749294,-0.0002027311714591,-0.0082723452314805,-0.0012588044322097,-0.0013348997514768,0.0028071182211752,-0.0347253749961047,-1.25950782286555,liquidity__2026-02-24,liquidity_state,,,,,,,
2026-02-25,-0.0029247196309363,0.0002046176923649,0.0592436920010648,0.105083341788219,0.0425319608731947,0.0029811016265322,-0.0059058212574685,-0.132264518950885,liquidity__2026-02-25,liquidity_state,,,,,,,
2026-02-26,0.0515098536178229,0.0018404488764964,-0.0077977462791736,-0.0151508426487457,-0.0086168366770031,0.0018093105711387,0.0497005430466842,2.07060365818555,liquidity__2026-02-26,liquidity_state,,,,,,,
2026-02-27,-0.0060186852492059,-0.0007165379485236,-0.0236800993776054,-0.0487657368122072,-0.0160045527193553,0.0017256661288701,-0.007744351378076,-0.21781058319397,liquidity__2026-02-27,liquidity_state,,,,,,,
2026-02-28,-0.0222549707337265,0.0060651096124928,0.0161548186742504,0.0171925995645612,0.0074009136059842,0.0017426831041443,-0.0239976538378709,-0.863649620490495,liquidity__2026-02-28,liquidity_state,,,,,,,
2026-03-01,0.0076420125928713,0.0005335153277243,-0.017972248220131,-0.012579876318612,-0.0075995278936602,0.0029038673500372,0.004738145242834,0.282192719463906,liquidity__2026-03-01,liquidity_state,,,,,,,
2026-03-02,-0.0101576329240167,-0.0005348194243381,0.0451988420485723,0.0439660405938262,0.0159183052899365,0.000484778337293,-0.0106424112613097,-0.330323662223347,liquidity__2026-03-02,liquidity_state,,,,,,,
2026-03-03,0.0258887156623828,0.0025893434527155,-0.0071803486827164,-0.0221740287521914,-0.0063044543179593,0.0017112156234052,0.0241775000389776,1.08154063764575,liquidity__2026-03-03,liquidity_state,,,,,,,
2026-03-04,-0.0151170479316889,0.0007249943878129,0.0615715781627149,0.0705623045330723,0.0250273000517787,0.0004387069931582,-0.0155557549248471,-0.550298050832208,liquidity__2026-03-04,liquidity_state,,,,,,,
2026-03-05,0.0437208951986605,0.0026128114416543,-0.0248133694655301,-0.0260914523451916,-0.0109958124484031,0.0028811668128331,0.0408397283858274,1.77624529578275,liquidity__2026-03-05,liquidity_state,,,,,,,
2026-03-06,-0.0052503705078095,0.003174902888805,-0.0400370328210471,-0.046497941586205,-0.0161767296430106,0.0032961385939522,-0.0085465091017617,-0.259047676784474,liquidity__2026-03-06,liquidity_state,,,,,,,
2026-03-07,-0.0255262598008485,0.0005524372312244,-0.0127047752355907,-0.0049446700549999,-0.0059935610441286,0.0027638134684158,-0.0282900732692644,-1.07547536945959,liquidity__2026-03-07,liquidity_state,,,,,,,
2026-03-08,-3.67595105181806e-05,-5.32325881970053e-05,-0.0191858443875343,-0.0163566413877598,-0.0054870255674508,0.0030582516119159,-0.003095011122434,-0.0338809016465927,liquidity__2026-03-08,liquidity_state,,,,,,,
2026-03-09,-0.0069391957593403,0.0004662584413175,0.0367166602865119,0.0286291970796411,0.0163234048058811,0.0008390786771888,-0.0077782744365291,-0.226207635974217,liquidity__2026-03-09,liquidity_state,,,,,,,
2026-03-10,0.0208782811576569,0.0035582751037175,0.0218526679389743,0.0215160500468201,0.0068211738124262,0.0013022633723333,0.0195760177853235,0.902608097915269,liquidity__2026-03-10,liquidity_state,,,,,,,
2026-03-11,0.0019271054430696,0.0009134356296769,0.0035997979577171,0.0075737450585791,0.0063389986699071,0.0025381169492453,-0.0006110115061757,0.0569724851099282,liquidity__2026-03-11,liquidity_state,,,,,,,
2026-03-12,-0.0052281470915289,0.0009065621195887,0.004948447377524,0.0105645352899586,0.0008157701444702,0.0020964670458162,-0.0073246141373451,-0.220407470419253,liquidity__2026-03-12,liquidity_state,,,,,,,
2026-03-13,0.0148432784263122,0.0011653135944875,0.0054042090757118,0.0089108142349783,0.0071639249642068,0.0024719339321362,0.0123713444941759,0.603488766559695,liquidity__2026-03-13,liquidity_state,,,,,,,
2026-03-14,-0.0044258165357078,0.0013778691641448,0.0040667134388652,0.0019456487633124,0.0026264114377916,0.002052299562471,-0.0064781160981788,-0.186544152596232,liquidity__2026-03-14,liquidity_state,,,,,,,
2026-03-15,0.0074587978166853,-0.0001172332660743,0.0221706113627871,0.0382900592840274,0.0115618595030682,0.0021262123663549,0.0053325854503304,0.310505801186566,liquidity__2026-03-15,liquidity_state,,,,,,,
2026-03-16,0.0185622991670655,-3.30702136714933e-05,0.0279137516621919,0.0770960381613603,0.0233665606622822,0.0036302364672444,0.0149320626998211,0.712695213901207,liquidity__2026-03-16,liquidity_state,,,,,,,
2026-03-17,0.0274153778051804,0.0001216674513848,-0.0128773426584043,-0.0150503059446629,-0.0052562691827411,0.0025302325435202,0.0248851452616602,1.12385164744763,liquidity__2026-03-17,liquidity_state,,,,,,,
2026-03-18,-0.0047714889674495,0.0008673059119672,-0.0369409340749698,-0.0506890592822744,-0.0200199885360632,0.0026003938376221,-0.0073718828050716,-0.225715810036366,liquidity__2026-03-18,liquidity_state,,,,,,,
2026-03-19,-0.0342675688641627,-0.001799187760433,-0.0187535916568145,-0.0301795106944045,-0.0132712733303464,0.0020294616010925,-0.0362970304652552,-1.4303605791223,liquidity__2026-03-19,liquidity_state,,,,,,,
2026-03-20,-0.0188951642171524,0.0016872431799477,0.0083226646033409,0.003790273540682,0.0052264513849813,0.0019050162524085,-0.0208001804695609,-0.778008159300783,liquidity__2026-03-20,liquidity_state,,,,,,,
2026-03-21,0.0145391866664148,-9.19706784756613e-05,-0.0228715903032253,-0.0290491420874552,-0.0137506138351711,0.0024095608194551,0.0121296258469597,0.596306995562483,liquidity__2026-03-21,liquidity_state,,,,,,,
2026-03-22,-0.0091019197428039,0.0007400270666408,-0.0155933967110489,-0.0150289652993294,-0.005720819643642,0.002748228513639,-0.0118501482564429,-0.407399518292454,liquidity__2026-03-22,liquidity_state,,,,,,,
2026-03-23,-0.0254846962005324,-0.0004342576841231,0.0440158584616697,0.0466895641571181,0.0152031575984886,0.0006235792305821,-0.0261082754311146,-0.999736983344302,liquidity__2026-03-23,liquidity_state,,,,,,,
2026-03-24,0.025958702730609,-0.001123529875624,-0.0051152715193811,0.0018499126012976,0.0037947660215138,0.0029858710319148,0.0229728316986942,1.0518065091924,liquidity__2026-03-24,liquidity_state,,,,,,,
2026-03-25,0.0024718346022716,0.0008032621186799,0.0108757351833226,0.0058885624009867,0.0069513333147774,0.0018586429093758,0.0006131916928957,0.121016438716718,liquidity__2026-03-25,liquidity_state,,,,,,,
2026-03-26,0.0083968815588164,0.000504168026481,-0.0361637289159518,-0.0517132059983298,-0.0231055998625678,0.0022704290957216,0.0061264524630947,0.352363120775497,liquidity__2026-03-26,liquidity_state,,,,,,,
2026-03-27,-0.0277359214966744,-0.0012534112136712,-0.035365428218844,-0.0330048559745366,-0.0180653669915607,0.0031301033611428,-0.0308660248578172,-1.19479534719166,liquidity__2026-03-27,liquidity_state,,,,,,,
2026-03-28,-0.0178340884796562,-0.0007421108376846,-0.0008868469022154,0.0004573269033194,0.0044802612918282,0.0026028388726141,-0.0204369273522703,-0.755861005304991,liquidity__2026-03-28,liquidity_state,,,,,,,
2026-03-29,0.0028452834091368,-0.0001997614474724,-0.0054518698571275,-0.0050710651470726,-0.0046371538552136,0.002188125747116,0.0006571576620208,0.121975220576166,liquidity__2026-03-29,liquidity_state,,,,,,,
2026-03-30,0.0002588439606157,0.0008552184660146,0.0116521402640259,0.0208346207421579,0.0024206763365803,0.0019025375309047,-0.001643693570289,0.022646810314698,liquidity__2026-03-30,liquidity_state,,,,,,,
2026-03-31,0.0008028827189079,0.0008645248663867,0.0219384380632608,0.0382134389501694,0.0033431220722235,0.0015402829517634,-0.0007374002328554,0.0590594796926199,liquidity__2026-03-31,liquidity_state,,,,,,,
2026-04-01,0.023954432536037,0.0010937155830959,-0.0020209669783568,0.0170663473960833,0.0009105976714138,0.0029444412755784,0.0210099912604586,0.973658926716996,liquidity__2026-04-01,liquidity_state,,,,,,,
2026-04-02,-0.0081488367567068,0.000610736238098,-0.0177555728137015,-0.0395642708504234,-0.0162011347078774,0.0014391317197582,-0.0095879684764651,-0.310186687212624,liquidity__2026-04-02,liquidity_state,,,,,,,
2026-04-03,-0.0175786576187633,0.0006848722806758,0.0010899575458669,-0.0015674911363641,0.0046233926065717,0.0023694068417459,-0.0199480644605093,-0.748694912337272,liquidity__2026-04-03,liquidity_state,,,,,,,
2026-04-04,-0.00431639931681,0.0011054972317694,0.0049466741702683,0.0056738643459386,0.0043178758016928,0.0022074350424909,-0.0065238343593009,-0.18143809735651,liquidity__2026-04-04,liquidity_state,,,,,,,
2026-04-05,0.0052936841899828,-0.0001557230192723,0.0250921181092849,0.0210031072498111,0.0043192018681601,0.0008025906658912,0.0044910935240916,0.282784569816465,liquidity__2026-04-05,liquidity_state,,,,,,,
2026-04-06,0.014922861596105,2.72078505929585e-05,-0.0021980001503134,-0.0010684395488782,-0.0056231966399558,0.0019345033631707,0.0129883582329343,0.638776518245616,liquidity__2026-04-06,liquidity_state,,,,,,,
2026-04-07,-0.0188951591902615,0.0114846483511286,0.0435500532049016,0.0611329182381146,0.0259528515520202,0.0018924730626227,-0.0207876322528843,-0.80161163685626,liquidity__2026-04-07,liquidity_state,,,,,,,
2026-04-08,0.0356453123602662,0.0020421085865756,-0.0116114714894024,-0.0224301502115658,-0.0132376309213207,0.0016034449357318,0.0340418674245344,1.53010863547746,liquidity__2026-04-08,liquidity_state,,,,,,,
2026-04-09,-0.0089428433484712,0.0033927043831987,0.0098660033407078,-0.0001127542549648,0.0052633630341354,0.0016474379298709,-0.0105902812783422,-0.372962565605794,liquidity__2026-04-09,liquidity_state,,,,,,,
2026-04-10,0.0067618074147759,0.000631135108442,0.0164977560607653,0.0252210848992265,0.0052299539302183,0.0017924720894698,0.0049693353253061,0.301357061915153,liquidity__2026-04-10,liquidity_state,,,,,,,
2026-04-11,0.0120008652902897,0.0020073938456839,0.0065556159072066,0.0181337206319396,-0.0012616898515425,0.002022238472753,0.0099786268175366,0.513307134202764,liquidity__2026-04-11,liquidity_state,,,,,,,
2026-04-12,0.0081794095671945,0.0003137890919404,0,0,-0.0133633646856772,0.0011931586687809,0.0069862508984136,0.384922415485256,liquidity__2026-04-12,liquidity_state,,,,,,,
2026-04-13,-0.025929613792254,0.0001502455857966,0,0,0.0206542979826239,0.0036978115879139,-0.0296274253801679,-1.19508393756362,liquidity__2026-04-13,liquidity_state,,,,,,,
2026-04-14,0.0326096078391593,0.0005563859396353,0,0,-0.0055742976109023,0.0017666522029012,0.0308429556362581,1.41622311219376,liquidity__2026-04-14,liquidity_state,,,,,,,
,,,,,,,,,mechanics__correlation__btc_ret__d_log_mvrv,measurement,correlation__btc_ret__d_log_mvrv,0.996600085636909,2294,2020-01-02,2026-04-13,measurement-mechanics diagnostic; excluded from primary BTC/ETH models,BTC return vs. MVRV log change
,,,,,,,,,mechanics__correlation__d_log_mvrv__d_log_market_cap,measurement,correlation__d_log_mvrv__d_log_market_cap,0.996624601995104,2294,2020-01-02,2026-04-13,measurement-mechanics diagnostic; excluded from primary BTC/ETH models,MVRV log change vs. market-cap log change
,,,,,,,,,mechanics__correlation__d_log_mvrv__d_log_realized_cap,measurement,correlation__d_log_mvrv__d_log_realized_cap,0.171129829809746,2291,2020-01-02,2026-04-10,measurement-mechanics diagnostic; excluded from primary BTC/ETH models,MVRV log change vs. realized-cap log change
,,,,,,,,,mechanics__correlation__btc_ret__identity_residual,measurement,correlation__btc_ret__identity_residual,-0.022417247871124,2291,2020-01-02,2026-04-10,measurement-mechanics diagnostic; excluded from primary BTC/ETH models,BTC return vs. MVRV identity residual
