date,asset,feature_id,beta,se_hac,ci_low,ci_high,r_squared,window,n,sample_start,sample_end
2020-12-31,BTC,qqq_ret,0.0117737122478682,0.215186792155046,-0.409984650324728,0.433532074820465,0.34429083176762,252,252,2020-01-03,2020-12-31
2020-12-31,BTC,vix_d1,-0.00647498193892389,0.00255697536642275,-0.0114865615664686,-0.00146340231137919,0.34429083176762,252,252,2020-01-03,2020-12-31
2020-12-31,BTC,dxy_ret,-1.69272235623398,0.51758854857983,-2.70717727026081,-0.678267442207157,0.34429083176762,252,252,2020-01-03,2020-12-31
2020-12-31,BTC,real_yield_d1,0.0453076958019739,0.0539435072087889,-0.0604196355270291,0.151035027130977,0.34429083176762,252,252,2020-01-03,2020-12-31
2020-12-31,BTC,gold_ret,0.971453677038844,0.255717079309409,0.47025741136063,1.47264994271706,0.34429083176762,252,252,2020-01-03,2020-12-31
2021-01-08,BTC,qqq_ret,0.019020894799855,0.210839818437675,-0.394217555844952,0.432259345444662,0.330611950185597,252,252,2020-01-10,2021-01-08
2021-01-08,BTC,vix_d1,-0.00644525721177578,0.00255310528561936,-0.0114492516203286,-0.00144126280322298,0.330611950185597,252,252,2020-01-10,2021-01-08
2021-01-08,BTC,dxy_ret,-1.69460851078772,0.518374204955468,-2.71060328301502,-0.678613738560413,0.330611950185597,252,252,2020-01-10,2021-01-08
2021-01-08,BTC,real_yield_d1,0.0499076179180548,0.0515776855117095,-0.0511827880908292,0.150998023926939,0.330611950185597,252,252,2020-01-10,2021-01-08
2021-01-08,BTC,gold_ret,0.910920954921095,0.245077656910189,0.43057757396166,1.39126433588053,0.330611950185597,252,252,2020-01-10,2021-01-08
2021-01-15,BTC,qqq_ret,0.053665424170015,0.214588447116389,-0.366920203676485,0.474251052016515,0.327753357669065,252,252,2020-01-17,2021-01-15
2021-01-15,BTC,vix_d1,-0.00637830514051027,0.00251405469608543,-0.0113057618000015,-0.00145084848101904,0.327753357669065,252,252,2020-01-17,2021-01-15
2021-01-15,BTC,dxy_ret,-1.73957453817162,0.500911544990017,-2.72134312579236,-0.757805950550868,0.327753357669065,252,252,2020-01-17,2021-01-15
2021-01-15,BTC,real_yield_d1,0.0505804154681044,0.0490242416293863,-0.0455053324948819,0.146666163431091,0.327753357669065,252,252,2020-01-17,2021-01-15
2021-01-15,BTC,gold_ret,0.891642974625031,0.24742947449373,0.406690115903648,1.37659583334641,0.327753357669065,252,252,2020-01-17,2021-01-15
2021-01-25,BTC,qqq_ret,0.043592650207692,0.205935128311852,-0.360032784435173,0.447218084850557,0.306543956938233,252,252,2020-01-27,2021-01-25
2021-01-25,BTC,vix_d1,-0.00642315713006527,0.0025117872202635,-0.0113461696186097,-0.00150014464152084,0.306543956938233,252,252,2020-01-27,2021-01-25
2021-01-25,BTC,dxy_ret,-1.56534047642388,0.521993255789757,-2.58842845794461,-0.542252494903152,0.306543956938233,252,252,2020-01-27,2021-01-25
2021-01-25,BTC,real_yield_d1,0.034864623704276,0.0540209940026143,-0.0710145789499022,0.140743826358454,0.306543956938233,252,252,2020-01-27,2021-01-25
2021-01-25,BTC,gold_ret,0.843717610530753,0.253719777855735,0.346435983768009,1.3409992372935,0.306543956938233,252,252,2020-01-27,2021-01-25
2021-02-01,BTC,qqq_ret,0.0308685206405733,0.176399669322977,-0.314868478117236,0.376605519398382,0.315761787436182,252,252,2020-02-03,2021-02-01
2021-02-01,BTC,vix_d1,-0.00637411290783552,0.00221633555051746,-0.0107180507645055,-0.00203017505116555,0.315761787436182,252,252,2020-02-03,2021-02-01
2021-02-01,BTC,dxy_ret,-1.64406285883912,0.503144163515398,-2.63020729836083,-0.657918419317405,0.315761787436182,252,252,2020-02-03,2021-02-01
2021-02-01,BTC,real_yield_d1,0.0378171829644356,0.0531842023487122,-0.0664219381855308,0.142056304114402,0.315761787436182,252,252,2020-02-03,2021-02-01
2021-02-01,BTC,gold_ret,0.835759036625615,0.24523641116992,0.355104503034715,1.31641357021651,0.315761787436182,252,252,2020-02-03,2021-02-01
2021-02-08,BTC,qqq_ret,0.0364032447519023,0.175663919958199,-0.307891711749294,0.380698201253098,0.307892014009353,252,252,2020-02-10,2021-02-08
2021-02-08,BTC,vix_d1,-0.00639552477835589,0.00217612482759709,-0.0106606510663096,-0.00213039849040216,0.307892014009353,252,252,2020-02-10,2021-02-08
2021-02-08,BTC,dxy_ret,-1.67310995137035,0.501812975284234,-2.65664530990234,-0.689574592838365,0.307892014009353,252,252,2020-02-10,2021-02-08
2021-02-08,BTC,real_yield_d1,0.0385015690727971,0.0540070881448639,-0.0673503786010162,0.14435351674661,0.307892014009353,252,252,2020-02-10,2021-02-08
2021-02-08,BTC,gold_ret,0.855663897940828,0.243902694523235,0.377623400943014,1.33370439493864,0.307892014009353,252,252,2020-02-10,2021-02-08
2021-02-16,BTC,qqq_ret,0.0489096986099346,0.176188874561067,-0.296414150006402,0.394233547226271,0.30257396959064,252,252,2020-02-18,2021-02-16
2021-02-16,BTC,vix_d1,-0.00634455567352825,0.00217869866115759,-0.0106147265825628,-0.00207438476449374,0.30257396959064,252,252,2020-02-18,2021-02-16
2021-02-16,BTC,dxy_ret,-1.64926271223718,0.500583392604568,-2.63038813300101,-0.668137291473355,0.30257396959064,252,252,2020-02-18,2021-02-16
2021-02-16,BTC,real_yield_d1,0.0390402741469305,0.0527845565831489,-0.0644155556959579,0.142496103989819,0.30257396959064,252,252,2020-02-18,2021-02-16
2021-02-16,BTC,gold_ret,0.825519242371932,0.240763597420909,0.353631262638649,1.29740722210521,0.30257396959064,252,252,2020-02-18,2021-02-16
2021-02-23,BTC,qqq_ret,0.0752089378607358,0.175943803271075,-0.269634579853572,0.420052455575044,0.297964482933878,252,252,2020-02-25,2021-02-23
2021-02-23,BTC,vix_d1,-0.00636551603056433,0.00214810236409419,-0.0105757192992943,-0.00215531276183436,0.297964482933878,252,252,2020-02-25,2021-02-23
2021-02-23,BTC,dxy_ret,-1.55039867481703,0.498801737858167,-2.52803211644502,-0.572765233189032,0.297964482933878,252,252,2020-02-25,2021-02-23
2021-02-23,BTC,real_yield_d1,0.0437288185767899,0.0485562053254934,-0.0514395950871092,0.138897232240689,0.297964482933878,252,252,2020-02-25,2021-02-23
2021-02-23,BTC,gold_ret,0.814613130216868,0.235556106848724,0.352931644454901,1.27629461597884,0.297964482933878,252,252,2020-02-25,2021-02-23
2021-03-02,BTC,qqq_ret,0.102961004802033,0.177572134938392,-0.245073984335103,0.450995993939168,0.313070551534324,252,252,2020-03-03,2021-03-02
2021-03-02,BTC,vix_d1,-0.00665523395035691,0.00205737563566759,-0.0106876160989356,-0.00262285180177823,0.313070551534324,252,252,2020-03-03,2021-03-02
2021-03-02,BTC,dxy_ret,-1.41690822613753,0.465430584629581,-2.32913540931493,-0.50468104296013,0.313070551534324,252,252,2020-03-03,2021-03-02
2021-03-02,BTC,real_yield_d1,0.0426447431567673,0.0441913627125376,-0.0439687361875526,0.129258222501087,0.313070551534324,252,252,2020-03-03,2021-03-02
2021-03-02,BTC,gold_ret,0.811937910772067,0.245201607225549,0.331351591658656,1.29252422988548,0.313070551534324,252,252,2020-03-03,2021-03-02
2021-03-09,BTC,qqq_ret,0.0223769723289444,0.183929591609036,-0.338118402915927,0.382872347573815,0.296568555470137,252,252,2020-03-10,2021-03-09
2021-03-09,BTC,vix_d1,-0.00692500261791527,0.00216662073870777,-0.0111715012339401,-0.00267850400189047,0.296568555470137,252,252,2020-03-10,2021-03-09
2021-03-09,BTC,dxy_ret,-1.29736611159753,0.422436708643306,-2.12532684628605,-0.469405376909013,0.296568555470137,252,252,2020-03-10,2021-03-09
2021-03-09,BTC,real_yield_d1,0.0600975484110478,0.0407537746713899,-0.019778382178937,0.139973479001033,0.296568555470137,252,252,2020-03-10,2021-03-09
2021-03-09,BTC,gold_ret,0.839853392057548,0.251569091265214,0.346787033554259,1.33291975056084,0.296568555470137,252,252,2020-03-10,2021-03-09
2021-03-16,BTC,qqq_ret,0.128860452832732,0.141868085817447,-0.149195885925102,0.406916791590566,0.131749293471181,252,252,2020-03-17,2021-03-16
2021-03-16,BTC,vix_d1,-0.00394624184908665,0.0010495832691403,-0.00600338725537746,-0.00188909644279585,0.131749293471181,252,252,2020-03-17,2021-03-16
2021-03-16,BTC,dxy_ret,-0.981239209400203,0.385587058069269,-1.73697595612072,-0.225502462679682,0.131749293471181,252,252,2020-03-17,2021-03-16
2021-03-16,BTC,real_yield_d1,0.0676355823785662,0.0300186178795843,0.00880017246891088,0.126470992288222,0.131749293471181,252,252,2020-03-17,2021-03-16
2021-03-16,BTC,gold_ret,0.628936148110068,0.186788960542911,0.26283651273629,0.995035783483847,0.131749293471181,252,252,2020-03-17,2021-03-16
2021-03-23,BTC,qqq_ret,0.155405387908139,0.155942902388901,-0.150237084418752,0.461047860235029,0.127794915711972,252,252,2020-03-24,2021-03-23
2021-03-23,BTC,vix_d1,-0.00336096942324351,0.00102162584147203,-0.00536331927820412,-0.0013586195682829,0.127794915711972,252,252,2020-03-24,2021-03-23
2021-03-23,BTC,dxy_ret,-1.13688010848104,0.424002099571292,-1.96790895301014,-0.305851263951946,0.127794915711972,252,252,2020-03-24,2021-03-23
2021-03-23,BTC,real_yield_d1,0.0511287201932791,0.0545441287291426,-0.0557758076839568,0.158033248070515,0.127794915711972,252,252,2020-03-24,2021-03-23
2021-03-23,BTC,gold_ret,0.696904249504726,0.188487209824466,0.327476106702328,1.06633239230712,0.127794915711972,252,252,2020-03-24,2021-03-23
2021-03-30,BTC,qqq_ret,0.237772822335515,0.16726428646603,-0.090059155037694,0.565604799708724,0.12243047029622,252,252,2020-03-31,2021-03-30
2021-03-30,BTC,vix_d1,-0.00303129278570849,0.0011617838903656,-0.00530834736864389,-0.000754238202773085,0.12243047029622,252,252,2020-03-31,2021-03-30
2021-03-30,BTC,dxy_ret,-1.21266504691024,0.461315476536062,-2.11682676643186,-0.308503327388628,0.12243047029622,252,252,2020-03-31,2021-03-30
2021-03-30,BTC,real_yield_d1,0.0525761954967761,0.0569182171403858,-0.0589814601626103,0.164133851156163,0.12243047029622,252,252,2020-03-31,2021-03-30
2021-03-30,BTC,gold_ret,0.663743253582132,0.191065185478082,0.289262371345626,1.03822413581864,0.12243047029622,252,252,2020-03-31,2021-03-30
2021-04-07,BTC,qqq_ret,0.211224528009651,0.186809679700915,-0.154915716167605,0.577364772186907,0.115952213350692,252,252,2020-04-07,2021-04-07
2021-04-07,BTC,vix_d1,-0.00337409226196947,0.00122105185493311,-0.00576730992089419,-0.000980874603044743,0.115952213350692,252,252,2020-04-07,2021-04-07
2021-04-07,BTC,dxy_ret,-1.15957386650711,0.483259619721843,-2.10674531634445,-0.212402416669775,0.115952213350692,252,252,2020-04-07,2021-04-07
2021-04-07,BTC,real_yield_d1,0.0665304007387245,0.0618819682857996,-0.0547560283938925,0.187816829871341,0.115952213350692,252,252,2020-04-07,2021-04-07
2021-04-07,BTC,gold_ret,0.635471815623005,0.20192216816154,0.239711638346147,1.03123199289986,0.115952213350692,252,252,2020-04-07,2021-04-07
2021-04-14,BTC,qqq_ret,0.238221789461059,0.193015788196393,-0.140082203851482,0.616525782773601,0.12789599041546,252,252,2020-04-15,2021-04-14
2021-04-14,BTC,vix_d1,-0.00325724614433016,0.00123739086839728,-0.00568248768118757,-0.000832004607472759,0.12789599041546,252,252,2020-04-15,2021-04-14
2021-04-14,BTC,dxy_ret,-1.24716377402692,0.495028940781317,-2.21740266926331,-0.276924878790529,0.12789599041546,252,252,2020-04-15,2021-04-14
2021-04-14,BTC,real_yield_d1,0.0589720684313843,0.0628748789008469,-0.064260429746593,0.182204566609362,0.12789599041546,252,252,2020-04-15,2021-04-14
2021-04-14,BTC,gold_ret,0.717438817990755,0.200074450009127,0.325300101746206,1.1095775342353,0.12789599041546,252,252,2020-04-15,2021-04-14
2021-04-21,BTC,qqq_ret,0.25464820562007,0.21180263487629,-0.160477330568146,0.669773741808287,0.114510699071286,252,252,2020-04-22,2021-04-21
2021-04-21,BTC,vix_d1,-0.00310225593376863,0.0013217302169243,-0.00569279955621856,-0.000511712311318696,0.114510699071286,252,252,2020-04-22,2021-04-21
2021-04-21,BTC,dxy_ret,-1.15596414693317,0.489452920367171,-2.11527424298077,-0.196654050885559,0.114510699071286,252,252,2020-04-22,2021-04-21
2021-04-21,BTC,real_yield_d1,0.0319888708880896,0.0727903877052146,-0.110677667434838,0.174655409211017,0.114510699071286,252,252,2020-04-22,2021-04-21
2021-04-21,BTC,gold_ret,0.658917742542774,0.205591691509164,0.255965431664143,1.06187005342141,0.114510699071286,252,252,2020-04-22,2021-04-21
2021-04-28,BTC,qqq_ret,0.268595969577719,0.21661904242149,-0.155969551933956,0.693161491089395,0.111249467127366,252,252,2020-04-29,2021-04-28
2021-04-28,BTC,vix_d1,-0.0030789495417592,0.00137499967098428,-0.0057738993756428,-0.000383999707875595,0.111249467127366,252,252,2020-04-29,2021-04-28
2021-04-28,BTC,dxy_ret,-1.0640937492825,0.489917712679075,-2.02431482152173,-0.103872677043272,0.111249467127366,252,252,2020-04-29,2021-04-28
2021-04-28,BTC,real_yield_d1,0.0271202941173867,0.0740986754222112,-0.118110441012271,0.172351029247044,0.111249467127366,252,252,2020-04-29,2021-04-28
2021-04-28,BTC,gold_ret,0.655264070677771,0.205028230398315,0.253416123283093,1.05711201807245,0.111249467127366,252,252,2020-04-29,2021-04-28
2021-05-05,BTC,qqq_ret,0.22317349812966,0.21870434881616,-0.205479148812299,0.65182614507162,0.103937333863446,252,252,2020-05-06,2021-05-05
2021-05-05,BTC,vix_d1,-0.00316783075595026,0.00138644612929262,-0.00588521523586875,-0.000450446276031761,0.103937333863446,252,252,2020-05-06,2021-05-05
2021-05-05,BTC,dxy_ret,-1.08027092101351,0.481366258931143,-2.02373145189133,-0.136810390135689,0.103937333863446,252,252,2020-05-06,2021-05-05
2021-05-05,BTC,real_yield_d1,0.00896817874193614,0.076749717196169,-0.141458502786189,0.159394860270062,0.103937333863446,252,252,2020-05-06,2021-05-05
2021-05-05,BTC,gold_ret,0.628276348739678,0.200980807827464,0.234361203814082,1.02219149366527,0.103937333863446,252,252,2020-05-06,2021-05-05
2021-05-12,BTC,qqq_ret,0.290681050245045,0.19885146488475,-0.0990606592020968,0.680422759692187,0.118507777811676,252,252,2020-05-13,2021-05-12
2021-05-12,BTC,vix_d1,-0.00377510244516632,0.00133585791672381,-0.00639333585040768,-0.00115686903992495,0.118507777811676,252,252,2020-05-13,2021-05-12
2021-05-12,BTC,dxy_ret,-0.806525156680629,0.458253669589391,-1.70468584485915,0.0916355314978951,0.118507777811676,252,252,2020-05-13,2021-05-12
2021-05-12,BTC,real_yield_d1,0.0283519827550495,0.0741868580625717,-0.117051587173776,0.173755552683875,0.118507777811676,252,252,2020-05-13,2021-05-12
2021-05-12,BTC,gold_ret,0.56327843070489,0.189220241994998,0.192413571248742,0.934143290161039,0.118507777811676,252,252,2020-05-13,2021-05-12
2021-05-19,BTC,qqq_ret,0.309670274746202,0.196874317201759,-0.0761962964501607,0.695536845942564,0.105410468122445,252,252,2020-05-20,2021-05-19
2021-05-19,BTC,vix_d1,-0.00390676909520983,0.00130584115272196,-0.00646617072407515,-0.00134736746634451,0.105410468122445,252,252,2020-05-20,2021-05-19
2021-05-19,BTC,dxy_ret,-0.366867193733176,0.641610608625806,-1.62440087873858,0.890666491272228,0.105410468122445,252,252,2020-05-20,2021-05-19
2021-05-19,BTC,real_yield_d1,-0.0163538545195292,0.0922828186533121,-0.197224855471862,0.164517146432804,0.105410468122445,252,252,2020-05-20,2021-05-19
2021-05-19,BTC,gold_ret,0.455213797499931,0.205840928257375,0.0517729915711836,0.858654603428679,0.105410468122445,252,252,2020-05-20,2021-05-19
2021-05-26,BTC,qqq_ret,0.384491240002874,0.20421243508681,-0.0157577779624968,0.784740257968245,0.107060588426609,252,252,2020-05-28,2021-05-26
2021-05-26,BTC,vix_d1,-0.0038364513079829,0.00127963146105918,-0.00634448288514327,-0.00132841973082253,0.107060588426609,252,252,2020-05-28,2021-05-26
2021-05-26,BTC,dxy_ret,-0.274432506408115,0.701517802656966,-1.64938213412945,1.10051712131322,0.107060588426609,252,252,2020-05-28,2021-05-26
2021-05-26,BTC,real_yield_d1,0.00431363607687649,0.0818348378688248,-0.156079698826695,0.164706970980448,0.107060588426609,252,252,2020-05-28,2021-05-26
2021-05-26,BTC,gold_ret,0.429979637740498,0.197113386047812,0.0436445002160473,0.816314775264948,0.107060588426609,252,252,2020-05-28,2021-05-26
2021-06-03,BTC,qqq_ret,0.391340372895804,0.200795330461009,-0.00221124307159137,0.7848919888632,0.107810171462644,252,252,2020-06-04,2021-06-03
2021-06-03,BTC,vix_d1,-0.00403559781920272,0.00123921242615926,-0.00646440954366937,-0.00160678609473607,0.107810171462644,252,252,2020-06-04,2021-06-03
2021-06-03,BTC,dxy_ret,-0.272201379050377,0.709132355135371,-1.66207525538777,1.11767249728702,0.107810171462644,252,252,2020-06-04,2021-06-03
2021-06-03,BTC,real_yield_d1,0.0284793632186488,0.0800125710765796,-0.128342394401898,0.185301120839196,0.107810171462644,252,252,2020-06-04,2021-06-03
2021-06-03,BTC,gold_ret,0.378239316860191,0.203835962718936,-0.0212718288229724,0.777750462543353,0.107810171462644,252,252,2020-06-04,2021-06-03
2021-06-10,BTC,qqq_ret,0.407869083802359,0.201956338668121,0.0120419335632684,0.803696234041449,0.0961898107178335,252,252,2020-06-11,2021-06-10
2021-06-10,BTC,vix_d1,-0.00385646344194163,0.00129645598016364,-0.00639747047060393,-0.00131545641327932,0.0961898107178335,252,252,2020-06-11,2021-06-10
2021-06-10,BTC,dxy_ret,-0.416378530499781,0.753277903002693,-1.89277609073492,1.06001902973535,0.0961898107178335,252,252,2020-06-11,2021-06-10
2021-06-10,BTC,real_yield_d1,0.0452617552283977,0.0812412385805866,-0.113968146448978,0.204491656905773,0.0961898107178335,252,252,2020-06-11,2021-06-10
2021-06-10,BTC,gold_ret,0.295517892255113,0.224840861422471,-0.145162098385892,0.736197882896117,0.0961898107178335,252,252,2020-06-11,2021-06-10
2021-06-17,BTC,qqq_ret,0.42926286719782,0.201151727286596,0.0350127262880687,0.823513008107571,0.0891483904978255,252,252,2020-06-18,2021-06-17
2021-06-17,BTC,vix_d1,-0.00387873061633732,0.00142749264544715,-0.00667656478960954,-0.00108089644306509,0.0891483904978255,252,252,2020-06-18,2021-06-17
2021-06-17,BTC,dxy_ret,-0.581008422815327,0.771527743879228,-2.09317501389206,0.931158168261402,0.0891483904978255,252,252,2020-06-18,2021-06-17
2021-06-17,BTC,real_yield_d1,0.0316859353370602,0.0783719023057249,-0.121920170582052,0.185292041256173,0.0891483904978255,252,252,2020-06-18,2021-06-17
2021-06-17,BTC,gold_ret,0.266399460822098,0.223461986630741,-0.171577984887926,0.704376906532123,0.0891483904978255,252,252,2020-06-18,2021-06-17
2021-06-24,BTC,qqq_ret,0.463877369763773,0.212937977165001,0.0465266035795585,0.881228135947988,0.0775426493507668,252,252,2020-06-25,2021-06-24
2021-06-24,BTC,vix_d1,-0.00344698796013827,0.00160116805129307,-0.00658521967386887,-0.000308756246407671,0.0775426493507668,252,252,2020-06-25,2021-06-24
2021-06-24,BTC,dxy_ret,-0.294944875446676,0.777753536876242,-1.81931379657276,1.2294240456794,0.0775426493507668,252,252,2020-06-25,2021-06-24
2021-06-24,BTC,real_yield_d1,0.00392122054213308,0.0834091248277691,-0.1595576601023,0.167400101186566,0.0775426493507668,252,252,2020-06-25,2021-06-24
2021-06-24,BTC,gold_ret,0.209840817146509,0.238446293286674,-0.257505329942446,0.677186964235465,0.0775426493507668,252,252,2020-06-25,2021-06-24
2021-07-01,BTC,qqq_ret,0.536708418061209,0.229169255827929,0.0875449302746235,0.985871905847795,0.076683799262299,252,252,2020-07-02,2021-07-01
2021-07-01,BTC,vix_d1,-0.00323769044334055,0.0016973087464023,-0.00656435445693389,8.89735702527834e-05,0.076683799262299,252,252,2020-07-02,2021-07-01
2021-07-01,BTC,dxy_ret,-0.181618792643773,0.785897116420473,-1.72194883638178,1.35871125109424,0.076683799262299,252,252,2020-07-02,2021-07-01
2021-07-01,BTC,real_yield_d1,-0.00471738785353334,0.0878849739890538,-0.176968771654318,0.167533995947252,0.076683799262299,252,252,2020-07-02,2021-07-01
2021-07-01,BTC,gold_ret,0.155998244124991,0.252372177119235,-0.338642133728672,0.650638621978655,0.076683799262299,252,252,2020-07-02,2021-07-01
2021-07-09,BTC,qqq_ret,0.531373583320033,0.231461901854871,0.0777165918913402,0.985030574748726,0.077542714123975,252,252,2020-07-10,2021-07-09
2021-07-09,BTC,vix_d1,-0.00329524209126403,0.00168713392182527,-0.00660196381513737,1.14796326093165e-05,0.077542714123975,252,252,2020-07-10,2021-07-09
2021-07-09,BTC,dxy_ret,-0.136873525434381,0.794061067543424,-1.69320461934492,1.41945756847616,0.077542714123975,252,252,2020-07-10,2021-07-09
2021-07-09,BTC,real_yield_d1,-0.0147481527392753,0.0882561556440634,-0.187727039215601,0.15823073373705,0.077542714123975,252,252,2020-07-10,2021-07-09
2021-07-09,BTC,gold_ret,0.147239551546065,0.252635180977662,-0.347916304397911,0.64239540749004,0.077542714123975,252,252,2020-07-10,2021-07-09
2021-07-16,BTC,qqq_ret,0.531730954953203,0.229249209216432,0.0824107614047079,0.981051148501698,0.0796807166110567,252,252,2020-07-17,2021-07-16
2021-07-16,BTC,vix_d1,-0.00355451571263625,0.00166762203163606,-0.00682299483446844,-0.000286036590804065,0.0796807166110567,252,252,2020-07-17,2021-07-16
2021-07-16,BTC,dxy_ret,-0.147415858866647,0.790745505138117,-1.69724856987429,1.40241685214099,0.0796807166110567,252,252,2020-07-17,2021-07-16
2021-07-16,BTC,real_yield_d1,-0.00184218426589838,0.0873806832137811,-0.173105176309413,0.169420807777616,0.0796807166110567,252,252,2020-07-17,2021-07-16
2021-07-16,BTC,gold_ret,0.150626785183763,0.252827146593903,-0.344905316454316,0.646158886821842,0.0796807166110567,252,252,2020-07-17,2021-07-16
2021-07-23,BTC,qqq_ret,0.589356516558959,0.244715800759135,0.109722360623176,1.06899067249474,0.0822855771780052,252,252,2020-07-24,2021-07-23
2021-07-23,BTC,vix_d1,-0.00345836855209259,0.00166909194507482,-0.00672972865132515,-0.000187008452860024,0.0822855771780052,252,252,2020-07-24,2021-07-23
2021-07-23,BTC,dxy_ret,-0.144524185960198,0.824568455541926,-1.76064866161019,1.47160028968979,0.0822855771780052,252,252,2020-07-24,2021-07-23
2021-07-23,BTC,real_yield_d1,0.00487800234460683,0.0862318910466695,-0.164133398425647,0.173889403114861,0.0822855771780052,252,252,2020-07-24,2021-07-23
2021-07-23,BTC,gold_ret,0.115965133643509,0.25366065539458,-0.381200615224693,0.613130882511712,0.0822855771780052,252,252,2020-07-24,2021-07-23
2021-07-30,BTC,qqq_ret,0.511678118627844,0.24141139269113,0.0385204834955728,0.984835753760115,0.0727836595278194,252,252,2020-07-31,2021-07-30
2021-07-30,BTC,vix_d1,-0.00342964412915893,0.00168906290880241,-0.00674014659803411,-0.000119141660283754,0.0727836595278194,252,252,2020-07-31,2021-07-30
2021-07-30,BTC,dxy_ret,-0.19815887248979,0.833881818951399,-1.83253720499728,1.4362194600177,0.0727836595278194,252,252,2020-07-31,2021-07-30
2021-07-30,BTC,real_yield_d1,-0.0539990649374183,0.0906464487845984,-0.231662839881686,0.123664710006849,0.0727836595278194,252,252,2020-07-31,2021-07-30
2021-07-30,BTC,gold_ret,-0.0315880133567226,0.269187670476105,-0.559186152572124,0.496010125858679,0.0727836595278194,252,252,2020-07-31,2021-07-30
2021-08-06,BTC,qqq_ret,0.518996983656236,0.241312458979161,0.0460332550362816,0.991960712276191,0.071961380596921,252,252,2020-08-07,2021-08-06
2021-08-06,BTC,vix_d1,-0.00357570998629898,0.00166126682466812,-0.00683173313135972,-0.000319686841238243,0.071961380596921,252,252,2020-08-07,2021-08-06
2021-08-06,BTC,dxy_ret,-0.146671243198132,0.843332516044257,-1.79957260163642,1.50623011524016,0.071961380596921,252,252,2020-08-07,2021-08-06
2021-08-06,BTC,real_yield_d1,-0.0374815963542842,0.0867238253218977,-0.207457170586746,0.132493977878178,0.071961380596921,252,252,2020-08-07,2021-08-06
2021-08-06,BTC,gold_ret,-0.0540970456315955,0.277376631042211,-0.597745252627384,0.489551161364193,0.071961380596921,252,252,2020-08-07,2021-08-06
2021-08-13,BTC,qqq_ret,0.543087367759985,0.242090390111087,0.0685989221390029,1.01757581338097,0.0693761941418104,252,252,2020-08-14,2021-08-13
2021-08-13,BTC,vix_d1,-0.00347190548615676,0.00167690031500604,-0.00675856970923248,-0.000185241263081048,0.0693761941418104,252,252,2020-08-14,2021-08-13
2021-08-13,BTC,dxy_ret,-0.170889470852475,0.857172454047238,-1.85091660932488,1.50913766761993,0.0693761941418104,252,252,2020-08-14,2021-08-13
2021-08-13,BTC,real_yield_d1,-0.0505160750069925,0.0874590143803173,-0.221932593315785,0.1209004433018,0.0693761941418104,252,252,2020-08-14,2021-08-13
2021-08-13,BTC,gold_ret,-0.198051444331287,0.292992155051937,-0.77230551598586,0.376202627323285,0.0693761941418104,252,252,2020-08-14,2021-08-13
2021-08-20,BTC,qqq_ret,0.558249165060101,0.242029143445307,0.0838807606982208,1.03261756942198,0.0718623610215111,252,252,2020-08-21,2021-08-20
2021-08-20,BTC,vix_d1,-0.00354441371049181,0.00164252962812306,-0.00676371262515297,-0.000325114795830651,0.0718623610215111,252,252,2020-08-21,2021-08-20
2021-08-20,BTC,dxy_ret,-0.109866984456221,0.880609193607547,-1.83582928838187,1.61609531946943,0.0718623610215111,252,252,2020-08-21,2021-08-20
2021-08-20,BTC,real_yield_d1,-0.0468639994016818,0.0869639811761336,-0.217310270459123,0.123582271655759,0.0718623610215111,252,252,2020-08-21,2021-08-20
2021-08-20,BTC,gold_ret,-0.250333036678492,0.308930230363678,-0.855825161926963,0.355159088569978,0.0718623610215111,252,252,2020-08-21,2021-08-20
2021-08-27,BTC,qqq_ret,0.558628294088388,0.244732360267865,0.0789616821118911,1.03829490606488,0.0756846278252017,252,252,2020-08-28,2021-08-27
2021-08-27,BTC,vix_d1,-0.0036966270442023,0.00164792147076151,-0.00692649377624514,-0.000466760312159463,0.0756846278252017,252,252,2020-08-28,2021-08-27
2021-08-27,BTC,dxy_ret,-0.0306737599264671,0.892962054821515,-1.78084722693752,1.71949970708458,0.0756846278252017,252,252,2020-08-28,2021-08-27
2021-08-27,BTC,real_yield_d1,-0.0574313090319437,0.087441972435748,-0.228814425743154,0.113951807679267,0.0756846278252017,252,252,2020-08-28,2021-08-27
2021-08-27,BTC,gold_ret,-0.275635682717025,0.310026307005317,-0.883276078707405,0.332004713273355,0.0756846278252017,252,252,2020-08-28,2021-08-27
2021-09-03,BTC,qqq_ret,0.494137372839454,0.258570250458241,-0.0126510055321997,1.00092575121111,0.0601456804362662,252,252,2020-09-04,2021-09-03
2021-09-03,BTC,vix_d1,-0.00349163727945521,0.00175281307289447,-0.00692708777395935,-5.61867849510605e-05,0.0601456804362662,252,252,2020-09-04,2021-09-03
2021-09-03,BTC,dxy_ret,-0.159174192425328,0.903534337266717,-1.93006895226336,1.6117205674127,0.0601456804362662,252,252,2020-09-04,2021-09-03
2021-09-03,BTC,real_yield_d1,-0.0511922592601799,0.0838765423450564,-0.215587261404239,0.113202742883879,0.0601456804362662,252,252,2020-09-04,2021-09-03
2021-09-03,BTC,gold_ret,-0.29471250473206,0.307135468588841,-0.896686961541021,0.307261952076902,0.0601456804362662,252,252,2020-09-04,2021-09-03
2021-09-13,BTC,qqq_ret,0.49319487492724,0.30415516823076,-0.102938300516771,1.08932805037125,0.0603841909336903,252,252,2020-09-14,2021-09-13
2021-09-13,BTC,vix_d1,-0.00357397563391183,0.00188635615809491,-0.00727116576579319,0.00012321449796954,0.0603841909336903,252,252,2020-09-14,2021-09-13
2021-09-13,BTC,dxy_ret,-0.20108072428676,0.892873171581965,-1.95107998334946,1.54891853477594,0.0603841909336903,252,252,2020-09-14,2021-09-13
2021-09-13,BTC,real_yield_d1,-0.0539936964809352,0.0844214609838253,-0.219456719531486,0.111469326569616,0.0603841909336903,252,252,2020-09-14,2021-09-13
2021-09-13,BTC,gold_ret,-0.233599799831614,0.317490435904284,-0.855869619639933,0.388670019976705,0.0603841909336903,252,252,2020-09-14,2021-09-13
2021-09-20,BTC,qqq_ret,0.51334995532631,0.312314446813203,-0.0987751122791182,1.12547502293174,0.0677725178849848,252,252,2020-09-21,2021-09-20
2021-09-20,BTC,vix_d1,-0.0038974957502409,0.00185710982813402,-0.00753736412871896,-0.000257627371762841,0.0677725178849848,252,252,2020-09-21,2021-09-20
2021-09-20,BTC,dxy_ret,-0.159152468949589,0.894074721320003,-1.91150672222448,1.5932017843253,0.0677725178849848,252,252,2020-09-21,2021-09-20
2021-09-20,BTC,real_yield_d1,-0.0484865236260114,0.0852470374440121,-0.215567646805013,0.11859459955299,0.0677725178849848,252,252,2020-09-21,2021-09-20
2021-09-20,BTC,gold_ret,-0.245602852085805,0.31371755446258,-0.860477960150445,0.369272255978836,0.0677725178849848,252,252,2020-09-21,2021-09-20
2021-09-27,BTC,qqq_ret,0.571397796537835,0.324581660447289,-0.0647705679810605,1.20756616105673,0.0704912226282102,252,252,2020-09-28,2021-09-27
2021-09-27,BTC,vix_d1,-0.00371481684568144,0.00183842625177854,-0.00731806608740035,-0.000111567603962539,0.0704912226282102,252,252,2020-09-28,2021-09-27
2021-09-27,BTC,dxy_ret,-0.262842255983178,0.930480240014616,-2.08655001473801,1.56086550277165,0.0704912226282102,252,252,2020-09-28,2021-09-27
2021-09-27,BTC,real_yield_d1,-0.0623665274459941,0.0845518605539951,-0.228085128957677,0.103352074065689,0.0704912226282102,252,252,2020-09-28,2021-09-27
2021-09-27,BTC,gold_ret,-0.392740108363772,0.321247464815603,-1.02237356952715,0.236893352799608,0.0704912226282102,252,252,2020-09-28,2021-09-27
2021-10-04,BTC,qqq_ret,0.562557072036945,0.342371321646965,-0.108478387730485,1.23359253180438,0.0719564763771898,252,252,2020-10-05,2021-10-04
2021-10-04,BTC,vix_d1,-0.00370810271054656,0.0019088165721334,-0.00744931444502123,3.31090239281159e-05,0.0719564763771898,252,252,2020-10-05,2021-10-04
2021-10-04,BTC,dxy_ret,-0.30475725475988,0.955334432183845,-2.17717833503124,1.56766382551148,0.0719564763771898,252,252,2020-10-05,2021-10-04
2021-10-04,BTC,real_yield_d1,-0.072269580937068,0.0863391703966535,-0.241491245369576,0.0969520834954396,0.0719564763771898,252,252,2020-10-05,2021-10-04
2021-10-04,BTC,gold_ret,-0.33611889460746,0.312608065115099,-0.948819443509806,0.276581654294886,0.0719564763771898,252,252,2020-10-05,2021-10-04
2021-10-11,BTC,qqq_ret,0.554801101218015,0.353243906844455,-0.137544233955338,1.24714643639137,0.0686554226080925,252,252,2020-10-12,2021-10-11
2021-10-11,BTC,vix_d1,-0.00366997411408314,0.00196320559391513,-0.00751778637240436,0.000177838144238074,0.0686554226080925,252,252,2020-10-12,2021-10-11
2021-10-11,BTC,dxy_ret,-0.11357370939067,0.978939562331733,-2.03225999460227,1.80511257582093,0.0686554226080925,252,252,2020-10-12,2021-10-11
2021-10-11,BTC,real_yield_d1,-0.0736043802430612,0.0879345097970183,-0.245952852443402,0.0987440919572791,0.0686554226080925,252,252,2020-10-12,2021-10-11
2021-10-11,BTC,gold_ret,-0.308507890561787,0.325634011649503,-0.946738825536108,0.329723044412534,0.0686554226080925,252,252,2020-10-12,2021-10-11
2021-10-18,BTC,qqq_ret,0.536422848713757,0.36849045859903,-0.185805178786989,1.2586508762145,0.0679423396717304,252,252,2020-10-19,2021-10-18
2021-10-18,BTC,vix_d1,-0.00375001709558153,0.002000453178321,-0.00767083327784937,0.000170799086686308,0.0679423396717304,252,252,2020-10-19,2021-10-18
2021-10-18,BTC,dxy_ret,-0.178424953742058,0.996226146512902,-2.13099232136447,1.77414241388035,0.0679423396717304,252,252,2020-10-19,2021-10-18
2021-10-18,BTC,real_yield_d1,-0.0752385808758641,0.0870849297158392,-0.245921906715111,0.0954447449633827,0.0679423396717304,252,252,2020-10-19,2021-10-18
2021-10-18,BTC,gold_ret,-0.374379804060848,0.325588623034944,-1.01252177898533,0.26376217086363,0.0679423396717304,252,252,2020-10-19,2021-10-18
2021-10-25,BTC,qqq_ret,0.602528738006899,0.368222380370254,-0.119173865820406,1.32423134183421,0.0698270113074041,252,252,2020-10-26,2021-10-25
2021-10-25,BTC,vix_d1,-0.00360261515424426,0.00202302004019418,-0.00756766157302762,0.000362431264539103,0.0698270113074041,252,252,2020-10-26,2021-10-25
2021-10-25,BTC,dxy_ret,-0.0276018674725289,1.04563652011126,-2.07701178781039,2.02180805286534,0.0698270113074041,252,252,2020-10-26,2021-10-25
2021-10-25,BTC,real_yield_d1,-0.0637230118768563,0.0874635098040212,-0.235148341054204,0.107702317300491,0.0698270113074041,252,252,2020-10-26,2021-10-25
2021-10-25,BTC,gold_ret,-0.362174638462881,0.322242936991275,-0.993759189238191,0.269409912312428,0.0698270113074041,252,252,2020-10-26,2021-10-25
2021-11-01,BTC,qqq_ret,0.627213969828519,0.377317526020957,-0.112314791908312,1.36674273156535,0.0711852958186335,252,252,2020-11-02,2021-11-01
2021-11-01,BTC,vix_d1,-0.00405583290010165,0.00197189738385223,-0.00792068075366078,-0.00019098504654252,0.0711852958186335,252,252,2020-11-02,2021-11-01
2021-11-01,BTC,dxy_ret,0.131763884214784,1.05900380069618,-1.94384542464076,2.20737319307032,0.0711852958186335,252,252,2020-11-02,2021-11-01
2021-11-01,BTC,real_yield_d1,-0.0341392792884715,0.0892687729368959,-0.209102859188871,0.140824300611928,0.0711852958186335,252,252,2020-11-02,2021-11-01
2021-11-01,BTC,gold_ret,-0.322933515576856,0.326335419134661,-0.962539183960574,0.316672152806862,0.0711852958186335,252,252,2020-11-02,2021-11-01
2021-11-08,BTC,qqq_ret,0.55852512538493,0.37838622432034,-0.183098246529031,1.30014849729889,0.0681046354114738,252,252,2020-11-09,2021-11-08
2021-11-08,BTC,vix_d1,-0.00444128905387722,0.00187979187499784,-0.008125613427304,-0.000756964680450436,0.0681046354114738,252,252,2020-11-09,2021-11-08
2021-11-08,BTC,dxy_ret,0.159972609084221,1.05207001630358,-1.90204673208526,2.22199195025371,0.0681046354114738,252,252,2020-11-09,2021-11-08
2021-11-08,BTC,real_yield_d1,-0.0458241648736574,0.0896369920915964,-0.221509441055688,0.129861111308373,0.0681046354114738,252,252,2020-11-09,2021-11-08
2021-11-08,BTC,gold_ret,-0.409567847493867,0.319960626003729,-1.03667915093207,0.217543455944331,0.0681046354114738,252,252,2020-11-09,2021-11-08
2021-11-15,BTC,qqq_ret,0.550338930915164,0.392359482563423,-0.218671523901915,1.31934938573224,0.0703659392530311,252,252,2020-11-16,2021-11-15
2021-11-15,BTC,vix_d1,-0.00460170053445825,0.00188942527769373,-0.00830490603021755,-0.000898495038698953,0.0703659392530311,252,252,2020-11-16,2021-11-15
2021-11-15,BTC,dxy_ret,0.0556427807088306,1.03927239040131,-1.98129367460458,2.09257923602224,0.0703659392530311,252,252,2020-11-16,2021-11-15
2021-11-15,BTC,real_yield_d1,-0.0434692039296052,0.088726622059171,-0.217370187635477,0.130431779776267,0.0703659392530311,252,252,2020-11-16,2021-11-15
2021-11-15,BTC,gold_ret,-0.498871485882665,0.32975531073058,-1.14518001862542,0.147437046860087,0.0703659392530311,252,252,2020-11-16,2021-11-15
2021-11-22,BTC,qqq_ret,0.518174224792928,0.38974371291668,-0.245709415724682,1.28205786531054,0.0697267188649767,252,252,2020-11-23,2021-11-22
2021-11-22,BTC,vix_d1,-0.00481345595677717,0.00184665672442563,-0.00843283662846011,-0.00119407528509423,0.0697267188649767,252,252,2020-11-23,2021-11-22
2021-11-22,BTC,dxy_ret,0.0797077218766046,1.03966490511152,-1.95799804813223,2.11741349188544,0.0697267188649767,252,252,2020-11-23,2021-11-22
2021-11-22,BTC,real_yield_d1,-0.0409145499954122,0.0871470421434281,-0.211719613955726,0.129890513964901,0.0697267188649767,252,252,2020-11-23,2021-11-22
2021-11-22,BTC,gold_ret,-0.421117416842055,0.329647694150881,-1.06721502496446,0.224980191280347,0.0697267188649767,252,252,2020-11-23,2021-11-22
2021-11-30,BTC,qqq_ret,0.541770732199749,0.381988530274965,-0.206913029646571,1.29045449404607,0.0854738477118596,252,252,2020-12-01,2021-11-30
2021-11-30,BTC,vix_d1,-0.0050332158300035,0.00163219487771598,-0.00823225900607757,-0.00183417265392943,0.0854738477118596,252,252,2020-12-01,2021-11-30
2021-11-30,BTC,dxy_ret,-0.0546395031731438,0.967306319947871,-1.95052505228895,1.84124604594266,0.0854738477118596,252,252,2020-12-01,2021-11-30
2021-11-30,BTC,real_yield_d1,-0.0374664847142519,0.085604534991021,-0.205248290209952,0.130315320781448,0.0854738477118596,252,252,2020-12-01,2021-11-30
2021-11-30,BTC,gold_ret,-0.483004037561677,0.336618949271576,-1.14276505464768,0.176756979524327,0.0854738477118596,252,252,2020-12-01,2021-11-30
2021-12-07,BTC,qqq_ret,0.602243224602451,0.387693336371756,-0.157621751732363,1.36210820093727,0.0793898263128506,252,252,2020-12-08,2021-12-07
2021-12-07,BTC,vix_d1,-0.00421405093999497,0.00179797210219347,-0.00773801150550194,-0.000690090374488002,0.0793898263128506,252,252,2020-12-08,2021-12-07
2021-12-07,BTC,dxy_ret,-0.212706125546034,0.988712905282586,-2.15054781094987,1.7251355598578,0.0793898263128506,252,252,2020-12-08,2021-12-07
2021-12-07,BTC,real_yield_d1,-0.0292618072022499,0.0841098866756821,-0.194114155830332,0.135590541425832,0.0793898263128506,252,252,2020-12-08,2021-12-07
2021-12-07,BTC,gold_ret,-0.460760293528238,0.345434831229576,-1.13780012174388,0.216279534687403,0.0793898263128506,252,252,2020-12-08,2021-12-07
2021-12-14,BTC,qqq_ret,0.603287414978131,0.389525989513476,-0.160169495510609,1.36674432546687,0.0807290328730029,252,252,2020-12-15,2021-12-14
2021-12-14,BTC,vix_d1,-0.00422397231973114,0.00184095002682593,-0.00783216806964802,-0.000615776569814274,0.0807290328730029,252,252,2020-12-15,2021-12-14
2021-12-14,BTC,dxy_ret,-0.0670985605076609,0.974677637054775,-1.97743162567162,1.8432345046563,0.0807290328730029,252,252,2020-12-15,2021-12-14
2021-12-14,BTC,real_yield_d1,-0.027508129872758,0.0838893599987296,-0.191928254156383,0.136911994410867,0.0807290328730029,252,252,2020-12-15,2021-12-14
2021-12-14,BTC,gold_ret,-0.405058884880508,0.349622815642962,-1.0903070117142,0.280189241953184,0.0807290328730029,252,252,2020-12-15,2021-12-14
2021-12-21,BTC,qqq_ret,0.588179810942679,0.360838523296762,-0.119050698953592,1.29541032083895,0.0833165454278599,252,252,2020-12-22,2021-12-21
2021-12-21,BTC,vix_d1,-0.00424108495210194,0.00183719450398072,-0.00784192001249908,-0.000640249891704804,0.0833165454278599,252,252,2020-12-22,2021-12-21
2021-12-21,BTC,dxy_ret,0.00255338440665465,0.972112199864901,-1.90275151626056,1.90785828507386,0.0833165454278599,252,252,2020-12-22,2021-12-21
2021-12-21,BTC,real_yield_d1,-0.0327594294612455,0.0845167900371119,-0.198409294022919,0.132890435100428,0.0833165454278599,252,252,2020-12-22,2021-12-21
2021-12-21,BTC,gold_ret,-0.471345183441249,0.355361220113004,-1.16784037636495,0.225150009482449,0.0833165454278599,252,252,2020-12-22,2021-12-21
2021-12-29,BTC,qqq_ret,0.523895238756543,0.352946912259729,-0.167867997727143,1.21565847524023,0.0810129426734908,252,252,2020-12-30,2021-12-29
2021-12-29,BTC,vix_d1,-0.00443003322545944,0.00177649594650922,-0.00791190129929891,-0.000948165151619967,0.0810129426734908,252,252,2020-12-30,2021-12-29
2021-12-29,BTC,dxy_ret,-0.00375102452952614,0.980438484641087,-1.92537514348308,1.91787309442403,0.0810129426734908,252,252,2020-12-30,2021-12-29
2021-12-29,BTC,real_yield_d1,-0.0228710039048075,0.0837406697892348,-0.186999700732969,0.141257692923354,0.0810129426734908,252,252,2020-12-30,2021-12-29
2021-12-29,BTC,gold_ret,-0.397255198787414,0.365690065956515,-1.11399455756626,0.319484159991433,0.0810129426734908,252,252,2020-12-30,2021-12-29
2022-01-05,BTC,qqq_ret,0.613825247783031,0.342236941715476,-0.0569468321584354,1.2845973277245,0.102086546395509,252,252,2021-01-07,2022-01-05
2022-01-05,BTC,vix_d1,-0.00461729738495602,0.00167855035386239,-0.00790719562476327,-0.00132739914514878,0.102086546395509,252,252,2021-01-07,2022-01-05
2022-01-05,BTC,dxy_ret,0.131994972613321,0.961547425162897,-1.75260335013318,2.01659329535982,0.102086546395509,252,252,2021-01-07,2022-01-05
2022-01-05,BTC,real_yield_d1,-0.0465289398180052,0.0819222395371708,-0.207093578843723,0.114035699207713,0.102086546395509,252,252,2021-01-07,2022-01-05
2022-01-05,BTC,gold_ret,-0.571711197895324,0.33918580559088,-1.23650316092065,0.0930807651300058,0.102086546395509,252,252,2021-01-07,2022-01-05
2022-01-12,BTC,qqq_ret,0.562482382720048,0.352261284548279,-0.127937048142394,1.25290181358249,0.089874189168497,252,252,2021-01-14,2022-01-12
2022-01-12,BTC,vix_d1,-0.00435203030962132,0.00173311332750125,-0.00774887001265013,-0.000955190606592504,0.089874189168497,252,252,2021-01-14,2022-01-12
2022-01-12,BTC,dxy_ret,0.127170690505069,0.923486958671313,-1.68283048868313,1.93717186969327,0.089874189168497,252,252,2021-01-14,2022-01-12
2022-01-12,BTC,real_yield_d1,-0.0378302142251345,0.0775460959558299,-0.189817769440248,0.114157340989979,0.089874189168497,252,252,2021-01-14,2022-01-12
2022-01-12,BTC,gold_ret,-0.488052701860047,0.350600277876796,-1.1752166194683,0.199111215748209,0.089874189168497,252,252,2021-01-14,2022-01-12
2022-01-20,BTC,qqq_ret,0.659678089332717,0.305510052627394,0.0608893892680885,1.25846678939735,0.102780714529793,252,252,2021-01-22,2022-01-20
2022-01-20,BTC,vix_d1,-0.00405971404045004,0.00164664968690068,-0.00728708812192953,-0.000832339958970558,0.102780714529793,252,252,2021-01-22,2022-01-20
2022-01-20,BTC,dxy_ret,0.0341984416426866,0.936963932541019,-1.80221712095073,1.8706140042361,0.102780714529793,252,252,2021-01-22,2022-01-20
2022-01-20,BTC,real_yield_d1,-0.0302124627119326,0.0742430386719982,-0.175726144611863,0.115301219187998,0.102780714529793,252,252,2021-01-22,2022-01-20
2022-01-20,BTC,gold_ret,-0.501863589899887,0.348264446672396,-1.18444936247355,0.18072218267378,0.102780714529793,252,252,2021-01-22,2022-01-20
2022-01-27,BTC,qqq_ret,0.83695717937986,0.301470329145784,0.246086191846688,1.42782816691303,0.0964273893597721,252,252,2021-01-29,2022-01-27
2022-01-27,BTC,vix_d1,-0.0030938708003601,0.00196747013315414,-0.00695004140200045,0.000762299801280239,0.0964273893597721,252,252,2021-01-29,2022-01-27
2022-01-27,BTC,dxy_ret,0.157402596721054,0.909289495203313,-1.62477206539804,1.93957725884015,0.0964273893597721,252,252,2021-01-29,2022-01-27
2022-01-27,BTC,real_yield_d1,0.000801658089037371,0.0708261780465395,-0.138015100044801,0.139618416222876,0.0964273893597721,252,252,2021-01-29,2022-01-27
2022-01-27,BTC,gold_ret,-0.372208422372878,0.346737233716306,-1.05180091255588,0.307384067810129,0.0964273893597721,252,252,2021-01-29,2022-01-27
2022-02-03,BTC,qqq_ret,0.825954434796187,0.31670604408589,0.205221994701688,1.44668687489069,0.095177743061161,252,252,2021-02-05,2022-02-03
2022-02-03,BTC,vix_d1,-0.00297887049745061,0.00210284534986185,-0.00710037164823738,0.00114263065333615,0.095177743061161,252,252,2021-02-05,2022-02-03
2022-02-03,BTC,dxy_ret,0.255102212962883,0.858627868930257,-1.4277774862628,1.93798191218856,0.095177743061161,252,252,2021-02-05,2022-02-03
2022-02-03,BTC,real_yield_d1,0.0106725926674294,0.0695852754601302,-0.125712041088725,0.147057226423584,0.095177743061161,252,252,2021-02-05,2022-02-03
2022-02-03,BTC,gold_ret,-0.348361967472638,0.360824983911225,-1.05556594066088,0.358842005715607,0.095177743061161,252,252,2021-02-05,2022-02-03
2022-02-10,BTC,qqq_ret,0.733883631118518,0.283829147410143,0.177588724431928,1.29017853780511,0.10207664818765,252,252,2021-02-12,2022-02-10
2022-02-10,BTC,vix_d1,-0.00354590731125536,0.00201233941725406,-0.00749002009374364,0.000398205471232923,0.10207664818765,252,252,2021-02-12,2022-02-10
2022-02-10,BTC,dxy_ret,0.367769662563698,0.873275178711276,-1.34381823630318,2.07935756143058,0.10207664818765,252,252,2021-02-12,2022-02-10
2022-02-10,BTC,real_yield_d1,0.0214606817862441,0.0708540832689774,-0.117410769578554,0.160332133151042,0.10207664818765,252,252,2021-02-12,2022-02-10
2022-02-10,BTC,gold_ret,-0.376607819823819,0.356022763921426,-1.07439961478622,0.321183975138583,0.10207664818765,252,252,2021-02-12,2022-02-10
2022-02-17,BTC,qqq_ret,0.78593525674683,0.281876282724454,0.233467894510869,1.33840261898279,0.117855938157537,252,252,2021-02-22,2022-02-17
2022-02-17,BTC,vix_d1,-0.00342562207317942,0.00199872309372302,-0.00734304735194501,0.000491803205586164,0.117855938157537,252,252,2021-02-22,2022-02-17
2022-02-17,BTC,dxy_ret,0.403811661020111,0.862140132336535,-1.28595194798609,2.09357527002632,0.117855938157537,252,252,2021-02-22,2022-02-17
2022-02-17,BTC,real_yield_d1,0.00618672678880436,0.0693646351783172,-0.129765459961457,0.142138913539066,0.117855938157537,252,252,2021-02-22,2022-02-17
2022-02-17,BTC,gold_ret,-0.39238422561696,0.351210932366854,-1.08074500403273,0.295976552798806,0.117855938157537,252,252,2021-02-22,2022-02-17
2022-02-25,BTC,qqq_ret,0.751859247601832,0.265703646583734,0.231089669736753,1.27262882546691,0.120799498001664,252,252,2021-03-01,2022-02-25
2022-02-25,BTC,vix_d1,-0.00369760079916314,0.0020621567321483,-0.00773935372465061,0.000344152126324334,0.120799498001664,252,252,2021-03-01,2022-02-25
2022-02-25,BTC,dxy_ret,0.497654334555401,0.843040701688482,-1.1546750782554,2.1499837473662,0.120799498001664,252,252,2021-03-01,2022-02-25
2022-02-25,BTC,real_yield_d1,-0.00888781461720041,0.0801535077234322,-0.165985802989681,0.14821017375528,0.120799498001664,252,252,2021-03-01,2022-02-25
2022-02-25,BTC,gold_ret,-0.499466510806223,0.382709394421762,-1.24956314041801,0.250630118805566,0.120799498001664,252,252,2021-03-01,2022-02-25
2022-03-04,BTC,qqq_ret,0.856189516248802,0.271640612456983,0.323783699094714,1.38859533340289,0.112414703993713,252,252,2021-03-08,2022-03-04
2022-03-04,BTC,vix_d1,-0.00275584723444618,0.00216873825021133,-0.0070064960967548,0.00149480162786245,0.112414703993713,252,252,2021-03-08,2022-03-04
2022-03-04,BTC,dxy_ret,0.538237947750843,0.820381881212531,-1.06968099299493,2.14615688849662,0.112414703993713,252,252,2021-03-08,2022-03-04
2022-03-04,BTC,real_yield_d1,-0.0556806553221819,0.0868709549641602,-0.225944598354537,0.114583287710173,0.112414703993713,252,252,2021-03-08,2022-03-04
2022-03-04,BTC,gold_ret,-0.494239653032303,0.379361667796634,-1.23777485902875,0.249295552964147,0.112414703993713,252,252,2021-03-08,2022-03-04
2022-03-11,BTC,qqq_ret,1.04250393535512,0.282616891847246,0.48858500591187,1.59642286479838,0.125335248848569,252,252,2021-03-15,2022-03-11
2022-03-11,BTC,vix_d1,-0.00169472641083341,0.00222781801771949,-0.00606116948967303,0.00267171666800621,0.125335248848569,252,252,2021-03-15,2022-03-11
2022-03-11,BTC,dxy_ret,0.27504178390143,0.822301199275491,-1.33663895112263,1.88672251892549,0.125335248848569,252,252,2021-03-15,2022-03-11
2022-03-11,BTC,real_yield_d1,-0.0451324440544656,0.0875727238960906,-0.216771828918873,0.126506940809942,0.125335248848569,252,252,2021-03-15,2022-03-11
2022-03-11,BTC,gold_ret,-0.449831240556254,0.358403955693243,-1.1522900856317,0.252627604519191,0.125335248848569,252,252,2021-03-15,2022-03-11
2022-03-18,BTC,qqq_ret,0.991635039893601,0.272683865114018,0.457184485104947,1.52608559468225,0.122800873377579,252,252,2021-03-22,2022-03-18
2022-03-18,BTC,vix_d1,-0.00183470839665371,0.00219552091624763,-0.00613785031980344,0.00246843352649603,0.122800873377579,252,252,2021-03-22,2022-03-18
2022-03-18,BTC,dxy_ret,0.294795121155073,0.823671338499197,-1.31957103740125,1.9091612797114,0.122800873377579,252,252,2021-03-22,2022-03-18
2022-03-18,BTC,real_yield_d1,-0.038178339766843,0.0832800053043187,-0.201404150795612,0.125047471261926,0.122800873377579,252,252,2021-03-22,2022-03-18
2022-03-18,BTC,gold_ret,-0.422900694248621,0.350497842673572,-1.10986384254781,0.264062454050566,0.122800873377579,252,252,2021-03-22,2022-03-18
2022-03-25,BTC,qqq_ret,0.952140208214596,0.268675081436165,0.425546725056347,1.47873369137285,0.130864466199514,252,252,2021-03-29,2022-03-25
2022-03-25,BTC,vix_d1,-0.00235843627963588,0.00211784620016347,-0.00650933855675128,0.00179246599747952,0.130864466199514,252,252,2021-03-29,2022-03-25
2022-03-25,BTC,dxy_ret,0.439457180957952,0.833280300616065,-1.19374219727625,2.07265655919215,0.130864466199514,252,252,2021-03-29,2022-03-25
2022-03-25,BTC,real_yield_d1,-0.0623054356949008,0.07438241395732,-0.208092288134397,0.0834814167445957,0.130864466199514,252,252,2021-03-29,2022-03-25
2022-03-25,BTC,gold_ret,-0.487867809492534,0.339682214816158,-1.153632716721,0.177897097735935,0.130864466199514,252,252,2021-03-29,2022-03-25
2022-04-01,BTC,qqq_ret,0.960609285243859,0.276841218390269,0.418010467762744,1.50320810272497,0.136663297430699,252,252,2021-04-06,2022-04-01
2022-04-01,BTC,vix_d1,-0.00249880774531767,0.00217695298800567,-0.00676555719784565,0.0017679417072103,0.136663297430699,252,252,2021-04-06,2022-04-01
2022-04-01,BTC,dxy_ret,0.312323621901451,0.826091808029845,-1.30678656976062,1.93143381356352,0.136663297430699,252,252,2021-04-06,2022-04-01
2022-04-01,BTC,real_yield_d1,-0.0641765912419861,0.0720815392418064,-0.205453812106137,0.077100629622165,0.136663297430699,252,252,2021-04-06,2022-04-01
2022-04-01,BTC,gold_ret,-0.478675022166661,0.339520934336058,-1.14412382546272,0.1867737811294,0.136663297430699,252,252,2021-04-06,2022-04-01
2022-04-08,BTC,qqq_ret,0.94588369058597,0.260377035028973,0.435554079527859,1.45621330164408,0.142476995382522,252,252,2021-04-13,2022-04-08
2022-04-08,BTC,vix_d1,-0.00260846299546024,0.00214194769306095,-0.00680660333062836,0.00158967733970788,0.142476995382522,252,252,2021-04-13,2022-04-08
2022-04-08,BTC,dxy_ret,0.239600282134762,0.815019485582926,-1.35780855630614,1.83700912057566,0.142476995382522,252,252,2021-04-13,2022-04-08
2022-04-08,BTC,real_yield_d1,-0.0689071431026931,0.0696148559172295,-0.205349753489408,0.0675354672840219,0.142476995382522,252,252,2021-04-13,2022-04-08
2022-04-08,BTC,gold_ret,-0.515623724765489,0.336718961989829,-1.17558076317726,0.144333313646287,0.142476995382522,252,252,2021-04-13,2022-04-08
2022-04-18,BTC,qqq_ret,0.914644707821267,0.257657080260663,0.409646110148623,1.41964330549391,0.146652182666497,252,252,2021-04-20,2022-04-18
2022-04-18,BTC,vix_d1,-0.00277990546848875,0.00214911792114338,-0.00699209919245936,0.00143228825548187,0.146652182666497,252,252,2021-04-20,2022-04-18
2022-04-18,BTC,dxy_ret,0.133929150545884,0.801711379366127,-1.43739627900765,1.70525458009942,0.146652182666497,252,252,2021-04-20,2022-04-18
2022-04-18,BTC,real_yield_d1,-0.0641779969771852,0.0691563518161778,-0.199721955839075,0.0713659618847045,0.146652182666497,252,252,2021-04-20,2022-04-18
2022-04-18,BTC,gold_ret,-0.524067500292777,0.334382948876216,-1.17944603713446,0.131311036548904,0.146652182666497,252,252,2021-04-20,2022-04-18
2022-04-25,BTC,qqq_ret,0.885858062852764,0.254042781336695,0.387943360900458,1.38377276480507,0.151627914015115,252,252,2021-04-27,2022-04-25
2022-04-25,BTC,vix_d1,-0.00294002612262631,0.00205428162039753,-0.00696634411270805,0.00108629186745543,0.151627914015115,252,252,2021-04-27,2022-04-25
2022-04-25,BTC,dxy_ret,0.101304748122947,0.785093044017452,-1.43744934266418,1.64005883891007,0.151627914015115,252,252,2021-04-27,2022-04-25
2022-04-25,BTC,real_yield_d1,-0.0644498368295952,0.0674647384068965,-0.196678294333529,0.0677786206743381,0.151627914015115,252,252,2021-04-27,2022-04-25
2022-04-25,BTC,gold_ret,-0.523903494418979,0.324326438016813,-1.15957163216609,0.111764643328137,0.151627914015115,252,252,2021-04-27,2022-04-25
2022-05-02,BTC,qqq_ret,0.826480276588831,0.250653041123629,0.335209343371082,1.31775120980658,0.161581237753074,252,252,2021-05-04,2022-05-02
2022-05-02,BTC,vix_d1,-0.00326741451035402,0.00199652700909202,-0.00718053554233586,0.000645706521627817,0.161581237753074,252,252,2021-05-04,2022-05-02
2022-05-02,BTC,dxy_ret,0.229243186689146,0.780677128285305,-1.30085586830421,1.7593422416825,0.161581237753074,252,252,2021-05-04,2022-05-02
2022-05-02,BTC,real_yield_d1,-0.0611643607312082,0.0629909316386223,-0.184624318095532,0.062295596633116,0.161581237753074,252,252,2021-05-04,2022-05-02
2022-05-02,BTC,gold_ret,-0.503862748893856,0.326993968686514,-1.14475915068124,0.13703365289353,0.161581237753074,252,252,2021-05-04,2022-05-02
2022-05-09,BTC,qqq_ret,0.981112852343516,0.246352068477212,0.498271670611234,1.4639540340758,0.191461038814432,252,252,2021-05-11,2022-05-09
2022-05-09,BTC,vix_d1,-0.00295970834241225,0.00189964132535106,-0.00668293692364426,0.000763520238819756,0.191461038814432,252,252,2021-05-11,2022-05-09
2022-05-09,BTC,dxy_ret,0.423165027907366,0.7475312726873,-1.04196934387713,1.88829939969186,0.191461038814432,252,252,2021-05-11,2022-05-09
2022-05-09,BTC,real_yield_d1,-0.0483596577598723,0.060447848422643,-0.166835263611189,0.0701159480914443,0.191461038814432,252,252,2021-05-11,2022-05-09
2022-05-09,BTC,gold_ret,-0.358455679114905,0.363578781523114,-1.07105699644317,0.354145638213355,0.191461038814432,252,252,2021-05-11,2022-05-09
2022-05-16,BTC,qqq_ret,0.980797231558087,0.24915535609578,0.492461707055105,1.46913275606107,0.18447249431924,252,252,2021-05-18,2022-05-16
2022-05-16,BTC,vix_d1,-0.00233618849700916,0.00190384520004965,-0.00606765652124593,0.00139527952722761,0.18447249431924,252,252,2021-05-18,2022-05-16
2022-05-16,BTC,dxy_ret,-0.104515551666269,0.595470727612622,-1.27161673163487,1.06258562830233,0.18447249431924,252,252,2021-05-18,2022-05-16
2022-05-16,BTC,real_yield_d1,-0.0371139612191697,0.0596893574195669,-0.154102952021859,0.0798750295835199,0.18447249431924,252,252,2021-05-18,2022-05-16
2022-05-16,BTC,gold_ret,-0.293059082807045,0.360144856158521,-0.998930030095106,0.412811864481015,0.18447249431924,252,252,2021-05-18,2022-05-16
2022-05-23,BTC,qqq_ret,0.929452294266939,0.247339134628716,0.444676498427353,1.41422809010653,0.190332638429296,252,252,2021-05-25,2022-05-23
2022-05-23,BTC,vix_d1,-0.00240790455304978,0.0019235593795095,-0.00617801165901262,0.00136220255291305,0.190332638429296,252,252,2021-05-25,2022-05-23
2022-05-23,BTC,dxy_ret,-0.17995202934344,0.500784484471728,-1.16147158292449,0.801567524237606,0.190332638429296,252,252,2021-05-25,2022-05-23
2022-05-23,BTC,real_yield_d1,-0.0107248204014983,0.0570529206283899,-0.122546490045965,0.101096849242968,0.190332638429296,252,252,2021-05-25,2022-05-23
2022-05-23,BTC,gold_ret,-0.197873866749834,0.365792572044229,-0.914814133768796,0.519066400269129,0.190332638429296,252,252,2021-05-25,2022-05-23
2022-05-31,BTC,qqq_ret,0.844600541211087,0.264016685327951,0.32713734665066,1.36206373577151,0.176170109910883,252,252,2021-06-02,2022-05-31
2022-05-31,BTC,vix_d1,-0.00270808494865759,0.00196688797182241,-0.00656311453505454,0.00114694463773937,0.176170109910883,252,252,2021-06-02,2022-05-31
2022-05-31,BTC,dxy_ret,0.0816429666055245,0.566816605940746,-1.02929716687757,1.19258310008862,0.176170109910883,252,252,2021-06-02,2022-05-31
2022-05-31,BTC,real_yield_d1,0.00308002676123585,0.0591205095499958,-0.112794042704412,0.118954096226884,0.176170109910883,252,252,2021-06-02,2022-05-31
2022-05-31,BTC,gold_ret,-0.17171172690146,0.362774188757882,-0.882736071387644,0.539312617584725,0.176170109910883,252,252,2021-06-02,2022-05-31
2022-06-07,BTC,qqq_ret,0.942362816201329,0.246085668882171,0.460043768080824,1.42468186432183,0.191618494543829,252,252,2021-06-09,2022-06-07
2022-06-07,BTC,vix_d1,-0.00224577149326554,0.00193729929202421,-0.00604280833290795,0.00155126534637686,0.191618494543829,252,252,2021-06-09,2022-06-07
2022-06-07,BTC,dxy_ret,0.222263713671526,0.618739550040276,-0.990443520217933,1.43497094756098,0.191618494543829,252,252,2021-06-09,2022-06-07
2022-06-07,BTC,real_yield_d1,0.00317981314102635,0.0555825574874001,-0.105759997702905,0.112119623984958,0.191618494543829,252,252,2021-06-09,2022-06-07
2022-06-07,BTC,gold_ret,-0.0689860712814443,0.333484959505645,-0.722604581298308,0.584632438735419,0.191618494543829,252,252,2021-06-09,2022-06-07
2022-06-14,BTC,qqq_ret,0.896529856350845,0.228102747472552,0.449456686530008,1.34360302617168,0.238130979342319,252,252,2021-06-16,2022-06-14
2022-06-14,BTC,vix_d1,-0.00379161808819943,0.00197087541649241,-0.00765446292253993,7.12267461410797e-05,0.238130979342319,252,252,2021-06-16,2022-06-14
2022-06-14,BTC,dxy_ret,-0.095059931424347,0.672939146455079,-1.41399642226343,1.22387655941473,0.238130979342319,252,252,2021-06-16,2022-06-14
2022-06-14,BTC,real_yield_d1,-0.0706442116711529,0.0734187041821418,-0.214542227659751,0.0732538043174452,0.238130979342319,252,252,2021-06-16,2022-06-14
2022-06-14,BTC,gold_ret,0.00437599684097079,0.332924445122144,-0.648143925171412,0.656895918853354,0.238130979342319,252,252,2021-06-16,2022-06-14
2022-06-22,BTC,qqq_ret,0.915111749900878,0.225011776264533,0.474096772325008,1.35612672747675,0.257808148789516,252,252,2021-06-23,2022-06-22
2022-06-22,BTC,vix_d1,-0.00381807687580162,0.00190309053019858,-0.00754806577431008,-8.80879772931675e-05,0.257808148789516,252,252,2021-06-23,2022-06-22
2022-06-22,BTC,dxy_ret,-0.216896951141677,0.585934169452585,-1.36530682058013,0.931512918296779,0.257808148789516,252,252,2021-06-23,2022-06-22
2022-06-22,BTC,real_yield_d1,-0.0468245450771279,0.0619561787328618,-0.168256424013263,0.0746073338590075,0.257808148789516,252,252,2021-06-23,2022-06-22
2022-06-22,BTC,gold_ret,0.0499506868302255,0.344527059925955,-0.625309942324119,0.72521131598457,0.257808148789516,252,252,2021-06-23,2022-06-22
2022-06-29,BTC,qqq_ret,0.851292351423843,0.210577979401285,0.438567095860106,1.26401760698758,0.263432417679075,252,252,2021-06-30,2022-06-29
2022-06-29,BTC,vix_d1,-0.00412601298517094,0.00186535329032406,-0.00778203825264939,-0.000469987717692486,0.263432417679075,252,252,2021-06-30,2022-06-29
2022-06-29,BTC,dxy_ret,-0.316534299884694,0.581410143419506,-1.45607724123319,0.823008641463805,0.263432417679075,252,252,2021-06-30,2022-06-29
2022-06-29,BTC,real_yield_d1,-0.0421035757083704,0.0619453996304412,-0.163514327991976,0.0793071765752351,0.263432417679075,252,252,2021-06-30,2022-06-29
2022-06-29,BTC,gold_ret,0.0800705939183725,0.340691374781174,-0.587672230496166,0.747813418332911,0.263432417679075,252,252,2021-06-30,2022-06-29
2022-07-07,BTC,qqq_ret,0.9103603829724,0.216604765408592,0.485822843891813,1.33489792205299,0.264194918683068,252,252,2021-07-08,2022-07-07
2022-07-07,BTC,vix_d1,-0.00373623979467639,0.00190511925571908,-0.00747020492213955,-2.27466721323738e-06,0.264194918683068,252,252,2021-07-08,2022-07-07
2022-07-07,BTC,dxy_ret,-0.220865784475035,0.566041803838776,-1.33028733374312,0.888555764793053,0.264194918683068,252,252,2021-07-08,2022-07-07
2022-07-07,BTC,real_yield_d1,-0.0348044744794054,0.0603202762234838,-0.153030043414941,0.0834210944561305,0.264194918683068,252,252,2021-07-08,2022-07-07
2022-07-07,BTC,gold_ret,0.0774055990514342,0.322322827541967,-0.554335534325937,0.709146732428805,0.264194918683068,252,252,2021-07-08,2022-07-07
2022-07-14,BTC,qqq_ret,0.94637946485234,0.221521950876717,0.512204419348924,1.38055451035576,0.266262764288006,252,252,2021-07-15,2022-07-14
2022-07-14,BTC,vix_d1,-0.00354091379163478,0.00195978315812363,-0.00738201819906527,0.000300190615795706,0.266262764288006,252,252,2021-07-15,2022-07-14
2022-07-14,BTC,dxy_ret,-0.249184073059457,0.550220343852928,-1.32759613057244,0.829227984453526,0.266262764288006,252,252,2021-07-15,2022-07-14
2022-07-14,BTC,real_yield_d1,-0.0310962851867337,0.0602716685348868,-0.149226584803248,0.0870340144297805,0.266262764288006,252,252,2021-07-15,2022-07-14
2022-07-14,BTC,gold_ret,0.111875249333492,0.315260563464258,-0.506024100802257,0.729774599469241,0.266262764288006,252,252,2021-07-15,2022-07-14
2022-07-21,BTC,qqq_ret,0.919256381168873,0.219363796786729,0.489311239954921,1.34920152238282,0.26461291828965,252,252,2021-07-22,2022-07-21
2022-07-21,BTC,vix_d1,-0.0035222843824311,0.00201434561144809,-0.00747032923328567,0.00042576046842347,0.26461291828965,252,252,2021-07-22,2022-07-21
2022-07-21,BTC,dxy_ret,-0.498944011411422,0.577411665827772,-1.63065008068713,0.632762057864288,0.26461291828965,252,252,2021-07-22,2022-07-21
2022-07-21,BTC,real_yield_d1,-0.0297540500424651,0.0605081224288428,-0.148347790775137,0.0888396906902071,0.26461291828965,252,252,2021-07-22,2022-07-21
2022-07-21,BTC,gold_ret,0.105001040165893,0.315370342815895,-0.513113473545311,0.723115553877097,0.26461291828965,252,252,2021-07-22,2022-07-21
2022-07-28,BTC,qqq_ret,0.951534347541511,0.208437798766917,0.543003768941547,1.36006492614148,0.282364363198205,252,252,2021-07-29,2022-07-28
2022-07-28,BTC,vix_d1,-0.0035428341000501,0.00201032587709622,-0.00748300041634758,0.000397332216247387,0.282364363198205,252,252,2021-07-29,2022-07-28
2022-07-28,BTC,dxy_ret,-0.413792614372783,0.570207005732362,-1.53137780934064,0.703792580595071,0.282364363198205,252,252,2021-07-29,2022-07-28
2022-07-28,BTC,real_yield_d1,-0.0199294624207599,0.0561892427066298,-0.130058354444334,0.0901994296028144,0.282364363198205,252,252,2021-07-29,2022-07-28
2022-07-28,BTC,gold_ret,0.188530334015083,0.299843500695031,-0.399152128345589,0.776212796375754,0.282364363198205,252,252,2021-07-29,2022-07-28
2022-08-04,BTC,qqq_ret,0.937513949141741,0.203902192522735,0.537872995428428,1.33715490285505,0.285506170957869,252,252,2021-08-05,2022-08-04
2022-08-04,BTC,vix_d1,-0.0035536137935181,0.00199102124834655,-0.00745594373273132,0.000348716145695118,0.285506170957869,252,252,2021-08-05,2022-08-04
2022-08-04,BTC,dxy_ret,-0.381009387026722,0.557912986578791,-1.47449874722833,0.712479973174888,0.285506170957869,252,252,2021-08-05,2022-08-04
2022-08-04,BTC,real_yield_d1,-0.0174729873659556,0.0544034115371101,-0.124101714614802,0.0891557398828911,0.285506170957869,252,252,2021-08-05,2022-08-04
2022-08-04,BTC,gold_ret,0.192680738981718,0.292772615268278,-0.381143042603709,0.766504520567144,0.285506170957869,252,252,2021-08-05,2022-08-04
2022-08-11,BTC,qqq_ret,0.954334411014846,0.205630881590875,0.551305288987511,1.35736353304218,0.293957837174831,252,252,2021-08-12,2022-08-11
2022-08-11,BTC,vix_d1,-0.00343564800241074,0.00199697948187806,-0.00734965586475718,0.000478359859935708,0.293957837174831,252,252,2021-08-12,2022-08-11
2022-08-11,BTC,dxy_ret,-0.377173426727951,0.559533757150638,-1.47383943887758,0.719492585421681,0.293957837174831,252,252,2021-08-12,2022-08-11
2022-08-11,BTC,real_yield_d1,-0.00562954059087372,0.0525749520295547,-0.108674553057722,0.0974154718759745,0.293957837174831,252,252,2021-08-12,2022-08-11
2022-08-11,BTC,gold_ret,0.378373851252152,0.273159447158903,-0.15700882721617,0.913756529720474,0.293957837174831,252,252,2021-08-12,2022-08-11
2022-08-18,BTC,qqq_ret,0.934062630231464,0.204392107582532,0.533461460645464,1.33466379981746,0.298536066987381,252,252,2021-08-19,2022-08-18
2022-08-18,BTC,vix_d1,-0.00361360281542087,0.00205649656906985,-0.00764426202512796,0.000417056394286224,0.298536066987381,252,252,2021-08-19,2022-08-18
2022-08-18,BTC,dxy_ret,-0.417415968782725,0.549375666174736,-1.49417248846791,0.659340550902457,0.298536066987381,252,252,2021-08-19,2022-08-18
2022-08-18,BTC,real_yield_d1,-0.00647919995670785,0.0524641641892077,-0.109307072246551,0.0963486723331354,0.298536066987381,252,252,2021-08-19,2022-08-18
2022-08-18,BTC,gold_ret,0.333834821111722,0.265385274453136,-0.186310758843703,0.853980401067147,0.298536066987381,252,252,2021-08-19,2022-08-18
2022-08-25,BTC,qqq_ret,0.969910944810804,0.201359154530081,0.575254253974409,1.3645676356472,0.293061301945937,252,252,2021-08-26,2022-08-25
2022-08-25,BTC,vix_d1,-0.003120168882298,0.00203057144166779,-0.00710001577600245,0.000859678011406441,0.293061301945937,252,252,2021-08-26,2022-08-25
2022-08-25,BTC,dxy_ret,-0.391777348155293,0.558175037755167,-1.4857803192247,0.702225622914119,0.293061301945937,252,252,2021-08-26,2022-08-25
2022-08-25,BTC,real_yield_d1,-0.00775909950278069,0.0518161514902084,-0.109316890241061,0.0937986912354992,0.293061301945937,252,252,2021-08-26,2022-08-25
2022-08-25,BTC,gold_ret,0.372393717416366,0.26963623369805,-0.156083589558836,0.900871024391569,0.293061301945937,252,252,2021-08-26,2022-08-25
2022-09-01,BTC,qqq_ret,0.997619239126913,0.196613306774826,0.61226423896693,1.3829742392869,0.298050085502556,252,252,2021-09-02,2022-09-01
2022-09-01,BTC,vix_d1,-0.00283196697251106,0.0020353286510807,-0.00682113782533173,0.0011572038803096,0.298050085502556,252,252,2021-09-02,2022-09-01
2022-09-01,BTC,dxy_ret,-0.383398344187395,0.553642416041351,-1.46851753994218,0.701720851567394,0.298050085502556,252,252,2021-09-02,2022-09-01
2022-09-01,BTC,real_yield_d1,-0.00201953657194618,0.0515630526266083,-0.103081262653042,0.0990421895091495,0.298050085502556,252,252,2021-09-02,2022-09-01
2022-09-01,BTC,gold_ret,0.358844078431039,0.260597354625856,-0.151917351102051,0.86960550796413,0.298050085502556,252,252,2021-09-02,2022-09-01
2022-09-09,BTC,qqq_ret,1.04336343456764,0.198051461160398,0.655189703607725,1.43153716552755,0.303692673360326,252,252,2021-09-10,2022-09-09
2022-09-09,BTC,vix_d1,-0.00258088675688426,0.00202705021620728,-0.00655383217550465,0.00139205866173614,0.303692673360326,252,252,2021-09-10,2022-09-09
2022-09-09,BTC,dxy_ret,-0.336265873072675,0.547435948433828,-1.40922061584551,0.736688869700155,0.303692673360326,252,252,2021-09-10,2022-09-09
2022-09-09,BTC,real_yield_d1,-0.00514764538670296,0.0504934287521671,-0.10411294719689,0.0938176564234837,0.303692673360326,252,252,2021-09-10,2022-09-09
2022-09-09,BTC,gold_ret,0.332874937161886,0.26132977211986,-0.1793220042811,0.845071878604871,0.303692673360326,252,252,2021-09-10,2022-09-09
2022-09-16,BTC,qqq_ret,1.10983972308691,0.20499870794282,0.70804963864174,1.51162980753208,0.318169780927756,252,252,2021-09-17,2022-09-16
2022-09-16,BTC,vix_d1,-0.00216296964976069,0.0020571760867177,-0.00619496068958443,0.00186902139006304,0.318169780927756,252,252,2021-09-17,2022-09-16
2022-09-16,BTC,dxy_ret,-0.236703318282416,0.554668949523711,-1.32383448269155,0.850427846126722,0.318169780927756,252,252,2021-09-17,2022-09-16
2022-09-16,BTC,real_yield_d1,0.00179681774728957,0.0507320882125449,-0.0976362480098075,0.101229883504387,0.318169780927756,252,252,2021-09-17,2022-09-16
2022-09-16,BTC,gold_ret,0.395144840312525,0.274811405706853,-0.143475617413731,0.933765298038782,0.318169780927756,252,252,2021-09-17,2022-09-16
2022-09-23,BTC,qqq_ret,1.13294737079533,0.198839726358068,0.743228668437713,1.52266607315294,0.310080321744107,252,252,2021-09-24,2022-09-23
2022-09-23,BTC,vix_d1,-0.00163336609578515,0.00203000931836597,-0.00561211124806316,0.00234537905649286,0.310080321744107,252,252,2021-09-24,2022-09-23
2022-09-23,BTC,dxy_ret,-0.0424301251893175,0.557521881687946,-1.13515293389069,1.05029268351206,0.310080321744107,252,252,2021-09-24,2022-09-23
2022-09-23,BTC,real_yield_d1,0.012855415814262,0.0509291764947459,-0.0869639358777239,0.112674767506248,0.310080321744107,252,252,2021-09-24,2022-09-23
2022-09-23,BTC,gold_ret,0.502881467739759,0.261585454496968,-0.00981660195383915,1.01557953743336,0.310080321744107,252,252,2021-09-24,2022-09-23
2022-09-30,BTC,qqq_ret,1.10881916647448,0.197927710943913,0.720887981481956,1.496750351467,0.309031891906453,252,252,2021-10-01,2022-09-30
2022-09-30,BTC,vix_d1,-0.00186277201078232,0.00204359855723018,-0.00586815158181149,0.00214260756024684,0.309031891906453,252,252,2021-10-01,2022-09-30
2022-09-30,BTC,dxy_ret,-0.030140815306209,0.544116843687997,-1.09659023231629,1.03630860170387,0.309031891906453,252,252,2021-10-01,2022-09-30
2022-09-30,BTC,real_yield_d1,0.0238575253953167,0.0469498791169281,-0.0681625467523715,0.115877597543005,0.309031891906453,252,252,2021-10-01,2022-09-30
2022-09-30,BTC,gold_ret,0.485070124435821,0.261843188833998,-0.0281330952759361,0.998273344147578,0.309031891906453,252,252,2021-10-01,2022-09-30
2022-10-07,BTC,qqq_ret,1.0915255816674,0.18964448514876,0.719829220909193,1.46322194242561,0.317112282782198,252,252,2021-10-08,2022-10-07
2022-10-07,BTC,vix_d1,-0.00184126531618905,0.0020314133623496,-0.00582276234410768,0.00214023171172959,0.317112282782198,252,252,2021-10-08,2022-10-07
2022-10-07,BTC,dxy_ret,-0.011526000534151,0.492553041362909,-0.976912222081119,0.953860221012817,0.317112282782198,252,252,2021-10-08,2022-10-07
2022-10-07,BTC,real_yield_d1,0.0272717786295044,0.0448044241167608,-0.0605432789874045,0.115086836246413,0.317112282782198,252,252,2021-10-08,2022-10-07
2022-10-07,BTC,gold_ret,0.425485947921997,0.254935662634573,-0.0741787692166193,0.925150665060614,0.317112282782198,252,252,2021-10-08,2022-10-07
2022-10-14,BTC,qqq_ret,1.05561948274197,0.190782371690387,0.681692905343681,1.42954606014026,0.322008678309468,252,252,2021-10-15,2022-10-14
2022-10-14,BTC,vix_d1,-0.00214273828914013,0.00204528114470082,-0.00615141567101259,0.00186593909273234,0.322008678309468,252,252,2021-10-15,2022-10-14
2022-10-14,BTC,dxy_ret,-0.101503252571517,0.482648003651059,-1.04747595693775,0.844469451794715,0.322008678309468,252,252,2021-10-15,2022-10-14
2022-10-14,BTC,real_yield_d1,0.0244925728001017,0.0448485935811951,-0.0634090553763148,0.112394200976518,0.322008678309468,252,252,2021-10-15,2022-10-14
2022-10-14,BTC,gold_ret,0.391874925825755,0.252109999925021,-0.102251594169682,0.886001445821191,0.322008678309468,252,252,2021-10-15,2022-10-14
2022-10-21,BTC,qqq_ret,1.0267197470204,0.188370783055475,0.657519796492062,1.39591969754874,0.327665371703607,252,252,2021-10-22,2022-10-21
2022-10-21,BTC,vix_d1,-0.00226880039987811,0.00202737365378749,-0.00624237974450697,0.00170477894475074,0.327665371703607,252,252,2021-10-22,2022-10-21
2022-10-21,BTC,dxy_ret,-0.105314940633419,0.468807004605481,-1.02415978536026,0.813529904093426,0.327665371703607,252,252,2021-10-22,2022-10-21
2022-10-21,BTC,real_yield_d1,0.0211325852398671,0.0448867071546379,-0.0668437441678195,0.109108914647554,0.327665371703607,252,252,2021-10-22,2022-10-21
2022-10-21,BTC,gold_ret,0.392557645615471,0.253721080623167,-0.10472653452452,0.889841825755461,0.327665371703607,252,252,2021-10-22,2022-10-21
2022-10-28,BTC,qqq_ret,0.979725431127494,0.189832525080938,0.60766051887456,1.35179034338043,0.326053757993065,252,252,2021-10-29,2022-10-28
2022-10-28,BTC,vix_d1,-0.00256716227901961,0.00203977986655558,-0.00656505735385845,0.00143073279581924,0.326053757993065,252,252,2021-10-29,2022-10-28
2022-10-28,BTC,dxy_ret,-0.153190229294399,0.457861868073694,-1.05058300061307,0.744202542024271,0.326053757993065,252,252,2021-10-29,2022-10-28
2022-10-28,BTC,real_yield_d1,0.0146657795115091,0.0448220032019113,-0.0731837324791761,0.102515291502194,0.326053757993065,252,252,2021-10-29,2022-10-28
2022-10-28,BTC,gold_ret,0.371595479795235,0.254248907702543,-0.126723222410397,0.869914182000866,0.326053757993065,252,252,2021-10-29,2022-10-28
2022-11-04,BTC,qqq_ret,0.967426124753805,0.187671611801908,0.599596524701483,1.33525572480613,0.330610531295655,252,252,2021-11-05,2022-11-04
2022-11-04,BTC,vix_d1,-0.00265560647987245,0.00205202583507819,-0.00667750321197143,0.00136629025222653,0.330610531295655,252,252,2021-11-05,2022-11-04
2022-11-04,BTC,dxy_ret,-0.125951943611977,0.429822106003794,-0.968387791138571,0.716483903914616,0.330610531295655,252,252,2021-11-05,2022-11-04
2022-11-04,BTC,real_yield_d1,0.0182086755108418,0.0446752497846884,-0.0693532050674783,0.105770556089162,0.330610531295655,252,252,2021-11-05,2022-11-04
2022-11-04,BTC,gold_ret,0.440851446023564,0.244403772640966,-0.0381711460384457,0.919874038085573,0.330610531295655,252,252,2021-11-05,2022-11-04
2022-11-11,BTC,qqq_ret,0.967297759443097,0.177209183221637,0.619974142598929,1.31462137628726,0.33320597727397,252,252,2021-11-12,2022-11-11
2022-11-11,BTC,vix_d1,-0.00297960631043867,0.00209011958184673,-0.00707616541424019,0.00111695279336285,0.33320597727397,252,252,2021-11-12,2022-11-11
2022-11-11,BTC,dxy_ret,-0.015233774661163,0.384768748849982,-0.769366664783665,0.738899115461339,0.33320597727397,252,252,2021-11-12,2022-11-11
2022-11-11,BTC,real_yield_d1,0.00945659955151027,0.0445103987231708,-0.0777821788834221,0.0966953779864426,0.33320597727397,252,252,2021-11-12,2022-11-11
2022-11-11,BTC,gold_ret,0.330894244147243,0.249982387508283,-0.159062232138327,0.820850720432814,0.33320597727397,252,252,2021-11-12,2022-11-11
2022-11-18,BTC,qqq_ret,0.996608303098148,0.173332169455768,0.656883493602649,1.33633311259365,0.343056779241477,252,252,2021-11-19,2022-11-18
2022-11-18,BTC,vix_d1,-0.00280005878969263,0.0020563883329896,-0.0068305058605806,0.00123038828119534,0.343056779241477,252,252,2021-11-19,2022-11-18
2022-11-18,BTC,dxy_ret,-0.00239632478652141,0.380013062827572,-0.747208241583319,0.742415592010277,0.343056779241477,252,252,2021-11-19,2022-11-18
2022-11-18,BTC,real_yield_d1,0.00513577151945125,0.0432698602586281,-0.0796715962035409,0.0899431392424434,0.343056779241477,252,252,2021-11-19,2022-11-18
2022-11-18,BTC,gold_ret,0.277714599026728,0.248118236373093,-0.20858820817213,0.764017406225587,0.343056779241477,252,252,2021-11-19,2022-11-18
2022-11-28,BTC,qqq_ret,1.02101302684246,0.192842795179218,0.643048093613163,1.39897796007177,0.341399133990102,252,252,2021-11-29,2022-11-28
2022-11-28,BTC,vix_d1,-0.0024431984729737,0.00249131500270651,-0.00732608615242277,0.00243968920647537,0.341399133990102,252,252,2021-11-29,2022-11-28
2022-11-28,BTC,dxy_ret,-0.0767936899450591,0.379231430111658,-0.820073634769528,0.66648625487941,0.341399133990102,252,252,2021-11-29,2022-11-28
2022-11-28,BTC,real_yield_d1,0.00747654433823759,0.0427940238063228,-0.0763982010757047,0.0913512897521799,0.341399133990102,252,252,2021-11-29,2022-11-28
2022-11-28,BTC,gold_ret,0.30471538923227,0.256119218302326,-0.19726905438884,0.80669983285338,0.341399133990102,252,252,2021-11-29,2022-11-28
2022-12-05,BTC,qqq_ret,1.00678795526223,0.194326875580557,0.625914277896143,1.38766163262832,0.339108451581585,252,252,2021-12-06,2022-12-05
2022-12-05,BTC,vix_d1,-0.00250349296779797,0.0027512377997812,-0.00789581996827434,0.0028888340326784,0.339108451581585,252,252,2021-12-06,2022-12-05
2022-12-05,BTC,dxy_ret,-0.0522994166629469,0.371328671991317,-0.780090240193016,0.675491406867122,0.339108451581585,252,252,2021-12-06,2022-12-05
2022-12-05,BTC,real_yield_d1,0.00606746341704104,0.0419071536266834,-0.0760690483858456,0.0882039752199276,0.339108451581585,252,252,2021-12-06,2022-12-05
2022-12-05,BTC,gold_ret,0.280141814289385,0.255660145798449,-0.220942863757834,0.781226492336604,0.339108451581585,252,252,2021-12-06,2022-12-05
2022-12-12,BTC,qqq_ret,0.953188578885355,0.186187880424716,0.588267038895061,1.31811011887565,0.349266327382888,252,252,2021-12-13,2022-12-12
2022-12-12,BTC,vix_d1,-0.00362252376531069,0.00259440990349552,-0.00870747373729596,0.00146242620667457,0.349266327382888,252,252,2021-12-13,2022-12-12
2022-12-12,BTC,dxy_ret,0.00260954775431388,0.36462350940889,-0.712039398603712,0.71725849411234,0.349266327382888,252,252,2021-12-13,2022-12-12
2022-12-12,BTC,real_yield_d1,0.0113027832848047,0.0411275112087348,-0.0693056574580829,0.0919112240276923,0.349266327382888,252,252,2021-12-13,2022-12-12
2022-12-12,BTC,gold_ret,0.297030301278998,0.250326995684957,-0.193601594621631,0.787662197179627,0.349266327382888,252,252,2021-12-13,2022-12-12
2022-12-19,BTC,qqq_ret,0.940188765211183,0.182182431684205,0.583117760494213,1.29725976992815,0.354452662395363,252,252,2021-12-20,2022-12-19
2022-12-19,BTC,vix_d1,-0.00389284100743079,0.00255743041823983,-0.00890531252014806,0.00111963050528647,0.354452662395363,252,252,2021-12-20,2022-12-19
2022-12-19,BTC,dxy_ret,0.00603694063541282,0.361689231610867,-0.702860926917852,0.714934808188678,0.354452662395363,252,252,2021-12-20,2022-12-19
2022-12-19,BTC,real_yield_d1,0.00750640140447047,0.0407717808085428,-0.0724048205658347,0.0874176233747757,0.354452662395363,252,252,2021-12-20,2022-12-19
2022-12-19,BTC,gold_ret,0.277474180760249,0.243771804572403,-0.200309776647998,0.755258138168495,0.354452662395363,252,252,2021-12-20,2022-12-19
2022-12-27,BTC,qqq_ret,0.921286282916699,0.183156084939253,0.562306952886404,1.28026561294699,0.35205533010343,252,252,2021-12-28,2022-12-27
2022-12-27,BTC,vix_d1,-0.00398081223189735,0.00256769426943171,-0.00901340052329339,0.00105177605949869,0.35205533010343,252,252,2021-12-28,2022-12-27
2022-12-27,BTC,dxy_ret,-0.018548593516816,0.365371093365247,-0.734662777504722,0.69756559047109,0.35205533010343,252,252,2021-12-28,2022-12-27
2022-12-27,BTC,real_yield_d1,0.00835978212537493,0.0402832575737194,-0.0705939518990654,0.0873135161498153,0.35205533010343,252,252,2021-12-28,2022-12-27
2022-12-27,BTC,gold_ret,0.298829800594573,0.237624015163232,-0.166904710987161,0.764564312176307,0.35205533010343,252,252,2021-12-28,2022-12-27
2023-01-04,BTC,qqq_ret,0.904634626083685,0.181353860744482,0.549187590567209,1.26008166160016,0.354153145844278,252,252,2022-01-04,2023-01-04
2023-01-04,BTC,vix_d1,-0.00414168251333885,0.00254880495237063,-0.0091372484236026,0.000853883396924909,0.354153145844278,252,252,2022-01-04,2023-01-04
2023-01-04,BTC,dxy_ret,-0.00533230829322145,0.360545657165252,-0.711988811119442,0.701324194532999,0.354153145844278,252,252,2022-01-04,2023-01-04
2023-01-04,BTC,real_yield_d1,0.00871680474493602,0.0404457219016635,-0.0705553535110473,0.0879889630009194,0.354153145844278,252,252,2022-01-04,2023-01-04
2023-01-04,BTC,gold_ret,0.292529121333452,0.23792664437923,-0.173798532612308,0.758856775279211,0.354153145844278,252,252,2022-01-04,2023-01-04
2023-01-11,BTC,qqq_ret,0.891138586482882,0.178715117872314,0.540863391960317,1.24141378100545,0.35006034896357,252,252,2022-01-11,2023-01-11
2023-01-11,BTC,vix_d1,-0.00419433659611123,0.00254143359474174,-0.0091754549109052,0.000786781718682732,0.35006034896357,252,252,2022-01-11,2023-01-11
2023-01-11,BTC,dxy_ret,-0.0155620214668852,0.354527478593433,-0.710423111039808,0.679299068106038,0.35006034896357,252,252,2022-01-11,2023-01-11
2023-01-11,BTC,real_yield_d1,0.00874996666422915,0.0405819273481578,-0.0707891493613812,0.0882890826898396,0.35006034896357,252,252,2022-01-11,2023-01-11
2023-01-11,BTC,gold_ret,0.265511012349744,0.237309705426885,-0.199607463468761,0.730629488168248,0.35006034896357,252,252,2022-01-11,2023-01-11
2023-01-19,BTC,qqq_ret,0.894693376771723,0.177825211652725,0.546162366389169,1.24322438715428,0.345875035941146,252,252,2022-01-19,2023-01-19
2023-01-19,BTC,vix_d1,-0.00428152484526038,0.00256961086681247,-0.00931786959849557,0.000754819907974804,0.345875035941146,252,252,2022-01-19,2023-01-19
2023-01-19,BTC,dxy_ret,-0.0280689664324503,0.354271961492913,-0.722429251690921,0.666291318826021,0.345875035941146,252,252,2022-01-19,2023-01-19
2023-01-19,BTC,real_yield_d1,0.0120531366026957,0.0397512347752765,-0.0658578518978425,0.0899641251032339,0.345875035941146,252,252,2022-01-19,2023-01-19
2023-01-19,BTC,gold_ret,0.311987766264549,0.233239388503817,-0.145153034979077,0.769128567508175,0.345875035941146,252,252,2022-01-19,2023-01-19
2023-01-26,BTC,qqq_ret,0.913230562771772,0.174316434266814,0.571576629695371,1.25488449584817,0.342892223462735,252,252,2022-01-26,2023-01-26
2023-01-26,BTC,vix_d1,-0.00385964631682005,0.00256376040584716,-0.00888452437727028,0.00116523174363018,0.342892223462735,252,252,2022-01-26,2023-01-26
2023-01-26,BTC,dxy_ret,-0.0670337943001197,0.353877710099685,-0.760621361027008,0.626553772426769,0.342892223462735,252,252,2022-01-26,2023-01-26
2023-01-26,BTC,real_yield_d1,0.00890906613867139,0.040009717252738,-0.0695085387083259,0.0873266709856686,0.342892223462735,252,252,2022-01-26,2023-01-26
2023-01-26,BTC,gold_ret,0.284796220554824,0.237874120231466,-0.181428487953,0.751020929062648,0.342892223462735,252,252,2022-01-26,2023-01-26
2023-02-02,BTC,qqq_ret,0.890152876314996,0.170807768055226,0.555375802647082,1.22492994998291,0.343692110666584,252,252,2022-02-02,2023-02-02
2023-02-02,BTC,vix_d1,-0.00418509733685011,0.00258064798899719,-0.00924307445206032,0.000872879778360104,0.343692110666584,252,252,2022-02-02,2023-02-02
2023-02-02,BTC,dxy_ret,-0.10520550546514,0.356518414358001,-0.803968757432149,0.593557746501869,0.343692110666584,252,252,2022-02-02,2023-02-02
2023-02-02,BTC,real_yield_d1,0.0123433715632215,0.0405049486296838,-0.0670448689466038,0.0917316120730468,0.343692110666584,252,252,2022-02-02,2023-02-02
2023-02-02,BTC,gold_ret,0.335526623700041,0.243034762540315,-0.140812757870221,0.811866005270303,0.343692110666584,252,252,2022-02-02,2023-02-02
2023-02-09,BTC,qqq_ret,0.917308816828265,0.169200749701116,0.585681441256902,1.24893619239963,0.3617293869081,252,252,2022-02-09,2023-02-09
2023-02-09,BTC,vix_d1,-0.00406633906488212,0.00257731389857225,-0.00911778148293825,0.00098510335317402,0.3617293869081,252,252,2022-02-09,2023-02-09
2023-02-09,BTC,dxy_ret,-0.0448596528496694,0.351048877745564,-0.73290281004418,0.643183504344841,0.3617293869081,252,252,2022-02-09,2023-02-09
2023-02-09,BTC,real_yield_d1,0.00132221335733221,0.0392647591214708,-0.0756353003823911,0.0782797270970555,0.3617293869081,252,252,2022-02-09,2023-02-09
2023-02-09,BTC,gold_ret,0.269232494432356,0.232532152511452,-0.186522149737665,0.724987138602377,0.3617293869081,252,252,2022-02-09,2023-02-09
2023-02-16,BTC,qqq_ret,0.917819127286462,0.169661159834967,0.585289364434634,1.25034889013829,0.357472652319568,252,252,2022-02-16,2023-02-16
2023-02-16,BTC,vix_d1,-0.00444116698916827,0.00268966358644761,-0.00971281074913443,0.000830476770797887,0.357472652319568,252,252,2022-02-16,2023-02-16
2023-02-16,BTC,dxy_ret,0.0285258995939309,0.355189957165308,-0.667633624120398,0.72468542330826,0.357472652319568,252,252,2022-02-16,2023-02-16
2023-02-16,BTC,real_yield_d1,-0.00273992697183021,0.0392674112817757,-0.0797026388502323,0.0742227849065719,0.357472652319568,252,252,2022-02-16,2023-02-16
2023-02-16,BTC,gold_ret,0.217545567342425,0.232431922498296,-0.23801262961164,0.673103764296491,0.357472652319568,252,252,2022-02-16,2023-02-16
2023-02-24,BTC,qqq_ret,0.909636951136107,0.169288769819903,0.577837059302005,1.24143684297021,0.345628337999818,252,252,2022-02-24,2023-02-24
2023-02-24,BTC,vix_d1,-0.00408430484632065,0.00275809925447409,-0.00949008005087665,0.00132147035823535,0.345628337999818,252,252,2022-02-24,2023-02-24
2023-02-24,BTC,dxy_ret,0.00543850803230958,0.356719325156778,-0.693718521864408,0.704595537929027,0.345628337999818,252,252,2022-02-24,2023-02-24
2023-02-24,BTC,real_yield_d1,-0.00221788954913203,0.0392023573349974,-0.0790530980347966,0.0746173189365325,0.345628337999818,252,252,2022-02-24,2023-02-24
2023-02-24,BTC,gold_ret,0.269731601851525,0.236763443750289,-0.194316220754716,0.733779424457766,0.345628337999818,252,252,2022-02-24,2023-02-24
2023-03-03,BTC,qqq_ret,0.823864389873927,0.155185540458979,0.519706319652946,1.12802246009491,0.355674909745235,252,252,2022-03-03,2023-03-03
2023-03-03,BTC,vix_d1,-0.00589093658952245,0.00236514443635843,-0.0105265345030203,-0.00125533867602464,0.355674909745235,252,252,2022-03-03,2023-03-03
2023-03-03,BTC,dxy_ret,-0.124030960404993,0.364953077569305,-0.839325848487885,0.591263927677898,0.355674909745235,252,252,2022-03-03,2023-03-03
2023-03-03,BTC,real_yield_d1,0.0280928184848795,0.0356792202968673,-0.041837168293451,0.09802280526321,0.355674909745235,252,252,2022-03-03,2023-03-03
2023-03-03,BTC,gold_ret,0.215393870400487,0.232975702207928,-0.24123011519998,0.672017856000954,0.355674909745235,252,252,2022-03-03,2023-03-03
2023-03-10,BTC,qqq_ret,0.800473352363165,0.154051891958579,0.498537192374096,1.10240951235224,0.349911716416355,252,252,2022-03-10,2023-03-10
2023-03-10,BTC,vix_d1,-0.00599729136368645,0.00238773728687023,-0.0106771704504955,-0.00131741227687742,0.349911716416355,252,252,2022-03-10,2023-03-10
2023-03-10,BTC,dxy_ret,0.0382317898050889,0.342353951927677,-0.632769625938116,0.709233205548293,0.349911716416355,252,252,2022-03-10,2023-03-10
2023-03-10,BTC,real_yield_d1,0.020808115709672,0.0346634712198029,-0.0471310394602824,0.0887472708796264,0.349911716416355,252,252,2022-03-10,2023-03-10
2023-03-10,BTC,gold_ret,0.284020826156371,0.23631915225578,-0.179156201121996,0.747197853434738,0.349911716416355,252,252,2022-03-10,2023-03-10
2023-03-17,BTC,qqq_ret,0.882895550063939,0.165409295160253,0.558699288841689,1.20709181128619,0.32914372289257,252,252,2022-03-17,2023-03-17
2023-03-17,BTC,vix_d1,-0.00427480992196242,0.00273354959468363,-0.0096324686774964,0.00108284883357155,0.32914372289257,252,252,2022-03-17,2023-03-17
2023-03-17,BTC,dxy_ret,0.0435518720235982,0.345110111859699,-0.632851517922,0.719955261969197,0.32914372289257,252,252,2022-03-17,2023-03-17
2023-03-17,BTC,real_yield_d1,0.0194135500871679,0.0354459021723072,-0.0500591415700842,0.08888624174442,0.32914372289257,252,252,2022-03-17,2023-03-17
2023-03-17,BTC,gold_ret,0.627806817933089,0.3535776495116,-0.0651926408479733,1.32080627671415,0.32914372289257,252,252,2022-03-17,2023-03-17
2023-03-24,BTC,qqq_ret,0.893614601787009,0.166024168341503,0.568213211274448,1.21901599229957,0.331408326946597,252,252,2022-03-24,2023-03-24
2023-03-24,BTC,vix_d1,-0.00427438793170838,0.00268514554122376,-0.00953717648575526,0.000988400622338491,0.331408326946597,252,252,2022-03-24,2023-03-24
2023-03-24,BTC,dxy_ret,0.0539440451356961,0.336708995684035,-0.605993459675664,0.713881549947057,0.331408326946597,252,252,2022-03-24,2023-03-24
2023-03-24,BTC,real_yield_d1,0.0264473720628576,0.0360430727411152,-0.0441957524018855,0.0970904965276007,0.331408326946597,252,252,2022-03-24,2023-03-24
2023-03-24,BTC,gold_ret,0.669588876105496,0.345811424642867,-0.00818906163701139,1.347366813848,0.331408326946597,252,252,2022-03-24,2023-03-24
2023-03-31,BTC,qqq_ret,0.894106900216116,0.164449840352223,0.571791135862398,1.21642266456983,0.332474313809895,252,252,2022-03-31,2023-03-31
2023-03-31,BTC,vix_d1,-0.0042074478393744,0.00266143326487759,-0.00942376118579134,0.00100886550704253,0.332474313809895,252,252,2022-03-31,2023-03-31
2023-03-31,BTC,dxy_ret,0.0655730612714717,0.332340851082293,-0.585803037441213,0.716949159984156,0.332474313809895,252,252,2022-03-31,2023-03-31
2023-03-31,BTC,real_yield_d1,0.0303574824857795,0.0361496557320793,-0.0404945408026178,0.101209505774177,0.332474313809895,252,252,2022-03-31,2023-03-31
2023-03-31,BTC,gold_ret,0.728429768893842,0.334820123282942,0.0721943859600148,1.38466515182767,0.332474313809895,252,252,2022-03-31,2023-03-31
2023-04-10,BTC,qqq_ret,0.905224999665675,0.165214832327569,0.581409878591816,1.22904012073953,0.325391319779016,252,252,2022-04-07,2023-04-10
2023-04-10,BTC,vix_d1,-0.00406194163441346,0.00268134169105029,-0.00931727477911775,0.00119339151029083,0.325391319779016,252,252,2022-04-07,2023-04-10
2023-04-10,BTC,dxy_ret,0.120988949570468,0.32861548224837,-0.523085560398599,0.765063459539534,0.325391319779016,252,252,2022-04-07,2023-04-10
2023-04-10,BTC,real_yield_d1,0.033099952448419,0.0366110318643513,-0.0386563514425579,0.104856256339396,0.325391319779016,252,252,2022-04-07,2023-04-10
2023-04-10,BTC,gold_ret,0.748161158839962,0.325067973717165,0.111039637826906,1.38528267985302,0.325391319779016,252,252,2022-04-07,2023-04-10
2023-04-17,BTC,qqq_ret,0.892590131016547,0.163999737330127,0.571156552375468,1.21402370965763,0.318557115398706,252,252,2022-04-14,2023-04-17
2023-04-17,BTC,vix_d1,-0.0039605623553887,0.00272873124947392,-0.00930877732784655,0.00138765261706916,0.318557115398706,252,252,2022-04-14,2023-04-17
2023-04-17,BTC,dxy_ret,0.106833744219618,0.330071128243718,-0.540093779474571,0.753761267913807,0.318557115398706,252,252,2022-04-14,2023-04-17
2023-04-17,BTC,real_yield_d1,0.032413052566051,0.0367640867291914,-0.0396432333476711,0.104469338479773,0.318557115398706,252,252,2022-04-14,2023-04-17
2023-04-17,BTC,gold_ret,0.751742238893182,0.318795855703361,0.126913843293967,1.3765706344924,0.318557115398706,252,252,2022-04-14,2023-04-17
2023-04-24,BTC,qqq_ret,0.897460349770728,0.167647780306466,0.568876738281972,1.22604396125948,0.314782341389422,252,252,2022-04-22,2023-04-24
2023-04-24,BTC,vix_d1,-0.00388981830374575,0.00276072237387678,-0.00930073472785817,0.00152109812036667,0.314782341389422,252,252,2022-04-22,2023-04-24
2023-04-24,BTC,dxy_ret,0.116388410694879,0.333227993744446,-0.536726455684774,0.769503277074532,0.314782341389422,252,252,2022-04-22,2023-04-24
2023-04-24,BTC,real_yield_d1,0.0353435615405455,0.0367712851361206,-0.0367268329915039,0.107413956072595,0.314782341389422,252,252,2022-04-22,2023-04-24
2023-04-24,BTC,gold_ret,0.795513672131646,0.317567745704073,0.173092327900089,1.4179350163632,0.314782341389422,252,252,2022-04-22,2023-04-24
2023-05-01,BTC,qqq_ret,0.889004572730993,0.175328534524543,0.545366959600701,1.23264218586129,0.309096015942613,252,252,2022-04-29,2023-05-01
2023-05-01,BTC,vix_d1,-0.00390308354061657,0.00316950720911221,-0.0101152035192166,0.00230903643798341,0.309096015942613,252,252,2022-04-29,2023-05-01
2023-05-01,BTC,dxy_ret,0.0546961498630759,0.336569863686438,-0.604968661243899,0.714360960970051,0.309096015942613,252,252,2022-04-29,2023-05-01
2023-05-01,BTC,real_yield_d1,0.0320302097298603,0.036597642080046,-0.0396998506661175,0.103760270125838,0.309096015942613,252,252,2022-04-29,2023-05-01
2023-05-01,BTC,gold_ret,0.831198054698301,0.323721390068973,0.196715789137871,1.46568032025873,0.309096015942613,252,252,2022-04-29,2023-05-01
2023-05-08,BTC,qqq_ret,0.871812882679662,0.176746022154061,0.525397044846983,1.21822872051234,0.291827176996834,252,252,2022-05-06,2023-05-08
2023-05-08,BTC,vix_d1,-0.00406425076722323,0.00344397697157666,-0.0108143215950988,0.00268582006065235,0.291827176996834,252,252,2022-05-06,2023-05-08
2023-05-08,BTC,dxy_ret,-0.00837358547995593,0.34989616618759,-0.694157469536273,0.677410298576361,0.291827176996834,252,252,2022-05-06,2023-05-08
2023-05-08,BTC,real_yield_d1,0.0258819127398878,0.0387606652115437,-0.0500875950915525,0.101851420571328,0.291827176996834,252,252,2022-05-06,2023-05-08
2023-05-08,BTC,gold_ret,0.805631245684381,0.315517204682343,0.187228888004237,1.42403360336453,0.291827176996834,252,252,2022-05-06,2023-05-08
2023-05-15,BTC,qqq_ret,0.830587799597039,0.183337446841201,0.471253006770758,1.18992259242332,0.265724513190311,252,252,2022-05-13,2023-05-15
2023-05-15,BTC,vix_d1,-0.00315120717802941,0.00347820117763549,-0.00996835621717979,0.00366594186112096,0.265724513190311,252,252,2022-05-13,2023-05-15
2023-05-15,BTC,dxy_ret,-0.00299830984499677,0.356403376010481,-0.701536090794025,0.695539471104032,0.265724513190311,252,252,2022-05-13,2023-05-15
2023-05-15,BTC,real_yield_d1,0.0166525364013859,0.0376505597698237,-0.0571412047452412,0.0904462775480131,0.265724513190311,252,252,2022-05-13,2023-05-15
2023-05-15,BTC,gold_ret,0.768915460693224,0.30381128929222,0.173456275583794,1.36437464580265,0.265724513190311,252,252,2022-05-13,2023-05-15
2023-05-22,BTC,qqq_ret,0.867109308040128,0.178770660700736,0.516725251574255,1.217493364506,0.258000863112068,252,252,2022-05-20,2023-05-22
2023-05-22,BTC,vix_d1,-0.00270753861194625,0.00362344230607995,-0.00980935503192172,0.00439427780802922,0.258000863112068,252,252,2022-05-20,2023-05-22
2023-05-22,BTC,dxy_ret,0.0186336753283698,0.363995386441245,-0.694784172635209,0.732051523291948,0.258000863112068,252,252,2022-05-20,2023-05-22
2023-05-22,BTC,real_yield_d1,0.00993121727907394,0.0369095899220567,-0.0624102496522998,0.0822726842104476,0.258000863112068,252,252,2022-05-20,2023-05-22
2023-05-22,BTC,gold_ret,0.704512118360391,0.291223155286314,0.133725222535101,1.27529901418568,0.258000863112068,252,252,2022-05-20,2023-05-22
2023-05-30,BTC,qqq_ret,0.880521000318774,0.17826750214322,0.531123116504146,1.2299188841334,0.264639883487761,252,252,2022-05-27,2023-05-30
2023-05-30,BTC,vix_d1,-0.00267752403213233,0.00356927784975474,-0.00967318006846819,0.00431813200420353,0.264639883487761,252,252,2022-05-27,2023-05-30
2023-05-30,BTC,dxy_ret,-0.00834052416423647,0.358833430653148,-0.711641124693358,0.694960076364886,0.264639883487761,252,252,2022-05-27,2023-05-30
2023-05-30,BTC,real_yield_d1,0.00525992449609656,0.0371089444882067,-0.0674722702050847,0.0779921191972778,0.264639883487761,252,252,2022-05-27,2023-05-30
2023-05-30,BTC,gold_ret,0.674447974361414,0.296467915912647,0.093381536600976,1.25551441212185,0.264639883487761,252,252,2022-05-27,2023-05-30
2023-06-06,BTC,qqq_ret,0.871746583223646,0.186314254006174,0.506577355565097,1.23691581088219,0.278796182219938,252,252,2022-06-06,2023-06-06
2023-06-06,BTC,vix_d1,-0.00300617579522322,0.00353003400531911,-0.00992491530985035,0.00391256371940391,0.278796182219938,252,252,2022-06-06,2023-06-06
2023-06-06,BTC,dxy_ret,-0.171785621670866,0.341875686155665,-0.841849653725888,0.498278410384156,0.278796182219938,252,252,2022-06-06,2023-06-06
2023-06-06,BTC,real_yield_d1,0.00741415413981141,0.0370308831401312,-0.0651650431305573,0.0799933514101801,0.278796182219938,252,252,2022-06-06,2023-06-06
2023-06-06,BTC,gold_ret,0.682887035812039,0.302874980616499,0.0892629819854337,1.27651108963864,0.278796182219938,252,252,2022-06-06,2023-06-06
2023-06-13,BTC,qqq_ret,0.830901874863914,0.183759221267633,0.470740419352227,1.1910633303756,0.279830476169035,252,252,2022-06-13,2023-06-13
2023-06-13,BTC,vix_d1,-0.00361141157859858,0.00363166285819374,-0.0107293399846501,0.00350651682745295,0.279830476169035,252,252,2022-06-13,2023-06-13
2023-06-13,BTC,dxy_ret,-0.186913897462125,0.345386732338267,-0.863859453583103,0.490031658658853,0.279830476169035,252,252,2022-06-13,2023-06-13
2023-06-13,BTC,real_yield_d1,0.00710130551915466,0.0370519711039612,-0.0655192234008281,0.0797218344391374,0.279830476169035,252,252,2022-06-13,2023-06-13
2023-06-13,BTC,gold_ret,0.692244165030845,0.313931960992925,0.0769488278886784,1.30753950217301,0.279830476169035,252,252,2022-06-13,2023-06-13
2023-06-21,BTC,qqq_ret,0.831571353649934,0.185571685943672,0.467857532649958,1.19528517464991,0.206700223472552,252,252,2022-06-21,2023-06-21
2023-06-21,BTC,vix_d1,-0.000520026890310784,0.00239675895748045,-0.00521758812659623,0.00417753434597467,0.206700223472552,252,252,2022-06-21,2023-06-21
2023-06-21,BTC,dxy_ret,-0.073497076461768,0.32973939991048,-0.719774424570159,0.572780271646623,0.206700223472552,252,252,2022-06-21,2023-06-21
2023-06-21,BTC,real_yield_d1,0.0278405877229261,0.0303876273812311,-0.03171806751991,0.0873992429657621,0.206700223472552,252,252,2022-06-21,2023-06-21
2023-06-21,BTC,gold_ret,0.636127066294647,0.308644857876239,0.0311942608437343,1.24105987174556,0.206700223472552,252,252,2022-06-21,2023-06-21
2023-06-28,BTC,qqq_ret,0.802187169006999,0.184288931191562,0.440987501122158,1.16338683689184,0.207637767707062,252,252,2022-06-28,2023-06-28
2023-06-28,BTC,vix_d1,-0.00103059319598789,0.00230991429276053,-0.00555794201717284,0.00349675562519706,0.207637767707062,252,252,2022-06-28,2023-06-28
2023-06-28,BTC,dxy_ret,-0.0209974593211626,0.329583285437026,-0.666968828684118,0.624973910041793,0.207637767707062,252,252,2022-06-28,2023-06-28
2023-06-28,BTC,real_yield_d1,0.0277317466570426,0.0308993168588357,-0.0328298015331667,0.0882932948472519,0.207637767707062,252,252,2022-06-28,2023-06-28
2023-06-28,BTC,gold_ret,0.6730747820015,0.304523068953576,0.0762205343908832,1.26992902961212,0.207637767707062,252,252,2022-06-28,2023-06-28
2023-07-06,BTC,qqq_ret,0.738211246500178,0.172070994207136,0.400958295070191,1.07546419793017,0.211104925477288,252,252,2022-07-06,2023-07-06
2023-07-06,BTC,vix_d1,-0.00195044661128731,0.0022434302280051,-0.00634748906000578,0.00244659583743116,0.211104925477288,252,252,2022-07-06,2023-07-06
2023-07-06,BTC,dxy_ret,-0.11247662356529,0.340693397977222,-0.780223413371217,0.555270166240637,0.211104925477288,252,252,2022-07-06,2023-07-06
2023-07-06,BTC,real_yield_d1,0.0279148841138775,0.0327205428677584,-0.0362162014615279,0.0920459696892829,0.211104925477288,252,252,2022-07-06,2023-07-06
2023-07-06,BTC,gold_ret,0.724069945598975,0.312078978973194,0.112406386479481,1.33573350471847,0.211104925477288,252,252,2022-07-06,2023-07-06
2023-07-13,BTC,qqq_ret,0.72551722961162,0.173277841114037,0.385898901709254,1.06513555751399,0.193907808159735,252,252,2022-07-13,2023-07-13
2023-07-13,BTC,vix_d1,-0.00146580746167318,0.0021988932822065,-0.005775559100645,0.00284394417729864,0.193907808159735,252,252,2022-07-13,2023-07-13
2023-07-13,BTC,dxy_ret,-0.00711756799720731,0.317359403497697,-0.629130569007808,0.614895433013394,0.193907808159735,252,252,2022-07-13,2023-07-13
2023-07-13,BTC,real_yield_d1,0.0197588755006083,0.0314188553349209,-0.0418209493913108,0.0813387003925273,0.193907808159735,252,252,2022-07-13,2023-07-13
2023-07-13,BTC,gold_ret,0.682481890878061,0.311580658884769,0.0717950211846539,1.29316876057147,0.193907808159735,252,252,2022-07-13,2023-07-13
2023-07-20,BTC,qqq_ret,0.715751683091137,0.171511042050722,0.379596217720787,1.05190714846149,0.1986072719944,252,252,2022-07-20,2023-07-20
2023-07-20,BTC,vix_d1,-0.00176997320659734,0.00221860958291757,-0.0061183680848712,0.00257842167167652,0.1986072719944,252,252,2022-07-20,2023-07-20
2023-07-20,BTC,dxy_ret,0.109277760815153,0.285669281638057,-0.450623742684868,0.669179264315173,0.1986072719944,252,252,2022-07-20,2023-07-20
2023-07-20,BTC,real_yield_d1,0.0161095669909988,0.0312391642417477,-0.0451180698299581,0.0773372038119557,0.1986072719944,252,252,2022-07-20,2023-07-20
2023-07-20,BTC,gold_ret,0.679290281836646,0.315062631313216,0.0617788715883212,1.29680169208497,0.1986072719944,252,252,2022-07-20,2023-07-20
2023-07-27,BTC,qqq_ret,0.716226828390828,0.175459848434585,0.372331844726185,1.06012181205547,0.199930985081255,252,252,2022-07-27,2023-07-27
2023-07-27,BTC,vix_d1,-0.00188205301726975,0.00221112926190101,-0.00621578673575837,0.00245168070121887,0.199930985081255,252,252,2022-07-27,2023-07-27
2023-07-27,BTC,dxy_ret,0.155447093265916,0.278156728524009,-0.389730076698627,0.700624263230459,0.199930985081255,252,252,2022-07-27,2023-07-27
2023-07-27,BTC,real_yield_d1,0.0145954201726925,0.0317014662758163,-0.0475383119850186,0.0767291523304036,0.199930985081255,252,252,2022-07-27,2023-07-27
2023-07-27,BTC,gold_ret,0.675929838098634,0.316656920538645,0.0552936783875282,1.29656599780974,0.199930985081255,252,252,2022-07-27,2023-07-27
2023-08-03,BTC,qqq_ret,0.701325467289254,0.180685673340368,0.347188055019763,1.05546287955874,0.186787414320778,252,252,2022-08-03,2023-08-03
2023-08-03,BTC,vix_d1,-0.00165764472433227,0.00222446127514317,-0.00601750870861693,0.00270221925995238,0.186787414320778,252,252,2022-08-03,2023-08-03
2023-08-03,BTC,dxy_ret,0.138999757580856,0.278674463263114,-0.407192153825878,0.685191668987591,0.186787414320778,252,252,2022-08-03,2023-08-03
2023-08-03,BTC,real_yield_d1,0.0192233614781627,0.0318853288325136,-0.0432707346687804,0.0817174576251059,0.186787414320778,252,252,2022-08-03,2023-08-03
2023-08-03,BTC,gold_ret,0.660565278763098,0.317338468750743,0.0385933091025522,1.28253724842364,0.186787414320778,252,252,2022-08-03,2023-08-03
2023-08-10,BTC,qqq_ret,0.702850074236225,0.179299782545944,0.351428958010311,1.05427119046214,0.191991417670248,252,252,2022-08-10,2023-08-10
2023-08-10,BTC,vix_d1,-0.00168738368676578,0.0021885059120049,-0.00597677645424836,0.0026020090807168,0.191991417670248,252,252,2022-08-10,2023-08-10
2023-08-10,BTC,dxy_ret,0.133053431824351,0.285255386140309,-0.426036851406721,0.692143715055423,0.191991417670248,252,252,2022-08-10,2023-08-10
2023-08-10,BTC,real_yield_d1,0.0145542906606271,0.0316576064185124,-0.0474934777564012,0.0766020590776554,0.191991417670248,252,252,2022-08-10,2023-08-10
2023-08-10,BTC,gold_ret,0.666062069897047,0.32184701815273,0.0352535057860862,1.29687063400801,0.191991417670248,252,252,2022-08-10,2023-08-10
2023-08-17,BTC,qqq_ret,0.706001650190634,0.179206829203378,0.354762719168393,1.05724058121288,0.190658713506299,252,252,2022-08-17,2023-08-17
2023-08-17,BTC,vix_d1,-0.00182218297400002,0.00218431798468246,-0.00610336755476075,0.00245900160676072,0.190658713506299,252,252,2022-08-17,2023-08-17
2023-08-17,BTC,dxy_ret,0.168849395847142,0.289062082419926,-0.397701874992063,0.735400666686346,0.190658713506299,252,252,2022-08-17,2023-08-17
2023-08-17,BTC,real_yield_d1,0.0135582675596425,0.0318142442315742,-0.048796505329604,0.0759130404488891,0.190658713506299,252,252,2022-08-17,2023-08-17
2023-08-17,BTC,gold_ret,0.668541065743783,0.326462218356222,0.0286868754525375,1.30839525603503,0.190658713506299,252,252,2022-08-17,2023-08-17
2023-08-24,BTC,qqq_ret,0.676368665257621,0.174875594941346,0.333618797397568,1.01911853311767,0.192324239401027,252,252,2022-08-24,2023-08-24
2023-08-24,BTC,vix_d1,-0.00224659428599849,0.00220301068414044,-0.0065644158844707,0.00207122731247371,0.192324239401027,252,252,2022-08-24,2023-08-24
2023-08-24,BTC,dxy_ret,0.128672176013021,0.2866038412518,-0.433061030671342,0.690405382697385,0.192324239401027,252,252,2022-08-24,2023-08-24
2023-08-24,BTC,real_yield_d1,0.0171340772672285,0.0312597711381492,-0.0441339483285085,0.0784021028629655,0.192324239401027,252,252,2022-08-24,2023-08-24
2023-08-24,BTC,gold_ret,0.661968900206424,0.329171253328159,0.0168050989373207,1.30713270147553,0.192324239401027,252,252,2022-08-24,2023-08-24
2023-08-31,BTC,qqq_ret,0.67791314453193,0.176595085322002,0.331793137454028,1.02403315160983,0.181272657138863,252,252,2022-08-31,2023-08-31
2023-08-31,BTC,vix_d1,-0.00194225305398604,0.00220572845827336,-0.00626540139187688,0.0023808952839048,0.181272657138863,252,252,2022-08-31,2023-08-31
2023-08-31,BTC,dxy_ret,0.0454133377811942,0.293605343951223,-0.530042562031697,0.620869237594086,0.181272657138863,252,252,2022-08-31,2023-08-31
2023-08-31,BTC,real_yield_d1,0.0158450053134223,0.0317209295338245,-0.0463268741290066,0.0780168847558511,0.181272657138863,252,252,2022-08-31,2023-08-31
2023-08-31,BTC,gold_ret,0.649094477183638,0.328590022179407,0.00506986803278264,1.29311908633449,0.181272657138863,252,252,2022-08-31,2023-08-31
2023-09-08,BTC,qqq_ret,0.684304401670511,0.18139917185778,0.328768558003871,1.03984024533715,0.176450881329622,252,252,2022-09-08,2023-09-08
2023-09-08,BTC,vix_d1,-0.00153912916964796,0.00218043484294297,-0.00581270293245242,0.0027344445931565,0.176450881329622,252,252,2022-09-08,2023-09-08
2023-09-08,BTC,dxy_ret,0.0353992503117916,0.293555025533614,-0.539958027214828,0.610756527838411,0.176450881329622,252,252,2022-09-08,2023-09-08
2023-09-08,BTC,real_yield_d1,0.0166372102397103,0.032714190761136,-0.0474814254354893,0.0807558459149099,0.176450881329622,252,252,2022-09-08,2023-09-08
2023-09-08,BTC,gold_ret,0.645786141454542,0.327813774944817,0.00328294892658199,1.2882893339825,0.176450881329622,252,252,2022-09-08,2023-09-08
2023-09-15,BTC,qqq_ret,0.541975740733233,0.158938980434058,0.230461063342964,0.853490418123502,0.137765373051209,252,252,2022-09-15,2023-09-15
2023-09-15,BTC,vix_d1,-0.00169668855505719,0.00211288570765313,-0.00583786844550675,0.00244449133539238,0.137765373051209,252,252,2022-09-15,2023-09-15
2023-09-15,BTC,dxy_ret,-0.110310963569944,0.246281645360125,-0.593014118529054,0.372392191389166,0.137765373051209,252,252,2022-09-15,2023-09-15
2023-09-15,BTC,real_yield_d1,0.00148085161640854,0.0315968273530317,-0.0604477920212636,0.0634094952540807,0.137765373051209,252,252,2022-09-15,2023-09-15
2023-09-15,BTC,gold_ret,0.52636078238721,0.312901375384554,-0.0869146440795645,1.13963620885398,0.137765373051209,252,252,2022-09-15,2023-09-15
2023-09-22,BTC,qqq_ret,0.538573644680183,0.161738041826413,0.221572907770381,0.855574381589984,0.133708224301963,252,252,2022-09-22,2023-09-22
2023-09-22,BTC,vix_d1,-0.00160775208911993,0.00206977715232993,-0.00566444076371047,0.00244893658547061,0.133708224301963,252,252,2022-09-22,2023-09-22
2023-09-22,BTC,dxy_ret,-0.0827441192373387,0.262174773778595,-0.59659723349832,0.431108995023643,0.133708224301963,252,252,2022-09-22,2023-09-22
2023-09-22,BTC,real_yield_d1,0.00142664613037672,0.0314489912366284,-0.0602122440435308,0.0630655363042842,0.133708224301963,252,252,2022-09-22,2023-09-22
2023-09-22,BTC,gold_ret,0.522225859754544,0.318692785926402,-0.102400522793936,1.14685224230303,0.133708224301963,252,252,2022-09-22,2023-09-22
2023-09-29,BTC,qqq_ret,0.539740673026083,0.163283444175567,0.219711003170316,0.85977034288185,0.140433625971594,252,252,2022-09-29,2023-09-29
2023-09-29,BTC,vix_d1,-0.00151624940001997,0.00215966468720436,-0.00574911440562347,0.00271661560558353,0.140433625971594,252,252,2022-09-29,2023-09-29
2023-09-29,BTC,dxy_ret,-0.258057831698518,0.231028797131098,-0.710865953467081,0.194750290070045,0.140433625971594,252,252,2022-09-29,2023-09-29
2023-09-29,BTC,real_yield_d1,-0.0124799399965368,0.0330132628208912,-0.0771847461376387,0.0522248661445651,0.140433625971594,252,252,2022-09-29,2023-09-29
2023-09-29,BTC,gold_ret,0.438282654450573,0.316069328628101,-0.181201846278259,1.05776715517941,0.140433625971594,252,252,2022-09-29,2023-09-29
2023-10-06,BTC,qqq_ret,0.557943532873293,0.165973432546275,0.232641582692106,0.883245483054481,0.141608207397117,252,252,2022-10-06,2023-10-06
2023-10-06,BTC,vix_d1,-0.00151027769198725,0.0021465309808221,-0.005717401106098,0.0026968457221235,0.141608207397117,252,252,2022-10-06,2023-10-06
2023-10-06,BTC,dxy_ret,-0.280118634874925,0.239258327210834,-0.749056339209458,0.188819069459609,0.141608207397117,252,252,2022-10-06,2023-10-06
2023-10-06,BTC,real_yield_d1,-0.0189262500728131,0.0333966357999016,-0.0843824534454212,0.046529953299795,0.141608207397117,252,252,2022-10-06,2023-10-06
2023-10-06,BTC,gold_ret,0.405446193704704,0.323868355519899,-0.229324118846511,1.04021650625592,0.141608207397117,252,252,2022-10-06,2023-10-06
2023-10-13,BTC,qqq_ret,0.565136286945566,0.173729014885611,0.224633674700146,0.905638899190985,0.134194149675621,252,252,2022-10-13,2023-10-13
2023-10-13,BTC,vix_d1,-0.00134393645480429,0.00211190503731423,-0.0054831942667089,0.00279532135710033,0.134194149675621,252,252,2022-10-13,2023-10-13
2023-10-13,BTC,dxy_ret,-0.331721329932993,0.24005692122019,-0.802224249764134,0.138781589898148,0.134194149675621,252,252,2022-10-13,2023-10-13
2023-10-13,BTC,real_yield_d1,-0.0161393864620793,0.0322311623649238,-0.0793113038771929,0.0470325309530343,0.134194149675621,252,252,2022-10-13,2023-10-13
2023-10-13,BTC,gold_ret,0.376176534936198,0.299061091379399,-0.209972433344665,0.962325503217062,0.134194149675621,252,252,2022-10-13,2023-10-13
2023-10-20,BTC,qqq_ret,0.557628439690484,0.182805176537555,0.199336877489389,0.915920001891578,0.130504036614303,252,252,2022-10-20,2023-10-20
2023-10-20,BTC,vix_d1,-0.00164823452533567,0.00210362366300226,-0.00577126114184633,0.00247479209117499,0.130504036614303,252,252,2022-10-20,2023-10-20
2023-10-20,BTC,dxy_ret,-0.345262313839516,0.260595034367238,-0.856019195749281,0.165494568070249,0.130504036614303,252,252,2022-10-20,2023-10-20
2023-10-20,BTC,real_yield_d1,-0.0124611660001181,0.0318425612866979,-0.0748714392975553,0.0499491072973191,0.130504036614303,252,252,2022-10-20,2023-10-20
2023-10-20,BTC,gold_ret,0.39917691747104,0.291394259885086,-0.171945337205433,0.970299172147514,0.130504036614303,252,252,2022-10-20,2023-10-20
2023-10-27,BTC,qqq_ret,0.563505020141128,0.191277027906638,0.188608934374255,0.938401105908001,0.124768402043901,252,252,2022-10-27,2023-10-27
2023-10-27,BTC,vix_d1,-0.00181016524243017,0.00222672684543804,-0.00617446966289721,0.00255413917803688,0.124768402043901,252,252,2022-10-27,2023-10-27
2023-10-27,BTC,dxy_ret,-0.356180401900679,0.271270022603645,-0.887859876289189,0.175499072487832,0.124768402043901,252,252,2022-10-27,2023-10-27
2023-10-27,BTC,real_yield_d1,-0.0123038284115891,0.0313125524298229,-0.0736753034380642,0.0490676466148861,0.124768402043901,252,252,2022-10-27,2023-10-27
2023-10-27,BTC,gold_ret,0.370082686895374,0.293265315036315,-0.204706768490595,0.944872142281344,0.124768402043901,252,252,2022-10-27,2023-10-27
2023-11-03,BTC,qqq_ret,0.563959547486924,0.21208255712695,0.148285373768943,0.979633721204905,0.119228485866713,252,252,2022-11-03,2023-11-03
2023-11-03,BTC,vix_d1,-0.0017515799461708,0.0022807100264181,-0.00622168945712966,0.00271852956478807,0.119228485866713,252,252,2022-11-03,2023-11-03
2023-11-03,BTC,dxy_ret,-0.343471387032646,0.288136853996244,-0.90820924348396,0.221266469418668,0.119228485866713,252,252,2022-11-03,2023-11-03
2023-11-03,BTC,real_yield_d1,-0.0103663252146121,0.0315259532107879,-0.0721560580860513,0.0514234076568271,0.119228485866713,252,252,2022-11-03,2023-11-03
2023-11-03,BTC,gold_ret,0.373740373419732,0.294464271868998,-0.203398994177314,0.950879741016779,0.119228485866713,252,252,2022-11-03,2023-11-03
2023-11-10,BTC,qqq_ret,0.542949182844255,0.202813951279923,0.145441142773345,0.940457222915165,0.120158976394966,252,252,2022-11-10,2023-11-10
2023-11-10,BTC,vix_d1,-0.00123200511531794,0.00223266223477755,-0.00560794268512464,0.00314393245448877,0.120158976394966,252,252,2022-11-10,2023-11-10
2023-11-10,BTC,dxy_ret,-0.202969140126776,0.302725498286813,-0.796300213970871,0.39036193371732,0.120158976394966,252,252,2022-11-10,2023-11-10
2023-11-10,BTC,real_yield_d1,-0.00216922275534791,0.0306876203978039,-0.0623158535062803,0.0579774079955845,0.120158976394966,252,252,2022-11-10,2023-11-10
2023-11-10,BTC,gold_ret,0.490760494434601,0.286480424504632,-0.0707308198702239,1.05225180873943,0.120158976394966,252,252,2022-11-10,2023-11-10
2023-11-17,BTC,qqq_ret,0.455389437696115,0.215808869051349,0.0324118268111502,0.878367048581079,0.0769419204889565,252,252,2022-11-17,2023-11-17
2023-11-17,BTC,vix_d1,-0.00171624657987251,0.00240028115114013,-0.00642071118887751,0.0029882180291325,0.0769419204889565,252,252,2022-11-17,2023-11-17
2023-11-17,BTC,dxy_ret,-0.13569493451511,0.368106511654716,-0.857170439833027,0.585780570802806,0.0769419204889565,252,252,2022-11-17,2023-11-17
2023-11-17,BTC,real_yield_d1,0.0146658166043998,0.030875172031473,-0.0458484085937655,0.0751800418025652,0.0769419204889565,252,252,2022-11-17,2023-11-17
2023-11-17,BTC,gold_ret,0.458521430540373,0.29723163099564,-0.124041861277181,1.04108472235793,0.0769419204889565,252,252,2022-11-17,2023-11-17
2023-11-27,BTC,qqq_ret,0.433175072909127,0.217424785052435,0.00703032485999194,0.859319820958262,0.0697275479352106,252,252,2022-11-25,2023-11-27
2023-11-27,BTC,vix_d1,-0.00199041576107576,0.00244208725762146,-0.006776818833118,0.00279598731096649,0.0697275479352106,252,252,2022-11-25,2023-11-27
2023-11-27,BTC,dxy_ret,0.00304179497143919,0.358130013170938,-0.698880132626454,0.704963722569333,0.0697275479352106,252,252,2022-11-25,2023-11-27
2023-11-27,BTC,real_yield_d1,0.00299872587677138,0.0306030345523358,-0.0569821196634416,0.0629795714169843,0.0697275479352106,252,252,2022-11-25,2023-11-27
2023-11-27,BTC,gold_ret,0.372164835814086,0.309687586934813,-0.234811681037265,0.979141352665436,0.0697275479352106,252,252,2022-11-25,2023-11-27
2023-12-04,BTC,qqq_ret,0.382500522866896,0.227895676427149,-0.0641667951627098,0.829167840896502,0.0527671380100256,252,252,2022-12-02,2023-12-04
2023-12-04,BTC,vix_d1,-0.00199347237500489,0.00248657053611453,-0.00686706107080782,0.00288011632079804,0.0527671380100256,252,252,2022-12-02,2023-12-04
2023-12-04,BTC,dxy_ret,-0.0205845875664663,0.370658845607586,-0.747062575508527,0.705893400375594,0.0527671380100256,252,252,2022-12-02,2023-12-04
2023-12-04,BTC,real_yield_d1,-0.00484877070054459,0.0317195835539947,-0.0670180120709832,0.057320470669894,0.0527671380100256,252,252,2022-12-02,2023-12-04
2023-12-04,BTC,gold_ret,0.251521844273165,0.330731322006991,-0.396699635419858,0.899743323966187,0.0527671380100256,252,252,2022-12-02,2023-12-04
2023-12-11,BTC,qqq_ret,0.338946781991258,0.237338144417504,-0.126227433224615,0.804120997207132,0.0508678765678781,252,252,2022-12-09,2023-12-11
2023-12-11,BTC,vix_d1,-0.00256815722407019,0.00251325205633974,-0.00749404073856731,0.00235772629042693,0.0508678765678781,252,252,2022-12-09,2023-12-11
2023-12-11,BTC,dxy_ret,0.0568890440905724,0.376208261599607,-0.680465599331081,0.794243687512226,0.0508678765678781,252,252,2022-12-09,2023-12-11
2023-12-11,BTC,real_yield_d1,-0.0085690281111121,0.0332538193696173,-0.0737453164239625,0.0566072602017383,0.0508678765678781,252,252,2022-12-09,2023-12-11
2023-12-11,BTC,gold_ret,0.289359133862706,0.334151446176337,-0.365565666024888,0.9442839337503,0.0508678765678781,252,252,2022-12-09,2023-12-11
2023-12-18,BTC,qqq_ret,0.335858256203291,0.255409846592108,-0.164735844414141,0.836452356820722,0.0470304291027281,252,252,2022-12-16,2023-12-18
2023-12-18,BTC,vix_d1,-0.00241321126909758,0.00264857814477295,-0.00760432904309246,0.00277790650489731,0.0470304291027281,252,252,2022-12-16,2023-12-18
2023-12-18,BTC,dxy_ret,0.0342857094238326,0.361421311440343,-0.674087044244474,0.742658463092139,0.0470304291027281,252,252,2022-12-16,2023-12-18
2023-12-18,BTC,real_yield_d1,-0.0076457623023149,0.0341002640309879,-0.0744810516663579,0.0591895270617281,0.0470304291027281,252,252,2022-12-16,2023-12-18
2023-12-18,BTC,gold_ret,0.309045228640185,0.34476604017776,-0.366683793200714,0.984774250481083,0.0470304291027281,252,252,2022-12-16,2023-12-18
2023-12-26,BTC,qqq_ret,0.290943976022024,0.255590393617368,-0.210003990262433,0.79189194230648,0.04201933480291,252,252,2022-12-23,2023-12-26
2023-12-26,BTC,vix_d1,-0.00269747498710738,0.00261479874574353,-0.0078223863555852,0.00242743638137045,0.04201933480291,252,252,2022-12-23,2023-12-26
2023-12-26,BTC,dxy_ret,0.130950535557771,0.355978164846797,-0.566753846824613,0.828654917940156,0.04201933480291,252,252,2022-12-23,2023-12-26
2023-12-26,BTC,real_yield_d1,-0.0136569780049066,0.0338668980518443,-0.0800348784546112,0.0527209224447979,0.04201933480291,252,252,2022-12-23,2023-12-26
2023-12-26,BTC,gold_ret,0.281590112406726,0.345580942639537,-0.395736088910168,0.958916313723621,0.04201933480291,252,252,2022-12-23,2023-12-26
2024-01-03,BTC,qqq_ret,0.258493946091568,0.260377072205376,-0.251835737830954,0.76882363001409,0.0406698187970621,252,252,2023-01-03,2024-01-03
2024-01-03,BTC,vix_d1,-0.00304243849799503,0.00263971006466035,-0.00821617515435721,0.00213129815836715,0.0406698187970621,252,252,2023-01-03,2024-01-03
2024-01-03,BTC,dxy_ret,0.211597347573905,0.369221211565304,-0.512062929422334,0.935257624570144,0.0406698187970621,252,252,2023-01-03,2024-01-03
2024-01-03,BTC,real_yield_d1,-0.0112891100213878,0.0336182475123302,-0.0771796643689082,0.0546014443261327,0.0406698187970621,252,252,2023-01-03,2024-01-03
2024-01-03,BTC,gold_ret,0.339468175613945,0.344193310080303,-0.335138315863076,1.01407466709097,0.0406698187970621,252,252,2023-01-03,2024-01-03
2024-01-10,BTC,qqq_ret,0.309856519157457,0.269621627782406,-0.218592160749122,0.838305199064036,0.041360616954272,252,252,2023-01-10,2024-01-10
2024-01-10,BTC,vix_d1,-0.00272730728862216,0.00267657955253494,-0.00797330681334698,0.00251869223610266,0.041360616954272,252,252,2023-01-10,2024-01-10
2024-01-10,BTC,dxy_ret,0.137117419643764,0.397701057721304,-0.642362330103476,0.916597169391005,0.041360616954272,252,252,2023-01-10,2024-01-10
2024-01-10,BTC,real_yield_d1,-0.0135672079818551,0.0337396550986163,-0.0796957168259462,0.0525613008622359,0.041360616954272,252,252,2023-01-10,2024-01-10
2024-01-10,BTC,gold_ret,0.303079220901822,0.354721155224059,-0.392161467891776,0.99831990969542,0.041360616954272,252,252,2023-01-10,2024-01-10
2024-01-18,BTC,qqq_ret,0.269741932002116,0.270688008359579,-0.260796815429536,0.800280679433769,0.032547282846322,252,252,2023-01-18,2024-01-18
2024-01-18,BTC,vix_d1,-0.00260421399905382,0.00278854920643662,-0.00806967001278735,0.00286124201467971,0.032547282846322,252,252,2023-01-18,2024-01-18
2024-01-18,BTC,dxy_ret,0.110567054920764,0.39624359437974,-0.666056119168223,0.887190229009752,0.032547282846322,252,252,2023-01-18,2024-01-18
2024-01-18,BTC,real_yield_d1,-0.0179964642242089,0.0324154711844232,-0.0815296202875743,0.0455366918391564,0.032547282846322,252,252,2023-01-18,2024-01-18
2024-01-18,BTC,gold_ret,0.172614105035217,0.366456772276589,-0.545627970517693,0.890856180588127,0.032547282846322,252,252,2023-01-18,2024-01-18
2024-01-25,BTC,qqq_ret,0.179425018825094,0.272946657954603,-0.355540600466502,0.714390638116689,0.0288757114102121,252,252,2023-01-25,2024-01-25
2024-01-25,BTC,vix_d1,-0.00300204077438799,0.00279301748503861,-0.00847625445325431,0.00247217290447833,0.0288757114102121,252,252,2023-01-25,2024-01-25
2024-01-25,BTC,dxy_ret,0.107961035228673,0.38871451904267,-0.653905422362769,0.869827492820115,0.0288757114102121,252,252,2023-01-25,2024-01-25
2024-01-25,BTC,real_yield_d1,-0.0259756859637907,0.0323936369482568,-0.08946604771064,0.0375146757830585,0.0288757114102121,252,252,2023-01-25,2024-01-25
2024-01-25,BTC,gold_ret,0.154873258152019,0.368523122879533,-0.567418790162096,0.877165306466133,0.0288757114102121,252,252,2023-01-25,2024-01-25
2024-02-01,BTC,qqq_ret,0.193671367450558,0.268117405149395,-0.33182909027059,0.719171825171706,0.0291028812820963,252,252,2023-02-01,2024-02-01
2024-02-01,BTC,vix_d1,-0.00287847225257961,0.00274849604380219,-0.00826542551008272,0.00250848100492351,0.0291028812820963,252,252,2023-02-01,2024-02-01
2024-02-01,BTC,dxy_ret,0.117547026270557,0.390411344864249,-0.647645148819217,0.882739201360332,0.0291028812820963,252,252,2023-02-01,2024-02-01
2024-02-01,BTC,real_yield_d1,-0.0281391622184509,0.0321799692355219,-0.0912107429436807,0.0349324185067789,0.0291028812820963,252,252,2023-02-01,2024-02-01
2024-02-01,BTC,gold_ret,0.14605618903444,0.365143846511548,-0.569612599304616,0.861724977373496,0.0291028812820963,252,252,2023-02-01,2024-02-01
2024-02-08,BTC,qqq_ret,0.234750898618011,0.296184180045074,-0.345759427060861,0.815261224296882,0.0258297936108416,252,252,2023-02-08,2024-02-08
2024-02-08,BTC,vix_d1,-0.00232330575512035,0.00287976991529359,-0.00796755107285775,0.00332093956261704,0.0258297936108416,252,252,2023-02-08,2024-02-08
2024-02-08,BTC,dxy_ret,0.165949150762393,0.418002020266084,-0.653319754424113,0.985218055948899,0.0258297936108416,252,252,2023-02-08,2024-02-08
2024-02-08,BTC,real_yield_d1,-0.0249882657474732,0.0313268140221094,-0.086387692981192,0.0364111614862456,0.0258297936108416,252,252,2023-02-08,2024-02-08
2024-02-08,BTC,gold_ret,0.137932321382848,0.379303943201207,-0.605489746485544,0.881354389251241,0.0258297936108416,252,252,2023-02-08,2024-02-08
2024-02-15,BTC,qqq_ret,0.253473498574916,0.304769834259477,-0.343864400147901,0.850811397297732,0.0218672886263411,252,252,2023-02-15,2024-02-15
2024-02-15,BTC,vix_d1,-0.00159665475020209,0.00288687423330492,-0.00725482427537641,0.00406151477497222,0.0218672886263411,252,252,2023-02-15,2024-02-15
2024-02-15,BTC,dxy_ret,0.119361233012835,0.410735432886417,-0.68566542261901,0.92438788864468,0.0218672886263411,252,252,2023-02-15,2024-02-15
2024-02-15,BTC,real_yield_d1,-0.0287562477380969,0.0321847067743114,-0.0918371138687295,0.0343246183925357,0.0218672886263411,252,252,2023-02-15,2024-02-15
2024-02-15,BTC,gold_ret,0.0498584502933355,0.37867985012855,-0.692340417629647,0.792057318216318,0.0218672886263411,252,252,2023-02-15,2024-02-15
2024-02-23,BTC,qqq_ret,0.230339187647402,0.29262333076251,-0.343192001683271,0.803870376978074,0.017559116008409,252,252,2023-02-23,2024-02-23
2024-02-23,BTC,vix_d1,-0.00124509422335003,0.00280793751916211,-0.00674855063174652,0.00425836218504645,0.017559116008409,252,252,2023-02-23,2024-02-23
2024-02-23,BTC,dxy_ret,-0.0257406315385854,0.39657834337681,-0.803019901605692,0.751538638528521,0.017559116008409,252,252,2023-02-23,2024-02-23
2024-02-23,BTC,real_yield_d1,-0.0226730635536833,0.0313958021800092,-0.0842077050922455,0.0388615779848788,0.017559116008409,252,252,2023-02-23,2024-02-23
2024-02-23,BTC,gold_ret,0.0845607542433043,0.37859828904997,-0.657478256903122,0.826599765389731,0.017559116008409,252,252,2023-02-23,2024-02-23
2024-03-01,BTC,qqq_ret,0.177600463357279,0.296405068804929,-0.403342796335499,0.758543723050057,0.0149142085126884,252,252,2023-03-02,2024-03-01
2024-03-01,BTC,vix_d1,-0.00139197106065266,0.00280846001379128,-0.00689645153970444,0.00411250941839911,0.0149142085126884,252,252,2023-03-02,2024-03-01
2024-03-01,BTC,dxy_ret,0.0314859309436165,0.403158692681094,-0.75869058676558,0.821662448652813,0.0149142085126884,252,252,2023-03-02,2024-03-01
2024-03-01,BTC,real_yield_d1,-0.032460057795295,0.0315861519480504,-0.0943677780236834,0.0294476624330934,0.0149142085126884,252,252,2023-03-02,2024-03-01
2024-03-01,BTC,gold_ret,0.0342037021809715,0.371599500286475,-0.694117935053601,0.762525339415544,0.0149142085126884,252,252,2023-03-02,2024-03-01
2024-03-08,BTC,qqq_ret,0.242203875871514,0.292907139778146,-0.331883568908291,0.81629132065132,0.0207424711954282,252,252,2023-03-09,2024-03-08
2024-03-08,BTC,vix_d1,-0.00171053609543859,0.00277005247369627,-0.00713973917916936,0.00371866698829217,0.0207424711954282,252,252,2023-03-09,2024-03-08
2024-03-08,BTC,dxy_ret,0.0136489844581053,0.425706084095611,-0.820719608368873,0.848017577285083,0.0207424711954282,252,252,2023-03-09,2024-03-08
2024-03-08,BTC,real_yield_d1,-0.0215030334306246,0.031912152086365,-0.0840497021890647,0.0410436353278155,0.0207424711954282,252,252,2023-03-09,2024-03-08
2024-03-08,BTC,gold_ret,0.198832663898901,0.38152825647829,-0.548948977882907,0.946614305680709,0.0207424711954282,252,252,2023-03-09,2024-03-08
2024-03-15,BTC,qqq_ret,0.114987226003128,0.247303696213725,-0.369719111819409,0.599693563825664,0.0138096326622943,252,252,2023-03-16,2024-03-15
2024-03-15,BTC,vix_d1,-0.0024089032062193,0.00269139778194177,-0.00768394592689616,0.00286613951445756,0.0138096326622943,252,252,2023-03-16,2024-03-15
2024-03-15,BTC,dxy_ret,0.312250000108217,0.369764979840216,-0.412476043122785,1.03697604333922,0.0138096326622943,252,252,2023-03-16,2024-03-15
2024-03-15,BTC,real_yield_d1,-0.01689279782103,0.0324871449812509,-0.0805664319448129,0.0467808363027529,0.0138096326622943,252,252,2023-03-16,2024-03-15
2024-03-15,BTC,gold_ret,0.123706672754578,0.337592725548557,-0.53796291076331,0.785376256272465,0.0138096326622943,252,252,2023-03-16,2024-03-15
2024-03-22,BTC,qqq_ret,0.043562730668006,0.22741143100565,-0.402155483775784,0.489280945111796,0.0198481289360436,252,252,2023-03-23,2024-03-22
2024-03-22,BTC,vix_d1,-0.0036899884107067,0.00254255324159142,-0.00867330119300145,0.00129332437158806,0.0198481289360436,252,252,2023-03-23,2024-03-22
2024-03-22,BTC,dxy_ret,0.569355090195124,0.428877650155524,-0.271229657883873,1.40993983827412,0.0198481289360436,252,252,2023-03-23,2024-03-22
2024-03-22,BTC,real_yield_d1,-0.0239684078930402,0.0312260591774291,-0.0851703592599178,0.0372335434738373,0.0198481289360436,252,252,2023-03-23,2024-03-22
2024-03-22,BTC,gold_ret,0.106223139288507,0.346716964409944,-0.57332962378404,0.785775902361053,0.0198481289360436,252,252,2023-03-23,2024-03-22
2024-04-01,BTC,qqq_ret,-0.0629911755594644,0.221950970344711,-0.498007083768816,0.372024732649887,0.0176023588123724,252,252,2023-03-30,2024-04-01
2024-04-01,BTC,vix_d1,-0.00461910486373308,0.00252634955740075,-0.00957065900859726,0.000332449281131101,0.0176023588123724,252,252,2023-03-30,2024-04-01
2024-04-01,BTC,dxy_ret,0.457793515977211,0.425026539223939,-0.37524319337541,1.29083022532983,0.0176023588123724,252,252,2023-03-30,2024-04-01
2024-04-01,BTC,real_yield_d1,-0.0200640125319569,0.0331225427732242,-0.0849830034438637,0.04485497837995,0.0176023588123724,252,252,2023-03-30,2024-04-01
2024-04-01,BTC,gold_ret,0.0831198039740929,0.359552337420363,-0.621589827927011,0.787829435875197,0.0176023588123724,252,252,2023-03-30,2024-04-01
2024-04-08,BTC,qqq_ret,-0.0954089867808121,0.224024864122896,-0.534489652103168,0.343671678541544,0.0188379795635241,252,252,2023-04-06,2024-04-08
2024-04-08,BTC,vix_d1,-0.00483676939734422,0.00243648104548585,-0.00961218449551097,-6.13542991774654e-05,0.0188379795635241,252,252,2023-04-06,2024-04-08
2024-04-08,BTC,dxy_ret,0.45886159356681,0.447678657898148,-0.418572452560788,1.33629563969441,0.0188379795635241,252,252,2023-04-06,2024-04-08
2024-04-08,BTC,real_yield_d1,-0.0281574819410404,0.0320408660948142,-0.0909564255203467,0.0346414616382659,0.0188379795635241,252,252,2023-04-06,2024-04-08
2024-04-08,BTC,gold_ret,6.47815599452706e-05,0.348428874531783,-0.682843263696175,0.682972826816065,0.0188379795635241,252,252,2023-04-06,2024-04-08
2024-04-15,BTC,qqq_ret,-0.126554247723133,0.22703869599085,-0.571541914962137,0.318433419515871,0.025167020505809,252,252,2023-04-14,2024-04-15
2024-04-15,BTC,vix_d1,-0.00595548154385797,0.0024951520245213,-0.0108458896478719,-0.00106507343984403,0.025167020505809,252,252,2023-04-14,2024-04-15
2024-04-15,BTC,dxy_ret,0.214949399410124,0.490204849989711,-0.74583445161657,1.17573325043682,0.025167020505809,252,252,2023-04-14,2024-04-15
2024-04-15,BTC,real_yield_d1,-0.0291158176690889,0.0304867973328214,-0.0888688424453907,0.0306372071072128,0.025167020505809,252,252,2023-04-14,2024-04-15
2024-04-15,BTC,gold_ret,-0.0878342813171753,0.34066400382355,-0.755523459640548,0.579854897006198,0.025167020505809,252,252,2023-04-14,2024-04-15
2024-04-22,BTC,qqq_ret,-0.130968557339072,0.213867546274383,-0.550141245498816,0.288204130820673,0.028197712101892,252,252,2023-04-21,2024-04-22
2024-04-22,BTC,vix_d1,-0.0063128395995118,0.00236486083012549,-0.0109478816550073,-0.00167779754401633,0.028197712101892,252,252,2023-04-21,2024-04-22
2024-04-22,BTC,dxy_ret,0.0754117597347188,0.508153450781731,-0.920550702417222,1.07137422188666,0.028197712101892,252,252,2023-04-21,2024-04-22
2024-04-22,BTC,real_yield_d1,-0.0235162585901292,0.0310289945805495,-0.0843319704444949,0.0372994532642364,0.028197712101892,252,252,2023-04-21,2024-04-22
2024-04-22,BTC,gold_ret,-0.14583536119712,0.322173822314654,-0.777284449695448,0.485613727301208,0.028197712101892,252,252,2023-04-21,2024-04-22
2024-04-29,BTC,qqq_ret,-0.169501703972785,0.213586458763784,-0.58812347073525,0.249120062789681,0.0301443642549843,252,252,2023-04-28,2024-04-29
2024-04-29,BTC,vix_d1,-0.00666533541715198,0.00229869127831697,-0.0111706875342296,-0.00215998330007437,0.0301443642549843,252,252,2023-04-28,2024-04-29
2024-04-29,BTC,dxy_ret,0.0971887935117289,0.496739096283642,-0.876401944917185,1.07077953194064,0.0301443642549843,252,252,2023-04-28,2024-04-29
2024-04-29,BTC,real_yield_d1,-0.0241193048855403,0.0322719540042047,-0.0873711724445147,0.0391325626734342,0.0301443642549843,252,252,2023-04-28,2024-04-29
2024-04-29,BTC,gold_ret,-0.174087534231256,0.320609203239528,-0.802470025692813,0.454294957230301,0.0301443642549843,252,252,2023-04-28,2024-04-29
2024-05-06,BTC,qqq_ret,-0.0586899413526561,0.222941544210177,-0.495647338662347,0.378267455957035,0.0366643131121449,252,252,2023-05-05,2024-05-06
2024-05-06,BTC,vix_d1,-0.00691858776173205,0.00223850505357824,-0.0113059770459563,-0.00253119847750779,0.0366643131121449,252,252,2023-05-05,2024-05-06
2024-05-06,BTC,dxy_ret,0.330625984440331,0.495951618611252,-0.641421326112068,1.30267329499273,0.0366643131121449,252,252,2023-05-05,2024-05-06
2024-05-06,BTC,real_yield_d1,-0.0184748571508262,0.0312774952739069,-0.0797776214143056,0.0428279071126531,0.0366643131121449,252,252,2023-05-05,2024-05-06
2024-05-06,BTC,gold_ret,-0.161947716217674,0.313962933777931,-0.777303758902952,0.453408326467604,0.0366643131121449,252,252,2023-05-05,2024-05-06
2024-05-13,BTC,qqq_ret,-0.0166019522338081,0.226736128487994,-0.460996598064323,0.427792693596707,0.0361338489454638,252,252,2023-05-12,2024-05-13
2024-05-13,BTC,vix_d1,-0.00646781475211368,0.00235213369891826,-0.0110779120888164,-0.00185771741541091,0.0361338489454638,252,252,2023-05-12,2024-05-13
2024-05-13,BTC,dxy_ret,0.473734155613068,0.494377984310923,-0.495228888385849,1.44269719961198,0.0361338489454638,252,252,2023-05-12,2024-05-13
2024-05-13,BTC,real_yield_d1,-0.0230327337831471,0.0323561193960263,-0.0864495624788367,0.0403840949125424,0.0361338489454638,252,252,2023-05-12,2024-05-13
2024-05-13,BTC,gold_ret,-0.197432436191097,0.309529592995761,-0.80409929061213,0.409234418229937,0.0361338489454638,252,252,2023-05-12,2024-05-13
2024-05-20,BTC,qqq_ret,0.0466164679275606,0.231808288980586,-0.407719429792242,0.500952365647363,0.038919040023608,252,252,2023-05-19,2024-05-20
2024-05-20,BTC,vix_d1,-0.00647452915387565,0.00233697115033035,-0.0110549084414323,-0.00189414986631903,0.038919040023608,252,252,2023-05-19,2024-05-20
2024-05-20,BTC,dxy_ret,0.580616399515397,0.517483913131414,-0.433633432801028,1.59486623183182,0.038919040023608,252,252,2023-05-19,2024-05-20
2024-05-20,BTC,real_yield_d1,-0.0206368866095028,0.0320439150363066,-0.0834418060043251,0.0421680327853196,0.038919040023608,252,252,2023-05-19,2024-05-20
2024-05-20,BTC,gold_ret,-0.145084914258068,0.305460842086895,-0.743777163435658,0.453607334919523,0.038919040023608,252,252,2023-05-19,2024-05-20
2024-05-28,BTC,qqq_ret,0.0673301973987719,0.234739856156714,-0.3927514664045,0.527411861202044,0.0377270290319035,252,252,2023-05-26,2024-05-28
2024-05-28,BTC,vix_d1,-0.00630647739867202,0.00237446458177943,-0.0109603424615257,-0.00165261233581838,0.0377270290319035,252,252,2023-05-26,2024-05-28
2024-05-28,BTC,dxy_ret,0.583554780536514,0.512180166749261,-0.420299899887756,1.58740946096078,0.0377270290319035,252,252,2023-05-26,2024-05-28
2024-05-28,BTC,real_yield_d1,-0.0170881397560509,0.032001800638132,-0.0798105164472207,0.0456342369351188,0.0377270290319035,252,252,2023-05-26,2024-05-28
2024-05-28,BTC,gold_ret,-0.112727685399084,0.30283962202279,-0.706282437655475,0.480827066857307,0.0377270290319035,252,252,2023-05-26,2024-05-28
2024-06-04,BTC,qqq_ret,0.0780512141933219,0.235128674837788,-0.382792520221373,0.538894948608016,0.037624367122146,252,252,2023-06-05,2024-06-04
2024-06-04,BTC,vix_d1,-0.00635096512056664,0.00243364571255584,-0.0111208230683064,-0.00158110717282687,0.037624367122146,252,252,2023-06-05,2024-06-04
2024-06-04,BTC,dxy_ret,0.583551040349895,0.523221251934182,-0.441943769387059,1.60904585008685,0.037624367122146,252,252,2023-06-05,2024-06-04
2024-06-04,BTC,real_yield_d1,-0.0160875380723963,0.0312759248967801,-0.0773872244532649,0.0452121483084723,0.037624367122146,252,252,2023-06-05,2024-06-04
2024-06-04,BTC,gold_ret,-0.087130786566868,0.301540104552212,-0.678138531383647,0.503876958249911,0.037624367122146,252,252,2023-06-05,2024-06-04
2024-06-11,BTC,qqq_ret,0.0849737841402375,0.238210875511994,-0.381910952589026,0.5518585208695,0.0360356282689381,252,252,2023-06-12,2024-06-11
2024-06-11,BTC,vix_d1,-0.00597647625149697,0.00248718257499365,-0.0108512645214601,-0.00110168798153382,0.0360356282689381,252,252,2023-06-12,2024-06-11
2024-06-11,BTC,dxy_ret,0.630881634063998,0.524600212708001,-0.397315889125736,1.65907915725373,0.0360356282689381,252,252,2023-06-12,2024-06-11
2024-06-11,BTC,real_yield_d1,-0.0172236423562881,0.0311941819316828,-0.0783631154695765,0.0439158307570002,0.0360356282689381,252,252,2023-06-12,2024-06-11
2024-06-11,BTC,gold_ret,-0.0170472063218307,0.283005974323867,-0.571728723406277,0.537634310762615,0.0360356282689381,252,252,2023-06-12,2024-06-11
2024-06-18,BTC,qqq_ret,0.11562041206444,0.245436276148797,-0.36542584968683,0.59666667381571,0.0339342460742338,252,252,2023-06-20,2024-06-18
2024-06-18,BTC,vix_d1,-0.00576636303097446,0.00266514659653052,-0.0109899543736938,-0.000542771688255145,0.0339342460742338,252,252,2023-06-20,2024-06-18
2024-06-18,BTC,dxy_ret,0.482109315946715,0.519917059299489,-0.536909395228259,1.50112802712169,0.0339342460742338,252,252,2023-06-20,2024-06-18
2024-06-18,BTC,real_yield_d1,-0.00972397780848745,0.0311858608442196,-0.0708471418900357,0.0513991862730608,0.0339342460742338,252,252,2023-06-20,2024-06-18
2024-06-18,BTC,gold_ret,-0.0188462571135721,0.282596393634951,-0.57272501079898,0.535032496571835,0.0339342460742338,252,252,2023-06-20,2024-06-18
2024-06-26,BTC,qqq_ret,0.282788914076469,0.248383658980068,-0.204034111872743,0.76961194002568,0.0393641522332512,252,252,2023-06-27,2024-06-26
2024-06-26,BTC,vix_d1,-0.00460923373999193,0.0027080340588885,-0.0099168829643212,0.000698415484337347,0.0393641522332512,252,252,2023-06-27,2024-06-26
2024-06-26,BTC,dxy_ret,0.559872660279865,0.517447294812127,-0.454305401449583,1.57405072200931,0.0393641522332512,252,252,2023-06-27,2024-06-26
2024-06-26,BTC,real_yield_d1,-0.00316590612897712,0.0298911312530646,-0.0617514468421433,0.055419634584189,0.0393641522332512,252,252,2023-06-27,2024-06-26
2024-06-26,BTC,gold_ret,0.0280769477092092,0.271225457541137,-0.503515180761817,0.559669076180235,0.0393641522332512,252,252,2023-06-27,2024-06-26
2024-07-03,BTC,qqq_ret,0.265820664941945,0.25338130993145,-0.230797576879278,0.762438906763169,0.0388765805000398,252,252,2023-07-05,2024-07-03
2024-07-03,BTC,vix_d1,-0.00490513589179909,0.00270806741732358,-0.0102128504974597,0.000402578713861534,0.0388765805000398,252,252,2023-07-05,2024-07-03
2024-07-03,BTC,dxy_ret,0.560286164906681,0.525299269672921,-0.469281484757438,1.5898538145708,0.0388765805000398,252,252,2023-07-05,2024-07-03
2024-07-03,BTC,real_yield_d1,0.000316299984931222,0.0306627074271054,-0.0597815022406841,0.0604141022105466,0.0388765805000398,252,252,2023-07-05,2024-07-03
2024-07-03,BTC,gold_ret,0.028066458157833,0.269357304894099,-0.499864158407376,0.555997074723042,0.0388765805000398,252,252,2023-07-05,2024-07-03
2024-07-11,BTC,qqq_ret,0.223029767873314,0.243977907235624,-0.255158143331963,0.70121767907859,0.0380704422007928,252,252,2023-07-12,2024-07-11
2024-07-11,BTC,vix_d1,-0.00548478016110718,0.00268583022439484,-0.0107489106695102,-0.00022064965270416,0.0380704422007928,252,252,2023-07-12,2024-07-11
2024-07-11,BTC,dxy_ret,0.588185504450476,0.56644363244034,-0.522023614404634,1.69839462330559,0.0380704422007928,252,252,2023-07-12,2024-07-11
2024-07-11,BTC,real_yield_d1,0.0122096004051433,0.0320350777410198,-0.0505779982091963,0.0749971990194829,0.0380704422007928,252,252,2023-07-12,2024-07-11
2024-07-11,BTC,gold_ret,0.0144672712716678,0.26595113212433,-0.506787369339672,0.535721911883007,0.0380704422007928,252,252,2023-07-12,2024-07-11
2024-07-18,BTC,qqq_ret,0.258410652386319,0.240639799727403,-0.213234688326323,0.730055993098962,0.0375508151758674,252,252,2023-07-19,2024-07-18
2024-07-18,BTC,vix_d1,-0.00515515260519024,0.00268887935682039,-0.0104252593033314,0.000114954092950957,0.0375508151758674,252,252,2023-07-19,2024-07-18
2024-07-18,BTC,dxy_ret,0.546040387143673,0.573571448074088,-0.578138993642024,1.67021976792937,0.0375508151758674,252,252,2023-07-19,2024-07-18
2024-07-18,BTC,real_yield_d1,0.0133478143308563,0.0328598287584241,-0.0510562665738084,0.077751895235521,0.0375508151758674,252,252,2023-07-19,2024-07-18
2024-07-18,BTC,gold_ret,0.0696547966919712,0.261550714436565,-0.442975183734417,0.58228477711836,0.0375508151758674,252,252,2023-07-19,2024-07-18
2024-07-25,BTC,qqq_ret,0.246638451722503,0.24446616475506,-0.232506426636049,0.725783330081055,0.0348719199184121,252,252,2023-07-26,2024-07-25
2024-07-25,BTC,vix_d1,-0.00462299288115186,0.00280857955991201,-0.0101277076662948,0.000881721903991041,0.0348719199184121,252,252,2023-07-26,2024-07-25
2024-07-25,BTC,dxy_ret,0.550004671424394,0.582896486426892,-0.592451448687256,1.69246079153604,0.0348719199184121,252,252,2023-07-26,2024-07-25
2024-07-25,BTC,real_yield_d1,0.00916638909375696,0.0331789992283341,-0.0558632544368601,0.074196032624374,0.0348719199184121,252,252,2023-07-26,2024-07-25
2024-07-25,BTC,gold_ret,-0.00471192381635749,0.255823904943467,-0.506117563889952,0.496693716257237,0.0348719199184121,252,252,2023-07-26,2024-07-25
2024-08-01,BTC,qqq_ret,0.171695171134475,0.24825384026591,-0.314873414810469,0.658263757079418,0.0309111531384239,252,252,2023-08-02,2024-08-01
2024-08-01,BTC,vix_d1,-0.00481450529453835,0.0027396519951202,-0.0101841245351472,0.000555113946070541,0.0309111531384239,252,252,2023-08-02,2024-08-01
2024-08-01,BTC,dxy_ret,0.405274612657937,0.597361655183889,-0.765532717247719,1.57608194256359,0.0309111531384239,252,252,2023-08-02,2024-08-01
2024-08-01,BTC,real_yield_d1,0.00587691258467153,0.0337931926253741,-0.0603565278836862,0.0721103530530293,0.0309111531384239,252,252,2023-08-02,2024-08-01
2024-08-01,BTC,gold_ret,-0.0308338494178109,0.257263831510128,-0.535061693702443,0.473393994866821,0.0309111531384239,252,252,2023-08-02,2024-08-01
2024-08-08,BTC,qqq_ret,0.20570516737851,0.199648578108671,-0.185598855279117,0.597009190036137,0.11552877819021,252,252,2023-08-09,2024-08-08
2024-08-08,BTC,vix_d1,-0.00659439047838901,0.000907010712379834,-0.0083720988082455,-0.00481668214853252,0.11552877819021,252,252,2023-08-09,2024-08-08
2024-08-08,BTC,dxy_ret,0.38722306366584,0.623014934384998,-0.83386376955934,1.60830989689102,0.11552877819021,252,252,2023-08-09,2024-08-08
2024-08-08,BTC,real_yield_d1,0.0219371566043254,0.0346227301308636,-0.0459221474986169,0.0897964607072677,0.11552877819021,252,252,2023-08-09,2024-08-08
2024-08-08,BTC,gold_ret,0.0952243938588899,0.265010990490541,-0.424187603009858,0.614636390727637,0.11552877819021,252,252,2023-08-09,2024-08-08
2024-08-15,BTC,qqq_ret,0.207329530360549,0.199459734070235,-0.183604364783049,0.598263425504146,0.106218278164557,252,252,2023-08-16,2024-08-15
2024-08-15,BTC,vix_d1,-0.00615579168407968,0.000983005052949612,-0.0080824461844818,-0.00422913718367755,0.106218278164557,252,252,2023-08-16,2024-08-15
2024-08-15,BTC,dxy_ret,0.433653881279071,0.613019789622917,-0.767842828192168,1.63515059075031,0.106218278164557,252,252,2023-08-16,2024-08-15
2024-08-15,BTC,real_yield_d1,0.0245201043021313,0.0351690811418671,-0.0444100281052951,0.0934502367095576,0.106218278164557,252,252,2023-08-16,2024-08-15
2024-08-15,BTC,gold_ret,0.0993620838469851,0.262925794086535,-0.415963003169218,0.614687170863188,0.106218278164557,252,252,2023-08-16,2024-08-15
2024-08-22,BTC,qqq_ret,0.183281491085137,0.195242040987558,-0.199385877518569,0.565948859688844,0.104834344999501,252,252,2023-08-23,2024-08-22
2024-08-22,BTC,vix_d1,-0.00613977513139718,0.00101559152910986,-0.00813029795145647,-0.00414925231133789,0.104834344999501,252,252,2023-08-23,2024-08-22
2024-08-22,BTC,dxy_ret,0.412855311827103,0.57347702598974,-0.711139005073927,1.53684962872813,0.104834344999501,252,252,2023-08-23,2024-08-22
2024-08-22,BTC,real_yield_d1,0.0246133753886916,0.0350957546650339,-0.0441730397650285,0.0933997905424118,0.104834344999501,252,252,2023-08-23,2024-08-22
2024-08-22,BTC,gold_ret,0.099214652044187,0.25542398342456,-0.401407156255706,0.59983646034408,0.104834344999501,252,252,2023-08-23,2024-08-22
2024-08-29,BTC,qqq_ret,0.153313303867468,0.199646642036211,-0.237986924157865,0.544613531892801,0.103159746907937,252,252,2023-08-30,2024-08-29
2024-08-29,BTC,vix_d1,-0.00628616621251835,0.000991547995610507,-0.00822956457285782,-0.00434276785217888,0.103159746907937,252,252,2023-08-30,2024-08-29
2024-08-29,BTC,dxy_ret,0.341088633078737,0.582534192066916,-0.800657403135557,1.48283466929303,0.103159746907937,252,252,2023-08-30,2024-08-29
2024-08-29,BTC,real_yield_d1,0.0248981737750341,0.0367580403792325,-0.0471462615105306,0.0969426090605988,0.103159746907937,252,252,2023-08-30,2024-08-29
2024-08-29,BTC,gold_ret,0.0866249966278276,0.254445137493691,-0.412078308901149,0.585328302156805,0.103159746907937,252,252,2023-08-30,2024-08-29
2024-09-06,BTC,qqq_ret,0.183359114155513,0.193642750572634,-0.196173702834122,0.562891931145147,0.109919488348502,252,252,2023-09-07,2024-09-06
2024-09-06,BTC,vix_d1,-0.00605885906626168,0.00106962056835433,-0.00815527685735943,-0.00396244127516393,0.109919488348502,252,252,2023-09-07,2024-09-06
2024-09-06,BTC,dxy_ret,0.465105964264793,0.589112304925338,-0.689532936238247,1.61974486476783,0.109919488348502,252,252,2023-09-07,2024-09-06
2024-09-06,BTC,real_yield_d1,0.0221612301822506,0.0371852076999357,-0.0507204376672648,0.095042898031766,0.109919488348502,252,252,2023-09-07,2024-09-06
2024-09-06,BTC,gold_ret,0.073921815798964,0.252658535600269,-0.421279814364194,0.569123445962122,0.109919488348502,252,252,2023-09-07,2024-09-06
2024-09-13,BTC,qqq_ret,0.210546354472202,0.190660691097201,-0.163141733345828,0.584234442290233,0.117469802237438,252,252,2023-09-14,2024-09-13
2024-09-13,BTC,vix_d1,-0.00609186573711027,0.00103017014819709,-0.00811096212552487,-0.00407276934869568,0.117469802237438,252,252,2023-09-14,2024-09-13
2024-09-13,BTC,dxy_ret,0.498757502584931,0.592418969137851,-0.662362340683602,1.65987734585346,0.117469802237438,252,252,2023-09-14,2024-09-13
2024-09-13,BTC,real_yield_d1,0.0227647298848417,0.0371955393463288,-0.0501371876195052,0.0956666473891887,0.117469802237438,252,252,2023-09-14,2024-09-13
2024-09-13,BTC,gold_ret,0.105847654517214,0.248592310661857,-0.381384321213618,0.593079630248046,0.117469802237438,252,252,2023-09-14,2024-09-13
2024-09-20,BTC,qqq_ret,0.225110103825318,0.191857838928699,-0.150924350626619,0.601144558277254,0.116707803705804,252,252,2023-09-21,2024-09-20
2024-09-20,BTC,vix_d1,-0.00603795587780529,0.00103500042829304,-0.00806651944124318,-0.00400939231436741,0.116707803705804,252,252,2023-09-21,2024-09-20
2024-09-20,BTC,dxy_ret,0.465867765733848,0.586788090059535,-0.684215757339886,1.61595128880758,0.116707803705804,252,252,2023-09-21,2024-09-20
2024-09-20,BTC,real_yield_d1,0.0249357041265443,0.0372705711636361,-0.0481132730374195,0.0979846812905081,0.116707803705804,252,252,2023-09-21,2024-09-20
2024-09-20,BTC,gold_ret,0.0814243764102142,0.243820959521799,-0.396455922928511,0.559304675748939,0.116707803705804,252,252,2023-09-21,2024-09-20
2024-09-27,BTC,qqq_ret,0.239070954040409,0.19329900377561,-0.139788131607259,0.617930039688077,0.115511585046252,252,252,2023-09-28,2024-09-27
2024-09-27,BTC,vix_d1,-0.00593329345320797,0.00105784445643227,-0.00800663048906057,-0.00385995641735538,0.115511585046252,252,252,2023-09-28,2024-09-27
2024-09-27,BTC,dxy_ret,0.526948291084669,0.583269608442064,-0.616239134738555,1.67013571690789,0.115511585046252,252,252,2023-09-28,2024-09-27
2024-09-27,BTC,real_yield_d1,0.0262908347567059,0.0374218534921312,-0.0470546503226057,0.0996363198360176,0.115511585046252,252,252,2023-09-28,2024-09-27
2024-09-27,BTC,gold_ret,0.0797615864156765,0.243199686797107,-0.396901040758075,0.556424213589428,0.115511585046252,252,252,2023-09-28,2024-09-27
2024-10-04,BTC,qqq_ret,0.23473082420444,0.195844611056539,-0.149117560032632,0.618579208441512,0.116451320326817,252,252,2023-10-05,2024-10-04
2024-10-04,BTC,vix_d1,-0.00604914213083035,0.001016813221431,-0.00804205942383927,-0.00405622483782144,0.116451320326817,252,252,2023-10-05,2024-10-04
2024-10-04,BTC,dxy_ret,0.333850594751441,0.588081610833105,-0.818768182451745,1.48646937195463,0.116451320326817,252,252,2023-10-05,2024-10-04
2024-10-04,BTC,real_yield_d1,0.0316804031376218,0.0374526393339713,-0.0417254210829302,0.105086227358174,0.116451320326817,252,252,2023-10-05,2024-10-04
2024-10-04,BTC,gold_ret,0.100193118691909,0.24519946188915,-0.380388995639426,0.580775233023244,0.116451320326817,252,252,2023-10-05,2024-10-04
2024-10-11,BTC,qqq_ret,0.216834334223285,0.195062350208139,-0.165480846924407,0.599149515370976,0.114332110345008,252,252,2023-10-12,2024-10-11
2024-10-11,BTC,vix_d1,-0.00599247220336367,0.00104437804228382,-0.00803941555248441,-0.00394552885424293,0.114332110345008,252,252,2023-10-12,2024-10-11
2024-10-11,BTC,dxy_ret,0.394605803026856,0.599292841442154,-0.779986582392439,1.56919818844615,0.114332110345008,252,252,2023-10-12,2024-10-11
2024-10-11,BTC,real_yield_d1,0.0256334590760837,0.0390671820497922,-0.0509368107189788,0.102203728871146,0.114332110345008,252,252,2023-10-12,2024-10-11
2024-10-11,BTC,gold_ret,0.136233291611275,0.24906466298277,-0.351924477656559,0.62439106087911,0.114332110345008,252,252,2023-10-12,2024-10-11
2024-10-18,BTC,qqq_ret,0.225310571988706,0.193283542600606,-0.153518210312795,0.604139354290206,0.112650310458439,252,252,2023-10-19,2024-10-18
2024-10-18,BTC,vix_d1,-0.00589738280130317,0.00105560085704284,-0.00796632246315676,-0.00382844313944958,0.112650310458439,252,252,2023-10-19,2024-10-18
2024-10-18,BTC,dxy_ret,0.536855907778458,0.602896113540464,-0.644798761180022,1.71851057673694,0.112650310458439,252,252,2023-10-19,2024-10-18
2024-10-18,BTC,real_yield_d1,0.0213669572242717,0.0405474492987947,-0.0581045830663298,0.100838497514873,0.112650310458439,252,252,2023-10-19,2024-10-18
2024-10-18,BTC,gold_ret,0.113450484412113,0.262267766438352,-0.400584892112818,0.627485860937045,0.112650310458439,252,252,2023-10-19,2024-10-18
2024-10-25,BTC,qqq_ret,0.287073630990656,0.18705512072916,-0.0795476687622892,0.653694930743601,0.116275440609494,252,252,2023-10-26,2024-10-25
2024-10-25,BTC,vix_d1,-0.00564359793833371,0.00103979963345691,-0.00768156777104721,-0.00360562810562021,0.116275440609494,252,252,2023-10-26,2024-10-25
2024-10-25,BTC,dxy_ret,0.508086259264283,0.587637270283969,-0.643661626465726,1.65983414499429,0.116275440609494,252,252,2023-10-26,2024-10-25
2024-10-25,BTC,real_yield_d1,0.0150205896456037,0.041281671243948,-0.0658899992141572,0.0959311785053645,0.116275440609494,252,252,2023-10-26,2024-10-25
2024-10-25,BTC,gold_ret,0.0997157615345365,0.261045890884386,-0.411924782911032,0.611356305980105,0.116275440609494,252,252,2023-10-26,2024-10-25
2024-11-01,BTC,qqq_ret,0.282616958684903,0.189603402380907,-0.0889988813279307,0.654232798697736,0.117442396830859,252,252,2023-11-02,2024-11-01
2024-11-01,BTC,vix_d1,-0.00566119258771755,0.00105108750890589,-0.00772128624977302,-0.00360109892566207,0.117442396830859,252,252,2023-11-02,2024-11-01
2024-11-01,BTC,dxy_ret,0.507454604783396,0.593157609647875,-0.655112947282307,1.6700221568491,0.117442396830859,252,252,2023-11-02,2024-11-01
2024-11-01,BTC,real_yield_d1,0.017068304884452,0.0416007751481084,-0.0644677161347894,0.0986043259036934,0.117442396830859,252,252,2023-11-02,2024-11-01
2024-11-01,BTC,gold_ret,0.136257821956882,0.264079671345062,-0.381328822928613,0.653844466842378,0.117442396830859,252,252,2023-11-02,2024-11-01
2024-11-08,BTC,qqq_ret,0.338927801619811,0.190018612406413,-0.0335018350890344,0.711357438328657,0.134252899370582,252,252,2023-11-09,2024-11-08
2024-11-08,BTC,vix_d1,-0.00584697692667715,0.00100317949962052,-0.00781317261596228,-0.00388078123739202,0.134252899370582,252,252,2023-11-09,2024-11-08
2024-11-08,BTC,dxy_ret,0.691787726332555,0.598567804834948,-0.481383613449142,1.86495906611425,0.134252899370582,252,252,2023-11-09,2024-11-08
2024-11-08,BTC,real_yield_d1,0.00638449900998227,0.0426679959187528,-0.0772432362832753,0.0900122343032398,0.134252899370582,252,252,2023-11-09,2024-11-08
2024-11-08,BTC,gold_ret,0.043168969535877,0.260114817955158,-0.466646705501426,0.55298464457318,0.134252899370582,252,252,2023-11-09,2024-11-08
2024-11-15,BTC,qqq_ret,0.332385751652279,0.187930722026087,-0.0359516951074609,0.700723198412018,0.125024404186838,252,252,2023-11-16,2024-11-15
2024-11-15,BTC,vix_d1,-0.00600677768427289,0.00102434648788658,-0.00801445990822069,-0.00399909546032509,0.125024404186838,252,252,2023-11-16,2024-11-15
2024-11-15,BTC,dxy_ret,0.660602375921324,0.638445967666776,-0.590728726780381,1.91193347862303,0.125024404186838,252,252,2023-11-16,2024-11-15
2024-11-15,BTC,real_yield_d1,-0.0325339463912331,0.0469190447840735,-0.124493584357039,0.0594256915745728,0.125024404186838,252,252,2023-11-16,2024-11-15
2024-11-15,BTC,gold_ret,-0.178143179028897,0.335549376474328,-0.835807871953453,0.479521513895658,0.125024404186838,252,252,2023-11-16,2024-11-15
2024-11-22,BTC,qqq_ret,0.313608797811057,0.186360724845047,-0.0516515110180137,0.678869106640127,0.122974090748407,252,252,2023-11-24,2024-11-22
2024-11-22,BTC,vix_d1,-0.00586856111488248,0.00105217818510589,-0.00793079246300873,-0.00380632976675623,0.122974090748407,252,252,2023-11-24,2024-11-22
2024-11-22,BTC,dxy_ret,0.750502061311632,0.648257091465505,-0.520058490683446,2.02106261330671,0.122974090748407,252,252,2023-11-24,2024-11-22
2024-11-22,BTC,real_yield_d1,-0.0248955846484343,0.0466009147408494,-0.116231699187121,0.0664405298902522,0.122974090748407,252,252,2023-11-24,2024-11-22
2024-11-22,BTC,gold_ret,-0.0865948643472453,0.323132524106726,-0.71992297382995,0.546733245135459,0.122974090748407,252,252,2023-11-24,2024-11-22
2024-12-02,BTC,qqq_ret,0.264903936177255,0.192450965006256,-0.112293024024986,0.642100896379495,0.11669662452015,252,252,2023-12-01,2024-12-02
2024-12-02,BTC,vix_d1,-0.00585051371377835,0.00104104831706173,-0.00789093092138537,-0.00381009650617132,0.11669662452015,252,252,2023-12-01,2024-12-02
2024-12-02,BTC,dxy_ret,0.761128805373658,0.672983916110054,-0.557895432376773,2.08015304312409,0.11669662452015,252,252,2023-12-01,2024-12-02
2024-12-02,BTC,real_yield_d1,-0.00920643864969525,0.0476498877202262,-0.102598502448716,0.0841856251493254,0.11669662452015,252,252,2023-12-01,2024-12-02
2024-12-02,BTC,gold_ret,0.0548643184852451,0.332061356766355,-0.595963981434317,0.705692618404807,0.11669662452015,252,252,2023-12-01,2024-12-02
2024-12-09,BTC,qqq_ret,0.316581657578375,0.18653296222229,-0.0490162303068833,0.682179545463634,0.123973250067025,252,252,2023-12-08,2024-12-09
2024-12-09,BTC,vix_d1,-0.00570736344662132,0.00102530281248325,-0.00771692003233611,-0.00369780686090653,0.123973250067025,252,252,2023-12-08,2024-12-09
2024-12-09,BTC,dxy_ret,0.659170673868531,0.6821500679287,-0.677818891323273,1.99616023906033,0.123973250067025,252,252,2023-12-08,2024-12-09
2024-12-09,BTC,real_yield_d1,-0.00786866283185697,0.0477026694637173,-0.101364176947161,0.0856268512834475,0.123973250067025,252,252,2023-12-08,2024-12-09
2024-12-09,BTC,gold_ret,0.121483330843398,0.338500844906576,-0.54196613390987,0.784932795596666,0.123973250067025,252,252,2023-12-08,2024-12-09
2024-12-16,BTC,qqq_ret,0.4149892558931,0.194464185877261,0.033846455290765,0.796132056495435,0.127947634679779,252,252,2023-12-15,2024-12-16
2024-12-16,BTC,vix_d1,-0.00524279005573275,0.00111848158898237,-0.00743497368750932,-0.00305060642395618,0.127947634679779,252,252,2023-12-15,2024-12-16
2024-12-16,BTC,dxy_ret,0.715597373316372,0.681381313129457,-0.619885460155973,2.05108020678872,0.127947634679779,252,252,2023-12-15,2024-12-16
2024-12-16,BTC,real_yield_d1,0.00632617674802797,0.0484340356762459,-0.0886027888033421,0.101255142299398,0.127947634679779,252,252,2023-12-15,2024-12-16
2024-12-16,BTC,gold_ret,0.0762812919649693,0.329918349737489,-0.570346791359399,0.722909375289338,0.127947634679779,252,252,2023-12-15,2024-12-16
2024-12-23,BTC,qqq_ret,0.511241486427542,0.208082424468953,0.103407428652618,0.919075544202467,0.132584137184802,252,252,2023-12-22,2024-12-23
2024-12-23,BTC,vix_d1,-0.00433545698055245,0.00141037531668577,-0.00709974180594084,-0.00157117215516406,0.132584137184802,252,252,2023-12-22,2024-12-23
2024-12-23,BTC,dxy_ret,0.773091674553257,0.666210026985302,-0.532655984477393,2.07883933358391,0.132584137184802,252,252,2023-12-22,2024-12-23
2024-12-23,BTC,real_yield_d1,0.0010652880607037,0.0504214030152595,-0.0977588458991843,0.0998894220205917,0.132584137184802,252,252,2023-12-22,2024-12-23
2024-12-23,BTC,gold_ret,0.061574901446572,0.335180812678667,-0.595367419712482,0.718517222605626,0.132584137184802,252,252,2023-12-22,2024-12-23
2024-12-31,BTC,qqq_ret,0.524478580387728,0.207058891218376,0.118650610920913,0.930306549854542,0.13865085066752,252,252,2024-01-02,2024-12-31
2024-12-31,BTC,vix_d1,-0.00436600833586761,0.00135311651402317,-0.00701806797023941,-0.00171394870149581,0.13865085066752,252,252,2024-01-02,2024-12-31
2024-12-31,BTC,dxy_ret,0.791627678670726,0.664700941491867,-0.511162227143199,2.09441758448465,0.13865085066752,252,252,2024-01-02,2024-12-31
2024-12-31,BTC,real_yield_d1,0.0060066912194373,0.0502206025566661,-0.0924238810735283,0.104437263512403,0.13865085066752,252,252,2024-01-02,2024-12-31
2024-12-31,BTC,gold_ret,0.0626597617164759,0.3335921859356,-0.591168908241289,0.716488431674241,0.13865085066752,252,252,2024-01-02,2024-12-31
2025-01-08,BTC,qqq_ret,0.566291877019862,0.216730299796729,0.141508295059705,0.991075458980019,0.14420717763583,252,252,2024-01-09,2025-01-08
2025-01-08,BTC,vix_d1,-0.00427502896404201,0.00140524166629102,-0.00702925201954746,-0.00152080590853656,0.14420717763583,252,252,2024-01-09,2025-01-08
2025-01-08,BTC,dxy_ret,0.622999484738445,0.664229474409698,-0.678866362574533,1.92486533205142,0.14420717763583,252,252,2024-01-09,2025-01-08
2025-01-08,BTC,real_yield_d1,0.00696640999814188,0.0518410891067356,-0.0946402575703916,0.108573077566675,0.14420717763583,252,252,2024-01-09,2025-01-08
2025-01-08,BTC,gold_ret,0.0639470961135624,0.339636318867529,-0.601727856708556,0.729622048935681,0.14420717763583,252,252,2024-01-09,2025-01-08
2025-01-16,BTC,qqq_ret,0.556849915276581,0.213277498199268,0.138833700093208,0.974866130459953,0.151787503678729,252,252,2024-01-17,2025-01-16
2025-01-16,BTC,vix_d1,-0.0043213007781561,0.00142272914136695,-0.00710979865499091,-0.0015328029013213,0.151787503678729,252,252,2024-01-17,2025-01-16
2025-01-16,BTC,dxy_ret,0.700148262559689,0.679170131239144,-0.631000734044376,2.03129725916375,0.151787503678729,252,252,2024-01-17,2025-01-16
2025-01-16,BTC,real_yield_d1,-0.00909324289598017,0.0485108504453087,-0.104172762628194,0.0859862768362338,0.151787503678729,252,252,2024-01-17,2025-01-16
2025-01-16,BTC,gold_ret,0.0890641427333946,0.332624298533619,-0.562867502775397,0.740995788242186,0.151787503678729,252,252,2024-01-17,2025-01-16
2025-01-24,BTC,qqq_ret,0.580616927845869,0.209585407115483,0.169837078214357,0.99139677747738,0.156857839840953,252,252,2024-01-24,2025-01-24
2025-01-24,BTC,vix_d1,-0.00432288665834274,0.00142475902298524,-0.00711536303004228,-0.0015304102866432,0.156857839840953,252,252,2024-01-24,2025-01-24
2025-01-24,BTC,dxy_ret,0.637438675686549,0.640809728417174,-0.618525312954005,1.8934026643271,0.156857839840953,252,252,2024-01-24,2025-01-24
2025-01-24,BTC,real_yield_d1,-0.0101933980632135,0.0482118533548082,-0.104686894266564,0.0843000981401372,0.156857839840953,252,252,2024-01-24,2025-01-24
2025-01-24,BTC,gold_ret,0.0812160551278695,0.330802502186171,-0.567144935152758,0.729577045408497,0.156857839840953,252,252,2024-01-24,2025-01-24
2025-01-31,BTC,qqq_ret,0.568060022549578,0.211038096547642,0.154432953950313,0.981687091148843,0.158154038897479,252,252,2024-01-31,2025-01-31
2025-01-31,BTC,vix_d1,-0.00434259566274272,0.00143514083248764,-0.00715542000716133,-0.00152977131832411,0.158154038897479,252,252,2024-01-31,2025-01-31
2025-01-31,BTC,dxy_ret,0.596385420599502,0.645381511816641,-0.668539098849125,1.86130994004813,0.158154038897479,252,252,2024-01-31,2025-01-31
2025-01-31,BTC,real_yield_d1,-0.00679613816460625,0.0476478278661175,-0.100184164723761,0.0865918883945481,0.158154038897479,252,252,2024-01-31,2025-01-31
2025-01-31,BTC,gold_ret,0.0704163052240202,0.328221392343576,-0.572885802724979,0.713718413173019,0.158154038897479,252,252,2024-01-31,2025-01-31
2025-02-07,BTC,qqq_ret,0.570417435795228,0.217617556414683,0.143894862818836,0.996940008771619,0.153972116234493,252,252,2024-02-07,2025-02-07
2025-02-07,BTC,vix_d1,-0.00422029277107653,0.00141907564900544,-0.00700162993446501,-0.00143895560768806,0.153972116234493,252,252,2024-02-07,2025-02-07
2025-02-07,BTC,dxy_ret,0.72702832092338,0.64245444026531,-0.532159243704468,1.98621588555123,0.153972116234493,252,252,2024-02-07,2025-02-07
2025-02-07,BTC,real_yield_d1,0.0027790736679207,0.0475880679393549,-0.0904918255870601,0.0960499729229015,0.153972116234493,252,252,2024-02-07,2025-02-07
2025-02-07,BTC,gold_ret,0.0549357477172979,0.324750314824563,-0.58156317330689,0.691434668741486,0.153972116234493,252,252,2024-02-07,2025-02-07
2025-02-14,BTC,qqq_ret,0.535229495738764,0.218324654969866,0.107321035060693,0.963137956416836,0.157260185128301,252,252,2024-02-14,2025-02-14
2025-02-14,BTC,vix_d1,-0.00441088336125364,0.00138061846137045,-0.00711684582193082,-0.00170492090057646,0.157260185128301,252,252,2024-02-14,2025-02-14
2025-02-14,BTC,dxy_ret,0.782789955009612,0.644083188252377,-0.479589897012779,2.045169807032,0.157260185128301,252,252,2024-02-14,2025-02-14
2025-02-14,BTC,real_yield_d1,0.00242288146132475,0.0465824724012753,-0.0888770867560059,0.0937228496786554,0.157260185128301,252,252,2024-02-14,2025-02-14
2025-02-14,BTC,gold_ret,0.0721811564563695,0.31634851670581,-0.547850542849685,0.692212855762425,0.157260185128301,252,252,2024-02-14,2025-02-14
2025-02-24,BTC,qqq_ret,0.551076611835625,0.21916227806343,0.121526440061549,0.980626783609701,0.157561883424466,252,252,2024-02-22,2025-02-24
2025-02-24,BTC,vix_d1,-0.00438867233383046,0.00138553933043357,-0.007104279520644,-0.00167306514701692,0.157561883424466,252,252,2024-02-22,2025-02-24
2025-02-24,BTC,dxy_ret,0.715480703862714,0.632283216009975,-0.523771627545996,1.95473303527142,0.157561883424466,252,252,2024-02-22,2025-02-24
2025-02-24,BTC,real_yield_d1,0.00315534051399406,0.0455447468251978,-0.0861107229483887,0.0924214039763768,0.157561883424466,252,252,2024-02-22,2025-02-24
2025-02-24,BTC,gold_ret,0.0447358380342809,0.315656455910326,-0.573939447037514,0.663411123106076,0.157561883424466,252,252,2024-02-22,2025-02-24
2025-03-03,BTC,qqq_ret,0.562736592390174,0.219045980033241,0.133414360566742,0.992058824213607,0.160880919863555,252,252,2024-02-29,2025-03-03
2025-03-03,BTC,vix_d1,-0.00407929479049883,0.00144761934404667,-0.0069165765681538,-0.00124201301284385,0.160880919863555,252,252,2024-02-29,2025-03-03
2025-03-03,BTC,dxy_ret,0.588015263813228,0.62953666398212,-0.645853924539221,1.82188445216568,0.160880919863555,252,252,2024-02-29,2025-03-03
2025-03-03,BTC,real_yield_d1,0.0211702176051631,0.0465633733465096,-0.0700923171526879,0.112432752363014,0.160880919863555,252,252,2024-02-29,2025-03-03
2025-03-03,BTC,gold_ret,0.110111252695495,0.313712400540879,-0.504753753868232,0.724976259259222,0.160880919863555,252,252,2024-02-29,2025-03-03
2025-03-10,BTC,qqq_ret,0.5817863042532,0.220287737298404,0.150030272912507,1.01354233559389,0.178783988680302,252,252,2024-03-07,2025-03-10
2025-03-10,BTC,vix_d1,-0.00417042738953619,0.00142523392448498,-0.00696383455107142,-0.00137702022800096,0.178783988680302,252,252,2024-03-07,2025-03-10
2025-03-10,BTC,dxy_ret,0.587418895629126,0.605557449727126,-0.599451896405965,1.77428968766422,0.178783988680302,252,252,2024-03-07,2025-03-10
2025-03-10,BTC,real_yield_d1,0.0218699879382668,0.0446465705387845,-0.0656356823509779,0.109375658227511,0.178783988680302,252,252,2024-03-07,2025-03-10
2025-03-10,BTC,gold_ret,0.0698909790234596,0.305133405866426,-0.528159506954779,0.667941465001698,0.178783988680302,252,252,2024-03-07,2025-03-10
2025-03-17,BTC,qqq_ret,0.63792167429731,0.217361462374986,0.211901036415378,1.06394231217924,0.190002357035458,252,252,2024-03-14,2025-03-17
2025-03-17,BTC,vix_d1,-0.00406450402441245,0.00142297599472421,-0.00685348572493696,-0.00127552232388794,0.190002357035458,252,252,2024-03-14,2025-03-17
2025-03-17,BTC,dxy_ret,0.533938267292971,0.592810331704143,-0.627948632510391,1.69582516709633,0.190002357035458,252,252,2024-03-14,2025-03-17
2025-03-17,BTC,real_yield_d1,0.0258928001264433,0.046002170396745,-0.0642697970618516,0.116055397314738,0.190002357035458,252,252,2024-03-14,2025-03-17
2025-03-17,BTC,gold_ret,0.0355772082878898,0.29744605023395,-0.547406337514343,0.618560754090123,0.190002357035458,252,252,2024-03-14,2025-03-17
2025-03-24,BTC,qqq_ret,0.648284786777488,0.218551311300984,0.219932087853558,1.07663748570142,0.203035702153866,252,252,2024-03-21,2025-03-24
2025-03-24,BTC,vix_d1,-0.00412224121359028,0.00142318997092876,-0.00691164229976926,-0.00133284012741131,0.203035702153866,252,252,2024-03-21,2025-03-24
2025-03-24,BTC,dxy_ret,0.325795099552825,0.575075097363054,-0.801331379684626,1.45292157879028,0.203035702153866,252,252,2024-03-21,2025-03-24
2025-03-24,BTC,real_yield_d1,0.0354074563252296,0.0471813182603763,-0.0570662282082298,0.127881140858689,0.203035702153866,252,252,2024-03-21,2025-03-24
2025-03-24,BTC,gold_ret,-0.0141374393881552,0.289412305535439,-0.581375134920318,0.553100256144008,0.203035702153866,252,252,2024-03-21,2025-03-24
2025-03-31,BTC,qqq_ret,0.662564780269737,0.212684744078419,0.245710341814917,1.07941921872456,0.216744105838852,252,252,2024-03-28,2025-03-31
2025-03-31,BTC,vix_d1,-0.00412765312718192,0.00142816614290318,-0.00692680733121165,-0.0013284989231522,0.216744105838852,252,252,2024-03-28,2025-03-31
2025-03-31,BTC,dxy_ret,0.400244482479833,0.571292453953095,-0.719468151907741,1.51995711686741,0.216744105838852,252,252,2024-03-28,2025-03-31
2025-03-31,BTC,real_yield_d1,0.0192064552103589,0.0471109384404021,-0.0731292874107128,0.111542197831431,0.216744105838852,252,252,2024-03-28,2025-03-31
2025-03-31,BTC,gold_ret,-0.0588637299742752,0.28762180149723,-0.622592102077374,0.504864642128824,0.216744105838852,252,252,2024-03-28,2025-03-31
2025-04-07,BTC,qqq_ret,0.588629189861289,0.240186966233065,0.117871386488544,1.05938699323403,0.167564745014768,252,252,2024-04-05,2025-04-07
2025-04-07,BTC,vix_d1,-0.00271080806069911,0.00199388952664183,-0.0066187597220687,0.00119714360067049,0.167564745014768,252,252,2024-04-05,2025-04-07
2025-04-07,BTC,dxy_ret,0.60956246202911,0.572710425216747,-0.512929344966333,1.73205426902455,0.167564745014768,252,252,2024-04-05,2025-04-07
2025-04-07,BTC,real_yield_d1,0.0087198202784065,0.0516117703540652,-0.0924373907939133,0.109877031350726,0.167564745014768,252,252,2024-04-05,2025-04-07
2025-04-07,BTC,gold_ret,-0.016392802824357,0.287547771737884,-0.579976079265355,0.54719047361664,0.167564745014768,252,252,2024-04-05,2025-04-07
2025-04-14,BTC,qqq_ret,0.603430315279184,0.245491191064728,0.122276422270476,1.08458420828789,0.206800860015646,252,252,2024-04-12,2025-04-14
2025-04-14,BTC,vix_d1,-0.00235447062975932,0.00184208868649967,-0.00596489811162736,0.00125595685210872,0.206800860015646,252,252,2024-04-12,2025-04-14
2025-04-14,BTC,dxy_ret,0.858552762158092,0.463419479480369,-0.0497327273577286,1.76683825167391,0.206800860015646,252,252,2024-04-12,2025-04-14
2025-04-14,BTC,real_yield_d1,0.00430296729074762,0.0448533630911025,-0.0836080089533114,0.0922139435348066,0.206800860015646,252,252,2024-04-12,2025-04-14
2025-04-14,BTC,gold_ret,0.0448256413955584,0.252063807937876,-0.449210343968701,0.538861626759818,0.206800860015646,252,252,2024-04-12,2025-04-14
2025-04-22,BTC,qqq_ret,0.550898640155035,0.2393944532461,0.0816941336940221,1.02010314661605,0.202653005652832,252,252,2024-04-19,2025-04-22
2025-04-22,BTC,vix_d1,-0.00240015994450114,0.00179774181063465,-0.00592366914684688,0.0011233492578446,0.202653005652832,252,252,2024-04-19,2025-04-22
2025-04-22,BTC,dxy_ret,0.999857998112426,0.462184639342632,0.0939927507932332,1.90572324543162,0.202653005652832,252,252,2024-04-19,2025-04-22
2025-04-22,BTC,real_yield_d1,0.00774505422097956,0.0455136591727531,-0.0814600785622476,0.0969501870042067,0.202653005652832,252,252,2024-04-19,2025-04-22
2025-04-22,BTC,gold_ret,0.128735875881342,0.238867759036651,-0.339436328898286,0.596908080660969,0.202653005652832,252,252,2024-04-19,2025-04-22
2025-04-29,BTC,qqq_ret,0.547599653447097,0.241544865160841,0.074180417081266,1.02101888981293,0.203525980485736,252,252,2024-04-26,2025-04-29
2025-04-29,BTC,vix_d1,-0.0023064311963363,0.00180176848744708,-0.00583783254021178,0.00122497014753918,0.203525980485736,252,252,2024-04-26,2025-04-29
2025-04-29,BTC,dxy_ret,1.00307814296928,0.462957566500687,0.0956979862576306,1.91045829968094,0.203525980485736,252,252,2024-04-26,2025-04-29
2025-04-29,BTC,real_yield_d1,0.0176132327384966,0.0449023592676954,-0.0703937742470648,0.105620239724058,0.203525980485736,252,252,2024-04-26,2025-04-29
2025-04-29,BTC,gold_ret,0.182203745695322,0.229516335667572,-0.267640006076724,0.632047497467369,0.203525980485736,252,252,2024-04-26,2025-04-29
2025-05-06,BTC,qqq_ret,0.528185126208972,0.238380307702611,0.0609683084882781,0.995401943929666,0.199749104157156,252,252,2024-05-03,2025-05-06
2025-05-06,BTC,vix_d1,-0.00239228614543215,0.00178969565122062,-0.00590002516511252,0.00111545287424822,0.199749104157156,252,252,2024-05-03,2025-05-06
2025-05-06,BTC,dxy_ret,0.961935218795388,0.446262092446032,0.0872775899356819,1.8365928476551,0.199749104157156,252,252,2024-05-03,2025-05-06
2025-05-06,BTC,real_yield_d1,0.016223260442613,0.0449894970686834,-0.0719545334945767,0.104401054379803,0.199749104157156,252,252,2024-05-03,2025-05-06
2025-05-06,BTC,gold_ret,0.153665067405418,0.21673043241661,-0.27111877448493,0.578448909295766,0.199749104157156,252,252,2024-05-03,2025-05-06
2025-05-13,BTC,qqq_ret,0.474376791779037,0.227824445568682,0.0278490836666133,0.920904499891461,0.192560007261841,252,252,2024-05-10,2025-05-13
2025-05-13,BTC,vix_d1,-0.00256399182375649,0.00172982207284703,-0.00595438078619909,0.00082639713868611,0.192560007261841,252,252,2024-05-10,2025-05-13
2025-05-13,BTC,dxy_ret,0.851361522505351,0.438648481038939,-0.00837370220416978,1.71109674721487,0.192560007261841,252,252,2024-05-10,2025-05-13
2025-05-13,BTC,real_yield_d1,0.027423744052762,0.0439651126130503,-0.0587462932450642,0.113593781350588,0.192560007261841,252,252,2024-05-10,2025-05-13
2025-05-13,BTC,gold_ret,0.146062496871811,0.206272914326382,-0.258224986194015,0.550349979937636,0.192560007261841,252,252,2024-05-10,2025-05-13
2025-05-20,BTC,qqq_ret,0.437423661297676,0.220790542067905,0.00468215071750683,0.870165171877844,0.194292337686652,252,252,2024-05-17,2025-05-20
2025-05-20,BTC,vix_d1,-0.00268909870050483,0.00167554564332871,-0.0059731078158821,0.000594910414872445,0.194292337686652,252,252,2024-05-17,2025-05-20
2025-05-20,BTC,dxy_ret,0.754119040513576,0.442849733549402,-0.113850487806411,1.62208856883356,0.194292337686652,252,252,2024-05-17,2025-05-20
2025-05-20,BTC,real_yield_d1,0.0415463698376558,0.0434405358951754,-0.0435955159860075,0.126688255661319,0.194292337686652,252,252,2024-05-17,2025-05-20
2025-05-20,BTC,gold_ret,0.175322915904342,0.197865803928442,-0.212486933567468,0.563132765376151,0.194292337686652,252,252,2024-05-17,2025-05-20
2025-05-28,BTC,qqq_ret,0.415672931291678,0.21687558779809,-0.00939540991853388,0.840741272501889,0.19354869871025,252,252,2024-05-24,2025-05-28
2025-05-28,BTC,vix_d1,-0.00280327490476506,0.0016359020879364,-0.00600958407935429,0.000403034269824161,0.19354869871025,252,252,2024-05-24,2025-05-28
2025-05-28,BTC,dxy_ret,0.687200243617262,0.429942155628986,-0.155470896851065,1.52987138408559,0.19354869871025,252,252,2024-05-24,2025-05-28
2025-05-28,BTC,real_yield_d1,0.0446771953231648,0.0431457733108496,-0.03988696645123,0.12924135709756,0.19354869871025,252,252,2024-05-24,2025-05-28
2025-05-28,BTC,gold_ret,0.118179798780722,0.194695298354307,-0.263415973953001,0.499775571514444,0.19354869871025,252,252,2024-05-24,2025-05-28
2025-06-04,BTC,qqq_ret,0.422132086924542,0.21885296018208,-0.00681183294231402,0.851076006791397,0.194661918230641,252,252,2024-06-03,2025-06-04
2025-06-04,BTC,vix_d1,-0.00276665670750453,0.0016372026995844,-0.00597551503408171,0.000442201619072656,0.194661918230641,252,252,2024-06-03,2025-06-04
2025-06-04,BTC,dxy_ret,0.694152959841042,0.433194864267712,-0.154893372411391,1.54319929209348,0.194661918230641,252,252,2024-06-03,2025-06-04
2025-06-04,BTC,real_yield_d1,0.0520218386810811,0.0427444407377228,-0.0317557257041622,0.135799403066324,0.194661918230641,252,252,2024-06-03,2025-06-04
2025-06-04,BTC,gold_ret,0.128816934856704,0.189287198412851,-0.242179156766972,0.499813026480379,0.194661918230641,252,252,2024-06-03,2025-06-04
2025-06-11,BTC,qqq_ret,0.422013904812841,0.221016025371644,-0.0111695449217729,0.855197354547454,0.196203827157942,252,252,2024-06-10,2025-06-11
2025-06-11,BTC,vix_d1,-0.00280308477016017,0.00162247442447929,-0.00598307620797692,0.000376906667656586,0.196203827157942,252,252,2024-06-10,2025-06-11
2025-06-11,BTC,dxy_ret,0.679864973805908,0.435686083440013,-0.174064058301831,1.53379400591365,0.196203827157942,252,252,2024-06-10,2025-06-11
2025-06-11,BTC,real_yield_d1,0.0617910740985012,0.0434350966317489,-0.0233401509647438,0.146922299161746,0.196203827157942,252,252,2024-06-10,2025-06-11
2025-06-11,BTC,gold_ret,0.113310436966805,0.194641097433097,-0.268179103913416,0.494799977847027,0.196203827157942,252,252,2024-06-10,2025-06-11
2025-06-18,BTC,qqq_ret,0.43108729387374,0.225261811483943,-0.0104177437270396,0.87259233147452,0.196334335611832,252,252,2024-06-17,2025-06-18
2025-06-18,BTC,vix_d1,-0.00273660487954516,0.00164033600166974,-0.00595160436536229,0.000478394606271972,0.196334335611832,252,252,2024-06-17,2025-06-18
2025-06-18,BTC,dxy_ret,0.624366897680311,0.440921315241351,-0.239823000208768,1.48855679556939,0.196334335611832,252,252,2024-06-17,2025-06-18
2025-06-18,BTC,real_yield_d1,0.0598027784431572,0.0434375744129427,-0.025333302981989,0.144938859868303,0.196334335611832,252,252,2024-06-17,2025-06-18
2025-06-18,BTC,gold_ret,0.108062131266792,0.19420721036967,-0.272577006595754,0.488701269129338,0.196334335611832,252,252,2024-06-17,2025-06-18
2025-06-26,BTC,qqq_ret,0.390788835970286,0.220316332688014,-0.0410232413041652,0.822600913244738,0.196702433957062,252,252,2024-06-25,2025-06-26
2025-06-26,BTC,vix_d1,-0.00293041443516132,0.00160002036263409,-0.00606639672045485,0.000205567850132218,0.196702433957062,252,252,2024-06-25,2025-06-26
2025-06-26,BTC,dxy_ret,0.574320147918886,0.440954272659317,-0.28993434532243,1.4385746411602,0.196702433957062,252,252,2024-06-25,2025-06-26
2025-06-26,BTC,real_yield_d1,0.0607103788106087,0.0436474417025176,-0.0248370349436374,0.146257792564855,0.196702433957062,252,252,2024-06-25,2025-06-26
2025-06-26,BTC,gold_ret,0.110004500217934,0.193758960144477,-0.269756083347172,0.48976508378304,0.196702433957062,252,252,2024-06-25,2025-06-26
2025-07-03,BTC,qqq_ret,0.384446285635457,0.220719554116965,-0.0481560911175337,0.817048662388447,0.197328070289541,252,252,2024-07-02,2025-07-03
2025-07-03,BTC,vix_d1,-0.00295635230162417,0.00159382173923558,-0.00608018550830291,0.000167480905054557,0.197328070289541,252,252,2024-07-02,2025-07-03
2025-07-03,BTC,dxy_ret,0.568079243535658,0.43982713264186,-0.29396609586591,1.43012458293723,0.197328070289541,252,252,2024-07-02,2025-07-03
2025-07-03,BTC,real_yield_d1,0.0614047441796358,0.0441167648663984,-0.0250625260729271,0.147872014432199,0.197328070289541,252,252,2024-07-02,2025-07-03
2025-07-03,BTC,gold_ret,0.102256514881806,0.191902643025289,-0.273865753985808,0.478378783749419,0.197328070289541,252,252,2024-07-02,2025-07-03
2025-07-11,BTC,qqq_ret,0.437971314537723,0.22800134306074,-0.00890310628808871,0.884845735363534,0.201176319857974,252,252,2024-07-10,2025-07-11
2025-07-11,BTC,vix_d1,-0.00269040883832455,0.00169485468165615,-0.0060122629733997,0.000631445296750594,0.201176319857974,252,252,2024-07-10,2025-07-11
2025-07-11,BTC,dxy_ret,0.578080541221565,0.439443154191238,-0.283212214245944,1.43937329668907,0.201176319857974,252,252,2024-07-10,2025-07-11
2025-07-11,BTC,real_yield_d1,0.0453166792044976,0.0415305057562161,-0.0360816163374193,0.126714974746415,0.201176319857974,252,252,2024-07-10,2025-07-11
2025-07-11,BTC,gold_ret,0.132421936096808,0.19379217510441,-0.247403747593515,0.512247619787131,0.201176319857974,252,252,2024-07-10,2025-07-11
2025-07-18,BTC,qqq_ret,0.423961548499547,0.232106295381714,-0.0309584310336276,0.878881528032721,0.209977266860004,252,252,2024-07-17,2025-07-18
2025-07-18,BTC,vix_d1,-0.00279182730841584,0.00170222017088161,-0.0061281175371014,0.000544462920269722,0.209977266860004,252,252,2024-07-17,2025-07-18
2025-07-18,BTC,dxy_ret,0.574770048712312,0.430706351479541,-0.269398888100238,1.41893898552486,0.209977266860004,252,252,2024-07-17,2025-07-18
2025-07-18,BTC,real_yield_d1,0.0392228611263912,0.0403964670497178,-0.0399527593937148,0.118398481646497,0.209977266860004,252,252,2024-07-17,2025-07-18
2025-07-18,BTC,gold_ret,0.118110138974316,0.199001174218099,-0.271924995374338,0.50814527332297,0.209977266860004,252,252,2024-07-17,2025-07-18
2025-07-25,BTC,qqq_ret,0.42525242556292,0.240272462903239,-0.0456729482041643,0.896177799330004,0.210853846092646,252,252,2024-07-24,2025-07-25
2025-07-25,BTC,vix_d1,-0.0027691123919349,0.00174032270085175,-0.0061800822070818,0.000641857423212012,0.210853846092646,252,252,2024-07-24,2025-07-25
2025-07-25,BTC,dxy_ret,0.577407582525106,0.426950914637457,-0.259400833330745,1.41421599838096,0.210853846092646,252,252,2024-07-24,2025-07-25
2025-07-25,BTC,real_yield_d1,0.0346663672359277,0.0394963200126483,-0.0427449975107316,0.112077731982587,0.210853846092646,252,252,2024-07-24,2025-07-25
2025-07-25,BTC,gold_ret,0.165073473784854,0.195807571178904,-0.21870231362606,0.548849261195768,0.210853846092646,252,252,2024-07-24,2025-07-25
2025-08-01,BTC,qqq_ret,0.448958571704481,0.239688497444411,-0.020822250795085,0.918739394204047,0.213520062833949,252,252,2024-07-31,2025-08-01
2025-08-01,BTC,vix_d1,-0.00267677087225028,0.00170757906668351,-0.00602356434370448,0.000670022599203914,0.213520062833949,252,252,2024-07-31,2025-08-01
2025-08-01,BTC,dxy_ret,0.577244689955296,0.387427478227921,-0.182099213992604,1.3365885939032,0.213520062833949,252,252,2024-07-31,2025-08-01
2025-08-01,BTC,real_yield_d1,0.0363285983260709,0.0385275153940817,-0.0391839442601417,0.111841140912283,0.213520062833949,252,252,2024-07-31,2025-08-01
2025-08-01,BTC,gold_ret,0.166812218071831,0.195763112127043,-0.21687643119865,0.550500867342311,0.213520062833949,252,252,2024-07-31,2025-08-01
2025-08-08,BTC,qqq_ret,0.805091138955328,0.178581283436412,0.455078255107021,1.15510402280363,0.186006172696864,252,252,2024-08-07,2025-08-08
2025-08-08,BTC,vix_d1,3.2834356493711e-05,0.0010677579139687,-0.00205993269909256,0.00212560141207999,0.186006172696864,252,252,2024-08-07,2025-08-08
2025-08-08,BTC,dxy_ret,0.629827796307194,0.395404857653212,-0.145151484005287,1.40480707661968,0.186006172696864,252,252,2024-08-07,2025-08-08
2025-08-08,BTC,real_yield_d1,0.0179461074881723,0.0403776646167691,-0.0611926609405324,0.097084875916877,0.186006172696864,252,252,2024-08-07,2025-08-08
2025-08-08,BTC,gold_ret,0.186958621318907,0.200263914023986,-0.205551437571131,0.579468680208945,0.186006172696864,252,252,2024-08-07,2025-08-08
2025-08-15,BTC,qqq_ret,0.748158772365151,0.175168454455479,0.404834910404867,1.09148263432544,0.17085609067903,252,252,2024-08-14,2025-08-15
2025-08-15,BTC,vix_d1,-7.60666097277654e-05,0.00105650079864854,-0.00214677012471671,0.00199463690526118,0.17085609067903,252,252,2024-08-14,2025-08-15
2025-08-15,BTC,dxy_ret,0.618615787220276,0.388585071266216,-0.142996957391438,1.38022853183199,0.17085609067903,252,252,2024-08-14,2025-08-15
2025-08-15,BTC,real_yield_d1,0.00706691250817943,0.0403189683543948,-0.0719568133602445,0.0860906383766034,0.17085609067903,252,252,2024-08-14,2025-08-15
2025-08-15,BTC,gold_ret,0.156079958236244,0.197982608301023,-0.231958823599061,0.544118740071549,0.17085609067903,252,252,2024-08-14,2025-08-15
2025-08-22,BTC,qqq_ret,0.789622463908019,0.183073769320836,0.430804469525187,1.14844045829085,0.182439383671826,252,252,2024-08-21,2025-08-22
2025-08-22,BTC,vix_d1,3.59588896809535e-05,0.00111267261826147,-0.00214483936869542,0.00221675714805733,0.182439383671826,252,252,2024-08-21,2025-08-22
2025-08-22,BTC,dxy_ret,0.633478812000032,0.393955158682906,-0.138659110542225,1.40561673454229,0.182439383671826,252,252,2024-08-21,2025-08-22
2025-08-22,BTC,real_yield_d1,0.00449785160748361,0.0405344982731043,-0.0749483051392019,0.0839440083541691,0.182439383671826,252,252,2024-08-21,2025-08-22
2025-08-22,BTC,gold_ret,0.154215002301772,0.201011557627484,-0.239760411124393,0.548190415727938,0.182439383671826,252,252,2024-08-21,2025-08-22
2025-08-29,BTC,qqq_ret,0.776180991930096,0.184727552331976,0.414121642407185,1.13824034145301,0.183098836557683,252,252,2024-08-28,2025-08-29
2025-08-29,BTC,vix_d1,-7.74325054535997e-05,0.00111635779785189,-0.00226545358310375,0.00211058857219655,0.183098836557683,252,252,2024-08-28,2025-08-29
2025-08-29,BTC,dxy_ret,0.616815683828212,0.395728820135155,-0.158798551281221,1.39242991893764,0.183098836557683,252,252,2024-08-28,2025-08-29
2025-08-29,BTC,real_yield_d1,0.0111707590486901,0.040086586958223,-0.06739750765256,0.0897390257499402,0.183098836557683,252,252,2024-08-28,2025-08-29
2025-08-29,BTC,gold_ret,0.148254888423099,0.201292108922804,-0.246270395437711,0.542780172283908,0.183098836557683,252,252,2024-08-28,2025-08-29
2025-09-08,BTC,qqq_ret,0.782278481808722,0.186717358979199,0.416319182921056,1.14823778069639,0.179060899933568,252,252,2024-09-05,2025-09-08
2025-09-08,BTC,vix_d1,-1.53083595439092e-05,0.00113333163583511,-0.00223659754832059,0.00220598082923277,0.179060899933568,252,252,2024-09-05,2025-09-08
2025-09-08,BTC,dxy_ret,0.653297701110802,0.399576086854459,-0.129857038207386,1.43645244042899,0.179060899933568,252,252,2024-09-05,2025-09-08
2025-09-08,BTC,real_yield_d1,0.0171446188468148,0.0396210605188933,-0.0605112327994978,0.0948004704931275,0.179060899933568,252,252,2024-09-05,2025-09-08
2025-09-08,BTC,gold_ret,0.170713531727728,0.197469853789107,-0.216320269731312,0.557747333186767,0.179060899933568,252,252,2024-09-05,2025-09-08
2025-09-15,BTC,qqq_ret,0.762777316839332,0.191246781193502,0.387940513540855,1.13761412013781,0.172231495562651,252,252,2024-09-12,2025-09-15
2025-09-15,BTC,vix_d1,-5.1717412387548e-05,0.00112191503467232,-0.0022506304740593,0.00214719564928421,0.172231495562651,252,252,2024-09-12,2025-09-15
2025-09-15,BTC,dxy_ret,0.606260591647497,0.392916252745667,-0.163841112674448,1.37636229596944,0.172231495562651,252,252,2024-09-12,2025-09-15
2025-09-15,BTC,real_yield_d1,0.0168108375931485,0.0397028753029664,-0.0610053680833504,0.0946270432696474,0.172231495562651,252,252,2024-09-12,2025-09-15
2025-09-15,BTC,gold_ret,0.162227392617046,0.197937018866743,-0.225722035568995,0.550176820803087,0.172231495562651,252,252,2024-09-12,2025-09-15
2025-09-22,BTC,qqq_ret,0.730373473267775,0.190897538817509,0.356221172448121,1.10452577408743,0.171774506360008,252,252,2024-09-19,2025-09-22
2025-09-22,BTC,vix_d1,-0.000233299447801269,0.00113104108411099,-0.00245009923769395,0.00198350034209141,0.171774506360008,252,252,2024-09-19,2025-09-22
2025-09-22,BTC,dxy_ret,0.635500028478951,0.382162000096453,-0.11352372796989,1.38452378492779,0.171774506360008,252,252,2024-09-19,2025-09-22
2025-09-22,BTC,real_yield_d1,0.0121325613363401,0.0396650082983506,-0.0656094263749094,0.0898745490475896,0.171774506360008,252,252,2024-09-19,2025-09-22
2025-09-22,BTC,gold_ret,0.14490100494101,0.199214670952763,-0.245552575318403,0.535354585200424,0.171774506360008,252,252,2024-09-19,2025-09-22
2025-09-29,BTC,qqq_ret,0.76096644743034,0.191506861550068,0.385619895999909,1.13631299886077,0.170092453100315,252,252,2024-09-26,2025-09-29
2025-09-29,BTC,vix_d1,-6.56100205029609e-05,0.00111068742081056,-0.00224251736337334,0.00211129732236742,0.170092453100315,252,252,2024-09-26,2025-09-29
2025-09-29,BTC,dxy_ret,0.62209983406275,0.383300227398988,-0.12915480690528,1.37335447503078,0.170092453100315,252,252,2024-09-26,2025-09-29
2025-09-29,BTC,real_yield_d1,0.0120902921211082,0.0401641508339693,-0.0666299969831059,0.0908105812253223,0.170092453100315,252,252,2024-09-26,2025-09-29
2025-09-29,BTC,gold_ret,0.15320335170578,0.200034508599124,-0.238857080813671,0.545263784225232,0.170092453100315,252,252,2024-09-26,2025-09-29
2025-10-06,BTC,qqq_ret,0.760643363042827,0.190733272574071,0.386813018144186,1.13447370794147,0.173742515066226,252,252,2024-10-03,2025-10-06
2025-10-06,BTC,vix_d1,-5.61781069275982e-05,0.00110680240903959,-0.00222547096664737,0.00211311475279217,0.173742515066226,252,252,2024-10-03,2025-10-06
2025-10-06,BTC,dxy_ret,0.745036402980367,0.36706031449663,0.0256114064130273,1.46446139954771,0.173742515066226,252,252,2024-10-03,2025-10-06
2025-10-06,BTC,real_yield_d1,0.00821825334166706,0.0403710689029736,-0.0709075877255461,0.0873440944088802,0.173742515066226,252,252,2024-10-03,2025-10-06
2025-10-06,BTC,gold_ret,0.161266068180041,0.19673033050472,-0.224318294275872,0.546850430635954,0.173742515066226,252,252,2024-10-03,2025-10-06
2025-10-13,BTC,qqq_ret,0.7994517373341,0.191245168749523,0.42461809436775,1.17428538030045,0.19282961195168,252,252,2024-10-10,2025-10-13
2025-10-13,BTC,vix_d1,-9.92618801896765e-05,0.00114561830279768,-0.00234463249370304,0.00214610873332368,0.19282961195168,252,252,2024-10-10,2025-10-13
2025-10-13,BTC,dxy_ret,0.758943247855199,0.36740134853191,0.0388498368612074,1.47903665884919,0.19282961195168,252,252,2024-10-10,2025-10-13
2025-10-13,BTC,real_yield_d1,0.0135477300741135,0.0414774026808833,-0.0677464853526829,0.09484194550091,0.19282961195168,252,252,2024-10-10,2025-10-13
2025-10-13,BTC,gold_ret,0.138575562014724,0.190573558599441,-0.234941749245813,0.512092873275261,0.19282961195168,252,252,2024-10-10,2025-10-13
2025-10-20,BTC,qqq_ret,0.780920342162813,0.184570930084247,0.41916796660463,1.142672717721,0.195073668907217,252,252,2024-10-17,2025-10-20
2025-10-20,BTC,vix_d1,-0.000235467829859462,0.00106204398459366,-0.00231703578966045,0.00184610012994153,0.195073668907217,252,252,2024-10-17,2025-10-20
2025-10-20,BTC,dxy_ret,0.743194117015208,0.37095076204286,0.0161439833735146,1.4702442506569,0.195073668907217,252,252,2024-10-17,2025-10-20
2025-10-20,BTC,real_yield_d1,0.013861327295913,0.0402912566032089,-0.0651080845382381,0.0928307391300641,0.195073668907217,252,252,2024-10-17,2025-10-20
2025-10-20,BTC,gold_ret,0.130830297881681,0.180539274125343,-0.223020177198996,0.484680772962358,0.195073668907217,252,252,2024-10-17,2025-10-20
2025-10-27,BTC,qqq_ret,0.802803243350596,0.184533766281071,0.441123707508165,1.16448277919303,0.199920318679976,252,252,2024-10-24,2025-10-27
2025-10-27,BTC,vix_d1,-0.000143667825198109,0.00105904501112939,-0.00221935790501853,0.00193202225462231,0.199920318679976,252,252,2024-10-24,2025-10-27
2025-10-27,BTC,dxy_ret,0.776625947917877,0.382723670587253,0.0265013375358887,1.52675055829987,0.199920318679976,252,252,2024-10-24,2025-10-27
2025-10-27,BTC,real_yield_d1,0.0209905217949695,0.0407018321805898,-0.0587836033837799,0.100764646973719,0.199920318679976,252,252,2024-10-24,2025-10-27
2025-10-27,BTC,gold_ret,0.143513775402537,0.152102640922153,-0.15460192275831,0.441629473563385,0.199920318679976,252,252,2024-10-24,2025-10-27
2025-11-03,BTC,qqq_ret,0.80513755072959,0.18081162227129,0.450753283091602,1.15952181836758,0.196641842491212,252,252,2024-10-31,2025-11-03
2025-11-03,BTC,vix_d1,-6.87435797970758e-05,0.0010352126488522,-0.00209772308788769,0.00196023592829354,0.196641842491212,252,252,2024-10-31,2025-11-03
2025-11-03,BTC,dxy_ret,0.717823297885318,0.386794631921228,-0.0402802500937149,1.47592684586435,0.196641842491212,252,252,2024-10-31,2025-11-03
2025-11-03,BTC,real_yield_d1,0.0163105692864711,0.0404086149978914,-0.0628888607745412,0.0955099993474834,0.196641842491212,252,252,2024-10-31,2025-11-03
2025-11-03,BTC,gold_ret,0.13313041677917,0.153890753573606,-0.168489917778827,0.434750751337167,0.196641842491212,252,252,2024-10-31,2025-11-03
2025-11-10,BTC,qqq_ret,0.795311004000915,0.18032659528622,0.441877371785193,1.14874463621664,0.190146621389128,252,252,2024-11-07,2025-11-10
2025-11-10,BTC,vix_d1,6.94540573595805e-05,0.0010251631730745,-0.00193982884014323,0.0020787369548624,0.190146621389128,252,252,2024-11-07,2025-11-10
2025-11-10,BTC,dxy_ret,0.532643847530128,0.329904124874589,-0.113956355575272,1.17924405063553,0.190146621389128,252,252,2024-11-07,2025-11-10
2025-11-10,BTC,real_yield_d1,0.0188289429893529,0.0411364708404776,-0.0617970583090654,0.0994549442877711,0.190146621389128,252,252,2024-11-07,2025-11-10
2025-11-10,BTC,gold_ret,0.18929233469746,0.135245983365867,-0.0757849217533422,0.454369591148262,0.190146621389128,252,252,2024-11-07,2025-11-10
2025-11-17,BTC,qqq_ret,0.832484960224069,0.178796364237496,0.482050525751871,1.18291939469627,0.228949196940443,252,252,2024-11-14,2025-11-17
2025-11-17,BTC,vix_d1,0.000340892740887665,0.00107546288886997,-0.00176697578800687,0.0024487612697822,0.228949196940443,252,252,2024-11-14,2025-11-17
2025-11-17,BTC,dxy_ret,0.351584834206917,0.307149918856651,-0.25041794460652,0.953587613020354,0.228949196940443,252,252,2024-11-14,2025-11-17
2025-11-17,BTC,real_yield_d1,0.0192232908520953,0.0427686251597584,-0.0646016741293248,0.103048255833515,0.228949196940443,252,252,2024-11-14,2025-11-17
2025-11-17,BTC,gold_ret,0.31637499092791,0.102273143681199,0.115923312727069,0.516826669128751,0.228949196940443,252,252,2024-11-14,2025-11-17
2025-11-24,BTC,qqq_ret,0.923517787744306,0.178880363777215,0.572918717199541,1.27411685828907,0.25382615522845,252,252,2024-11-21,2025-11-24
2025-11-24,BTC,vix_d1,0.000717854396218403,0.00111476879453488,-0.0014670522921591,0.0029027610845959,0.25382615522845,252,252,2024-11-21,2025-11-24
2025-11-24,BTC,dxy_ret,0.353740862258744,0.316946482059385,-0.267462827604321,0.974944552121809,0.25382615522845,252,252,2024-11-21,2025-11-24
2025-11-24,BTC,real_yield_d1,0.0189361607151307,0.0429779928651947,-0.0652991574284704,0.103171478858732,0.25382615522845,252,252,2024-11-21,2025-11-24
2025-11-24,BTC,gold_ret,0.332594506225606,0.106611980687903,0.123638863756837,0.541550148694376,0.25382615522845,252,252,2024-11-21,2025-11-24
2025-12-02,BTC,qqq_ret,0.97143003484772,0.183627615135053,0.611526522616034,1.33133354707941,0.256330444041076,252,252,2024-11-29,2025-12-02
2025-12-02,BTC,vix_d1,0.00090258484667783,0.00112009576675373,-0.00129276251539525,0.00309793220875091,0.256330444041076,252,252,2024-11-29,2025-12-02
2025-12-02,BTC,dxy_ret,0.331465195467438,0.311439700433898,-0.278945400738945,0.941875791673821,0.256330444041076,252,252,2024-11-29,2025-12-02
2025-12-02,BTC,real_yield_d1,0.00286898544432382,0.0433229963317392,-0.082042527068246,0.0877804979568936,0.256330444041076,252,252,2024-11-29,2025-12-02
2025-12-02,BTC,gold_ret,0.268487354823783,0.0936011883923555,0.0850323966646173,0.451942312982948,0.256330444041076,252,252,2024-11-29,2025-12-02
2025-12-09,BTC,qqq_ret,0.972575377596375,0.18599241323435,0.608036946259359,1.33711380893339,0.251218548801861,252,252,2024-12-06,2025-12-09
2025-12-09,BTC,vix_d1,0.000922065117305221,0.00112553241280084,-0.00128393787521689,0.00312806810982733,0.251218548801861,252,252,2024-12-06,2025-12-09
2025-12-09,BTC,dxy_ret,0.336461599488966,0.315462379246411,-0.281833302311314,0.954756501289247,0.251218548801861,252,252,2024-12-06,2025-12-09
2025-12-09,BTC,real_yield_d1,0.00379603989923379,0.0443398132979118,-0.0831083972459035,0.0907004770443711,0.251218548801861,252,252,2024-12-06,2025-12-09
2025-12-09,BTC,gold_ret,0.258968328905118,0.0934086803769702,0.0758906795228428,0.442045978287393,0.251218548801861,252,252,2024-12-06,2025-12-09
2025-12-16,BTC,qqq_ret,0.945089162995712,0.176361144721185,0.599427671069933,1.29075065492149,0.245776121135589,252,252,2024-12-13,2025-12-16
2025-12-16,BTC,vix_d1,0.000798072556251483,0.0010960747596452,-0.00135019449701651,0.00294633960951948,0.245776121135589,252,252,2024-12-13,2025-12-16
2025-12-16,BTC,dxy_ret,0.333192809460931,0.315615946456417,-0.28540307854017,0.951788697462031,0.245776121135589,252,252,2024-12-13,2025-12-16
2025-12-16,BTC,real_yield_d1,0.00401545994208903,0.0440214511792759,-0.0822649989164801,0.0902959188006581,0.245776121135589,252,252,2024-12-13,2025-12-16
2025-12-16,BTC,gold_ret,0.260765973060209,0.0944145869571885,0.0757167830088945,0.445815163111524,0.245776121135589,252,252,2024-12-13,2025-12-16
2025-12-23,BTC,qqq_ret,0.895146016929218,0.178729799973352,0.544842046017401,1.24544998784104,0.233093578460264,252,252,2024-12-20,2025-12-23
2025-12-23,BTC,vix_d1,0.000648055130026561,0.00127310850587343,-0.00184719168989695,0.00314330194995008,0.233093578460264,252,252,2024-12-20,2025-12-23
2025-12-23,BTC,dxy_ret,0.433843922894666,0.312401146580751,-0.178451073132623,1.04613891892196,0.233093578460264,252,252,2024-12-20,2025-12-23
2025-12-23,BTC,real_yield_d1,0.0175633414948847,0.043373446426669,-0.067447051386764,0.102573734376533,0.233093578460264,252,252,2024-12-20,2025-12-23
2025-12-23,BTC,gold_ret,0.250018801734726,0.092447170913925,0.068825676270814,0.431211927198637,0.233093578460264,252,252,2024-12-20,2025-12-23
2025-12-31,BTC,qqq_ret,0.891084057763853,0.186254514861515,0.526031916677304,1.2561361988504,0.233619668254156,252,252,2024-12-30,2025-12-31
2025-12-31,BTC,vix_d1,0.000657615745448939,0.00133381350464515,-0.0019566106857487,0.00327184217664658,0.233619668254156,252,252,2024-12-30,2025-12-31
2025-12-31,BTC,dxy_ret,0.452063292504374,0.314258134682575,-0.16387133332221,1.06799791833096,0.233619668254156,252,252,2024-12-30,2025-12-31
2025-12-31,BTC,real_yield_d1,0.022507413930434,0.0434169188031679,-0.0625881832434749,0.107603011104343,0.233619668254156,252,252,2024-12-30,2025-12-31
2025-12-31,BTC,gold_ret,0.228279037334864,0.0883154025773479,0.0551840290031065,0.401374045666622,0.233619668254156,252,252,2024-12-30,2025-12-31
2026-01-08,BTC,qqq_ret,0.864799019964385,0.177734990956271,0.516444838897542,1.21315320103123,0.232223346206752,252,252,2025-01-07,2026-01-08
2026-01-08,BTC,vix_d1,0.000502395839038382,0.00131492049913675,-0.00207480098180308,0.00307959265987985,0.232223346206752,252,252,2025-01-07,2026-01-08
2026-01-08,BTC,dxy_ret,0.427762810329389,0.320010390631259,-0.199446029986473,1.05497165064525,0.232223346206752,252,252,2025-01-07,2026-01-08
2026-01-08,BTC,real_yield_d1,0.0217169930404848,0.0431911680260239,-0.0629361407407401,0.10637012682171,0.232223346206752,252,252,2025-01-07,2026-01-08
2026-01-08,BTC,gold_ret,0.244674312511312,0.0871330230139169,0.0738967255399355,0.415451899482689,0.232223346206752,252,252,2025-01-07,2026-01-08
2026-01-15,BTC,qqq_ret,0.845493083663843,0.176396622931066,0.499762055724461,1.19122411160322,0.223432085659813,252,252,2025-01-15,2026-01-15
2026-01-15,BTC,vix_d1,0.00051180988641688,0.00128317697137069,-0.00200317076326086,0.00302679053609462,0.223432085659813,252,252,2025-01-15,2026-01-15
2026-01-15,BTC,dxy_ret,0.48554781299795,0.309046929368196,-0.120173038096408,1.09126866409231,0.223432085659813,252,252,2025-01-15,2026-01-15
2026-01-15,BTC,real_yield_d1,0.0185606962825982,0.0432948413098544,-0.0662956334010935,0.10341702596629,0.223432085659813,252,252,2025-01-15,2026-01-15
2026-01-15,BTC,gold_ret,0.256141880483819,0.0870798884458814,0.0854684353521255,0.426815325615512,0.223432085659813,252,252,2025-01-15,2026-01-15
2026-01-23,BTC,qqq_ret,0.839276348206552,0.175782824602048,0.494748342885816,1.18380435352729,0.224244602352924,252,252,2025-01-23,2026-01-23
2026-01-23,BTC,vix_d1,0.00030830416846274,0.00128033423467396,-0.00220110481967188,0.00281771315659736,0.224244602352924,252,252,2025-01-23,2026-01-23
2026-01-23,BTC,dxy_ret,0.629668954269844,0.311889570541593,0.018376628854658,1.24096127968503,0.224244602352924,252,252,2025-01-23,2026-01-23
2026-01-23,BTC,real_yield_d1,0.0161540932844326,0.0434650653433006,-0.0690358693741166,0.101344055942982,0.224244602352924,252,252,2025-01-23,2026-01-23
2026-01-23,BTC,gold_ret,0.202214046281449,0.0952910803191282,0.015446960808044,0.388981131754854,0.224244602352924,252,252,2025-01-23,2026-01-23
2026-01-30,BTC,qqq_ret,0.869391714933863,0.176553954361926,0.523352323056358,1.21543110681137,0.224271915914411,252,252,2025-01-30,2026-01-30
2026-01-30,BTC,vix_d1,0.000419705865193524,0.00124772408191001,-0.00202578839799341,0.00286520012838046,0.224271915914411,252,252,2025-01-30,2026-01-30
2026-01-30,BTC,dxy_ret,0.68846518220199,0.297323109155729,0.10572259648529,1.27120776791869,0.224271915914411,252,252,2025-01-30,2026-01-30
2026-01-30,BTC,real_yield_d1,0.0180816764035678,0.0439758216554467,-0.0681093502316642,0.1042727030388,0.224271915914411,252,252,2025-01-30,2026-01-30
2026-01-30,BTC,gold_ret,0.159739040363037,0.0863293716867698,-0.00946341895100414,0.328941499677077,0.224271915914411,252,252,2025-01-30,2026-01-30
2026-02-06,BTC,qqq_ret,0.859858612215925,0.168259671966509,0.530075715111044,1.18964150932081,0.234872812668762,252,252,2025-02-06,2026-02-06
2026-02-06,BTC,vix_d1,-0.000261183055363227,0.00170363332285281,-0.00360024301101704,0.00307787690029058,0.234872812668762,252,252,2025-02-06,2026-02-06
2026-02-06,BTC,dxy_ret,0.582806753496368,0.320646105043302,-0.045648064171552,1.21126157116429,0.234872812668762,252,252,2025-02-06,2026-02-06
2026-02-06,BTC,real_yield_d1,0.0255486327422943,0.0452525789767178,-0.063144792259627,0.114242057744216,0.234872812668762,252,252,2025-02-06,2026-02-06
2026-02-06,BTC,gold_ret,0.282596434417284,0.104235720800626,0.0782981757454857,0.486894693089083,0.234872812668762,252,252,2025-02-06,2026-02-06
2026-02-13,BTC,qqq_ret,0.865348786591926,0.170436845949214,0.531298706892865,1.19939886629099,0.231926856493545,252,252,2025-02-13,2026-02-13
2026-02-13,BTC,vix_d1,-0.000185742751775233,0.00169317677527247,-0.00350430825076894,0.00313282274721847,0.231926856493545,252,252,2025-02-13,2026-02-13
2026-02-13,BTC,dxy_ret,0.570453782897318,0.316681379667612,-0.0502303158256566,1.19113788162029,0.231926856493545,252,252,2025-02-13,2026-02-13
2026-02-13,BTC,real_yield_d1,0.0151171984640977,0.0442238754024373,-0.0715600045814663,0.101794401509662,0.231926856493545,252,252,2025-02-13,2026-02-13
2026-02-13,BTC,gold_ret,0.27446771034958,0.0959494769702684,0.0864101911523982,0.462525229546761,0.231926856493545,252,252,2025-02-13,2026-02-13
2026-02-23,BTC,qqq_ret,0.895666396584844,0.172430371484175,0.557709078634998,1.23362371453469,0.236106013326965,252,252,2025-02-21,2026-02-23
2026-02-23,BTC,vix_d1,-6.42953367324035e-05,0.0016956605358951,-0.00338772891709269,0.00325913824362789,0.236106013326965,252,252,2025-02-21,2026-02-23
2026-02-23,BTC,dxy_ret,0.566818496661485,0.313319163488708,-0.0472757794426,1.18091277276557,0.236106013326965,252,252,2025-02-21,2026-02-23
2026-02-23,BTC,real_yield_d1,0.0200249225755669,0.0454490988450394,-0.0690536742905113,0.109103519441645,0.236106013326965,252,252,2025-02-21,2026-02-23
2026-02-23,BTC,gold_ret,0.266832626832078,0.0931800441810424,0.0842030961593836,0.449462157504772,0.236106013326965,252,252,2025-02-21,2026-02-23
2026-03-02,BTC,qqq_ret,0.949807767578047,0.179504608055642,0.59798520073001,1.30163033442608,0.240064378713176,252,252,2025-02-28,2026-03-02
2026-03-02,BTC,vix_d1,0.000179232729131116,0.00167325284686578,-0.00310028258775493,0.00345874804601716,0.240064378713176,252,252,2025-02-28,2026-03-02
2026-03-02,BTC,dxy_ret,0.589430503642358,0.329652359068021,-0.0566762475496283,1.23553725483434,0.240064378713176,252,252,2025-02-28,2026-03-02
2026-03-02,BTC,real_yield_d1,0.012172128586793,0.0443883455072289,-0.074827429940696,0.0991716871142819,0.240064378713176,252,252,2025-02-28,2026-03-02
2026-03-02,BTC,gold_ret,0.275170180186403,0.0940486325947324,0.0908382475054877,0.459502112867318,0.240064378713176,252,252,2025-02-28,2026-03-02
2026-03-09,BTC,qqq_ret,0.966041878414103,0.18319405005605,0.606988138122217,1.32509561870599,0.259112466998536,252,252,2025-03-07,2026-03-09
2026-03-09,BTC,vix_d1,-0.000128027021298056,0.00162494646012344,-0.00331286355994584,0.00305680951734973,0.259112466998536,252,252,2025-03-07,2026-03-09
2026-03-09,BTC,dxy_ret,0.831504775608,0.322381750858452,0.199648154652469,1.46336139656353,0.259112466998536,252,252,2025-03-07,2026-03-09
2026-03-09,BTC,real_yield_d1,0.0131442034405795,0.0439951274195644,-0.0730846617970174,0.0993730686781763,0.259112466998536,252,252,2025-03-07,2026-03-09
2026-03-09,BTC,gold_ret,0.273103900904541,0.0913075156245835,0.0941444587625292,0.452063343046553,0.259112466998536,252,252,2025-03-07,2026-03-09
2026-03-16,BTC,qqq_ret,0.836324984045093,0.185833690434179,0.472097643679937,1.20055232441025,0.235780707607495,252,252,2025-03-14,2026-03-16
2026-03-16,BTC,vix_d1,-0.00070284712652493,0.00168650936851309,-0.00400834474839997,0.00260265049535011,0.235780707607495,252,252,2025-03-14,2026-03-16
2026-03-16,BTC,dxy_ret,0.627798595467816,0.278272617154251,0.0823942879617821,1.17320290297385,0.235780707607495,252,252,2025-03-14,2026-03-16
2026-03-16,BTC,real_yield_d1,-0.00287292984485799,0.0439254833780683,-0.0889652952693847,0.0832194355796687,0.235780707607495,252,252,2025-03-14,2026-03-16
2026-03-16,BTC,gold_ret,0.237412099983773,0.0918708622002335,0.0573485188426736,0.417475681124873,0.235780707607495,252,252,2025-03-14,2026-03-16
2026-03-23,BTC,qqq_ret,0.788110573176597,0.183082790348078,0.429274897905266,1.14694624844793,0.227389652194847,252,252,2025-03-21,2026-03-23
2026-03-23,BTC,vix_d1,-0.000817481930930534,0.00160085410955443,-0.00395509833016015,0.00232013446829908,0.227389652194847,252,252,2025-03-21,2026-03-23
2026-03-23,BTC,dxy_ret,0.588881407397342,0.282379177747026,0.0354283890291367,1.14233442576555,0.227389652194847,252,252,2025-03-21,2026-03-23
2026-03-23,BTC,real_yield_d1,0.0115720932248072,0.0452180053729499,-0.0770535687589132,0.100197755208528,0.227389652194847,252,252,2025-03-21,2026-03-23
2026-03-23,BTC,gold_ret,0.229848913047097,0.0863690442155176,0.0605686970055348,0.399129129088659,0.227389652194847,252,252,2025-03-21,2026-03-23
2026-03-30,BTC,qqq_ret,0.794426144993148,0.181131874422399,0.439414194673014,1.14943809531328,0.231569302613296,252,252,2025-03-28,2026-03-30
2026-03-30,BTC,vix_d1,-0.000823336925160046,0.00165876798892293,-0.00407446244215693,0.00242778859183684,0.231569302613296,252,252,2025-03-28,2026-03-30
2026-03-30,BTC,dxy_ret,0.579169402710414,0.284036759103827,0.0224675845814325,1.13587122083939,0.231569302613296,252,252,2025-03-28,2026-03-30
2026-03-30,BTC,real_yield_d1,-0.000929433215798295,0.0447387794137093,-0.0886158295789504,0.0867569631473539,0.231569302613296,252,252,2025-03-28,2026-03-30
2026-03-30,BTC,gold_ret,0.220458078048162,0.0853241480135702,0.0532258209299997,0.387690335166325,0.231569302613296,252,252,2025-03-28,2026-03-30
2026-04-07,BTC,qqq_ret,0.865999627348817,0.195083830204076,0.4836423461827,1.24835690851493,0.242581934913245,252,252,2025-04-04,2026-04-07
2026-04-07,BTC,vix_d1,-0.000627972794929429,0.00162830965047292,-0.00381940106553535,0.00256345547567649,0.242581934913245,252,252,2025-04-04,2026-04-07
2026-04-07,BTC,dxy_ret,0.305336083708165,0.319684410124174,-0.321233846554149,0.931906013970479,0.242581934913245,252,252,2025-04-04,2026-04-07
2026-04-07,BTC,real_yield_d1,0.0132727331380136,0.0434023430708727,-0.0717942961255484,0.0983397624015756,0.242581934913245,252,252,2025-04-04,2026-04-07
2026-04-07,BTC,gold_ret,0.21312609424886,0.0830246189530975,0.0504008312706272,0.375851357227093,0.242581934913245,252,252,2025-04-04,2026-04-07
2026-04-14,BTC,qqq_ret,0.822927444724094,0.175438885356411,0.479073547937677,1.16678134151051,0.257923166257701,252,252,2025-04-11,2026-04-14
2026-04-14,BTC,vix_d1,-0.00303845490303238,0.00145044466182036,-0.00588127420176867,-0.000195635604296084,0.257923166257701,252,252,2025-04-11,2026-04-14
2026-04-14,BTC,dxy_ret,0.168789484082951,0.343016598176682,-0.503510694442794,0.841089662608695,0.257923166257701,252,252,2025-04-11,2026-04-14
2026-04-14,BTC,real_yield_d1,0.0431823195763224,0.041927858546949,-0.0389947731245876,0.125359412277232,0.257923166257701,252,252,2025-04-11,2026-04-14
2026-04-14,BTC,gold_ret,0.240303335207589,0.088205708725237,0.0674233228752943,0.413183347539884,0.257923166257701,252,252,2025-04-11,2026-04-14
2020-12-31,ETH,qqq_ret,0.305408059394671,0.345438433270914,-0.371638828692264,0.982454947481606,0.323269570517079,252,252,2020-01-03,2020-12-31
2020-12-31,ETH,vix_d1,-0.00746679614318495,0.00327939770344898,-0.0138942975329283,-0.00103929475344159,0.323269570517079,252,252,2020-01-03,2020-12-31
2020-12-31,ETH,dxy_ret,-1.96638564867698,0.819444033622812,-3.57246644192392,-0.360304855430042,0.323269570517079,252,252,2020-01-03,2020-12-31
2020-12-31,ETH,real_yield_d1,0.0197048309291044,0.0846587740424005,-0.146223317169315,0.185632979027524,0.323269570517079,252,252,2020-01-03,2020-12-31
2020-12-31,ETH,gold_ret,0.805626532147914,0.293154654556014,0.231053967317845,1.38019909697798,0.323269570517079,252,252,2020-01-03,2020-12-31
2021-01-08,ETH,qqq_ret,0.256962687992602,0.343867523811397,-0.417005274130706,0.93093065011591,0.281312972284681,252,252,2020-01-10,2021-01-08
2021-01-08,ETH,vix_d1,-0.00721916848386975,0.00345741697461442,-0.0139955812336514,-0.000442755734088057,0.281312972284681,252,252,2020-01-10,2021-01-08
2021-01-08,ETH,dxy_ret,-2.00103391043674,0.831451299067982,-3.63064851150903,-0.371419309364457,0.281312972284681,252,252,2020-01-10,2021-01-08
2021-01-08,ETH,real_yield_d1,0.0407861752310193,0.0851898472425882,-0.126182857212922,0.207755207674961,0.281312972284681,252,252,2020-01-10,2021-01-08
2021-01-08,ETH,gold_ret,0.973098276663209,0.324242452590345,0.337594747327197,1.60860180599922,0.281312972284681,252,252,2020-01-10,2021-01-08
2021-01-15,ETH,qqq_ret,0.288539897855482,0.34360385588645,-0.384911284631052,0.961991080342016,0.285160184610494,252,252,2020-01-17,2021-01-15
2021-01-15,ETH,vix_d1,-0.00711700243247502,0.00343893856224454,-0.0138571981595203,-0.000376806705429758,0.285160184610494,252,252,2020-01-17,2021-01-15
2021-01-15,ETH,dxy_ret,-2.05230423941136,0.807553452202664,-3.63507992131957,-0.469528557503146,0.285160184610494,252,252,2020-01-17,2021-01-15
2021-01-15,ETH,real_yield_d1,0.0466500759889018,0.081112846576584,-0.112328181984726,0.205628333962529,0.285160184610494,252,252,2020-01-17,2021-01-15
2021-01-15,ETH,gold_ret,0.961522186994015,0.316343130716429,0.341501044033169,1.58154332995486,0.285160184610494,252,252,2020-01-17,2021-01-15
2021-01-25,ETH,qqq_ret,0.331444864522972,0.33607943746884,-0.327258728860436,0.99014845790638,0.264327128990781,252,252,2020-01-27,2021-01-25
2021-01-25,ETH,vix_d1,-0.00693348775813606,0.00343467862943986,-0.0136653341703076,-0.000201641345964541,0.264327128990781,252,252,2020-01-27,2021-01-25
2021-01-25,ETH,dxy_ret,-1.79873787739635,0.838836216350623,-3.44282665037142,-0.154649104421276,0.264327128990781,252,252,2020-01-27,2021-01-25
2021-01-25,ETH,real_yield_d1,0.0175537357371514,0.0890218230938045,-0.156925831364802,0.192033302839104,0.264327128990781,252,252,2020-01-27,2021-01-25
2021-01-25,ETH,gold_ret,0.915278475633233,0.317854548131931,0.292295008972395,1.53826194229407,0.264327128990781,252,252,2020-01-27,2021-01-25
2021-02-01,ETH,qqq_ret,0.322983920151274,0.299625134308405,-0.264270551956176,0.910238392258725,0.271273781546049,252,252,2020-02-03,2021-02-01
2021-02-01,ETH,vix_d1,-0.00684998711464322,0.00303651720126697,-0.0128014514675628,-0.000898522761723599,0.271273781546049,252,252,2020-02-03,2021-02-01
2021-02-01,ETH,dxy_ret,-1.88538965285881,0.801034905414303,-3.45538921783029,-0.315390087887328,0.271273781546049,252,252,2020-02-03,2021-02-01
2021-02-01,ETH,real_yield_d1,0.02317990396269,0.0870135518038637,-0.147363523739793,0.193723331665173,0.271273781546049,252,252,2020-02-03,2021-02-01
2021-02-01,ETH,gold_ret,0.909571778528073,0.312368528066767,0.297340713613421,1.52180284344273,0.271273781546049,252,252,2020-02-03,2021-02-01
2021-02-08,ETH,qqq_ret,0.276108938759178,0.301650386229526,-0.31511495417329,0.867332831691645,0.27667697857133,252,252,2020-02-10,2021-02-08
2021-02-08,ETH,vix_d1,-0.00716521055444072,0.00296241742860591,-0.0129714420216821,-0.00135897908719938,0.27667697857133,252,252,2020-02-10,2021-02-08
2021-02-08,ETH,dxy_ret,-2.0648612558693,0.782890406920363,-3.59929825727512,-0.530424254463477,0.27667697857133,252,252,2020-02-10,2021-02-08
2021-02-08,ETH,real_yield_d1,0.0254169078750899,0.0896282960313885,-0.150251324342126,0.201085140092306,0.27667697857133,252,252,2020-02-10,2021-02-08
2021-02-08,ETH,gold_ret,0.903248964118836,0.306600805009632,0.302322428668969,1.5041754995687,0.27667697857133,252,252,2020-02-10,2021-02-08
2021-02-16,ETH,qqq_ret,0.282164005872715,0.302025496778082,-0.309795090225143,0.874123101970574,0.279866662651077,252,252,2020-02-18,2021-02-16
2021-02-16,ETH,vix_d1,-0.0071051677611162,0.00297076021654861,-0.0129277507922559,-0.00128258472997651,0.279866662651077,252,252,2020-02-18,2021-02-16
2021-02-16,ETH,dxy_ret,-2.11391493030945,0.782250470025484,-3.64709767844893,-0.580732182169977,0.279866662651077,252,252,2020-02-18,2021-02-16
2021-02-16,ETH,real_yield_d1,0.0191210905757639,0.0908998073231778,-0.159039257979295,0.197281439130823,0.279866662651077,252,252,2020-02-18,2021-02-16
2021-02-16,ETH,gold_ret,0.890560158948694,0.30571170975544,0.291376218175869,1.48974409972152,0.279866662651077,252,252,2020-02-18,2021-02-16
2021-02-23,ETH,qqq_ret,0.377087428428712,0.303898716861059,-0.2185431115669,0.972717968424324,0.278267924176824,252,252,2020-02-25,2021-02-23
2021-02-23,ETH,vix_d1,-0.00689584312695331,0.00294080899319926,-0.0126597228390354,-0.00113196341487126,0.278267924176824,252,252,2020-02-25,2021-02-23
2021-02-23,ETH,dxy_ret,-1.9411538404423,0.776013077984845,-3.46211152482467,-0.420196156059928,0.278267924176824,252,252,2020-02-25,2021-02-23
2021-02-23,ETH,real_yield_d1,0.0127673834131966,0.0858313252592628,-0.155458922840301,0.180993689666695,0.278267924176824,252,252,2020-02-25,2021-02-23
2021-02-23,ETH,gold_ret,0.815886286227071,0.312458548621894,0.203478784266502,1.42829378818764,0.278267924176824,252,252,2020-02-25,2021-02-23
2021-03-02,ETH,qqq_ret,0.411839630716409,0.306240716314188,-0.188381143859147,1.01206040529197,0.298438540814294,252,252,2020-03-03,2021-03-02
2021-03-02,ETH,vix_d1,-0.00734695752442616,0.0027893574470911,-0.0128139976607333,-0.00187991738811902,0.298438540814294,252,252,2020-03-03,2021-03-02
2021-03-02,ETH,dxy_ret,-1.79604191203493,0.741601938246675,-3.24955500186351,-0.342528822206349,0.298438540814294,252,252,2020-03-03,2021-03-02
2021-03-02,ETH,real_yield_d1,0.0132449207981884,0.0787934449614378,-0.141187393544069,0.167677235140445,0.298438540814294,252,252,2020-03-03,2021-03-02
2021-03-02,ETH,gold_ret,0.822058281564596,0.321045414175796,0.19282083237829,1.4512957307509,0.298438540814294,252,252,2020-03-03,2021-03-02
2021-03-09,ETH,qqq_ret,0.227038704487789,0.32980833494188,-0.419373753799419,0.873451162774997,0.266814166145948,252,252,2020-03-10,2021-03-09
2021-03-09,ETH,vix_d1,-0.00802298146312771,0.00297668281306777,-0.0138571725701399,-0.00218879035611551,0.266814166145948,252,252,2020-03-10,2021-03-09
2021-03-09,ETH,dxy_ret,-1.46557791628703,0.670323504060573,-2.77938784223644,-0.151767990337619,0.266814166145948,252,252,2020-03-10,2021-03-09
2021-03-09,ETH,real_yield_d1,0.0534828356773137,0.0732708650124735,-0.0901254208632303,0.197091092217858,0.266814166145948,252,252,2020-03-10,2021-03-09
2021-03-09,ETH,gold_ret,0.885939331454201,0.349798996107712,0.200345897254818,1.57153276565358,0.266814166145948,252,252,2020-03-10,2021-03-09
2021-03-16,ETH,qqq_ret,0.331152530442271,0.300291138038662,-0.257407284990053,0.919712345874595,0.0965875981878351,252,252,2020-03-17,2021-03-16
2021-03-16,ETH,vix_d1,-0.00370990912865121,0.00163223123538692,-0.00690902356445089,-0.000510794692851539,0.0965875981878351,252,252,2020-03-17,2021-03-16
2021-03-16,ETH,dxy_ret,-0.917313355393783,0.610113855719454,-2.11311453907278,0.278487828285214,0.0965875981878351,252,252,2020-03-17,2021-03-16
2021-03-16,ETH,real_yield_d1,0.0637901859278961,0.0559313605851474,-0.045833266425316,0.173413638281108,0.0965875981878351,252,252,2020-03-17,2021-03-16
2021-03-16,ETH,gold_ret,0.709215701879527,0.35101218394419,0.0212444632141662,1.39718694054489,0.0965875981878351,252,252,2020-03-17,2021-03-16
2021-03-23,ETH,qqq_ret,0.328474670037927,0.32186586904858,-0.302370841149975,0.959320181225828,0.100261127535859,252,252,2020-03-24,2021-03-23
2021-03-23,ETH,vix_d1,-0.00344931927854252,0.00174207035364696,-0.0068637144302255,-3.49241268595272e-05,0.100261127535859,252,252,2020-03-24,2021-03-23
2021-03-23,ETH,dxy_ret,-1.05724119678079,0.678736641574423,-2.38754056925433,0.273058175692755,0.100261127535859,252,252,2020-03-24,2021-03-23
2021-03-23,ETH,real_yield_d1,0.0372739870344818,0.0862200050273875,-0.13171411756606,0.206262091635024,0.100261127535859,252,252,2020-03-24,2021-03-23
2021-03-23,ETH,gold_ret,0.8354026684298,0.339595928869463,0.169806878549227,1.50099845831037,0.100261127535859,252,252,2020-03-24,2021-03-23
2021-03-30,ETH,qqq_ret,0.496623290902776,0.334284629266459,-0.158562543044807,1.15180912485036,0.102959729314234,252,252,2020-03-31,2021-03-30
2021-03-30,ETH,vix_d1,-0.00276965142342668,0.00191076918531961,-0.00651469020942205,0.000975387362568698,0.102959729314234,252,252,2020-03-31,2021-03-30
2021-03-30,ETH,dxy_ret,-1.19276754492627,0.745228316747402,-2.65338820601059,0.267853116158044,0.102959729314234,252,252,2020-03-31,2021-03-30
2021-03-30,ETH,real_yield_d1,0.0335194325578585,0.0883505844773315,-0.139644531030775,0.206683396146492,0.102959729314234,252,252,2020-03-31,2021-03-30
2021-03-30,ETH,gold_ret,0.827137730643655,0.342060782178401,0.15671091705039,1.49756454423692,0.102959729314234,252,252,2020-03-31,2021-03-30
2021-04-07,ETH,qqq_ret,0.389258997444176,0.35499016031918,-0.306508931647516,1.08502692653587,0.0883072456200796,252,252,2020-04-07,2021-04-07
2021-04-07,ETH,vix_d1,-0.00323770016565467,0.0020808204533996,-0.00731603331261218,0.000840632981302851,0.0883072456200796,252,252,2020-04-07,2021-04-07
2021-04-07,ETH,dxy_ret,-1.12602263119059,0.765695902393196,-2.62675902299115,0.374713760609975,0.0883072456200796,252,252,2020-04-07,2021-04-07
2021-04-07,ETH,real_yield_d1,0.0458210033592313,0.0954756338560885,-0.141307800399835,0.232949807118298,0.0883072456200796,252,252,2020-04-07,2021-04-07
2021-04-07,ETH,gold_ret,0.78879706195695,0.359767893924607,0.083664947070894,1.49392917684301,0.0883072456200796,252,252,2020-04-07,2021-04-07
2021-04-14,ETH,qqq_ret,0.387750544997369,0.364782374481178,-0.327209771180742,1.10271086117548,0.0961057645035176,252,252,2020-04-15,2021-04-14
2021-04-14,ETH,vix_d1,-0.00313989202209206,0.00209311627336871,-0.00724232453334943,0.000962540489165307,0.0961057645035176,252,252,2020-04-15,2021-04-14
2021-04-14,ETH,dxy_ret,-1.17832602183643,0.790500582183873,-2.72767869267477,0.371026649001903,0.0961057645035176,252,252,2020-04-15,2021-04-14
2021-04-14,ETH,real_yield_d1,0.0359892783671477,0.0972868707162066,-0.154689484405222,0.226668041139517,0.0961057645035176,252,252,2020-04-15,2021-04-14
2021-04-14,ETH,gold_ret,0.915040138688355,0.359133318205305,0.211151769357594,1.61892850801912,0.0961057645035176,252,252,2020-04-15,2021-04-14
2021-04-21,ETH,qqq_ret,0.363003506181969,0.379782806911142,-0.381357117311398,1.10736412967534,0.0919440726281843,252,252,2020-04-22,2021-04-21
2021-04-21,ETH,vix_d1,-0.00315067204949533,0.00219650997806069,-0.00745575249817715,0.00115440839918648,0.0919440726281843,252,252,2020-04-22,2021-04-21
2021-04-21,ETH,dxy_ret,-1.08014935879572,0.805882896411542,-2.65965081151917,0.499352093927722,0.0919440726281843,252,252,2020-04-22,2021-04-21
2021-04-21,ETH,real_yield_d1,-0.0370936938083174,0.101209605485878,-0.235460875450146,0.161273487833511,0.0919440726281843,252,252,2020-04-22,2021-04-21
2021-04-21,ETH,gold_ret,0.844189352567776,0.356851143429131,0.144773963604743,1.54360474153081,0.0919440726281843,252,252,2020-04-22,2021-04-21
2021-04-28,ETH,qqq_ret,0.33686572487864,0.388360203612899,-0.424306287231284,1.09803773698856,0.087845063361742,252,252,2020-04-29,2021-04-28
2021-04-28,ETH,vix_d1,-0.00316268194097682,0.00228092427585481,-0.00763321137311535,0.00130784749116171,0.087845063361742,252,252,2020-04-29,2021-04-28
2021-04-28,ETH,dxy_ret,-1.12018837671248,0.796094046062348,-2.68050403530145,0.440127281876494,0.087845063361742,252,252,2020-04-29,2021-04-28
2021-04-28,ETH,real_yield_d1,-0.0456427266602714,0.105612881235992,-0.252640170186321,0.161354716865778,0.087845063361742,252,252,2020-04-29,2021-04-28
2021-04-28,ETH,gold_ret,0.832296749087072,0.364900302500427,0.117105298238464,1.54748819993568,0.087845063361742,252,252,2020-04-29,2021-04-28
2021-05-05,ETH,qqq_ret,0.259932437364819,0.40806797628066,-0.53986609938942,1.05973097411906,0.0874331840943278,252,252,2020-05-06,2021-05-05
2021-05-05,ETH,vix_d1,-0.00355562314656354,0.00230235979933395,-0.00806816543271094,0.000956919139583862,0.0874331840943278,252,252,2020-05-06,2021-05-05
2021-05-05,ETH,dxy_ret,-0.888391028218983,0.777050155713692,-2.41138134759906,0.634599291161095,0.0874331840943278,252,252,2020-05-06,2021-05-05
2021-05-05,ETH,real_yield_d1,-0.069573634597966,0.108983079227721,-0.283176544808574,0.144029275612642,0.0874331840943278,252,252,2020-05-06,2021-05-05
2021-05-05,ETH,gold_ret,0.923190243045559,0.373565104511825,0.191016092321441,1.65536439376968,0.0874331840943278,252,252,2020-05-06,2021-05-05
2021-05-12,ETH,qqq_ret,0.265392318015035,0.412334663578048,-0.542768772175377,1.07355340820545,0.0825769288919626,252,252,2020-05-13,2021-05-12
2021-05-12,ETH,vix_d1,-0.003648268096148,0.00231577576074962,-0.0081871051834881,0.000890568991192107,0.0825769288919626,252,252,2020-05-13,2021-05-12
2021-05-12,ETH,dxy_ret,-0.658781029120994,0.761942330676204,-2.15216055554286,0.834598497300874,0.0825769288919626,252,252,2020-05-13,2021-05-12
2021-05-12,ETH,real_yield_d1,-0.0574075557307311,0.109165604188525,-0.271368208290796,0.156553096829333,0.0825769288919626,252,252,2020-05-13,2021-05-12
2021-05-12,ETH,gold_ret,0.885996563274799,0.372480864137962,0.155947484634037,1.61604564191556,0.0825769288919626,252,252,2020-05-13,2021-05-12
2021-05-19,ETH,qqq_ret,0.253037538173062,0.410725642909975,-0.551969929457548,1.05804500580367,0.0764540640445877,252,252,2020-05-20,2021-05-19
2021-05-19,ETH,vix_d1,-0.00418247905994461,0.00232836393905078,-0.00874598852338596,0.000381030403496746,0.0764540640445877,252,252,2020-05-20,2021-05-19
2021-05-19,ETH,dxy_ret,0.491049635437494,1.17475071388182,-1.8114194545836,2.79351872545859,0.0764540640445877,252,252,2020-05-20,2021-05-19
2021-05-19,ETH,real_yield_d1,-0.151035941778053,0.1548416175313,-0.454519935447327,0.152448051891222,0.0764540640445877,252,252,2020-05-20,2021-05-19
2021-05-19,ETH,gold_ret,0.807880872661508,0.387073479504165,0.0492307934627411,1.56653095186028,0.0764540640445877,252,252,2020-05-20,2021-05-19
2021-05-26,ETH,qqq_ret,0.366103388883635,0.404863110518088,-0.427413726400677,1.15962050416795,0.0758320087407579,252,252,2020-05-28,2021-05-26
2021-05-26,ETH,vix_d1,-0.00404702671721083,0.0022716932873408,-0.0084994637443202,0.000405410309898549,0.0758320087407579,252,252,2020-05-28,2021-05-26
2021-05-26,ETH,dxy_ret,0.633386922486727,1.24958584264701,-1.81575632469254,3.082530169666,0.0758320087407579,252,252,2020-05-28,2021-05-26
2021-05-26,ETH,real_yield_d1,-0.121771577471804,0.137118644778026,-0.390519182845676,0.146976027902069,0.0758320087407579,252,252,2020-05-28,2021-05-26
2021-05-26,ETH,gold_ret,0.791101357676521,0.384993184495798,0.0365285817713719,1.54567413358167,0.0758320087407579,252,252,2020-05-28,2021-05-26
2021-06-03,ETH,qqq_ret,0.369728186988734,0.405173649635761,-0.424397573782007,1.16385394775948,0.0704654771341461,252,252,2020-06-04,2021-06-03
2021-06-03,ETH,vix_d1,-0.0041622873854326,0.00225242694899709,-0.00857696308327434,0.000252388312409144,0.0704654771341461,252,252,2020-06-04,2021-06-03
2021-06-03,ETH,dxy_ret,0.699040655166136,1.21799021673244,-1.68817630315158,3.08625761348386,0.0704654771341461,252,252,2020-06-04,2021-06-03
2021-06-03,ETH,real_yield_d1,-0.0930802711043875,0.134353096238611,-0.356407500943509,0.170246958734734,0.0704654771341461,252,252,2020-06-04,2021-06-03
2021-06-03,ETH,gold_ret,0.740562867968111,0.399018273443567,-0.0414985771546358,1.52262431309086,0.0704654771341461,252,252,2020-06-04,2021-06-03
2021-06-10,ETH,qqq_ret,0.373957248991992,0.411415690449332,-0.432402686963378,1.18031718494736,0.0633301800742484,252,252,2020-06-11,2021-06-10
2021-06-10,ETH,vix_d1,-0.00395183961239785,0.00232176004724586,-0.00850240568574376,0.000598726460948055,0.0633301800742484,252,252,2020-06-11,2021-06-10
2021-06-10,ETH,dxy_ret,0.566533958187942,1.29086770678878,-1.96352025592388,3.09658817229977,0.0633301800742484,252,252,2020-06-11,2021-06-10
2021-06-10,ETH,real_yield_d1,-0.0578487807485212,0.139072785403508,-0.330426431369065,0.214728869872023,0.0633301800742484,252,252,2020-06-11,2021-06-10
2021-06-10,ETH,gold_ret,0.728536829827409,0.421972679829426,-0.098514425098118,1.55558808475294,0.0633301800742484,252,252,2020-06-11,2021-06-10
2021-06-17,ETH,qqq_ret,0.405214580270163,0.407872729037213,-0.39420127891884,1.20463043945917,0.0606175128518746,252,252,2020-06-18,2021-06-17
2021-06-17,ETH,vix_d1,-0.00356724126215186,0.00259772074305682,-0.00865868036043586,0.00152419783613214,0.0606175128518746,252,252,2020-06-18,2021-06-17
2021-06-17,ETH,dxy_ret,0.313931875537186,1.32675169111947,-2.28645365548459,2.91431740655896,0.0606175128518746,252,252,2020-06-18,2021-06-17
2021-06-17,ETH,real_yield_d1,-0.099444361387835,0.134208926829034,-0.362489024376514,0.163600301600844,0.0606175128518746,252,252,2020-06-18,2021-06-17
2021-06-17,ETH,gold_ret,0.680291583659786,0.402831767771211,-0.109244173000391,1.46982734031996,0.0606175128518746,252,252,2020-06-18,2021-06-17
2021-06-24,ETH,qqq_ret,0.452148711782599,0.416696309693355,-0.364561047707125,1.26885847127232,0.0548883046041792,252,252,2020-06-25,2021-06-24
2021-06-24,ETH,vix_d1,-0.00285250413459336,0.00284998379267845,-0.008438369724766,0.00273336145557928,0.0548883046041792,252,252,2020-06-25,2021-06-24
2021-06-24,ETH,dxy_ret,0.759141128154638,1.34028842673507,-1.86777591714194,3.38605817345122,0.0548883046041792,252,252,2020-06-25,2021-06-24
2021-06-24,ETH,real_yield_d1,-0.125289229244109,0.134687895025504,-0.389272652647608,0.138694194159391,0.0548883046041792,252,252,2020-06-25,2021-06-24
2021-06-24,ETH,gold_ret,0.642024772502022,0.413756164879274,-0.168922409042772,1.45297195404682,0.0548883046041792,252,252,2020-06-25,2021-06-24
2021-07-01,ETH,qqq_ret,0.519175994627919,0.426986248801578,-0.317701674917032,1.35605366417287,0.0570582946455255,252,252,2020-07-02,2021-07-01
2021-07-01,ETH,vix_d1,-0.00262160459860198,0.00295206767890133,-0.00840755092917335,0.00316434173196939,0.0570582946455255,252,252,2020-07-02,2021-07-01
2021-07-01,ETH,dxy_ret,0.983106506708288,1.35612877103531,-1.67485704291949,3.64107005633607,0.0570582946455255,252,252,2020-07-02,2021-07-01
2021-07-01,ETH,real_yield_d1,-0.150632110898153,0.141598255059894,-0.428159591089262,0.126895369292956,0.0570582946455255,252,252,2020-07-02,2021-07-01
2021-07-01,ETH,gold_ret,0.596679790908578,0.420712028690572,-0.227900633187725,1.42126021500488,0.0570582946455255,252,252,2020-07-02,2021-07-01
2021-07-09,ETH,qqq_ret,0.488101878797991,0.433812907122752,-0.362155795191222,1.3383595527872,0.0602596020790522,252,252,2020-07-10,2021-07-09
2021-07-09,ETH,vix_d1,-0.00283135941584064,0.0029266088178247,-0.00856740729561439,0.0029046884639331,0.0602596020790522,252,252,2020-07-10,2021-07-09
2021-07-09,ETH,dxy_ret,1.18584077506357,1.38644951461954,-1.53155033997377,3.90323189010091,0.0602596020790522,252,252,2020-07-10,2021-07-09
2021-07-09,ETH,real_yield_d1,-0.176573428997456,0.145131364077907,-0.461025675617324,0.107878817622413,0.0602596020790522,252,252,2020-07-10,2021-07-09
2021-07-09,ETH,gold_ret,0.592831591555453,0.417943047713804,-0.226321729552509,1.41198491266341,0.0602596020790522,252,252,2020-07-10,2021-07-09
2021-07-16,ETH,qqq_ret,0.48259321885983,0.432607989556954,-0.365302860096079,1.33048929781574,0.0595668280770038,252,252,2020-07-17,2021-07-16
2021-07-16,ETH,vix_d1,-0.00317643914666278,0.00293349351764744,-0.00892598079013348,0.00257310249680792,0.0595668280770038,252,252,2020-07-17,2021-07-16
2021-07-16,ETH,dxy_ret,1.08332607915558,1.35499015091957,-1.57240581605326,3.73905797436443,0.0595668280770038,252,252,2020-07-17,2021-07-16
2021-07-16,ETH,real_yield_d1,-0.156262603914748,0.141171484079817,-0.432953628355258,0.120428420525762,0.0595668280770038,252,252,2020-07-17,2021-07-16
2021-07-16,ETH,gold_ret,0.596387145623752,0.418601079577861,-0.224055894238441,1.41683018548594,0.0595668280770038,252,252,2020-07-17,2021-07-16
2021-07-23,ETH,qqq_ret,0.548001569169192,0.453006529941008,-0.339874914276649,1.43587805261503,0.0606398419656465,252,252,2020-07-24,2021-07-23
2021-07-23,ETH,vix_d1,-0.0034493720297431,0.00286187621901992,-0.0090585463472338,0.0021598022877476,0.0606398419656465,252,252,2020-07-24,2021-07-23
2021-07-23,ETH,dxy_ret,1.18147047539024,1.38494743434493,-1.53297661640698,3.89591756718745,0.0606398419656465,252,252,2020-07-24,2021-07-23
2021-07-23,ETH,real_yield_d1,-0.133997689868714,0.140497555081902,-0.409367837745175,0.141372458007747,0.0606398419656465,252,252,2020-07-24,2021-07-23
2021-07-23,ETH,gold_ret,0.527977204441173,0.425045306001938,-0.305096287120432,1.36105069600278,0.0606398419656465,252,252,2020-07-24,2021-07-23
2021-07-30,ETH,qqq_ret,0.47112507828175,0.456669435813614,-0.423930568753159,1.36618072531666,0.0588690104694797,252,252,2020-07-31,2021-07-30
2021-07-30,ETH,vix_d1,-0.00359248404892625,0.00286405750449353,-0.00920593360738524,0.00202096550953275,0.0588690104694797,252,252,2020-07-31,2021-07-30
2021-07-30,ETH,dxy_ret,1.27705563244125,1.38602451514503,-1.43950249893261,3.9936137638151,0.0588690104694797,252,252,2020-07-31,2021-07-30
2021-07-30,ETH,real_yield_d1,-0.167852701760524,0.141281026517349,-0.444758425433376,0.109053021912329,0.0588690104694797,252,252,2020-07-31,2021-07-30
2021-07-30,ETH,gold_ret,0.448681060074796,0.431485485942849,-0.397014952224952,1.29437707237454,0.0588690104694797,252,252,2020-07-31,2021-07-30
2021-08-06,ETH,qqq_ret,0.462661943610618,0.461458083501327,-0.44177928042686,1.3671031676481,0.0554788005649105,252,252,2020-08-07,2021-08-06
2021-08-06,ETH,vix_d1,-0.00359818024281479,0.0028604940589046,-0.00920464557625861,0.00200828509062903,0.0554788005649105,252,252,2020-08-07,2021-08-06
2021-08-06,ETH,dxy_ret,1.38234724355378,1.40907682692909,-1.37939258867721,4.14408707578477,0.0554788005649105,252,252,2020-08-07,2021-08-06
2021-08-06,ETH,real_yield_d1,-0.143367343354741,0.13777585991303,-0.413403066723315,0.126668380013833,0.0554788005649105,252,252,2020-08-07,2021-08-06
2021-08-06,ETH,gold_ret,0.478970373189955,0.443059647117321,-0.389410578163021,1.34735132454293,0.0554788005649105,252,252,2020-08-07,2021-08-06
2021-08-13,ETH,qqq_ret,0.489663906287071,0.463175408618664,-0.418143213130133,1.39747102570428,0.0525504177915062,252,252,2020-08-14,2021-08-13
2021-08-13,ETH,vix_d1,-0.00352444996221399,0.00288617659618883,-0.0091812521437665,0.00213235221933852,0.0525504177915062,252,252,2020-08-14,2021-08-13
2021-08-13,ETH,dxy_ret,1.43680733622636,1.40172151627586,-1.31051635202922,4.18413102448193,0.0525504177915062,252,252,2020-08-14,2021-08-13
2021-08-13,ETH,real_yield_d1,-0.162256620065598,0.137719891236197,-0.432182646843318,0.107669406712121,0.0525504177915062,252,252,2020-08-14,2021-08-13
2021-08-13,ETH,gold_ret,0.318864302667383,0.493354210568618,-0.648092181668298,1.28582078700306,0.0525504177915062,252,252,2020-08-14,2021-08-13
2021-08-20,ETH,qqq_ret,0.519123515127139,0.462015722332655,-0.386410660936122,1.4246576911904,0.0531412105003781,252,252,2020-08-21,2021-08-20
2021-08-20,ETH,vix_d1,-0.0034746830240529,0.00282903710781597,-0.00901949386629955,0.00207012781819375,0.0531412105003781,252,252,2020-08-21,2021-08-20
2021-08-20,ETH,dxy_ret,1.25627120213526,1.44793785447403,-1.58163484448604,4.09417724875656,0.0531412105003781,252,252,2020-08-21,2021-08-20
2021-08-20,ETH,real_yield_d1,-0.16842159148647,0.13712080171238,-0.437173424373993,0.100330241401052,0.0531412105003781,252,252,2020-08-21,2021-08-20
2021-08-20,ETH,gold_ret,0.285996357799175,0.521475815947014,-0.736077460265611,1.30807017586396,0.0531412105003781,252,252,2020-08-21,2021-08-20
2021-08-27,ETH,qqq_ret,0.541959250196001,0.473389762595729,-0.385867635141594,1.4697861355336,0.0576624430505128,252,252,2020-08-28,2021-08-27
2021-08-27,ETH,vix_d1,-0.00351918735875184,0.00287375764270117,-0.00915164883874286,0.00211327412123919,0.0576624430505128,252,252,2020-08-28,2021-08-27
2021-08-27,ETH,dxy_ret,1.40553570429187,1.45946799458305,-1.45496900167981,4.26604041026355,0.0576624430505128,252,252,2020-08-28,2021-08-27
2021-08-27,ETH,real_yield_d1,-0.178783031407267,0.13678516697013,-0.446877032288019,0.0893109694734861,0.0576624430505128,252,252,2020-08-28,2021-08-27
2021-08-27,ETH,gold_ret,0.279677100298661,0.52482749731403,-0.748965892533129,1.30832009313045,0.0576624430505128,252,252,2020-08-28,2021-08-27
2021-09-03,ETH,qqq_ret,0.397285677626767,0.441035596609083,-0.46712820762717,1.26169956288071,0.0428846656475551,252,252,2020-09-04,2021-09-03
2021-09-03,ETH,vix_d1,-0.00377601993911312,0.00295192082711643,-0.009561678445475,0.00200963856724877,0.0428846656475551,252,252,2020-09-04,2021-09-03
2021-09-03,ETH,dxy_ret,1.0576927668998,1.49709035020902,-1.87655040111233,3.99193593491193,0.0428846656475551,252,252,2020-09-04,2021-09-03
2021-09-03,ETH,real_yield_d1,-0.149260899150169,0.131834387011026,-0.407651549615695,0.109129751315357,0.0428846656475551,252,252,2020-09-04,2021-09-03
2021-09-03,ETH,gold_ret,0.255930464132899,0.532198076114673,-0.787158597693368,1.29901952595917,0.0428846656475551,252,252,2020-09-04,2021-09-03
2021-09-13,ETH,qqq_ret,0.0675775363221028,0.465267007628752,-0.844329041824974,0.979484114469179,0.0452907113662214,252,252,2020-09-14,2021-09-13
2021-09-13,ETH,vix_d1,-0.00530637666842327,0.00296273085599767,-0.0111132224420642,0.000500469105217691,0.0452907113662214,252,252,2020-09-14,2021-09-13
2021-09-13,ETH,dxy_ret,1.17281016138131,1.4679996671409,-1.70441631553164,4.05003663829426,0.0452907113662214,252,252,2020-09-14,2021-09-13
2021-09-13,ETH,real_yield_d1,-0.163385542141703,0.131523845859025,-0.421167543133589,0.0943964588501834,0.0452907113662214,252,252,2020-09-14,2021-09-13
2021-09-13,ETH,gold_ret,0.432443030235662,0.543950953867525,-0.633681248700895,1.49856730917222,0.0452907113662214,252,252,2020-09-14,2021-09-13
2021-09-20,ETH,qqq_ret,0.158084164876225,0.477759896890277,-0.778308026286289,1.09447635603874,0.0536899354580835,252,252,2020-09-21,2021-09-20
2021-09-20,ETH,vix_d1,-0.0057967622550256,0.00295172843887108,-0.0115820436873556,-1.14808226956377e-05,0.0536899354580835,252,252,2020-09-21,2021-09-20
2021-09-20,ETH,dxy_ret,1.27013389635901,1.45812386333867,-1.58773636078319,4.12800415350121,0.0536899354580835,252,252,2020-09-21,2021-09-20
2021-09-20,ETH,real_yield_d1,-0.161046024758861,0.133136257398761,-0.421988294296886,0.0998962447791649,0.0536899354580835,252,252,2020-09-21,2021-09-20
2021-09-20,ETH,gold_ret,0.380073381527042,0.535126243529057,-0.66875478297212,1.4289015460262,0.0536899354580835,252,252,2020-09-21,2021-09-20
2021-09-27,ETH,qqq_ret,0.207870977473194,0.494593133796182,-0.761513751768124,1.17725570671451,0.050679487773335,252,252,2020-09-28,2021-09-27
2021-09-27,ETH,vix_d1,-0.00557097056363777,0.00293273936567269,-0.0113190340963991,0.000177092969123535,0.050679487773335,252,252,2020-09-28,2021-09-27
2021-09-27,ETH,dxy_ret,1.19880128451502,1.48975108832187,-1.7210571945252,4.11865976355524,0.050679487773335,252,252,2020-09-28,2021-09-27
2021-09-27,ETH,real_yield_d1,-0.183893921822268,0.132516034439824,-0.443620576698392,0.0758327330538563,0.050679487773335,252,252,2020-09-28,2021-09-27
2021-09-27,ETH,gold_ret,0.109101432395672,0.542695288573157,-0.954561787787287,1.17276465257863,0.050679487773335,252,252,2020-09-28,2021-09-27
2021-10-04,ETH,qqq_ret,0.169399510236506,0.512993214298001,-0.836048714101014,1.17484773457403,0.0539826420851589,252,252,2020-10-05,2021-10-04
2021-10-04,ETH,vix_d1,-0.00576163413223428,0.00300447878933183,-0.0116503043516392,0.000127036087170601,0.0539826420851589,252,252,2020-10-05,2021-10-04
2021-10-04,ETH,dxy_ret,1.18378561269332,1.5317601876439,-1.81840918804104,4.18598041342768,0.0539826420851589,252,252,2020-10-05,2021-10-04
2021-10-04,ETH,real_yield_d1,-0.1954752264164,0.134501792922373,-0.459093896400315,0.0681434435675142,0.0539826420851589,252,252,2020-10-05,2021-10-04
2021-10-04,ETH,gold_ret,0.167403985967846,0.529211046035731,-0.869830604482955,1.20463857641865,0.0539826420851589,252,252,2020-10-05,2021-10-04
2021-10-11,ETH,qqq_ret,0.142779546259148,0.521495003217717,-0.879331878165177,1.16489097068347,0.0533172854573947,252,252,2020-10-12,2021-10-11
2021-10-11,ETH,vix_d1,-0.00582402718994316,0.00304386770955003,-0.0117898982743657,0.000141843894479333,0.0533172854573947,252,252,2020-10-12,2021-10-11
2021-10-11,ETH,dxy_ret,1.14183948112538,1.53187822928384,-1.86058667697193,4.14426563922269,0.0533172854573947,252,252,2020-10-12,2021-10-11
2021-10-11,ETH,real_yield_d1,-0.203916146414608,0.136189049128025,-0.470841777794294,0.0630094849650781,0.0533172854573947,252,252,2020-10-12,2021-10-11
2021-10-11,ETH,gold_ret,0.119741261469384,0.534961076039347,-0.92876318069853,1.1682457036373,0.0533172854573947,252,252,2020-10-12,2021-10-11
2021-10-18,ETH,qqq_ret,0.055941885917514,0.539854130458414,-1.00215276668616,1.11403653852119,0.0541345830205829,252,252,2020-10-19,2021-10-18
2021-10-18,ETH,vix_d1,-0.00616037807641471,0.00307800308968402,-0.0121931532764984,-0.000127602876331016,0.0541345830205829,252,252,2020-10-19,2021-10-18
2021-10-18,ETH,dxy_ret,1.11535671081096,1.55587419152646,-1.93410066905626,4.16481409067819,0.0541345830205829,252,252,2020-10-19,2021-10-18
2021-10-18,ETH,real_yield_d1,-0.214643330798434,0.135494846166328,-0.480208349375232,0.0509216877783645,0.0541345830205829,252,252,2020-10-19,2021-10-18
2021-10-18,ETH,gold_ret,0.0976583260975054,0.535018335988698,-0.950958343508893,1.1462749957039,0.0541345830205829,252,252,2020-10-19,2021-10-18
2021-10-25,ETH,qqq_ret,0.12833910232845,0.542920165024151,-0.935764867599429,1.19244307225633,0.0558819193002555,252,252,2020-10-26,2021-10-25
2021-10-25,ETH,vix_d1,-0.00598925038469778,0.00308756062268181,-0.0120407580052382,6.22572358426289e-05,0.0558819193002555,252,252,2020-10-26,2021-10-25
2021-10-25,ETH,dxy_ret,1.36707577764934,1.61544051869718,-1.79912945816382,4.53328101346251,0.0558819193002555,252,252,2020-10-26,2021-10-25
2021-10-25,ETH,real_yield_d1,-0.203549562062317,0.132552137451042,-0.463346977540163,0.0562478534155288,0.0558819193002555,252,252,2020-10-26,2021-10-25
2021-10-25,ETH,gold_ret,0.172953805244892,0.536874937938781,-0.879301737317296,1.22520934780708,0.0558819193002555,252,252,2020-10-26,2021-10-25
2021-11-01,ETH,qqq_ret,0.167081283680057,0.571321656865269,-0.952688587363621,1.28685115472373,0.0523946464055977,252,252,2020-11-02,2021-11-01
2021-11-01,ETH,vix_d1,-0.0061456348683902,0.00318765054663884,-0.0123933151351018,0.000102045398321346,0.0523946464055977,252,252,2020-11-02,2021-11-01
2021-11-01,ETH,dxy_ret,1.88427072629087,1.67766658711719,-1.40389536252505,5.1724368151068,0.0523946464055977,252,252,2020-11-02,2021-11-01
2021-11-01,ETH,real_yield_d1,-0.146986282330597,0.13497255433133,-0.41152762772138,0.117555063060185,0.0523946464055977,252,252,2020-11-02,2021-11-01
2021-11-01,ETH,gold_ret,0.285689320776203,0.558315790612593,-0.808589520824486,1.37996816237689,0.0523946464055977,252,252,2020-11-02,2021-11-01
2021-11-08,ETH,qqq_ret,0.177496446374682,0.589808150750175,-0.978506286883833,1.3334991796332,0.0499128306942109,252,252,2020-11-09,2021-11-08
2021-11-08,ETH,vix_d1,-0.00594474973504535,0.00323623826914757,-0.0122876601879648,0.000398160717874121,0.0499128306942109,252,252,2020-11-09,2021-11-08
2021-11-08,ETH,dxy_ret,1.83596357993956,1.69886463592927,-1.49374992109055,5.16567708096967,0.0499128306942109,252,252,2020-11-09,2021-11-08
2021-11-08,ETH,real_yield_d1,-0.160876606683528,0.135390743817844,-0.426237588406591,0.104484375039536,0.0499128306942109,252,252,2020-11-09,2021-11-08
2021-11-08,ETH,gold_ret,0.218356821184142,0.562845208079355,-0.884799515522346,1.32151315789063,0.0499128306942109,252,252,2020-11-09,2021-11-08
2021-11-15,ETH,qqq_ret,0.199225297504052,0.619453611719032,-1.01488147155851,1.41333206656661,0.0478164614913668,252,252,2020-11-16,2021-11-15
2021-11-15,ETH,vix_d1,-0.00582313911937119,0.00336003413588864,-0.0124086850125381,0.000762406773795702,0.0478164614913668,252,252,2020-11-16,2021-11-15
2021-11-15,ETH,dxy_ret,1.64036672105816,1.65423866763512,-1.60188148934019,4.88261493145651,0.0478164614913668,252,252,2020-11-16,2021-11-15
2021-11-15,ETH,real_yield_d1,-0.166305276296347,0.136066826438212,-0.432991355605905,0.10038080301321,0.0478164614913668,252,252,2020-11-16,2021-11-15
2021-11-15,ETH,gold_ret,0.114743952066775,0.591184687730184,-1.04395674409594,1.27344464822949,0.0478164614913668,252,252,2020-11-16,2021-11-15
2021-11-22,ETH,qqq_ret,0.201867359838853,0.610250247349392,-0.994201146522615,1.39793586620032,0.0489943392129685,252,252,2020-11-23,2021-11-22
2021-11-22,ETH,vix_d1,-0.00595626874349294,0.00330022362023407,-0.0124245881800801,0.000512050693094228,0.0489943392129685,252,252,2020-11-23,2021-11-22
2021-11-22,ETH,dxy_ret,1.64682714768999,1.64444762981873,-1.57623098121699,4.86988527659696,0.0489943392129685,252,252,2020-11-23,2021-11-22
2021-11-22,ETH,real_yield_d1,-0.157653378988949,0.132332801356382,-0.417020903620751,0.101714145642853,0.0489943392129685,252,252,2020-11-23,2021-11-22
2021-11-22,ETH,gold_ret,0.183337589213242,0.587123100504774,-0.967402542267606,1.33407772069409,0.0489943392129685,252,252,2020-11-23,2021-11-22
2021-11-30,ETH,qqq_ret,0.29500227167961,0.606443926051996,-0.893605982025373,1.48361052538459,0.0540097925065698,252,252,2020-12-01,2021-11-30
2021-11-30,ETH,vix_d1,-0.00543125840821289,0.0029248833990656,-0.0111639245293606,0.000301407712934773,0.0540097925065698,252,252,2020-12-01,2021-11-30
2021-11-30,ETH,dxy_ret,1.32892527135101,1.58382533556937,-1.77531534416701,4.43316588686904,0.0540097925065698,252,252,2020-12-01,2021-11-30
2021-11-30,ETH,real_yield_d1,-0.147050582422358,0.130106504112802,-0.402054644637863,0.107953479793146,0.0540097925065698,252,252,2020-12-01,2021-11-30
2021-11-30,ETH,gold_ret,0.260113349729873,0.597334383162073,-0.910640527995239,1.43086722745498,0.0540097925065698,252,252,2020-12-01,2021-11-30
2021-12-07,ETH,qqq_ret,0.373315084263644,0.599844482169629,-0.802358497113907,1.54898866564119,0.0520385178431662,252,252,2020-12-08,2021-12-07
2021-12-07,ETH,vix_d1,-0.00496315749830686,0.00293972500646957,-0.010724912635439,0.000798597638825283,0.0520385178431662,252,252,2020-12-08,2021-12-07
2021-12-07,ETH,dxy_ret,1.20965847804334,1.61816618668158,-1.96188896885307,4.38120592493975,0.0520385178431662,252,252,2020-12-08,2021-12-07
2021-12-07,ETH,real_yield_d1,-0.114588299125765,0.12728606575014,-0.364064403729837,0.134887805478307,0.0520385178431662,252,252,2020-12-08,2021-12-07
2021-12-07,ETH,gold_ret,0.288536512104484,0.613123087558235,-0.913162657599654,1.49023568180862,0.0520385178431662,252,252,2020-12-08,2021-12-07
2021-12-14,ETH,qqq_ret,0.421254080021053,0.610770315013296,-0.77583374023119,1.6183419002733,0.0557636492043926,252,252,2020-12-15,2021-12-14
2021-12-14,ETH,vix_d1,-0.00487460685899441,0.00298686408611077,-0.0107287528944877,0.000979539176498837,0.0557636492043926,252,252,2020-12-15,2021-12-14
2021-12-14,ETH,dxy_ret,1.31188381356625,1.61157871396396,-1.8467524240545,4.47052005118699,0.0557636492043926,252,252,2020-12-15,2021-12-14
2021-12-14,ETH,real_yield_d1,-0.115894023850522,0.127159402056612,-0.36512187217713,0.133333824476087,0.0557636492043926,252,252,2020-12-15,2021-12-14
2021-12-14,ETH,gold_ret,0.357567501579622,0.609868697482728,-0.837753180784879,1.55288818394412,0.0557636492043926,252,252,2020-12-15,2021-12-14
2021-12-21,ETH,qqq_ret,0.465280596636128,0.581829654545622,-0.675084571410672,1.60564576468293,0.0542534946464938,252,252,2020-12-22,2021-12-21
2021-12-21,ETH,vix_d1,-0.00454838653717316,0.00310220282691507,-0.010628592350665,0.00153181927631872,0.0542534946464938,252,252,2020-12-22,2021-12-21
2021-12-21,ETH,dxy_ret,1.23728594502959,1.61753433462329,-1.93302309458902,4.40759498464819,0.0542534946464938,252,252,2020-12-22,2021-12-21
2021-12-21,ETH,real_yield_d1,-0.113099833833267,0.127587380509988,-0.363166504514651,0.136966836848118,0.0542534946464938,252,252,2020-12-22,2021-12-21
2021-12-21,ETH,gold_ret,0.332923771512586,0.614755068091321,-0.871974021259871,1.53782156428504,0.0542534946464938,252,252,2020-12-22,2021-12-21
2021-12-29,ETH,qqq_ret,0.316097492265598,0.569248920262875,-0.79960988968795,1.43180487421915,0.0534098329206264,252,252,2020-12-30,2021-12-29
2021-12-29,ETH,vix_d1,-0.00503273678238959,0.00289629632822568,-0.0107093732742675,0.00064389970948834,0.0534098329206264,252,252,2020-12-30,2021-12-29
2021-12-29,ETH,dxy_ret,1.23154659139135,1.64167711536644,-1.98608142897047,4.44917461175317,0.0534098329206264,252,252,2020-12-30,2021-12-29
2021-12-29,ETH,real_yield_d1,-0.101425947704965,0.126713451304266,-0.349779748618096,0.146927853208166,0.0534098329206264,252,252,2020-12-30,2021-12-29
2021-12-29,ETH,gold_ret,0.437392922764886,0.646578737570323,-0.829878116042322,1.70466396157209,0.0534098329206264,252,252,2020-12-30,2021-12-29
2022-01-05,ETH,qqq_ret,0.440071228960889,0.538011837930386,-0.614412596638868,1.49455505456065,0.0825712270245303,252,252,2021-01-07,2022-01-05
2022-01-05,ETH,vix_d1,-0.00617587815473936,0.00241822776206315,-0.010915517474798,-0.00143623883468068,0.0825712270245303,252,252,2021-01-07,2022-01-05
2022-01-05,ETH,dxy_ret,1.27373533401781,1.63421639975385,-1.92926995244446,4.47674062048007,0.0825712270245303,252,252,2021-01-07,2022-01-05
2022-01-05,ETH,real_yield_d1,-0.135731285292269,0.120578493852705,-0.372060790553654,0.100598219969116,0.0825712270245303,252,252,2021-01-07,2022-01-05
2022-01-05,ETH,gold_ret,-0.0605591107160326,0.428869535717991,-0.90112795478971,0.780009733357645,0.0825712270245303,252,252,2021-01-07,2022-01-05
2022-01-12,ETH,qqq_ret,0.484736918603951,0.552133971902512,-0.597425780966022,1.56689961817392,0.0804240593147189,252,252,2021-01-14,2022-01-12
2022-01-12,ETH,vix_d1,-0.00584592507354493,0.00244799882241178,-0.0106439145996685,-0.00104793554742138,0.0804240593147189,252,252,2021-01-14,2022-01-12
2022-01-12,ETH,dxy_ret,1.24995370707049,1.57728922987049,-1.84147637667859,4.34138379081957,0.0804240593147189,252,252,2021-01-14,2022-01-12
2022-01-12,ETH,real_yield_d1,-0.133728881207964,0.116609301038058,-0.362278911504947,0.0948211490890189,0.0804240593147189,252,252,2021-01-14,2022-01-12
2022-01-12,ETH,gold_ret,-0.0501857732896568,0.454554486074627,-0.94109619500704,0.840724648427726,0.0804240593147189,252,252,2021-01-14,2022-01-12
2022-01-20,ETH,qqq_ret,0.541483273190639,0.533350051591467,-0.503863619081216,1.58683016546249,0.0908399941805963,252,252,2021-01-22,2022-01-20
2022-01-20,ETH,vix_d1,-0.00577348589547522,0.00240061628371571,-0.0104786073522584,-0.00106836443869205,0.0908399941805963,252,252,2021-01-22,2022-01-20
2022-01-20,ETH,dxy_ret,1.17651292809268,1.59613358480777,-1.95185141264537,4.30487726883072,0.0908399941805963,252,252,2021-01-22,2022-01-20
2022-01-20,ETH,real_yield_d1,-0.131485554679862,0.114930653544332,-0.356745496346403,0.0937743869866786,0.0908399941805963,252,252,2021-01-22,2022-01-20
2022-01-20,ETH,gold_ret,-0.174152693865901,0.451111373837646,-1.05831473960407,0.710009351872269,0.0908399941805963,252,252,2021-01-22,2022-01-20
2022-01-27,ETH,qqq_ret,0.720625479101114,0.574152135775167,-0.404692028664965,1.84594298686719,0.083035170483172,252,252,2021-01-29,2022-01-27
2022-01-27,ETH,vix_d1,-0.00520890561176241,0.00307596545026814,-0.0112376871119775,0.000819875888452679,0.083035170483172,252,252,2021-01-29,2022-01-27
2022-01-27,ETH,dxy_ret,1.08665850486982,1.56712143300191,-1.98484306321472,4.15816007295436,0.083035170483172,252,252,2021-01-29,2022-01-27
2022-01-27,ETH,real_yield_d1,-0.0591391659612592,0.111153229543221,-0.276995492631286,0.158717160708767,0.083035170483172,252,252,2021-01-29,2022-01-27
2022-01-27,ETH,gold_ret,0.02027532710897,0.439496999212378,-0.841122962660719,0.881673616878659,0.083035170483172,252,252,2021-01-29,2022-01-27
2022-02-03,ETH,qqq_ret,0.819688988393284,0.520414589135878,-0.200304863342247,1.83968284012881,0.0853646637048785,252,252,2021-02-05,2022-02-03
2022-02-03,ETH,vix_d1,-0.00465800999671677,0.00291921558724514,-0.0103795674108252,0.00106354741739165,0.0853646637048785,252,252,2021-02-05,2022-02-03
2022-02-03,ETH,dxy_ret,1.03620261791831,1.49090210057115,-1.88591180367626,3.95831703951287,0.0853646637048785,252,252,2021-02-05,2022-02-03
2022-02-03,ETH,real_yield_d1,-0.0438675020967737,0.108214971096635,-0.255964948034222,0.168229943840674,0.0853646637048785,252,252,2021-02-05,2022-02-03
2022-02-03,ETH,gold_ret,0.0297901205086036,0.453626435117403,-0.859301354756803,0.91888159577401,0.0853646637048785,252,252,2021-02-05,2022-02-03
2022-02-10,ETH,qqq_ret,0.843519293722861,0.506937015303186,-0.150058998701614,1.83709758614734,0.0896605072273058,252,252,2021-02-12,2022-02-10
2022-02-10,ETH,vix_d1,-0.00467496153588282,0.00291183299250972,-0.0103820493301974,0.00103212625843171,0.0896605072273058,252,252,2021-02-12,2022-02-10
2022-02-10,ETH,dxy_ret,1.18152306605244,1.51246310339931,-1.78285014455589,4.14589627666077,0.0896605072273058,252,252,2021-02-12,2022-02-10
2022-02-10,ETH,real_yield_d1,-0.0313793894551294,0.109088463621919,-0.245188849282899,0.18243007037264,0.0896605072273058,252,252,2021-02-12,2022-02-10
2022-02-10,ETH,gold_ret,0.0610331919612768,0.46144960486792,-0.843391414260084,0.965457798182638,0.0896605072273058,252,252,2021-02-12,2022-02-10
2022-02-17,ETH,qqq_ret,0.95541539633626,0.495022838498872,-0.0148115386463166,1.92564233131884,0.100418104453455,252,252,2021-02-22,2022-02-17
2022-02-17,ETH,vix_d1,-0.00452123831873187,0.00291716273451613,-0.0102387722154259,0.00119629557796213,0.100418104453455,252,252,2021-02-22,2022-02-17
2022-02-17,ETH,dxy_ret,1.06233072521837,1.48800624646018,-1.85410792661421,3.97876937705095,0.100418104453455,252,252,2021-02-22,2022-02-17
2022-02-17,ETH,real_yield_d1,-0.0269191845305785,0.108588571079696,-0.23974887297945,0.185910503918293,0.100418104453455,252,252,2021-02-22,2022-02-17
2022-02-17,ETH,gold_ret,-0.0511360025548039,0.450874434626219,-0.934833655972051,0.832561650862443,0.100418104453455,252,252,2021-02-22,2022-02-17
2022-02-25,ETH,qqq_ret,0.825916196606976,0.465454485398814,-0.0863578312173234,1.73819022443128,0.0927407261754631,252,252,2021-03-01,2022-02-25
2022-02-25,ETH,vix_d1,-0.00511101435109219,0.00297344253475008,-0.0109388546293018,0.000716825927117463,0.0927407261754631,252,252,2021-03-01,2022-02-25
2022-02-25,ETH,dxy_ret,0.889012647846589,1.51083219062809,-2.07216403246822,3.8501893281614,0.0927407261754631,252,252,2021-03-01,2022-02-25
2022-02-25,ETH,real_yield_d1,-0.0289434497489521,0.124980465838392,-0.273900661563239,0.216013762065335,0.0927407261754631,252,252,2021-03-01,2022-02-25
2022-02-25,ETH,gold_ret,-0.123340914093747,0.505297262088334,-1.11370534927358,0.867023521086084,0.0927407261754631,252,252,2021-03-01,2022-02-25
2022-03-04,ETH,qqq_ret,0.916121127512208,0.468963539035968,-0.00303051906073259,1.83527277408515,0.0919456096823738,252,252,2021-03-08,2022-03-04
2022-03-04,ETH,vix_d1,-0.00461122845061721,0.00305760638127778,-0.0106040268368215,0.00138156993558708,0.0919456096823738,252,252,2021-03-08,2022-03-04
2022-03-04,ETH,dxy_ret,0.763486464920348,1.43898712565829,-2.05687647558671,3.58384940542741,0.0919456096823738,252,252,2021-03-08,2022-03-04
2022-03-04,ETH,real_yield_d1,-0.0596364112269404,0.111604567591458,-0.278377344216364,0.159104521762483,0.0919456096823738,252,252,2021-03-08,2022-03-04
2022-03-04,ETH,gold_ret,-0.11498647162874,0.490802611585876,-1.07694191385526,0.846968970597778,0.0919456096823738,252,252,2021-03-08,2022-03-04
2022-03-11,ETH,qqq_ret,1.29042963796265,0.364720514632425,0.575590564860188,2.00526871106512,0.116532553066256,252,252,2021-03-15,2022-03-11
2022-03-11,ETH,vix_d1,-0.00298520664751053,0.00273212398467928,-0.00834007125877998,0.00236965796375892,0.116532553066256,252,252,2021-03-15,2022-03-11
2022-03-11,ETH,dxy_ret,0.415529007037241,1.34584113037648,-2.22227113741334,3.05332915148782,0.116532553066256,252,252,2021-03-15,2022-03-11
2022-03-11,ETH,real_yield_d1,-0.0487713864901082,0.109113897980487,-0.262630696744641,0.165087923764424,0.116532553066256,252,252,2021-03-15,2022-03-11
2022-03-11,ETH,gold_ret,0.0865055205256098,0.444711619367288,-0.785113236940761,0.95812427799198,0.116532553066256,252,252,2021-03-15,2022-03-11
2022-03-18,ETH,qqq_ret,1.26300931302507,0.355816975550359,0.565620855858394,1.96039777019174,0.117460443163853,252,252,2021-03-22,2022-03-18
2022-03-18,ETH,vix_d1,-0.0030886679435312,0.00270347136663281,-0.00838737445536679,0.0022100385683044,0.117460443163853,252,252,2021-03-22,2022-03-18
2022-03-18,ETH,dxy_ret,0.419378269957798,1.33288657652116,-2.19303141550057,3.03178795541617,0.117460443163853,252,252,2021-03-22,2022-03-18
2022-03-18,ETH,real_yield_d1,-0.0428495242422719,0.100836544141686,-0.240485519085461,0.154786470600917,0.117460443163853,252,252,2021-03-22,2022-03-18
2022-03-18,ETH,gold_ret,0.0886307642647409,0.433585073312276,-0.761180363661478,0.93844189219096,0.117460443163853,252,252,2021-03-22,2022-03-18
2022-03-25,ETH,qqq_ret,1.21257736911643,0.34655699687265,0.533338136655674,1.89181660157718,0.121935201829666,252,252,2021-03-29,2022-03-25
2022-03-25,ETH,vix_d1,-0.00363665341903002,0.0026224166273868,-0.00877649556116714,0.00150318872310711,0.121935201829666,252,252,2021-03-29,2022-03-25
2022-03-25,ETH,dxy_ret,0.586792810340519,1.36250095552252,-2.08365999138503,3.25724561206607,0.121935201829666,252,252,2021-03-29,2022-03-25
2022-03-25,ETH,real_yield_d1,-0.0767808018256836,0.091062036192823,-0.2552591131225,0.101697509471132,0.121935201829666,252,252,2021-03-29,2022-03-25
2022-03-25,ETH,gold_ret,0.00173939375229909,0.414779230826054,-0.811212960201993,0.814691747706592,0.121935201829666,252,252,2021-03-29,2022-03-25
2022-04-01,ETH,qqq_ret,1.10348745831603,0.331670480134374,0.453425262517552,1.75354965411451,0.12343600424621,252,252,2021-04-06,2022-04-01
2022-04-01,ETH,vix_d1,-0.00453911730404038,0.0025797432062373,-0.00959532107762738,0.000517086469546615,0.12343600424621,252,252,2021-04-06,2022-04-01
2022-04-01,ETH,dxy_ret,0.505246220710207,1.371308940036,-2.18246991343815,3.19296235485856,0.12343600424621,252,252,2021-04-06,2022-04-01
2022-04-01,ETH,real_yield_d1,-0.0841101953949676,0.0891146580701356,-0.258771715707035,0.0905513249170999,0.12343600424621,252,252,2021-04-06,2022-04-01
2022-04-01,ETH,gold_ret,-0.0529566776938442,0.426998572180467,-0.889858500617587,0.783945145229898,0.12343600424621,252,252,2021-04-06,2022-04-01
2022-04-08,ETH,qqq_ret,1.07573981908312,0.310844278661961,0.466496228105342,1.68498341006089,0.12968276093669,252,252,2021-04-13,2022-04-08
2022-04-08,ETH,vix_d1,-0.00479085828821365,0.00253019977451967,-0.00974995871996357,0.00016824214353627,0.12968276093669,252,252,2021-04-13,2022-04-08
2022-04-08,ETH,dxy_ret,0.365397957736573,1.35140276198253,-2.28330278435715,3.01409869983029,0.12968276093669,252,252,2021-04-13,2022-04-08
2022-04-08,ETH,real_yield_d1,-0.0919391155562794,0.0864448069751143,-0.26136782387802,0.0774895927654615,0.12968276093669,252,252,2021-04-13,2022-04-08
2022-04-08,ETH,gold_ret,-0.119652214033221,0.419911946238916,-0.942664505339616,0.703360077273174,0.12968276093669,252,252,2021-04-13,2022-04-08
2022-04-18,ETH,qqq_ret,1.06503783513876,0.30586444919496,0.465554530565461,1.66452113971206,0.133046425879357,252,252,2021-04-20,2022-04-18
2022-04-18,ETH,vix_d1,-0.00478327756041854,0.00252391161161489,-0.00973005341934617,0.000163498298509086,0.133046425879357,252,252,2021-04-20,2022-04-18
2022-04-18,ETH,dxy_ret,0.235639694262815,1.33296890225406,-2.37693134666703,2.84821073519266,0.133046425879357,252,252,2021-04-20,2022-04-18
2022-04-18,ETH,real_yield_d1,-0.0814474635989186,0.0849238684058548,-0.247895187102213,0.0850002599043757,0.133046425879357,252,252,2021-04-20,2022-04-18
2022-04-18,ETH,gold_ret,-0.11151352317414,0.41848588533647,-0.93173078647198,0.7087037401237,0.133046425879357,252,252,2021-04-20,2022-04-18
2022-04-25,ETH,qqq_ret,1.06718374156573,0.301348195461039,0.476552131655956,1.6578153514755,0.137001374539933,252,252,2021-04-27,2022-04-25
2022-04-25,ETH,vix_d1,-0.00471262707394862,0.00244402242875975,-0.00950282301172585,7.75688638286042e-05,0.137001374539933,252,252,2021-04-27,2022-04-25
2022-04-25,ETH,dxy_ret,0.28955378911179,1.27072111392653,-2.20101382857883,2.78012140680241,0.137001374539933,252,252,2021-04-27,2022-04-25
2022-04-25,ETH,real_yield_d1,-0.07388846133692,0.0805885061582325,-0.23183903097494,0.0840621083011,0.137001374539933,252,252,2021-04-27,2022-04-25
2022-04-25,ETH,gold_ret,-0.110640468946346,0.401946587963366,-0.898441305063304,0.677160367170613,0.137001374539933,252,252,2021-04-27,2022-04-25
2022-05-02,ETH,qqq_ret,1.06268924874228,0.281884739832542,0.510205310879055,1.61517318660551,0.153360873880472,252,252,2021-05-04,2022-05-02
2022-05-02,ETH,vix_d1,-0.00452485291808507,0.00232507644634723,-0.00908191901422803,3.22131780578798e-05,0.153360873880472,252,252,2021-05-04,2022-05-02
2022-05-02,ETH,dxy_ret,0.429818372513675,1.24813774891364,-2.01648666310196,2.87612340812931,0.153360873880472,252,252,2021-05-04,2022-05-02
2022-05-02,ETH,real_yield_d1,-0.0624585232187602,0.0757493866618157,-0.210924592926918,0.0860075464893974,0.153360873880472,252,252,2021-05-04,2022-05-02
2022-05-02,ETH,gold_ret,-0.229400420987656,0.384204367269384,-0.982427143538649,0.523626301563336,0.153360873880472,252,252,2021-05-04,2022-05-02
2022-05-09,ETH,qqq_ret,1.27982332148543,0.270033606384698,0.750567178355952,1.8090794646149,0.194601425330421,252,252,2021-05-11,2022-05-09
2022-05-09,ETH,vix_d1,-0.00406680665162065,0.00230177195686903,-0.00857819678770824,0.000444583484466935,0.194601425330421,252,252,2021-05-11,2022-05-09
2022-05-09,ETH,dxy_ret,0.719420651204041,1.23222871689569,-1.69570325462751,3.13454455703559,0.194601425330421,252,252,2021-05-11,2022-05-09
2022-05-09,ETH,real_yield_d1,-0.0322901989883663,0.0714841000053341,-0.172396460466081,0.107816062489348,0.194601425330421,252,252,2021-05-11,2022-05-09
2022-05-09,ETH,gold_ret,-0.0525833550222998,0.41605935183718,-0.868044700054251,0.762877990009652,0.194601425330421,252,252,2021-05-11,2022-05-09
2022-05-16,ETH,qqq_ret,1.32349020033946,0.306682651132473,0.722403249436556,1.92457715124237,0.196412838616423,252,252,2021-05-18,2022-05-16
2022-05-16,ETH,vix_d1,-0.00330217861559501,0.00250367399004008,-0.00820928946510326,0.00160493223391324,0.196412838616423,252,252,2021-05-18,2022-05-16
2022-05-16,ETH,dxy_ret,-0.058066690798213,0.861239640254415,-1.7460653677551,1.62993198615867,0.196412838616423,252,252,2021-05-18,2022-05-16
2022-05-16,ETH,real_yield_d1,-0.00963681283649355,0.0761621033807186,-0.158911792449518,0.139638166776531,0.196412838616423,252,252,2021-05-18,2022-05-16
2022-05-16,ETH,gold_ret,0.111694368550824,0.429874654844767,-0.730844472811507,0.954233209913155,0.196412838616423,252,252,2021-05-18,2022-05-16
2022-05-23,ETH,qqq_ret,1.29925128330779,0.297399610111596,0.716358758472807,1.88214380814277,0.232346027822755,252,252,2021-05-25,2022-05-23
2022-05-23,ETH,vix_d1,-0.0030054998947712,0.00242859986673047,-0.0077654681664217,0.00175446837687929,0.232346027822755,252,252,2021-05-25,2022-05-23
2022-05-23,ETH,dxy_ret,-0.349115054682114,0.663901502369944,-1.65033808860924,0.952107979245011,0.232346027822755,252,252,2021-05-25,2022-05-23
2022-05-23,ETH,real_yield_d1,0.0378569668450665,0.0667289259799494,-0.0929293248026734,0.168643258492806,0.232346027822755,252,252,2021-05-25,2022-05-23
2022-05-23,ETH,gold_ret,0.252882794846603,0.427925281564583,-0.585835345094142,1.09160093478735,0.232346027822755,252,252,2021-05-25,2022-05-23
2022-05-31,ETH,qqq_ret,1.12460910185121,0.340099368866834,0.458026587707409,1.791191615995,0.215079397936678,252,252,2021-06-02,2022-05-31
2022-05-31,ETH,vix_d1,-0.00373831319306391,0.00255810806131832,-0.00875211286180939,0.00127548647568157,0.215079397936678,252,252,2021-06-02,2022-05-31
2022-05-31,ETH,dxy_ret,-0.0234185969877736,0.733411724338148,-1.46087916252996,1.41404196855442,0.215079397936678,252,252,2021-06-02,2022-05-31
2022-05-31,ETH,real_yield_d1,0.0602422742546939,0.0719721079144116,-0.0808204651489831,0.201305013658371,0.215079397936678,252,252,2021-06-02,2022-05-31
2022-05-31,ETH,gold_ret,0.295854995174495,0.428324191081637,-0.543644993052767,1.13535498340176,0.215079397936678,252,252,2021-06-02,2022-05-31
2022-06-07,ETH,qqq_ret,1.1904667720047,0.321418929757099,0.560497245731375,1.82043629827802,0.224538042068447,252,252,2021-06-09,2022-06-07
2022-06-07,ETH,vix_d1,-0.00343261453076555,0.00249564276198275,-0.0083239844625298,0.00145875540099871,0.224538042068447,252,252,2021-06-09,2022-06-07
2022-06-07,ETH,dxy_ret,0.120943652163659,0.756814358367797,-1.36238523322001,1.60427253754733,0.224538042068447,252,252,2021-06-09,2022-06-07
2022-06-07,ETH,real_yield_d1,0.0536085613247174,0.0672445039876707,-0.0781882446493771,0.185405367298812,0.224538042068447,252,252,2021-06-09,2022-06-07
2022-06-07,ETH,gold_ret,0.353880016152352,0.406434501531695,-0.442716968924259,1.15047700122896,0.224538042068447,252,252,2021-06-09,2022-06-07
2022-06-14,ETH,qqq_ret,1.16566009141851,0.310644160690862,0.556808724456748,1.77451145838027,0.269556400184279,252,252,2021-06-16,2022-06-14
2022-06-14,ETH,vix_d1,-0.00520968734691957,0.00264602017128736,-0.0103957915850093,-2.35831088298277e-05,0.269556400184279,252,252,2021-06-16,2022-06-14
2022-06-14,ETH,dxy_ret,-0.221757968150543,0.821868686016942,-1.83259099276501,1.38907505646392,0.269556400184279,252,252,2021-06-16,2022-06-14
2022-06-14,ETH,real_yield_d1,-0.0412275701341511,0.0936259462495215,-0.224731052801696,0.142275912533394,0.269556400184279,252,252,2021-06-16,2022-06-14
2022-06-14,ETH,gold_ret,0.358929052397811,0.399390084008418,-0.423861128041115,1.14171923283674,0.269556400184279,252,252,2021-06-16,2022-06-14
2022-06-22,ETH,qqq_ret,1.203449338092,0.308611725875375,0.598581470169521,1.80831720601449,0.299372324910062,252,252,2021-06-23,2022-06-22
2022-06-22,ETH,vix_d1,-0.00534767198271916,0.00248543899319619,-0.0102190428951552,-0.000476301070283129,0.299372324910062,252,252,2021-06-23,2022-06-22
2022-06-22,ETH,dxy_ret,-0.458948381632087,0.734679458398159,-1.89889366027387,0.980996897009697,0.299372324910062,252,252,2021-06-23,2022-06-22
2022-06-22,ETH,real_yield_d1,-0.00704301719519667,0.0784645230220348,-0.160830656382499,0.146744621992106,0.299372324910062,252,252,2021-06-23,2022-06-22
2022-06-22,ETH,gold_ret,0.441286973141845,0.405172016062721,-0.352835585884572,1.23540953216826,0.299372324910062,252,252,2021-06-23,2022-06-22
2022-06-29,ETH,qqq_ret,1.18110534046204,0.298481270620996,0.596092799985136,1.76611788093895,0.313501251967667,252,252,2021-06-30,2022-06-29
2022-06-29,ETH,vix_d1,-0.00549465771584123,0.00245132368823317,-0.0102991638592281,-0.00069015157245433,0.313501251967667,252,252,2021-06-30,2022-06-29
2022-06-29,ETH,dxy_ret,-0.561848134544134,0.701677786244877,-1.93711132433589,0.813415055247618,0.313501251967667,252,252,2021-06-30,2022-06-29
2022-06-29,ETH,real_yield_d1,-0.00201258186764933,0.0769890367715482,-0.152908321144314,0.148883157409015,0.313501251967667,252,252,2021-06-30,2022-06-29
2022-06-29,ETH,gold_ret,0.470939063286503,0.403662349576254,-0.320224603797772,1.26210273037078,0.313501251967667,252,252,2021-06-30,2022-06-29
2022-07-07,ETH,qqq_ret,1.21192751075804,0.308422477054543,0.607430563708505,1.81642445780758,0.31946271221778,252,252,2021-07-08,2022-07-07
2022-07-07,ETH,vix_d1,-0.00539033774999181,0.00250972651712814,-0.0103093113346081,-0.000471364165375506,0.31946271221778,252,252,2021-07-08,2022-07-07
2022-07-07,ETH,dxy_ret,-0.479759501603727,0.687235908913238,-1.82671713195632,0.86719812874887,0.31946271221778,252,252,2021-07-08,2022-07-07
2022-07-07,ETH,real_yield_d1,0.00555094064265961,0.0745843983658883,-0.140631793963069,0.151733675248389,0.31946271221778,252,252,2021-07-08,2022-07-07
2022-07-07,ETH,gold_ret,0.373924467915496,0.386525999154887,-0.383652569516442,1.13150150534743,0.31946271221778,252,252,2021-07-08,2022-07-07
2022-07-14,ETH,qqq_ret,1.2764094066517,0.311246979757474,0.666376536030187,1.88644227727322,0.321747500997219,252,252,2021-07-15,2022-07-14
2022-07-14,ETH,vix_d1,-0.00487598791396059,0.00250347865717216,-0.00978271591808272,3.07400901615462e-05,0.321747500997219,252,252,2021-07-15,2022-07-14
2022-07-14,ETH,dxy_ret,-0.597655220604342,0.658542474564171,-1.88837475304,0.693064311831318,0.321747500997219,252,252,2021-07-15,2022-07-14
2022-07-14,ETH,real_yield_d1,0.00860522042612576,0.0740873163594591,-0.136603251349639,0.153813692201891,0.321747500997219,252,252,2021-07-15,2022-07-14
2022-07-14,ETH,gold_ret,0.372099073351923,0.377722844915859,-0.368224098821169,1.11242224552502,0.321747500997219,252,252,2021-07-15,2022-07-14
2022-07-21,ETH,qqq_ret,1.16179241445184,0.321662505379325,0.531345488731445,1.79223934017224,0.2930646378334,252,252,2021-07-22,2022-07-21
2022-07-21,ETH,vix_d1,-0.0049235742232813,0.00250230102639083,-0.00982799411348494,-1.91543330776605e-05,0.2930646378334,252,252,2021-07-22,2022-07-21
2022-07-21,ETH,dxy_ret,-1.4163318365866,1.00271721146037,-3.38162145772736,0.548957784554162,0.2930646378334,252,252,2021-07-22,2022-07-21
2022-07-21,ETH,real_yield_d1,0.0044795001559395,0.0730023292042351,-0.138602435871898,0.147561436183777,0.2930646378334,252,252,2021-07-22,2022-07-21
2022-07-21,ETH,gold_ret,0.328008420943937,0.389658104577663,-0.435707430312423,1.0917242722003,0.2930646378334,252,252,2021-07-22,2022-07-21
2022-07-28,ETH,qqq_ret,1.21601762672216,0.299884365370251,0.62825507106982,1.80378018237451,0.305487222984126,252,252,2021-07-29,2022-07-28
2022-07-28,ETH,vix_d1,-0.00475216686604635,0.00244959566720623,-0.00955328615045593,4.89524183632179e-05,0.305487222984126,252,252,2021-07-29,2022-07-28
2022-07-28,ETH,dxy_ret,-1.44244619687455,1.02445457670479,-3.45034027101316,0.565447877264071,0.305487222984126,252,252,2021-07-29,2022-07-28
2022-07-28,ETH,real_yield_d1,0.00573858126990598,0.068528757374781,-0.128575315089948,0.14005247762976,0.305487222984126,252,252,2021-07-29,2022-07-28
2022-07-28,ETH,gold_ret,0.4014557850642,0.382799360249543,-0.348817174329878,1.15172874445828,0.305487222984126,252,252,2021-07-29,2022-07-28
2022-08-04,ETH,qqq_ret,1.1483880733779,0.293227122762273,0.573673473473535,1.72310267328226,0.306759861602528,252,252,2021-08-05,2022-08-04
2022-08-04,ETH,vix_d1,-0.00527345190590751,0.00245057947083629,-0.0100764994099999,-0.000470404401815155,0.306759861602528,252,252,2021-08-05,2022-08-04
2022-08-04,ETH,dxy_ret,-1.36158872191056,1.00727365129432,-3.3358088010236,0.612631357202468,0.306759861602528,252,252,2021-08-05,2022-08-04
2022-08-04,ETH,real_yield_d1,0.0103110866658111,0.0667118609472209,-0.120441758132386,0.141063931464008,0.306759861602528,252,252,2021-08-05,2022-08-04
2022-08-04,ETH,gold_ret,0.376434970240959,0.381958149501331,-0.372189246383214,1.12505918686513,0.306759861602528,252,252,2021-08-05,2022-08-04
2022-08-11,ETH,qqq_ret,1.16344257657777,0.294957586875221,0.585336329335492,1.74154882382005,0.311662604212667,252,252,2021-08-12,2022-08-11
2022-08-11,ETH,vix_d1,-0.0053048852801628,0.00250210870402656,-0.0102089282254591,-0.000400842334866546,0.311662604212667,252,252,2021-08-12,2022-08-11
2022-08-11,ETH,dxy_ret,-1.32546365194841,0.990604219077825,-3.26701224427437,0.616084940377557,0.311662604212667,252,252,2021-08-12,2022-08-11
2022-08-11,ETH,real_yield_d1,0.0262970797547002,0.0668538305556336,-0.104734020362885,0.157328179872285,0.311662604212667,252,252,2021-08-12,2022-08-11
2022-08-11,ETH,gold_ret,0.523810070645605,0.389021647045819,-0.238658346770652,1.28627848806186,0.311662604212667,252,252,2021-08-12,2022-08-11
2022-08-18,ETH,qqq_ret,1.14079427347211,0.292910752855043,0.566699747191711,1.71488879975251,0.317270412789838,252,252,2021-08-19,2022-08-18
2022-08-18,ETH,vix_d1,-0.00553759656774765,0.00256750263035758,-0.0105698092534604,-0.000505383882034939,0.317270412789838,252,252,2021-08-19,2022-08-18
2022-08-18,ETH,dxy_ret,-1.36959448378413,0.981198641038818,-3.29270848189986,0.553519514331594,0.317270412789838,252,252,2021-08-19,2022-08-18
2022-08-18,ETH,real_yield_d1,0.0245231623242185,0.0666283803957988,-0.106066063599782,0.155112388248219,0.317270412789838,252,252,2021-08-19,2022-08-18
2022-08-18,ETH,gold_ret,0.477104182916807,0.382251461055304,-0.272094913789405,1.22630327962302,0.317270412789838,252,252,2021-08-19,2022-08-18
2022-08-25,ETH,qqq_ret,1.18642848317797,0.292357120713994,0.613419055954716,1.75943791040123,0.315180858777447,252,252,2021-08-26,2022-08-25
2022-08-25,ETH,vix_d1,-0.00512944221424338,0.00256528154824499,-0.0101573016590087,-0.000101582769478053,0.315180858777447,252,252,2021-08-26,2022-08-25
2022-08-25,ETH,dxy_ret,-1.32716031258789,0.99297648444075,-3.27335845958696,0.619037834411173,0.315180858777447,252,252,2021-08-26,2022-08-25
2022-08-25,ETH,real_yield_d1,0.0234909798579114,0.065814578885877,-0.105503224416078,0.152485184131901,0.315180858777447,252,252,2021-08-26,2022-08-25
2022-08-25,ETH,gold_ret,0.540683948055624,0.386231427309713,-0.216315739168913,1.29768363528016,0.315180858777447,252,252,2021-08-26,2022-08-25
2022-09-01,ETH,qqq_ret,1.21897489216256,0.286710253266702,0.657033121761464,1.78091666256365,0.323612781607885,252,252,2021-09-02,2022-09-01
2022-09-01,ETH,vix_d1,-0.00495567470256257,0.00257633362390355,-0.0100051958175731,9.38464124479524e-05,0.323612781607885,252,252,2021-09-02,2022-09-01
2022-09-01,ETH,dxy_ret,-1.21792002132253,0.984578000717176,-3.14765744269864,0.711817400053591,0.323612781607885,252,252,2021-09-02,2022-09-01
2022-09-01,ETH,real_yield_d1,0.0320640085599016,0.0654385649550528,-0.0961932219519868,0.16032123907179,0.323612781607885,252,252,2021-09-02,2022-09-01
2022-09-01,ETH,gold_ret,0.553533574142302,0.374558852847022,-0.180588287528499,1.2876554358131,0.323612781607885,252,252,2021-09-02,2022-09-01
2022-09-09,ETH,qqq_ret,1.26461249655925,0.276045073775202,0.723574093850149,1.80565089926835,0.327957429557796,252,252,2021-09-10,2022-09-09
2022-09-09,ETH,vix_d1,-0.00449131367658561,0.00244236292563822,-0.00927825704801239,0.000295629694841171,0.327957429557796,252,252,2021-09-10,2022-09-09
2022-09-09,ETH,dxy_ret,-1.09114808274044,0.976052131404547,-3.00417510732691,0.821878941846026,0.327957429557796,252,252,2021-09-10,2022-09-09
2022-09-09,ETH,real_yield_d1,0.0265314538417549,0.06501927484497,-0.100903983155298,0.153966890838807,0.327957429557796,252,252,2021-09-10,2022-09-09
2022-09-09,ETH,gold_ret,0.432301058614983,0.354757891013808,-0.263011631003467,1.12761374823343,0.327957429557796,252,252,2021-09-10,2022-09-09
2022-09-16,ETH,qqq_ret,1.31781144585297,0.257522367715553,0.813076879917008,1.82254601178894,0.335585337861032,252,252,2021-09-17,2022-09-16
2022-09-16,ETH,vix_d1,-0.0039741433668456,0.00232077887583103,-0.00852278637955577,0.000574499645864577,0.335585337861032,252,252,2021-09-17,2022-09-16
2022-09-16,ETH,dxy_ret,-1.10263234831595,0.958371028418518,-2.98100504784286,0.775740351210954,0.335585337861032,252,252,2021-09-17,2022-09-16
2022-09-16,ETH,real_yield_d1,0.0261403675554279,0.0634763547174576,-0.0982710015606781,0.150551736671534,0.335585337861032,252,252,2021-09-17,2022-09-16
2022-09-16,ETH,gold_ret,0.481953288684909,0.351759735770471,-0.20748312463654,1.17138970200636,0.335585337861032,252,252,2021-09-17,2022-09-16
2022-09-23,ETH,qqq_ret,1.36248227713444,0.2485974606415,0.875240207628982,1.84972434663989,0.323676201829309,252,252,2021-09-24,2022-09-23
2022-09-23,ETH,vix_d1,-0.00305192453896229,0.00216411241462102,-0.0072935069301155,0.00118965785219092,0.323676201829309,252,252,2021-09-24,2022-09-23
2022-09-23,ETH,dxy_ret,-0.875130436567697,0.934887459150083,-2.70747618610002,0.957215312964627,0.323676201829309,252,252,2021-09-24,2022-09-23
2022-09-23,ETH,real_yield_d1,0.0423806174684272,0.0633130597275798,-0.0817106993486626,0.166471934285517,0.323676201829309,252,252,2021-09-24,2022-09-23
2022-09-23,ETH,gold_ret,0.607638843549489,0.32509134473831,-0.0295284838232928,1.24480617092227,0.323676201829309,252,252,2021-09-24,2022-09-23
2022-09-30,ETH,qqq_ret,1.34321190931998,0.246086984095458,0.860890283428797,1.82553353521116,0.323226104231807,252,252,2021-10-01,2022-09-30
2022-09-30,ETH,vix_d1,-0.00327232716703791,0.00219219240794912,-0.00756894533380032,0.0010242909997245,0.323226104231807,252,252,2021-10-01,2022-09-30
2022-09-30,ETH,dxy_ret,-0.831688437528171,0.912182414288659,-2.61953311686474,0.956156241808396,0.323226104231807,252,252,2021-10-01,2022-09-30
2022-09-30,ETH,real_yield_d1,0.0575323130135169,0.058703823800656,-0.0575250673905541,0.172589693417588,0.323226104231807,252,252,2021-10-01,2022-09-30
2022-09-30,ETH,gold_ret,0.582335251345401,0.327663689084705,-0.0598737783021508,1.22454428099295,0.323226104231807,252,252,2021-10-01,2022-09-30
2022-10-07,ETH,qqq_ret,1.31333524100487,0.235693552846198,0.851384366038031,1.7752861159717,0.320593819877361,252,252,2021-10-08,2022-10-07
2022-10-07,ETH,vix_d1,-0.00330299264363786,0.00217961657243601,-0.00757496262571908,0.000968977338443366,0.320593819877361,252,252,2021-10-08,2022-10-07
2022-10-07,ETH,dxy_ret,-0.734872178996544,0.844880773541194,-2.39080806636762,0.921063708374537,0.320593819877361,252,252,2021-10-08,2022-10-07
2022-10-07,ETH,real_yield_d1,0.0653779058616979,0.057021282165199,-0.0463817535343883,0.177137565257784,0.320593819877361,252,252,2021-10-08,2022-10-07
2022-10-07,ETH,gold_ret,0.503897839927126,0.326182535026996,-0.135408181111761,1.14320386096601,0.320593819877361,252,252,2021-10-08,2022-10-07
2022-10-14,ETH,qqq_ret,1.2432237257022,0.241879265175791,0.769149077350639,1.71729837405376,0.313100081465701,252,252,2021-10-15,2022-10-14
2022-10-14,ETH,vix_d1,-0.00367308269128976,0.00221750608660396,-0.00801931475653188,0.000673149373952354,0.313100081465701,252,252,2021-10-15,2022-10-14
2022-10-14,ETH,dxy_ret,-0.814926157320874,0.831848993114771,-2.44532022440173,0.815467909759986,0.313100081465701,252,252,2021-10-15,2022-10-14
2022-10-14,ETH,real_yield_d1,0.0597230635089612,0.0572743441838488,-0.0525325883295336,0.171978715347456,0.313100081465701,252,252,2021-10-15,2022-10-14
2022-10-14,ETH,gold_ret,0.43657736305793,0.323902813996129,-0.198260486865658,1.07141521298152,0.313100081465701,252,252,2021-10-15,2022-10-14
2022-10-21,ETH,qqq_ret,1.22712557192709,0.239339712532713,0.758028355292799,1.69622278856137,0.31652157524726,252,252,2021-10-22,2022-10-21
2022-10-21,ETH,vix_d1,-0.00372111703597159,0.00220333691057635,-0.00803957802650897,0.000597343954565799,0.31652157524726,252,252,2021-10-22,2022-10-21
2022-10-21,ETH,dxy_ret,-0.840626920490492,0.79795862942015,-2.40459709530693,0.723343254325945,0.31652157524726,252,252,2021-10-22,2022-10-21
2022-10-21,ETH,real_yield_d1,0.0560106318758164,0.057670314822295,-0.0570211081529682,0.169042371904601,0.31652157524726,252,252,2021-10-22,2022-10-21
2022-10-21,ETH,gold_ret,0.376811791841268,0.322557323458087,-0.255388945086219,1.00901252876876,0.31652157524726,252,252,2021-10-22,2022-10-21
2022-10-28,ETH,qqq_ret,1.14023069502817,0.242910100764837,0.664135646048098,1.61632574400825,0.316328168633394,252,252,2021-10-29,2022-10-28
2022-10-28,ETH,vix_d1,-0.00432601528188971,0.00229302818166226,-0.00882026793348311,0.000168237369703684,0.316328168633394,252,252,2021-10-29,2022-10-28
2022-10-28,ETH,dxy_ret,-0.991746574082476,0.771004335652544,-2.50288730388569,0.519394155720741,0.316328168633394,252,252,2021-10-29,2022-10-28
2022-10-28,ETH,real_yield_d1,0.0441718854539479,0.0573664670931908,-0.0682643239690083,0.156608094876904,0.316328168633394,252,252,2021-10-29,2022-10-28
2022-10-28,ETH,gold_ret,0.33941140055038,0.32137733406013,-0.290476599654972,0.969299400755731,0.316328168633394,252,252,2021-10-29,2022-10-28
2022-11-04,ETH,qqq_ret,1.13939072821249,0.236800233156795,0.675270799694489,1.6035106567305,0.32027888666469,252,252,2021-11-05,2022-11-04
2022-11-04,ETH,vix_d1,-0.00433813452476762,0.00230550357815872,-0.00885683850418694,0.000180569454651696,0.32027888666469,252,252,2021-11-05,2022-11-04
2022-11-04,ETH,dxy_ret,-0.916336577129711,0.721460327905741,-2.33037283609942,0.49769968184,0.32027888666469,252,252,2021-11-05,2022-11-04
2022-11-04,ETH,real_yield_d1,0.0500158460672115,0.0573661373848937,-0.0624197171393569,0.16245140927378,0.32027888666469,252,252,2021-11-05,2022-11-04
2022-11-04,ETH,gold_ret,0.456004565420633,0.314785543100235,-0.160963761909709,1.07297289275097,0.32027888666469,252,252,2021-11-05,2022-11-04
2022-11-11,ETH,qqq_ret,1.15715119989443,0.228036432022279,0.710208005967744,1.60409439382111,0.320583104360885,252,252,2021-11-12,2022-11-11
2022-11-11,ETH,vix_d1,-0.00461449457646098,0.0023980900434585,-0.00931466469332374,8.56755404017679e-05,0.320583104360885,252,252,2021-11-12,2022-11-11
2022-11-11,ETH,dxy_ret,-0.89410007613294,0.656527158456883,-2.18086966158085,0.392669509314973,0.320583104360885,252,252,2021-11-12,2022-11-11
2022-11-11,ETH,real_yield_d1,0.034236378349163,0.057296592528657,-0.0780628794438714,0.146535636142197,0.320583104360885,252,252,2021-11-12,2022-11-11
2022-11-11,ETH,gold_ret,0.289619689470653,0.318707964363317,-0.335036442267524,0.91427582120883,0.320583104360885,252,252,2021-11-12,2022-11-11
2022-11-18,ETH,qqq_ret,1.19433301777296,0.226441693412121,0.750515454086937,1.63815058145897,0.329778596046533,252,252,2021-11-19,2022-11-18
2022-11-18,ETH,vix_d1,-0.00441278703604778,0.00238595320670741,-0.00908916938999216,0.000263595317896599,0.329778596046533,252,252,2021-11-19,2022-11-18
2022-11-18,ETH,dxy_ret,-0.868287857276701,0.652677692232842,-2.14751262756579,0.410936913012387,0.329778596046533,252,252,2021-11-19,2022-11-18
2022-11-18,ETH,real_yield_d1,0.029190935303267,0.055904061141483,-0.0803790111235649,0.138760881730099,0.329778596046533,252,252,2021-11-19,2022-11-18
2022-11-18,ETH,gold_ret,0.219511403280901,0.319962189022119,-0.407602963617049,0.846625770178851,0.329778596046533,252,252,2021-11-19,2022-11-18
2022-11-28,ETH,qqq_ret,1.1850537444534,0.240975218842008,0.712750994356407,1.6573564945504,0.334190963219871,252,252,2021-11-29,2022-11-28
2022-11-28,ETH,vix_d1,-0.00454593712156341,0.00281635191576192,-0.0100658854442472,0.000974011201120333,0.334190963219871,252,252,2021-11-29,2022-11-28
2022-11-28,ETH,dxy_ret,-0.951890887249363,0.655637004398302,-2.23691580280176,0.333134028303038,0.334190963219871,252,252,2021-11-29,2022-11-28
2022-11-28,ETH,real_yield_d1,0.0365410695754761,0.0551564069064758,-0.0715635014778527,0.144645640628805,0.334190963219871,252,252,2021-11-29,2022-11-28
2022-11-28,ETH,gold_ret,0.293736476764435,0.321802180271244,-0.33698420671367,0.92445716024254,0.334190963219871,252,252,2021-11-29,2022-11-28
2022-12-05,ETH,qqq_ret,1.14506713001117,0.238103052469039,0.678393722562805,1.61174053745954,0.337570979913977,252,252,2021-12-06,2022-12-05
2022-12-05,ETH,vix_d1,-0.00519025157076122,0.00303649943046429,-0.0111416810935476,0.000761177952025174,0.337570979913977,252,252,2021-12-06,2022-12-05
2022-12-05,ETH,dxy_ret,-0.876787461683058,0.639503153599053,-2.13019061073699,0.376615687370872,0.337570979913977,252,252,2021-12-06,2022-12-05
2022-12-05,ETH,real_yield_d1,0.0406125741476176,0.0536023948979036,-0.0644461893373671,0.145671337632602,0.337570979913977,252,252,2021-12-06,2022-12-05
2022-12-05,ETH,gold_ret,0.326836003233182,0.31803373434393,-0.296498661949701,0.950170668416064,0.337570979913977,252,252,2021-12-06,2022-12-05
2022-12-12,ETH,qqq_ret,1.11752383336414,0.23599530041681,0.654981544026477,1.58006612270179,0.344588173818708,252,252,2021-12-13,2022-12-12
2022-12-12,ETH,vix_d1,-0.0060153336032901,0.00303250324060503,-0.011958930737877,-7.17364687032535e-05,0.344588173818708,252,252,2021-12-13,2022-12-12
2022-12-12,ETH,dxy_ret,-0.81489870441199,0.635447411434653,-2.06035274489312,0.430555336069136,0.344588173818708,252,252,2021-12-13,2022-12-12
2022-12-12,ETH,real_yield_d1,0.0442116664771649,0.0525496283714091,-0.0587837125317611,0.147207045486091,0.344588173818708,252,252,2021-12-13,2022-12-12
2022-12-12,ETH,gold_ret,0.346303583062026,0.311171527561025,-0.263581403971896,0.956188570095948,0.344588173818708,252,252,2021-12-13,2022-12-12
2022-12-19,ETH,qqq_ret,1.11636021083942,0.229354941409339,0.66683278600082,1.56588763567802,0.342843386123681,252,252,2021-12-20,2022-12-19
2022-12-19,ETH,vix_d1,-0.00603702439165669,0.00300782497375286,-0.0119322530120124,-0.000141795771300944,0.342843386123681,252,252,2021-12-20,2022-12-19
2022-12-19,ETH,dxy_ret,-0.800064022139812,0.630890288284698,-2.03658626537391,0.436458221094288,0.342843386123681,252,252,2021-12-20,2022-12-19
2022-12-19,ETH,real_yield_d1,0.0358618549059412,0.0526016255621698,-0.0672354367241731,0.138959146536056,0.342843386123681,252,252,2021-12-20,2022-12-19
2022-12-19,ETH,gold_ret,0.26575300932978,0.315359169411116,-0.352339604910474,0.883845623570033,0.342843386123681,252,252,2021-12-20,2022-12-19
2022-12-27,ETH,qqq_ret,1.10551792132032,0.230892660702665,0.652976622048469,1.55805922059217,0.344067621769813,252,252,2021-12-28,2022-12-27
2022-12-27,ETH,vix_d1,-0.00617625025776857,0.0030241808876875,-0.0121035358803704,-0.000248964635166701,0.344067621769813,252,252,2021-12-28,2022-12-27
2022-12-27,ETH,dxy_ret,-0.824216091046844,0.629887779748993,-2.05877345365677,0.41034127156308,0.344067621769813,252,252,2021-12-28,2022-12-27
2022-12-27,ETH,real_yield_d1,0.0372875113727527,0.0518862301521115,-0.0644076310189421,0.138982653764447,0.344067621769813,252,252,2021-12-28,2022-12-27
2022-12-27,ETH,gold_ret,0.292084345523118,0.305766211922485,-0.307206417534195,0.891375108580431,0.344067621769813,252,252,2021-12-28,2022-12-27
2023-01-04,ETH,qqq_ret,1.0840351670754,0.229063668510752,0.635078626627707,1.5329917075231,0.345733275448017,252,252,2022-01-04,2023-01-04
2023-01-04,ETH,vix_d1,-0.00636459730617242,0.00300114934800629,-0.0122467419404906,-0.00048245267185422,0.345733275448017,252,252,2022-01-04,2023-01-04
2023-01-04,ETH,dxy_ret,-0.804222643634817,0.623520681443697,-2.02630072288034,0.417855435610701,0.345733275448017,252,252,2022-01-04,2023-01-04
2023-01-04,ETH,real_yield_d1,0.0374788626357627,0.0520117879861534,-0.0644623685886309,0.139420093860156,0.345733275448017,252,252,2022-01-04,2023-01-04
2023-01-04,ETH,gold_ret,0.30885504567802,0.307307488575798,-0.293456564109999,0.911166655466039,0.345733275448017,252,252,2022-01-04,2023-01-04
2023-01-11,ETH,qqq_ret,1.07659008612408,0.226673055906789,0.632319060281135,1.52086111196702,0.344791351627461,252,252,2022-01-11,2023-01-11
2023-01-11,ETH,vix_d1,-0.00629020726913037,0.00298943226449875,-0.0121493868417699,-0.000431027696490798,0.344791351627461,252,252,2022-01-11,2023-01-11
2023-01-11,ETH,dxy_ret,-0.846847209539149,0.611554136503529,-2.04547129168256,0.351776872604259,0.344791351627461,252,252,2022-01-11,2023-01-11
2023-01-11,ETH,real_yield_d1,0.0372277055072906,0.0521446468995891,-0.0649739244024622,0.139429335417043,0.344791351627461,252,252,2022-01-11,2023-01-11
2023-01-11,ETH,gold_ret,0.256578856988072,0.307470552522151,-0.346052352261975,0.859210066238118,0.344791351627461,252,252,2022-01-11,2023-01-11
2023-01-19,ETH,qqq_ret,1.09615382559787,0.226214530239437,0.652781493548923,1.53952615764681,0.336816630923387,252,252,2022-01-19,2023-01-19
2023-01-19,ETH,vix_d1,-0.00602482317510927,0.00304543097455241,-0.0119937582026347,-5.58881475838267e-05,0.336816630923387,252,252,2022-01-19,2023-01-19
2023-01-19,ETH,dxy_ret,-0.822429185895363,0.612751156336081,-2.02339938379935,0.378541012008628,0.336816630923387,252,252,2022-01-19,2023-01-19
2023-01-19,ETH,real_yield_d1,0.0395444784268395,0.0508495398285329,-0.0601187882675199,0.139207745121199,0.336816630923387,252,252,2022-01-19,2023-01-19
2023-01-19,ETH,gold_ret,0.259708425213482,0.297834571088133,-0.324036607470194,0.843453457897158,0.336816630923387,252,252,2022-01-19,2023-01-19
2023-01-26,ETH,qqq_ret,1.10755755219173,0.218168667832158,0.679954820685622,1.53516028369785,0.330309459138174,252,252,2022-01-26,2023-01-26
2023-01-26,ETH,vix_d1,-0.00536338510422586,0.00292875901106075,-0.0111036472853021,0.000376877076850354,0.330309459138174,252,252,2022-01-26,2023-01-26
2023-01-26,ETH,dxy_ret,-0.86648835521051,0.615422250630751,-2.07269380173136,0.339717091310345,0.330309459138174,252,252,2022-01-26,2023-01-26
2023-01-26,ETH,real_yield_d1,0.0325568696958541,0.0502950357143242,-0.066019588905377,0.131133328297085,0.330309459138174,252,252,2022-01-26,2023-01-26
2023-01-26,ETH,gold_ret,0.234245566761258,0.301889076916407,-0.357446151320942,0.825937284843459,0.330309459138174,252,252,2022-01-26,2023-01-26
2023-02-02,ETH,qqq_ret,1.08088246680589,0.214718031516508,0.660042858202202,1.50172207540959,0.324630690215307,252,252,2022-02-02,2023-02-02
2023-02-02,ETH,vix_d1,-0.00550263026729468,0.0029541087590413,-0.0112925770414299,0.000287316506840577,0.324630690215307,252,252,2022-02-02,2023-02-02
2023-02-02,ETH,dxy_ret,-0.882513024333862,0.617573568585575,-2.09293497656547,0.327908927897743,0.324630690215307,252,252,2022-02-02,2023-02-02
2023-02-02,ETH,real_yield_d1,0.033177801363901,0.0507362376596688,-0.0662633971601147,0.132618999887917,0.324630690215307,252,252,2022-02-02,2023-02-02
2023-02-02,ETH,gold_ret,0.268281205061718,0.307693756125536,-0.334787475212182,0.871349885335619,0.324630690215307,252,252,2022-02-02,2023-02-02
2023-02-09,ETH,qqq_ret,1.10074951241525,0.215269623526857,0.678828803337115,1.52267022149339,0.332482554629112,252,252,2022-02-09,2023-02-09
2023-02-09,ETH,vix_d1,-0.00556450936157814,0.00296480639119398,-0.0113754231094525,0.000246404386296228,0.332482554629112,252,252,2022-02-09,2023-02-09
2023-02-09,ETH,dxy_ret,-0.784126105627687,0.616020274408918,-1.99150365721565,0.423251445960273,0.332482554629112,252,252,2022-02-09,2023-02-09
2023-02-09,ETH,real_yield_d1,0.0228320820935676,0.0496991136046796,-0.074576390635169,0.120240554822304,0.332482554629112,252,252,2022-02-09,2023-02-09
2023-02-09,ETH,gold_ret,0.194919322162983,0.29620474251051,-0.385631305207576,0.775469949533543,0.332482554629112,252,252,2022-02-09,2023-02-09
2023-02-16,ETH,qqq_ret,1.09441271790411,0.215328139756888,0.672377319122602,1.51644811668562,0.321431762846371,252,252,2022-02-16,2023-02-16
2023-02-16,ETH,vix_d1,-0.00559261257288494,0.00309622580730987,-0.0116611036432157,0.000475878497445853,0.321431762846371,252,252,2022-02-16,2023-02-16
2023-02-16,ETH,dxy_ret,-0.727237410288988,0.617857898049875,-1.93821663803036,0.483741817452388,0.321431762846371,252,252,2022-02-16,2023-02-16
2023-02-16,ETH,real_yield_d1,0.0190474861657971,0.0495850903938946,-0.0781375051763993,0.116232477507994,0.321431762846371,252,252,2022-02-16,2023-02-16
2023-02-16,ETH,gold_ret,0.167781537867129,0.297469755747636,-0.415248469888165,0.750811545622423,0.321431762846371,252,252,2022-02-16,2023-02-16
2023-02-24,ETH,qqq_ret,1.07698099375863,0.215691103089388,0.654234199917713,1.49972778759954,0.315642041216122,252,252,2022-02-24,2023-02-24
2023-02-24,ETH,vix_d1,-0.00553898561443524,0.00312888662163418,-0.0116714907045474,0.000593519475676959,0.315642041216122,252,252,2022-02-24,2023-02-24
2023-02-24,ETH,dxy_ret,-0.737989126528397,0.617238133839248,-1.94775363873804,0.471775385681242,0.315642041216122,252,252,2022-02-24,2023-02-24
2023-02-24,ETH,real_yield_d1,0.0189960323020485,0.0494462049604473,-0.0779167485926139,0.115908813196711,0.315642041216122,252,252,2022-02-24,2023-02-24
2023-02-24,ETH,gold_ret,0.201056707318453,0.300104690983645,-0.387137678601013,0.789251093237919,0.315642041216122,252,252,2022-02-24,2023-02-24
2023-03-03,ETH,qqq_ret,1.02119647142038,0.218507528106945,0.592929585979895,1.44946335686087,0.318106011261746,252,252,2022-03-03,2023-03-03
2023-03-03,ETH,vix_d1,-0.00685848532645462,0.00311024031024594,-0.0129544443178014,-0.000762526335107893,0.318106011261746,252,252,2022-03-03,2023-03-03
2023-03-03,ETH,dxy_ret,-0.818741424651435,0.622314381708317,-2.03845519986105,0.400972350558179,0.318106011261746,252,252,2022-03-03,2023-03-03
2023-03-03,ETH,real_yield_d1,0.0437584936614574,0.0483043652548132,-0.0509163225340444,0.138433309856959,0.318106011261746,252,252,2022-03-03,2023-03-03
2023-03-03,ETH,gold_ret,0.143588341697577,0.298472496113223,-0.441407001060111,0.728583684455264,0.318106011261746,252,252,2022-03-03,2023-03-03
2023-03-10,ETH,qqq_ret,1.01735089681038,0.221450025015188,0.583316823405118,1.45138497021564,0.310156139449779,252,252,2022-03-10,2023-03-10
2023-03-10,ETH,vix_d1,-0.00698684841470873,0.00310755064145387,-0.0130775357520926,-0.000896161077324807,0.310156139449779,252,252,2022-03-10,2023-03-10
2023-03-10,ETH,dxy_ret,-0.762269259357955,0.635072500500152,-2.00698848791005,0.482449969194139,0.310156139449779,252,252,2022-03-10,2023-03-10
2023-03-10,ETH,real_yield_d1,0.0379652070343796,0.0470675098132105,-0.0542854170414986,0.130215831110258,0.310156139449779,252,252,2022-03-10,2023-03-10
2023-03-10,ETH,gold_ret,0.0943159135627495,0.324169691223843,-0.541045006115452,0.729676833240951,0.310156139449779,252,252,2022-03-10,2023-03-10
2023-03-17,ETH,qqq_ret,1.09416976472993,0.229924612136531,0.643525805782985,1.54481372367687,0.295728469594018,252,252,2022-03-17,2023-03-17
2023-03-17,ETH,vix_d1,-0.00524833575161041,0.00328936720193877,-0.0116953769993377,0.00119870549611687,0.295728469594018,252,252,2022-03-17,2023-03-17
2023-03-17,ETH,dxy_ret,-0.77233830054694,0.637968291886596,-2.0227331759232,0.478056574829325,0.295728469594018,252,252,2022-03-17,2023-03-17
2023-03-17,ETH,real_yield_d1,0.0350019507893547,0.048073107666518,-0.0592196088619369,0.129223510440646,0.295728469594018,252,252,2022-03-17,2023-03-17
2023-03-17,ETH,gold_ret,0.380244012020757,0.394299329933274,-0.392568473776736,1.15305649781825,0.295728469594018,252,252,2022-03-17,2023-03-17
2023-03-24,ETH,qqq_ret,1.12503656376589,0.233428689270902,0.667524739836528,1.58254838769525,0.29566110960047,252,252,2022-03-24,2023-03-24
2023-03-24,ETH,vix_d1,-0.00496595773269363,0.00331074599048202,-0.0114549006359988,0.00152298517061151,0.29566110960047,252,252,2022-03-24,2023-03-24
2023-03-24,ETH,dxy_ret,-0.752705686735438,0.623307699746207,-1.97436632952451,0.468954956053633,0.29566110960047,252,252,2022-03-24,2023-03-24
2023-03-24,ETH,real_yield_d1,0.0435127421776767,0.0483097225979877,-0.0511725742174999,0.138198058572853,0.29566110960047,252,252,2022-03-24,2023-03-24
2023-03-24,ETH,gold_ret,0.421158617734906,0.386472184280257,-0.336312944480924,1.17863017995074,0.29566110960047,252,252,2022-03-24,2023-03-24
2023-03-31,ETH,qqq_ret,1.11561209522629,0.230855443636601,0.663143740063537,1.56808045038905,0.293556577476069,252,252,2022-03-31,2023-03-31
2023-03-31,ETH,vix_d1,-0.00498263975240778,0.00327680088633776,-0.0114050514741387,0.00143977196932315,0.293556577476069,252,252,2022-03-31,2023-03-31
2023-03-31,ETH,dxy_ret,-0.682133290812655,0.625960095035929,-1.90899253284235,0.544725951217036,0.293556577476069,252,252,2022-03-31,2023-03-31
2023-03-31,ETH,real_yield_d1,0.0473330495649532,0.0485585663008249,-0.0478399915255639,0.14250609065547,0.293556577476069,252,252,2022-03-31,2023-03-31
2023-03-31,ETH,gold_ret,0.522439273387797,0.386246505500035,-0.234589966546722,1.27946851332232,0.293556577476069,252,252,2022-03-31,2023-03-31
2023-04-10,ETH,qqq_ret,1.1086399693783,0.231728934406612,0.654459603765496,1.5628203349911,0.287432942708792,252,252,2022-04-07,2023-04-10
2023-04-10,ETH,vix_d1,-0.0048010373667189,0.00325963251121061,-0.0111897996915275,0.00158772495808974,0.287432942708792,252,252,2022-04-07,2023-04-10
2023-04-10,ETH,dxy_ret,-0.634487420524797,0.627104617716244,-1.86358988578739,0.5946150447378,0.287432942708792,252,252,2022-04-07,2023-04-10
2023-04-10,ETH,real_yield_d1,0.0474516965064278,0.0491592285775213,-0.0488986210132861,0.143802014026142,0.287432942708792,252,252,2022-04-07,2023-04-10
2023-04-10,ETH,gold_ret,0.585476461855435,0.379835327966803,-0.158987101015459,1.32994002472633,0.287432942708792,252,252,2022-04-07,2023-04-10
2023-04-17,ETH,qqq_ret,1.10869069706615,0.232063787878879,0.653854030707602,1.56352736342469,0.282914393248476,252,252,2022-04-14,2023-04-17
2023-04-17,ETH,vix_d1,-0.00479911340051441,0.00333995417805311,-0.0113453032995126,0.00174707649848376,0.282914393248476,252,252,2022-04-14,2023-04-17
2023-04-17,ETH,dxy_ret,-0.622191505156195,0.620796650139711,-1.83893058115314,0.594547570840751,0.282914393248476,252,252,2022-04-14,2023-04-17
2023-04-17,ETH,real_yield_d1,0.0474811007589628,0.04921798836857,-0.0489843838349458,0.143946585352871,0.282914393248476,252,252,2022-04-14,2023-04-17
2023-04-17,ETH,gold_ret,0.563670260186604,0.374268941908662,-0.169883386486287,1.2972239068595,0.282914393248476,252,252,2022-04-14,2023-04-17
2023-04-24,ETH,qqq_ret,1.12204089777409,0.238833364806521,0.653936104446789,1.59014569110138,0.277818156559711,252,252,2022-04-22,2023-04-24
2023-04-24,ETH,vix_d1,-0.00462278678545563,0.00338228079715485,-0.0112519353334805,0.0020063617625693,0.277818156559711,252,252,2022-04-22,2023-04-24
2023-04-24,ETH,dxy_ret,-0.617698740189598,0.630185165318448,-1.85283896780518,0.61744148742598,0.277818156559711,252,252,2022-04-22,2023-04-24
2023-04-24,ETH,real_yield_d1,0.0507447308383336,0.0492270373245626,-0.045738489383418,0.147227951060085,0.277818156559711,252,252,2022-04-22,2023-04-24
2023-04-24,ETH,gold_ret,0.61293870638654,0.377333753234487,-0.126621860104378,1.35249927287746,0.277818156559711,252,252,2022-04-22,2023-04-24
2023-05-01,ETH,qqq_ret,1.09790406696471,0.245886354163952,0.615975668513501,1.57983246541591,0.276524792875282,252,252,2022-04-29,2023-05-01
2023-05-01,ETH,vix_d1,-0.00508245949235928,0.00383143389678079,-0.0125919319391956,0.00242701295447701,0.276524792875282,252,252,2022-04-29,2023-05-01
2023-05-01,ETH,dxy_ret,-0.673295418428031,0.638081418872823,-1.92391201862298,0.577321181766918,0.276524792875282,252,252,2022-04-29,2023-05-01
2023-05-01,ETH,real_yield_d1,0.0477484762895518,0.0488714856785762,-0.0480378755114227,0.143534828090526,0.276524792875282,252,252,2022-04-29,2023-05-01
2023-05-01,ETH,gold_ret,0.651970780837347,0.386352255356869,-0.105265725007939,1.40920728668263,0.276524792875282,252,252,2022-04-29,2023-05-01
2023-05-08,ETH,qqq_ret,1.06435065885631,0.246909707339223,0.580416525038104,1.54828479267451,0.269327964860401,252,252,2022-05-06,2023-05-08
2023-05-08,ETH,vix_d1,-0.00590908581020635,0.0041441865695541,-0.014031542231747,0.00221337061133428,0.269327964860401,252,252,2022-05-06,2023-05-08
2023-05-08,ETH,dxy_ret,-0.736384917853871,0.665513585518519,-2.04076757669229,0.567997740984544,0.269327964860401,252,252,2022-05-06,2023-05-08
2023-05-08,ETH,real_yield_d1,0.0377119325090063,0.0506999057462126,-0.0616580567731457,0.137081921791158,0.269327964860401,252,252,2022-05-06,2023-05-08
2023-05-08,ETH,gold_ret,0.600280143402365,0.381166040193309,-0.146791567506268,1.347351854311,0.269327964860401,252,252,2022-05-06,2023-05-08
2023-05-15,ETH,qqq_ret,0.971891780381712,0.243499284663179,0.494641952180615,1.44914160858281,0.243812121049351,252,252,2022-05-13,2023-05-15
2023-05-15,ETH,vix_d1,-0.00560086606341664,0.00432796200533435,-0.0140835157203297,0.00288178359349643,0.243812121049351,252,252,2022-05-13,2023-05-15
2023-05-15,ETH,dxy_ret,-0.714034524582001,0.679590301384715,-2.04600703953876,0.617937990374762,0.243812121049351,252,252,2022-05-13,2023-05-15
2023-05-15,ETH,real_yield_d1,0.0229386990742689,0.0473113075196282,-0.0697897597257015,0.115667157874239,0.243812121049351,252,252,2022-05-13,2023-05-15
2023-05-15,ETH,gold_ret,0.527038109478836,0.363637907470601,-0.18567909257705,1.23975531153472,0.243812121049351,252,252,2022-05-13,2023-05-15
2023-05-22,ETH,qqq_ret,0.986162154028515,0.246637754276006,0.502761038419704,1.46956326963733,0.232126116751119,252,252,2022-05-20,2023-05-22
2023-05-22,ETH,vix_d1,-0.00495238176803142,0.00450853576987438,-0.0137889494999958,0.00388418596393294,0.232126116751119,252,252,2022-05-20,2023-05-22
2023-05-22,ETH,dxy_ret,-0.775369389981731,0.695908736071727,-2.1393254492091,0.588586669245643,0.232126116751119,252,252,2022-05-20,2023-05-22
2023-05-22,ETH,real_yield_d1,0.0141204777448994,0.0460330338036243,-0.0761026106093191,0.104343566099118,0.232126116751119,252,252,2022-05-20,2023-05-22
2023-05-22,ETH,gold_ret,0.457857994786464,0.347845272612886,-0.223906211727309,1.13962220130024,0.232126116751119,252,252,2022-05-20,2023-05-22
2023-05-30,ETH,qqq_ret,1.03304449823169,0.23822274542364,0.566136496903101,1.49995249956028,0.244605511047382,252,252,2022-05-27,2023-05-30
2023-05-30,ETH,vix_d1,-0.00468597119895846,0.0044397154153625,-0.0133876535146762,0.00401571111675932,0.244605511047382,252,252,2022-05-27,2023-05-30
2023-05-30,ETH,dxy_ret,-0.799625531655346,0.701007459893807,-2.17357490594112,0.574323842630422,0.244605511047382,252,252,2022-05-27,2023-05-30
2023-05-30,ETH,real_yield_d1,0.00294679428039325,0.0463520985583073,-0.08790164950174,0.0937952380625265,0.244605511047382,252,252,2022-05-27,2023-05-30
2023-05-30,ETH,gold_ret,0.380230939250965,0.351127156728707,-0.307965641931253,1.06842752043318,0.244605511047382,252,252,2022-05-27,2023-05-30
2023-06-06,ETH,qqq_ret,1.03620406078594,0.247279265259226,0.551545606754332,1.52086251481755,0.263461705235272,252,252,2022-06-06,2023-06-06
2023-06-06,ETH,vix_d1,-0.00507289334765583,0.00438417843022162,-0.0136657251726876,0.0035199384773759,0.263461705235272,252,252,2022-06-06,2023-06-06
2023-06-06,ETH,dxy_ret,-0.948514915422185,0.689642547699147,-2.30018947111896,0.40315964027459,0.263461705235272,252,252,2022-06-06,2023-06-06
2023-06-06,ETH,real_yield_d1,0.00478168381759274,0.0466507008336905,-0.0866520096699933,0.0962153773051787,0.263461705235272,252,252,2022-06-06,2023-06-06
2023-06-06,ETH,gold_ret,0.400111269653994,0.351290321517113,-0.288405108637043,1.08862764794503,0.263461705235272,252,252,2022-06-06,2023-06-06
2023-06-13,ETH,qqq_ret,0.956106179870835,0.252640958890849,0.460938999425107,1.45127336031656,0.260192050062853,252,252,2022-06-13,2023-06-13
2023-06-13,ETH,vix_d1,-0.0060805082154085,0.0045440596632675,-0.014986701499014,0.00282568506819701,0.260192050062853,252,252,2022-06-13,2023-06-13
2023-06-13,ETH,dxy_ret,-0.989903904552578,0.686078659439274,-2.33459336761508,0.354785558509921,0.260192050062853,252,252,2022-06-13,2023-06-13
2023-06-13,ETH,real_yield_d1,0.00768545688445723,0.0450659565788442,-0.0806421949389233,0.0960131087078377,0.260192050062853,252,252,2022-06-13,2023-06-13
2023-06-13,ETH,gold_ret,0.44643582431655,0.363820592983608,-0.266639434765329,1.15951108339843,0.260192050062853,252,252,2022-06-13,2023-06-13
2023-06-21,ETH,qqq_ret,0.960244779645593,0.255485632255909,0.459502141856567,1.46098741743462,0.187350934231432,252,252,2022-06-21,2023-06-21
2023-06-21,ETH,vix_d1,-0.00226662134630595,0.00322282287403793,-0.00858323810797216,0.00404999541536027,0.187350934231432,252,252,2022-06-21,2023-06-21
2023-06-21,ETH,dxy_ret,-0.810688273336922,0.674012507945228,-2.13172851403909,0.510351967365241,0.187350934231432,252,252,2022-06-21,2023-06-21
2023-06-21,ETH,real_yield_d1,0.0345324898030237,0.0367052870750336,-0.0374085509062456,0.106473530512293,0.187350934231432,252,252,2022-06-21,2023-06-21
2023-06-21,ETH,gold_ret,0.436836916407068,0.345121163792853,-0.239588134929473,1.11326196774361,0.187350934231432,252,252,2022-06-21,2023-06-21
2023-06-28,ETH,qqq_ret,0.873757739031614,0.234280447219484,0.414576500199488,1.33293897786374,0.181600531093175,252,252,2022-06-28,2023-06-28
2023-06-28,ETH,vix_d1,-0.00305140712582889,0.00307459260618963,-0.00907749790109371,0.00297468364943593,0.181600531093175,252,252,2022-06-28,2023-06-28
2023-06-28,ETH,dxy_ret,-0.750928048710192,0.676113319771466,-2.07608580493008,0.574229707509694,0.181600531093175,252,252,2022-06-28,2023-06-28
2023-06-28,ETH,real_yield_d1,0.0354194945162674,0.0370599721020464,-0.0372167160718028,0.108055705104337,0.181600531093175,252,252,2022-06-28,2023-06-28
2023-06-28,ETH,gold_ret,0.523953271522986,0.332143306364033,-0.127035646656573,1.17494218970254,0.181600531093175,252,252,2022-06-28,2023-06-28
2023-07-06,ETH,qqq_ret,0.792209700603528,0.217089738382099,0.366721631961391,1.21769776924567,0.187464844576925,252,252,2022-07-06,2023-07-06
2023-07-06,ETH,vix_d1,-0.00401306539718666,0.00300598141717657,-0.00990468071304942,0.00187854991867609,0.187464844576925,252,252,2022-07-06,2023-07-06
2023-07-06,ETH,dxy_ret,-0.905620065523749,0.699069079973047,-2.27577028497647,0.464530153928975,0.187464844576925,252,252,2022-07-06,2023-07-06
2023-07-06,ETH,real_yield_d1,0.0405779089570876,0.0391419491101434,-0.0361389015834931,0.117294719497668,0.187464844576925,252,252,2022-07-06,2023-07-06
2023-07-06,ETH,gold_ret,0.631934434946365,0.319087027190731,0.00653535371857894,1.25733351617415,0.187464844576925,252,252,2022-07-06,2023-07-06
2023-07-13,ETH,qqq_ret,0.777705806355107,0.22192881270125,0.342733326328921,1.21267828638129,0.172600977623367,252,252,2022-07-13,2023-07-13
2023-07-13,ETH,vix_d1,-0.00351122277687626,0.00294700528133781,-0.00928724699054769,0.00226480143679517,0.172600977623367,252,252,2022-07-13,2023-07-13
2023-07-13,ETH,dxy_ret,-0.73872000055282,0.653497810201815,-2.01955217252417,0.542112171418529,0.172600977623367,252,252,2022-07-13,2023-07-13
2023-07-13,ETH,real_yield_d1,0.0264585799166358,0.0375621525801241,-0.0471618863222056,0.100079046155477,0.172600977623367,252,252,2022-07-13,2023-07-13
2023-07-13,ETH,gold_ret,0.59281160035549,0.31778454714269,-0.0300346668875544,1.21565786759853,0.172600977623367,252,252,2022-07-13,2023-07-13
2023-07-20,ETH,qqq_ret,0.822301904111936,0.217605908212498,0.395802161192311,1.24880164703156,0.211336098568273,252,252,2022-07-20,2023-07-20
2023-07-20,ETH,vix_d1,-0.00421551491819731,0.00295235765412095,-0.0100020295897555,0.0015709997533609,0.211336098568273,252,252,2022-07-20,2023-07-20
2023-07-20,ETH,dxy_ret,-0.205281348322397,0.368358234484374,-0.927250221320531,0.516687524675736,0.211336098568273,252,252,2022-07-20,2023-07-20
2023-07-20,ETH,real_yield_d1,0.0237367133784417,0.0369733449970545,-0.0487297112037593,0.0962031379606427,0.211336098568273,252,252,2022-07-20,2023-07-20
2023-07-20,ETH,gold_ret,0.678263295913367,0.307248148856544,0.0760679898379389,1.28045860198879,0.211336098568273,252,252,2022-07-20,2023-07-20
2023-07-27,ETH,qqq_ret,0.824494970879436,0.223158494805355,0.387112358216772,1.2618775835421,0.210770722676668,252,252,2022-07-27,2023-07-27
2023-07-27,ETH,vix_d1,-0.00436346360093307,0.00295280775830075,-0.010150860460473,0.00142393325860685,0.210770722676668,252,252,2022-07-27,2023-07-27
2023-07-27,ETH,dxy_ret,-0.143409057882067,0.363121705542853,-0.855114522750817,0.568296406986684,0.210770722676668,252,252,2022-07-27,2023-07-27
2023-07-27,ETH,real_yield_d1,0.0223492206836215,0.0373777670805307,-0.0509098566167454,0.0956082979839884,0.210770722676668,252,252,2022-07-27,2023-07-27
2023-07-27,ETH,gold_ret,0.657925210375393,0.307297465589201,0.0556332452801218,1.26021717547066,0.210770722676668,252,252,2022-07-27,2023-07-27
2023-08-03,ETH,qqq_ret,0.784648768909519,0.226450376882545,0.340814185934208,1.22848335188483,0.196129042954429,252,252,2022-08-03,2023-08-03
2023-08-03,ETH,vix_d1,-0.00405234526344979,0.00291260070137513,-0.00976093773949115,0.00165624721259157,0.196129042954429,252,252,2022-08-03,2023-08-03
2023-08-03,ETH,dxy_ret,-0.162097275303588,0.367243700590413,-0.881881702010009,0.557687151402833,0.196129042954429,252,252,2022-08-03,2023-08-03
2023-08-03,ETH,real_yield_d1,0.024928180725254,0.0375986491227899,-0.0487638174227726,0.0986201788732806,0.196129042954429,252,252,2022-08-03,2023-08-03
2023-08-03,ETH,gold_ret,0.636792113907531,0.307349273115781,0.0343986079260347,1.23918561988903,0.196129042954429,252,252,2022-08-03,2023-08-03
2023-08-10,ETH,qqq_ret,0.790319255938982,0.224934666380182,0.349455410959293,1.23118310091867,0.205598512503645,252,252,2022-08-10,2023-08-10
2023-08-10,ETH,vix_d1,-0.00393962682050924,0.00285965399075372,-0.00954444565063277,0.00166519200961429,0.205598512503645,252,252,2022-08-10,2023-08-10
2023-08-10,ETH,dxy_ret,-0.187729888371641,0.37247919049477,-0.917775686732024,0.542315909988742,0.205598512503645,252,252,2022-08-10,2023-08-10
2023-08-10,ETH,real_yield_d1,0.0157376044611662,0.0374558876731224,-0.0576745863871315,0.089149795309464,0.205598512503645,252,252,2022-08-10,2023-08-10
2023-08-10,ETH,gold_ret,0.641272905927276,0.312990414639746,0.0278229657271164,1.25472284612744,0.205598512503645,252,252,2022-08-10,2023-08-10
2023-08-17,ETH,qqq_ret,0.775392813365234,0.223163104337521,0.338001166185539,1.21278446054493,0.199233439103417,252,252,2022-08-17,2023-08-17
2023-08-17,ETH,vix_d1,-0.00383957728871424,0.00280482664953057,-0.00933693650467231,0.00165778192724383,0.199233439103417,252,252,2022-08-17,2023-08-17
2023-08-17,ETH,dxy_ret,-0.161688664038877,0.382187212729966,-0.910761836341359,0.587384508263605,0.199233439103417,252,252,2022-08-17,2023-08-17
2023-08-17,ETH,real_yield_d1,0.0120434892694409,0.0375452298000674,-0.0615438089299712,0.0856307874688531,0.199233439103417,252,252,2022-08-17,2023-08-17
2023-08-17,ETH,gold_ret,0.629429549054647,0.31338355806517,0.0152090618998968,1.2436500362094,0.199233439103417,252,252,2022-08-17,2023-08-17
2023-08-24,ETH,qqq_ret,0.739549657331597,0.218081965553626,0.312116859168785,1.16698245549441,0.199455630779752,252,252,2022-08-24,2023-08-24
2023-08-24,ETH,vix_d1,-0.00420002083237243,0.00288554330411266,-0.00985558178426395,0.00145554011951909,0.199455630779752,252,252,2022-08-24,2023-08-24
2023-08-24,ETH,dxy_ret,-0.21613676182611,0.377687108015487,-0.956389890961554,0.524116367309333,0.199455630779752,252,252,2022-08-24,2023-08-24
2023-08-24,ETH,real_yield_d1,0.015508663052808,0.0367191753683338,-0.0564595982111366,0.0874769243167526,0.199455630779752,252,252,2022-08-24,2023-08-24
2023-08-24,ETH,gold_ret,0.612841450027504,0.312985217590151,-0.000598304142623407,1.22628120419763,0.199455630779752,252,252,2022-08-24,2023-08-24
2023-08-31,ETH,qqq_ret,0.723886974272487,0.219229749371803,0.29420456116401,1.15356938738096,0.181988151315688,252,252,2022-08-31,2023-08-31
2023-08-31,ETH,vix_d1,-0.003481384078734,0.00279573515619222,-0.00896092429518321,0.00199815613771521,0.181988151315688,252,252,2022-08-31,2023-08-31
2023-08-31,ETH,dxy_ret,-0.311932191094621,0.371773267616493,-1.04059440603772,0.416730023848476,0.181988151315688,252,252,2022-08-31,2023-08-31
2023-08-31,ETH,real_yield_d1,0.0109131441616371,0.0361249875439536,-0.05989053036647,0.0817168186897441,0.181988151315688,252,252,2022-08-31,2023-08-31
2023-08-31,ETH,gold_ret,0.560844507123756,0.305062290589029,-0.0370665954720328,1.15875560971954,0.181988151315688,252,252,2022-08-31,2023-08-31
2023-09-08,ETH,qqq_ret,0.724559089524447,0.219798739795693,0.293761475677598,1.1553567033713,0.178805263654376,252,252,2022-09-08,2023-09-08
2023-09-08,ETH,vix_d1,-0.00317597314780677,0.00279353184172382,-0.0086511949472513,0.00229924865163776,0.178805263654376,252,252,2022-09-08,2023-09-08
2023-09-08,ETH,dxy_ret,-0.323948166694731,0.37406660843684,-1.05710524704998,0.409208913660522,0.178805263654376,252,252,2022-09-08,2023-09-08
2023-09-08,ETH,real_yield_d1,0.00415052906429575,0.0369825279333561,-0.0683338937423287,0.0766349518709202,0.178805263654376,252,252,2022-09-08,2023-09-08
2023-09-08,ETH,gold_ret,0.538363778549822,0.302897857013399,-0.0553051121908037,1.13203266929045,0.178805263654376,252,252,2022-09-08,2023-09-08
2023-09-15,ETH,qqq_ret,0.649476732255603,0.224374383555703,0.209711021433049,1.08924244307816,0.151466017239077,252,252,2022-09-15,2023-09-15
2023-09-15,ETH,vix_d1,-0.00303792554992192,0.00276351898448826,-0.00845432323011162,0.00237847213026778,0.151466017239077,252,252,2022-09-15,2023-09-15
2023-09-15,ETH,dxy_ret,-0.347976222852258,0.374784006635333,-1.08253937783913,0.386586932134614,0.151466017239077,252,252,2022-09-15,2023-09-15
2023-09-15,ETH,real_yield_d1,-0.000985843075276114,0.0372157129918412,-0.0739273001982643,0.071955614047712,0.151466017239077,252,252,2022-09-15,2023-09-15
2023-09-15,ETH,gold_ret,0.515201412562182,0.300485072968831,-0.0737385083486171,1.10414133347298,0.151466017239077,252,252,2022-09-15,2023-09-15
2023-09-22,ETH,qqq_ret,0.602991413932398,0.22638428681068,0.15928636511768,1.04669646274712,0.142341366970437,252,252,2022-09-22,2023-09-22
2023-09-22,ETH,vix_d1,-0.00322688856889582,0.00269676619463426,-0.00851245318510411,0.00205867604731247,0.142341366970437,252,252,2022-09-22,2023-09-22
2023-09-22,ETH,dxy_ret,-0.321509032786963,0.403916260616156,-1.11317035636472,0.470152290790797,0.142341366970437,252,252,2022-09-22,2023-09-22
2023-09-22,ETH,real_yield_d1,-0.00114685327400448,0.0361108011028653,-0.0719227228885097,0.0696290163405007,0.142341366970437,252,252,2022-09-22,2023-09-22
2023-09-22,ETH,gold_ret,0.46267785343761,0.295925798969934,-0.1173260546397,1.04268176151492,0.142341366970437,252,252,2022-09-22,2023-09-22
2023-09-29,ETH,qqq_ret,0.594565736367245,0.224289135478439,0.154967108705879,1.03416436402861,0.156032252403084,252,252,2022-09-29,2023-09-29
2023-09-29,ETH,vix_d1,-0.00339216398761387,0.00281925292969785,-0.00891779819313068,0.00213347021790294,0.156032252403084,252,252,2022-09-29,2023-09-29
2023-09-29,ETH,dxy_ret,-0.519511138848448,0.365865575375242,-1.23659448976695,0.19757221207005,0.156032252403084,252,252,2022-09-29,2023-09-29
2023-09-29,ETH,real_yield_d1,-0.0239045399044627,0.0344543042025769,-0.0914337352539004,0.0436246554449751,0.156032252403084,252,252,2022-09-29,2023-09-29
2023-09-29,ETH,gold_ret,0.358938397161826,0.294984376744396,-0.219220357259186,0.937097151582837,0.156032252403084,252,252,2022-09-29,2023-09-29
2023-10-06,ETH,qqq_ret,0.605094551534465,0.226382073163713,0.161393841388075,1.04879526168085,0.162241621295103,252,252,2022-10-06,2023-10-06
2023-10-06,ETH,vix_d1,-0.00334543846898482,0.00279375371101867,-0.00882109512425654,0.00213021818628691,0.162241621295103,252,252,2022-10-06,2023-10-06
2023-10-06,ETH,dxy_ret,-0.597492786229116,0.372386944275268,-1.32735778532156,0.132372212863333,0.162241621295103,252,252,2022-10-06,2023-10-06
2023-10-06,ETH,real_yield_d1,-0.0349979665155583,0.0344701901403364,-0.102558297730865,0.0325623646997487,0.162241621295103,252,252,2022-10-06,2023-10-06
2023-10-06,ETH,gold_ret,0.346553137114957,0.302166311793386,-0.245681951341381,0.938788225571294,0.162241621295103,252,252,2022-10-06,2023-10-06
2023-10-13,ETH,qqq_ret,0.614247074079218,0.234339339443357,0.154950408609332,1.0735437395491,0.156917791459587,252,252,2022-10-13,2023-10-13
2023-10-13,ETH,vix_d1,-0.00329379629867288,0.00277594831687588,-0.00873455502269419,0.00214696242534843,0.156917791459587,252,252,2022-10-13,2023-10-13
2023-10-13,ETH,dxy_ret,-0.607042956035611,0.364340441200528,-1.32113709890008,0.107051186828857,0.156917791459587,252,252,2022-10-13,2023-10-13
2023-10-13,ETH,real_yield_d1,-0.0370324448102754,0.0328200202013659,-0.10135850237683,0.0272936127562788,0.156917791459587,252,252,2022-10-13,2023-10-13
2023-10-13,ETH,gold_ret,0.306392478385276,0.279119497532841,-0.240671684162008,0.853456640932561,0.156917791459587,252,252,2022-10-13,2023-10-13
2023-10-20,ETH,qqq_ret,0.640581978654362,0.23933287530194,0.171498162746145,1.10966579456258,0.157853321510292,252,252,2022-10-20,2023-10-20
2023-10-20,ETH,vix_d1,-0.00333215083221809,0.00273431815987802,-0.00869131594785283,0.00202701428341666,0.157853321510292,252,252,2022-10-20,2023-10-20
2023-10-20,ETH,dxy_ret,-0.55755938902655,0.369806018806216,-1.28236586715288,0.167247089099776,0.157853321510292,252,252,2022-10-20,2023-10-20
2023-10-20,ETH,real_yield_d1,-0.0319123709343171,0.0313031390171702,-0.0932653960110212,0.029440654142387,0.157853321510292,252,252,2022-10-20,2023-10-20
2023-10-20,ETH,gold_ret,0.348576795357503,0.268531761070377,-0.177735785045551,0.874889375760557,0.157853321510292,252,252,2022-10-20,2023-10-20
2023-10-27,ETH,qqq_ret,0.666618715111836,0.245337904466309,0.185765258315341,1.14747217190833,0.152629130227822,252,252,2022-10-27,2023-10-27
2023-10-27,ETH,vix_d1,-0.00289187220144674,0.00252055244486237,-0.00783206421452136,0.00204831981162789,0.152629130227822,252,252,2022-10-27,2023-10-27
2023-10-27,ETH,dxy_ret,-0.548619892561025,0.399330727901658,-1.33129373716844,0.234053952046389,0.152629130227822,252,252,2022-10-27,2023-10-27
2023-10-27,ETH,real_yield_d1,-0.0316740161822974,0.0313428683435881,-0.0931049093079107,0.0297568769433158,0.152629130227822,252,252,2022-10-27,2023-10-27
2023-10-27,ETH,gold_ret,0.302889329889966,0.269550416156338,-0.225419777794239,0.831198437574171,0.152629130227822,252,252,2022-10-27,2023-10-27
2023-11-03,ETH,qqq_ret,0.643107240971198,0.272973272480985,0.108089458166429,1.17812502377597,0.143628933886942,252,252,2022-11-03,2023-11-03
2023-11-03,ETH,vix_d1,-0.00294532533862505,0.00257846387864299,-0.00799902167620277,0.00210837099895267,0.143628933886942,252,252,2022-11-03,2023-11-03
2023-11-03,ETH,dxy_ret,-0.469236216987427,0.43266642270356,-1.31724682280619,0.378774388831334,0.143628933886942,252,252,2022-11-03,2023-11-03
2023-11-03,ETH,real_yield_d1,-0.0322174627878069,0.0307065789422742,-0.0924012516031004,0.0279663260274867,0.143628933886942,252,252,2022-11-03,2023-11-03
2023-11-03,ETH,gold_ret,0.32393430493504,0.267250886955509,-0.199867808334142,0.847736418204223,0.143628933886942,252,252,2022-11-03,2023-11-03
2023-11-10,ETH,qqq_ret,0.622283532793636,0.26231043162861,0.108164534032405,1.13640253155487,0.138205876002004,252,252,2022-11-10,2023-11-10
2023-11-10,ETH,vix_d1,-0.00186416255045466,0.00248275373978373,-0.00673027046291289,0.00300194536200358,0.138205876002004,252,252,2022-11-10,2023-11-10
2023-11-10,ETH,dxy_ret,-0.291425279802445,0.407158141408503,-1.08944057297538,0.506590013370487,0.138205876002004,252,252,2022-11-10,2023-11-10
2023-11-10,ETH,real_yield_d1,-0.00352870078964421,0.0385978094227226,-0.0791790171403212,0.0721216155610327,0.138205876002004,252,252,2022-11-10,2023-11-10
2023-11-10,ETH,gold_ret,0.581869071414473,0.290549523700932,0.01240246923538,1.15133567359357,0.138205876002004,252,252,2022-11-10,2023-11-10
2023-11-17,ETH,qqq_ret,0.425162369985574,0.238836849891666,-0.04294925398309,0.893273993954238,0.0724473220812799,252,252,2022-11-17,2023-11-17
2023-11-17,ETH,vix_d1,-0.00269459671682128,0.00255592649045006,-0.00770412058523525,0.00231492715159269,0.0724473220812799,252,252,2022-11-17,2023-11-17
2023-11-17,ETH,dxy_ret,0.0241504803581602,0.475035179430744,-0.90690136271562,0.95520232343194,0.0724473220812799,252,252,2022-11-17,2023-11-17
2023-11-17,ETH,real_yield_d1,0.0159664356864001,0.0402859273085132,-0.0629925309220845,0.0949254022948847,0.0724473220812799,252,252,2022-11-17,2023-11-17
2023-11-17,ETH,gold_ret,0.533128422129822,0.28431221697742,-0.024113283510658,1.0903701277703,0.0724473220812799,252,252,2022-11-17,2023-11-17
2023-11-27,ETH,qqq_ret,0.379851148010797,0.232937511403456,-0.0766979849883651,0.836400281009959,0.0661658929901727,252,252,2022-11-25,2023-11-27
2023-11-27,ETH,vix_d1,-0.00324850530842472,0.0025531204589476,-0.00825252945615438,0.00175551883930494,0.0661658929901727,252,252,2022-11-25,2023-11-27
2023-11-27,ETH,dxy_ret,0.288988800038027,0.42066162100469,-0.535492826809404,1.11347042688546,0.0661658929901727,252,252,2022-11-25,2023-11-27
2023-11-27,ETH,real_yield_d1,0.000127424327905568,0.0382710602935694,-0.0748824754976514,0.0751373241534625,0.0661658929901727,252,252,2022-11-25,2023-11-27
2023-11-27,ETH,gold_ret,0.428900025965728,0.28419204918047,-0.128106155120629,0.985906207052085,0.0661658929901727,252,252,2022-11-25,2023-11-27
2023-12-04,ETH,qqq_ret,0.317577704297036,0.242676445924924,-0.158059389611997,0.793214798206069,0.0491191804403578,252,252,2022-12-02,2023-12-04
2023-12-04,ETH,vix_d1,-0.00322373195132794,0.0025978718844642,-0.00831546728132698,0.0018680033786711,0.0491191804403578,252,252,2022-12-02,2023-12-04
2023-12-04,ETH,dxy_ret,0.30411891447856,0.439068187514299,-0.556438919806744,1.16467674876386,0.0491191804403578,252,252,2022-12-02,2023-12-04
2023-12-04,ETH,real_yield_d1,-0.00429312891619903,0.0392152056874131,-0.081153519709859,0.0725672618774609,0.0491191804403578,252,252,2022-12-02,2023-12-04
2023-12-04,ETH,gold_ret,0.300594278366711,0.303682211866844,-0.294611919637765,0.895800476371187,0.0491191804403578,252,252,2022-12-02,2023-12-04
2023-12-11,ETH,qqq_ret,0.324537470250052,0.241629563632438,-0.149047772069655,0.798122712569759,0.047425863788817,252,252,2022-12-09,2023-12-11
2023-12-11,ETH,vix_d1,-0.00310418069561952,0.0025787531813891,-0.00815844405616025,0.00195008266492121,0.047425863788817,252,252,2022-12-09,2023-12-11
2023-12-11,ETH,dxy_ret,0.256670016521234,0.435575475533712,-0.597042228073749,1.11038226111622,0.047425863788817,252,252,2022-12-09,2023-12-11
2023-12-11,ETH,real_yield_d1,-0.00247919224548678,0.039992699086139,-0.0808634420988672,0.0759050576078936,0.047425863788817,252,252,2022-12-09,2023-12-11
2023-12-11,ETH,gold_ret,0.329913794524598,0.30336088919482,-0.264662622615294,0.924490211664491,0.047425863788817,252,252,2022-12-09,2023-12-11
2023-12-18,ETH,qqq_ret,0.277294440294762,0.258250417654841,-0.228867077301152,0.783455957890677,0.0413749810015827,252,252,2022-12-16,2023-12-18
2023-12-18,ETH,vix_d1,-0.00319956212132668,0.00272360092548668,-0.00853772184354054,0.00213859760088718,0.0413749810015827,252,252,2022-12-16,2023-12-18
2023-12-18,ETH,dxy_ret,0.187422361113118,0.432775715924774,-0.660802455482976,1.03564717770921,0.0413749810015827,252,252,2022-12-16,2023-12-18
2023-12-18,ETH,real_yield_d1,-0.00641836631512392,0.0398384684087727,-0.0845003295955552,0.0716635969653074,0.0413749810015827,252,252,2022-12-16,2023-12-18
2023-12-18,ETH,gold_ret,0.329738112047303,0.31145832233819,-0.280708982420817,0.940185206515423,0.0413749810015827,252,252,2022-12-16,2023-12-18
2023-12-26,ETH,qqq_ret,0.236497985170728,0.260181639782107,-0.273448658240776,0.746444628582232,0.0413641531263679,252,252,2022-12-23,2023-12-26
2023-12-26,ETH,vix_d1,-0.00370494461792248,0.00271613125915811,-0.0090284640631558,0.00161857482731084,0.0413641531263679,252,252,2022-12-23,2023-12-26
2023-12-26,ETH,dxy_ret,0.300063835117796,0.419258400399165,-0.521667529880442,1.12179520011603,0.0413641531263679,252,252,2022-12-23,2023-12-26
2023-12-26,ETH,real_yield_d1,-0.00538006512888238,0.0391623018506096,-0.0821367663077635,0.0713766360499988,0.0413641531263679,252,252,2022-12-23,2023-12-26
2023-12-26,ETH,gold_ret,0.362622031075251,0.305224101811973,-0.235606215689802,0.960850277840305,0.0413641531263679,252,252,2022-12-23,2023-12-26
2024-01-03,ETH,qqq_ret,0.211799983513751,0.265873341617549,-0.309302190505958,0.732902157533461,0.0437685012016056,252,252,2023-01-03,2024-01-03
2024-01-03,ETH,vix_d1,-0.00416670952313784,0.00278807015656393,-0.00963122661637408,0.0012978075700984,0.0437685012016056,252,252,2023-01-03,2024-01-03
2024-01-03,ETH,dxy_ret,0.273551725374523,0.416775666615093,-0.543313570823732,1.09041702157278,0.0437685012016056,252,252,2023-01-03,2024-01-03
2024-01-03,ETH,real_yield_d1,-0.00398005985619248,0.0394929473515118,-0.0813848143084921,0.0734246945961071,0.0437685012016056,252,252,2023-01-03,2024-01-03
2024-01-03,ETH,gold_ret,0.418446413218494,0.308716102729498,-0.186626029578889,1.02351885601588,0.0437685012016056,252,252,2023-01-03,2024-01-03
2024-01-10,ETH,qqq_ret,0.242616976778482,0.269246122464768,-0.285095726229525,0.770329679786489,0.0410704541597186,252,252,2023-01-10,2024-01-10
2024-01-10,ETH,vix_d1,-0.00404627174125009,0.00276485417488138,-0.00946528634652281,0.00137274286402263,0.0410704541597186,252,252,2023-01-10,2024-01-10
2024-01-10,ETH,dxy_ret,0.243714091179896,0.452782278488749,-0.643722867496036,1.13115104985583,0.0410704541597186,252,252,2023-01-10,2024-01-10
2024-01-10,ETH,real_yield_d1,-0.000362555486467835,0.039483383516809,-0.0777485651671959,0.0770234541942602,0.0410704541597186,252,252,2023-01-10,2024-01-10
2024-01-10,ETH,gold_ret,0.3859873653228,0.311500457093611,-0.224542311748443,0.996517042394043,0.0410704541597186,252,252,2023-01-10,2024-01-10
2024-01-18,ETH,qqq_ret,0.16507342761104,0.259581931311667,-0.343697808797177,0.673844664019258,0.0406341938189468,252,252,2023-01-18,2024-01-18
2024-01-18,ETH,vix_d1,-0.00482499128237827,0.00276536735426462,-0.0102450117007597,0.00059502913600319,0.0406341938189468,252,252,2023-01-18,2024-01-18
2024-01-18,ETH,dxy_ret,0.249919313772844,0.451966819594624,-0.635919374839731,1.13575800238542,0.0406341938189468,252,252,2023-01-18,2024-01-18
2024-01-18,ETH,real_yield_d1,-0.00118451738056774,0.0398222380633822,-0.0792346697685769,0.0768656350074415,0.0406341938189468,252,252,2023-01-18,2024-01-18
2024-01-18,ETH,gold_ret,0.374061157361062,0.324570238158204,-0.262084819882605,1.01020713460473,0.0406341938189468,252,252,2023-01-18,2024-01-18
2024-01-25,ETH,qqq_ret,0.0949728035336981,0.264795765308405,-0.424017359729496,0.613962966796892,0.0374108138145316,252,252,2023-01-25,2024-01-25
2024-01-25,ETH,vix_d1,-0.00497866942497613,0.0027751885567323,-0.0104179390464791,0.000460600196526877,0.0374108138145316,252,252,2023-01-25,2024-01-25
2024-01-25,ETH,dxy_ret,0.219744212291213,0.448003334231348,-0.658326187756088,1.09781461233852,0.0374108138145316,252,252,2023-01-25,2024-01-25
2024-01-25,ETH,real_yield_d1,-0.0145045215210229,0.0392038743174763,-0.0913427032377112,0.0623336601956654,0.0374108138145316,252,252,2023-01-25,2024-01-25
2024-01-25,ETH,gold_ret,0.324476124527387,0.325550907701099,-0.313591929701091,0.962544178755864,0.0374108138145316,252,252,2023-01-25,2024-01-25
2024-02-01,ETH,qqq_ret,0.120414205214505,0.262626497205639,-0.394324270694458,0.635152681123467,0.0374558076315882,252,252,2023-02-01,2024-02-01
2024-02-01,ETH,vix_d1,-0.00482337250959882,0.00275145893729407,-0.0102161329316361,0.000569387912438418,0.0374558076315882,252,252,2023-02-01,2024-02-01
2024-02-01,ETH,dxy_ret,0.242396522367781,0.447800664377948,-0.635276652066105,1.12006969680167,0.0374558076315882,252,252,2023-02-01,2024-02-01
2024-02-01,ETH,real_yield_d1,-0.0126753057917027,0.0391763241484919,-0.0894594901694137,0.0641088785860082,0.0374558076315882,252,252,2023-02-01,2024-02-01
2024-02-01,ETH,gold_ret,0.324078512266593,0.324445880538741,-0.311823728521724,0.95998075305491,0.0374558076315882,252,252,2023-02-01,2024-02-01
2024-02-08,ETH,qqq_ret,0.0881448888028835,0.291081879611952,-0.482365111788767,0.658654889394534,0.0346544391775693,252,252,2023-02-08,2024-02-08
2024-02-08,ETH,vix_d1,-0.00487484523062184,0.00295250152839885,-0.0106616418905831,0.000911951429339374,0.0346544391775693,252,252,2023-02-08,2024-02-08
2024-02-08,ETH,dxy_ret,0.261283793398717,0.465107330385612,-0.650309823102654,1.17287740990009,0.0346544391775693,252,252,2023-02-08,2024-02-08
2024-02-08,ETH,real_yield_d1,-0.00929596645589161,0.0380583845985851,-0.0838890295788923,0.0652970966671091,0.0346544391775693,252,252,2023-02-08,2024-02-08
2024-02-08,ETH,gold_ret,0.373792199702518,0.33474314477402,-0.282292308126238,1.02987670753127,0.0346544391775693,252,252,2023-02-08,2024-02-08
2024-02-15,ETH,qqq_ret,0.101300700305223,0.297456789201959,-0.481703893487541,0.684305294097986,0.0273011494862567,252,252,2023-02-15,2024-02-15
2024-02-15,ETH,vix_d1,-0.00409718133487871,0.00288663775835823,-0.00975488737767428,0.00156052470791687,0.0273011494862567,252,252,2023-02-15,2024-02-15
2024-02-15,ETH,dxy_ret,0.205216259996727,0.465666867352209,-0.707474028807193,1.11790654880065,0.0273011494862567,252,252,2023-02-15,2024-02-15
2024-02-15,ETH,real_yield_d1,-0.0130064142018797,0.0391018002030114,-0.0896445343304631,0.0636317059267037,0.0273011494862567,252,252,2023-02-15,2024-02-15
2024-02-15,ETH,gold_ret,0.280930671065028,0.337572389171033,-0.380699053885336,0.942560396015391,0.0273011494862567,252,252,2023-02-15,2024-02-15
2024-02-23,ETH,qqq_ret,0.108505110710708,0.285489794080344,-0.451044603640522,0.668054825061938,0.0203820623323618,252,252,2023-02-23,2024-02-23
2024-02-23,ETH,vix_d1,-0.00320048057293494,0.00283358532095765,-0.0087542057491333,0.00235324460326342,0.0203820623323618,252,252,2023-02-23,2024-02-23
2024-02-23,ETH,dxy_ret,0.0584950494044373,0.462392101725776,-0.847776816713864,0.964766915522739,0.0203820623323618,252,252,2023-02-23,2024-02-23
2024-02-23,ETH,real_yield_d1,-0.00768519134847582,0.0389201631952959,-0.0839673094836772,0.0685969267867256,0.0203820623323618,252,252,2023-02-23,2024-02-23
2024-02-23,ETH,gold_ret,0.30984132305034,0.334278613298494,-0.345332719816699,0.96501536591738,0.0203820623323618,252,252,2023-02-23,2024-02-23
2024-03-01,ETH,qqq_ret,0.0886304915498166,0.287870190465105,-0.475584713984476,0.652845697084109,0.0183648658176314,252,252,2023-03-02,2024-03-01
2024-03-01,ETH,vix_d1,-0.00313015794038992,0.0028305800340518,-0.0086779928624896,0.00241767698170976,0.0183648658176314,252,252,2023-03-02,2024-03-01
2024-03-01,ETH,dxy_ret,0.105845470608924,0.468278347043324,-0.811963224335939,1.02365416555379,0.0183648658176314,252,252,2023-03-02,2024-03-01
2024-03-01,ETH,real_yield_d1,-0.0160338450031886,0.0386806361887595,-0.0918464988322539,0.0597788088258768,0.0183648658176314,252,252,2023-03-02,2024-03-01
2024-03-01,ETH,gold_ret,0.263056136554312,0.328576638847497,-0.380942241748007,0.90705451485663,0.0183648658176314,252,252,2023-03-02,2024-03-01
2024-03-08,ETH,qqq_ret,0.150840649664416,0.285570378932497,-0.408867008094734,0.710548307423567,0.0266947158911883,252,252,2023-03-09,2024-03-08
2024-03-08,ETH,vix_d1,-0.00332829719368061,0.0027704361616778,-0.00875825229203649,0.00210165790467526,0.0266947158911883,252,252,2023-03-09,2024-03-08
2024-03-08,ETH,dxy_ret,0.0241515481729862,0.497867428144535,-0.951650680065885,0.999953776411857,0.0266947158911883,252,252,2023-03-09,2024-03-08
2024-03-08,ETH,real_yield_d1,-0.0113935288665397,0.0397663169542065,-0.0893340778945891,0.0665470201615096,0.0266947158911883,252,252,2023-03-09,2024-03-08
2024-03-08,ETH,gold_ret,0.391412741429838,0.337728903193038,-0.270523745366731,1.05334922822641,0.0266947158911883,252,252,2023-03-09,2024-03-08
2024-03-15,ETH,qqq_ret,0.0710307738539361,0.259896976195081,-0.438357939179286,0.580419486887158,0.0199757231190645,252,252,2023-03-16,2024-03-15
2024-03-15,ETH,vix_d1,-0.00359946668460329,0.00283399984284198,-0.00915400430876575,0.00195507093955918,0.0199757231190645,252,252,2023-03-16,2024-03-15
2024-03-15,ETH,dxy_ret,0.293084910137628,0.466450503403118,-0.621141277103061,1.20731109737832,0.0199757231190645,252,252,2023-03-16,2024-03-15
2024-03-15,ETH,real_yield_d1,-0.00980989948174254,0.039213431701128,-0.0866668133261747,0.0670470143626896,0.0199757231190645,252,252,2023-03-16,2024-03-15
2024-03-15,ETH,gold_ret,0.316093542238147,0.304343537302544,-0.280408829802362,0.912595914278656,0.0199757231190645,252,252,2023-03-16,2024-03-15
2024-03-22,ETH,qqq_ret,-0.00717336765115117,0.239627997836581,-0.476835613098292,0.46248887779599,0.0288921553671885,252,252,2023-03-23,2024-03-22
2024-03-22,ETH,vix_d1,-0.00493203325618582,0.00278737052787898,-0.010395179102397,0.00053111259002538,0.0288921553671885,252,252,2023-03-23,2024-03-22
2024-03-22,ETH,dxy_ret,0.635025496882662,0.53713834055599,-0.417746305322689,1.68779729908801,0.0288921553671885,252,252,2023-03-23,2024-03-22
2024-03-22,ETH,real_yield_d1,-0.0104756873115242,0.0381686645441997,-0.0852848951561465,0.064333520533098,0.0288921553671885,252,252,2023-03-23,2024-03-22
2024-03-22,ETH,gold_ret,0.457148452779779,0.365939119118218,-0.26007904122624,1.1743759467858,0.0288921553671885,252,252,2023-03-23,2024-03-22
2024-04-01,ETH,qqq_ret,-0.0784152388519638,0.24224179969023,-0.553200441794981,0.396369964091053,0.0232379877332372,252,252,2023-03-30,2024-04-01
2024-04-01,ETH,vix_d1,-0.00558750299803024,0.00276742157094906,-0.0110115496071297,-0.000163456388930814,0.0232379877332372,252,252,2023-03-30,2024-04-01
2024-04-01,ETH,dxy_ret,0.417677615098011,0.533641805964536,-0.628241105237391,1.46359633543341,0.0232379877332372,252,252,2023-03-30,2024-04-01
2024-04-01,ETH,real_yield_d1,-0.00638242160809928,0.0391075636143516,-0.0830318378153375,0.0702669945991389,0.0232379877332372,252,252,2023-03-30,2024-04-01
2024-04-01,ETH,gold_ret,0.364720993307411,0.362224499386338,-0.345225979807864,1.07466796642268,0.0232379877332372,252,252,2023-03-30,2024-04-01
2024-04-08,ETH,qqq_ret,-0.121085880277951,0.249160118733792,-0.609430739379908,0.367258978824005,0.0261511637083746,252,252,2023-04-06,2024-04-08
2024-04-08,ETH,vix_d1,-0.00661709941255877,0.00283421947543908,-0.0121720675087014,-0.00106213131641616,0.0261511637083746,252,252,2023-04-06,2024-04-08
2024-04-08,ETH,dxy_ret,0.407075147039323,0.562421961165435,-0.695251640959314,1.50940193503796,0.0261511637083746,252,252,2023-04-06,2024-04-08
2024-04-08,ETH,real_yield_d1,-0.00669878043117453,0.0382155188104006,-0.0815998209500727,0.0682022600877237,0.0261511637083746,252,252,2023-04-06,2024-04-08
2024-04-08,ETH,gold_ret,0.309974508199803,0.347174198026441,-0.370474416293598,0.990423432693204,0.0261511637083746,252,252,2023-04-06,2024-04-08
2024-04-15,ETH,qqq_ret,-0.168516570166161,0.254099028227036,-0.666541513997778,0.329508373665455,0.0307776670654035,252,252,2023-04-14,2024-04-15
2024-04-15,ETH,vix_d1,-0.00782265956139691,0.0031700002619916,-0.014035745905883,-0.00160957321691084,0.0307776670654035,252,252,2023-04-14,2024-04-15
2024-04-15,ETH,dxy_ret,0.0279425051075349,0.631375591740238,-1.209530915421,1.26541592563607,0.0307776670654035,252,252,2023-04-14,2024-04-15
2024-04-15,ETH,real_yield_d1,-0.00265379645760151,0.0382705688994179,-0.0776627331683194,0.0723551402531164,0.0307776670654035,252,252,2023-04-14,2024-04-15
2024-04-15,ETH,gold_ret,0.206868984441529,0.321806260595447,-0.423859696325058,0.837597665208116,0.0307776670654035,252,252,2023-04-14,2024-04-15
2024-04-22,ETH,qqq_ret,-0.147250995688716,0.240028738021434,-0.617698677465327,0.323196686087894,0.0338853184782814,252,252,2023-04-21,2024-04-22
2024-04-22,ETH,vix_d1,-0.00797097824050465,0.00298392095488261,-0.0138193558447889,-0.00212260063622037,0.0338853184782814,252,252,2023-04-21,2024-04-22
2024-04-22,ETH,dxy_ret,-0.075993354070484,0.634064916369734,-1.31873775401556,1.1667510458746,0.0338853184782814,252,252,2023-04-21,2024-04-22
2024-04-22,ETH,real_yield_d1,0.000216037646125393,0.0387990232308611,-0.0758286505216952,0.0762607258139459,0.0338853184782814,252,252,2023-04-21,2024-04-22
2024-04-22,ETH,gold_ret,0.170729491272319,0.310906719143803,-0.438636480801046,0.780095463345683,0.0338853184782814,252,252,2023-04-21,2024-04-22
2024-04-29,ETH,qqq_ret,-0.169120473187495,0.236102518031848,-0.631872905189135,0.293631958814145,0.035777619290519,252,252,2023-04-28,2024-04-29
2024-04-29,ETH,vix_d1,-0.0083654456347173,0.00293876137678099,-0.0141253120923654,-0.0026055791770692,0.035777619290519,252,252,2023-04-28,2024-04-29
2024-04-29,ETH,dxy_ret,-0.04432950057968,0.628422589883023,-1.27601514382179,1.18735614266243,0.035777619290519,252,252,2023-04-28,2024-04-29
2024-04-29,ETH,real_yield_d1,-0.00189919610712311,0.0398747595125583,-0.0800522886439334,0.0762538964296872,0.035777619290519,252,252,2023-04-28,2024-04-29
2024-04-29,ETH,gold_ret,0.126208228826457,0.308999369178663,-0.479419406009319,0.731835863662232,0.035777619290519,252,252,2023-04-28,2024-04-29
2024-05-06,ETH,qqq_ret,-0.0969605086341281,0.235656902477392,-0.558839550198085,0.364918532929829,0.0426542781494706,252,252,2023-05-05,2024-05-06
2024-05-06,ETH,vix_d1,-0.00884685942645426,0.00302451390620554,-0.0147747977533577,-0.00291892109955085,0.0426542781494706,252,252,2023-05-05,2024-05-06
2024-05-06,ETH,dxy_ret,0.156942428513862,0.621231633070974,-1.06064919836225,1.37453405538997,0.0426542781494706,252,252,2023-05-05,2024-05-06
2024-05-06,ETH,real_yield_d1,0.00465556403547202,0.0393262097285144,-0.0724223906808849,0.0817335187518289,0.0426542781494706,252,252,2023-05-05,2024-05-06
2024-05-06,ETH,gold_ret,0.159648369621418,0.30069162659178,-0.429696388951237,0.748993128194074,0.0426542781494706,252,252,2023-05-05,2024-05-06
2024-05-13,ETH,qqq_ret,-0.0594682243443916,0.23790819340748,-0.525759715050042,0.406823266361259,0.0365807813422377,252,252,2023-05-12,2024-05-13
2024-05-13,ETH,vix_d1,-0.00785966507273324,0.00314505478914674,-0.0140238591888661,-0.00169547095660042,0.0365807813422377,252,252,2023-05-12,2024-05-13
2024-05-13,ETH,dxy_ret,0.311219255531984,0.610109867364445,-0.884574111114837,1.50701262217881,0.0365807813422377,252,252,2023-05-12,2024-05-13
2024-05-13,ETH,real_yield_d1,-0.00053204010150866,0.0397939794242143,-0.0785268065744967,0.0774627263714794,0.0365807813422377,252,252,2023-05-12,2024-05-13
2024-05-13,ETH,gold_ret,0.160425353205689,0.294756580250794,-0.417286928292057,0.738137634703436,0.0365807813422377,252,252,2023-05-12,2024-05-13
2024-05-20,ETH,qqq_ret,0.0284542494022538,0.25457892543551,-0.470511275674253,0.527419774478761,0.03850155555033,252,252,2023-05-19,2024-05-20
2024-05-20,ETH,vix_d1,-0.00762021426746067,0.00322827853087275,-0.0139475239200351,-0.0012929046148862,0.03850155555033,252,252,2023-05-19,2024-05-20
2024-05-20,ETH,dxy_ret,0.478345736277964,0.628805213453059,-0.754089835381052,1.71078130793698,0.03850155555033,252,252,2023-05-19,2024-05-20
2024-05-20,ETH,real_yield_d1,0.00495469842538396,0.0388654969251724,-0.0712202757892062,0.0811296726399742,0.03850155555033,252,252,2023-05-19,2024-05-20
2024-05-20,ETH,gold_ret,0.271745654321024,0.302360838729159,-0.32087069992345,0.864362008565499,0.03850155555033,252,252,2023-05-19,2024-05-20
2024-05-28,ETH,qqq_ret,0.0649471210547605,0.260821508960768,-0.446253642901737,0.576147885011258,0.0365477103268146,252,252,2023-05-26,2024-05-28
2024-05-28,ETH,vix_d1,-0.00722249175298507,0.00333992503010418,-0.0137686245230531,-0.000676358982917029,0.0365477103268146,252,252,2023-05-26,2024-05-28
2024-05-28,ETH,dxy_ret,0.48070939200157,0.629916530387167,-0.753904320823707,1.71532310482685,0.0365477103268146,252,252,2023-05-26,2024-05-28
2024-05-28,ETH,real_yield_d1,0.010908946711734,0.0392361201475641,-0.0659924356705781,0.0878103290940461,0.0365477103268146,252,252,2023-05-26,2024-05-28
2024-05-28,ETH,gold_ret,0.262211923712282,0.28814376326257,-0.302539474652191,0.826963322076756,0.0365477103268146,252,252,2023-05-26,2024-05-28
2024-06-04,ETH,qqq_ret,0.0617553375964491,0.262873047886372,-0.453466368767113,0.576977043960012,0.038340056257904,252,252,2023-06-05,2024-06-04
2024-06-04,ETH,vix_d1,-0.00751367961201085,0.00334110473217971,-0.0140621245556594,-0.000965234668362263,0.038340056257904,252,252,2023-06-05,2024-06-04
2024-06-04,ETH,dxy_ret,0.504480996803965,0.639647615149702,-0.749205291686389,1.75816728529432,0.038340056257904,252,252,2023-06-05,2024-06-04
2024-06-04,ETH,real_yield_d1,0.0141493461111737,0.0385219918751221,-0.0613523705768102,0.0896510627991576,0.038340056257904,252,252,2023-06-05,2024-06-04
2024-06-04,ETH,gold_ret,0.29362705819873,0.284977427007282,-0.264918435142434,0.852172551539894,0.038340056257904,252,252,2023-06-05,2024-06-04
2024-06-11,ETH,qqq_ret,0.0850417403052598,0.256213038885602,-0.41712658828008,0.5872100688906,0.0413428145861594,252,252,2023-06-12,2024-06-11
2024-06-11,ETH,vix_d1,-0.00712669737142356,0.00332769175966465,-0.013648853372017,-0.000604541370830141,0.0413428145861594,252,252,2023-06-12,2024-06-11
2024-06-11,ETH,dxy_ret,0.606456639053947,0.642618469034153,-0.653052416053261,1.86596569416116,0.0413428145861594,252,252,2023-06-12,2024-06-11
2024-06-11,ETH,real_yield_d1,0.0108012409073632,0.0380284785028075,-0.0637332073449951,0.0853356891597215,0.0413428145861594,252,252,2023-06-12,2024-06-11
2024-06-11,ETH,gold_ret,0.383927844622846,0.269016185999482,-0.143334191194467,0.911189880440158,0.0413428145861594,252,252,2023-06-12,2024-06-11
2024-06-18,ETH,qqq_ret,0.184179008504485,0.24518843698216,-0.296381497406217,0.664739514415186,0.039899986979343,252,252,2023-06-20,2024-06-18
2024-06-18,ETH,vix_d1,-0.00617295707738949,0.00341631391522736,-0.0128688093111181,0.000522895156339162,0.039899986979343,252,252,2023-06-20,2024-06-18
2024-06-18,ETH,dxy_ret,0.408957411455484,0.635458166075659,-0.836517707734679,1.65443253064565,0.039899986979343,252,252,2023-06-20,2024-06-18
2024-06-18,ETH,real_yield_d1,0.0167879898056036,0.0389697464068555,-0.0595913096384924,0.0931672892496996,0.039899986979343,252,252,2023-06-20,2024-06-18
2024-06-18,ETH,gold_ret,0.372797098439851,0.268697629994999,-0.153840579081617,0.899434775961319,0.039899986979343,252,252,2023-06-20,2024-06-18
2024-06-26,ETH,qqq_ret,0.315338444513413,0.249619929206731,-0.173907626555219,0.804584515582044,0.0436386167788571,252,252,2023-06-27,2024-06-26
2024-06-26,ETH,vix_d1,-0.00508706697289841,0.00343688629836842,-0.0118232403366597,0.00164910639086287,0.0436386167788571,252,252,2023-06-27,2024-06-26
2024-06-26,ETH,dxy_ret,0.457918069471961,0.629614626725843,-0.776103923050321,1.69194006199424,0.0436386167788571,252,252,2023-06-27,2024-06-26
2024-06-26,ETH,real_yield_d1,0.0212120671805077,0.0387618331211648,-0.0547597297117271,0.0971838640727424,0.0436386167788571,252,252,2023-06-27,2024-06-26
2024-06-26,ETH,gold_ret,0.391038164167991,0.260567003882479,-0.119663779001176,0.901740107337158,0.0436386167788571,252,252,2023-06-27,2024-06-26
2024-07-03,ETH,qqq_ret,0.247973209307114,0.249314144875878,-0.240673535486009,0.736619954100237,0.0426275024878402,252,252,2023-07-05,2024-07-03
2024-07-03,ETH,vix_d1,-0.00578431807019698,0.00342760067020507,-0.0125022919371843,0.000933655796790313,0.0426275024878402,252,252,2023-07-05,2024-07-03
2024-07-03,ETH,dxy_ret,0.5292963829608,0.640812992363206,-0.726674002896425,1.78526676881802,0.0426275024878402,252,252,2023-07-05,2024-07-03
2024-07-03,ETH,real_yield_d1,0.0187620833148467,0.0394077159132489,-0.0584756205881071,0.0959997872178004,0.0426275024878402,252,252,2023-07-05,2024-07-03
2024-07-03,ETH,gold_ret,0.369470195217783,0.258212349383345,-0.136616709937046,0.875557100372611,0.0426275024878402,252,252,2023-07-05,2024-07-03
2024-07-11,ETH,qqq_ret,0.186750191690047,0.246832789761085,-0.297033186445226,0.670533569825321,0.0384384691286078,252,252,2023-07-12,2024-07-11
2024-07-11,ETH,vix_d1,-0.00656277750829126,0.00346626912692097,-0.0133565401577795,0.000230985141196946,0.0384384691286078,252,252,2023-07-12,2024-07-11
2024-07-11,ETH,dxy_ret,0.449065647884351,0.679666488481413,-0.883056191038027,1.78118748680673,0.0384384691286078,252,252,2023-07-12,2024-07-11
2024-07-11,ETH,real_yield_d1,0.0360241017363144,0.0398140255008693,-0.0420099543249488,0.114058157797578,0.0384384691286078,252,252,2023-07-12,2024-07-11
2024-07-11,ETH,gold_ret,0.327685701360865,0.260141099021869,-0.182181483620665,0.837552886342396,0.0384384691286078,252,252,2023-07-12,2024-07-11
2024-07-18,ETH,qqq_ret,0.216357894110922,0.245379969207739,-0.264578008063795,0.697293796285638,0.0375602308305282,252,252,2023-07-19,2024-07-18
2024-07-18,ETH,vix_d1,-0.00603306013043256,0.00347535498715843,-0.0128446307387547,0.000778510477889614,0.0375602308305282,252,252,2023-07-19,2024-07-18
2024-07-18,ETH,dxy_ret,0.455278050364674,0.690007809289825,-0.897112404894765,1.80766850562411,0.0375602308305282,252,252,2023-07-19,2024-07-18
2024-07-18,ETH,real_yield_d1,0.0397194656175372,0.0410640100587181,-0.0407645151583409,0.120203446393415,0.0375602308305282,252,252,2023-07-19,2024-07-18
2024-07-18,ETH,gold_ret,0.350706596489768,0.256605845897369,-0.15223161969151,0.853644812671047,0.0375602308305282,252,252,2023-07-19,2024-07-18
2024-07-25,ETH,qqq_ret,0.248059330122784,0.254710237264227,-0.251163561408753,0.747282221654321,0.0413022619636867,252,252,2023-07-26,2024-07-25
2024-07-25,ETH,vix_d1,-0.00573842274448103,0.00351326497507863,-0.0126242955637812,0.0011474500748191,0.0413022619636867,252,252,2023-07-26,2024-07-25
2024-07-25,ETH,dxy_ret,0.472534852969724,0.699832080604093,-0.89911082024003,1.84418052617948,0.0413022619636867,252,252,2023-07-26,2024-07-25
2024-07-25,ETH,real_yield_d1,0.0396353121280958,0.041347775527588,-0.0414048387468234,0.120675463003015,0.0413022619636867,252,252,2023-07-26,2024-07-25
2024-07-25,ETH,gold_ret,0.353549778014855,0.251601064948043,-0.139579247755232,0.846678803784942,0.0413022619636867,252,252,2023-07-26,2024-07-25
2024-08-01,ETH,qqq_ret,0.199839700763656,0.248722317305436,-0.287647083306342,0.687326484833654,0.0393409343099272,252,252,2023-08-02,2024-08-01
2024-08-01,ETH,vix_d1,-0.00577242899324572,0.00343919485842955,-0.012513127051583,0.000968269065091528,0.0393409343099272,252,252,2023-08-02,2024-08-01
2024-08-01,ETH,dxy_ret,0.39643735713511,0.697022297720514,-0.969701242818452,1.76257595708867,0.0393409343099272,252,252,2023-08-02,2024-08-01
2024-08-01,ETH,real_yield_d1,0.0379188502416019,0.041995897844227,-0.0443915970315063,0.12022929751471,0.0393409343099272,252,252,2023-08-02,2024-08-01
2024-08-01,ETH,gold_ret,0.322783249277387,0.249555391488751,-0.166336330188359,0.811902828743133,0.0393409343099272,252,252,2023-08-02,2024-08-01
2024-08-08,ETH,qqq_ret,0.217030551128286,0.210251946541367,-0.195055691772234,0.629116794028806,0.161073755833803,252,252,2023-08-09,2024-08-08
2024-08-08,ETH,vix_d1,-0.008813255885335,0.00130662079679908,-0.0113741855885122,-0.00625232618215777,0.161073755833803,252,252,2023-08-09,2024-08-08
2024-08-08,ETH,dxy_ret,0.386747799757726,0.70306417754817,-0.99123266705696,1.76472826657241,0.161073755833803,252,252,2023-08-09,2024-08-08
2024-08-08,ETH,real_yield_d1,0.058882404087982,0.0422376652835014,-0.0239018986587386,0.141666706834703,0.161073755833803,252,252,2023-08-09,2024-08-08
2024-08-08,ETH,gold_ret,0.515642333467378,0.281418166000075,-0.0359271364880837,1.06721180342284,0.161073755833803,252,252,2023-08-09,2024-08-08
2024-08-15,ETH,qqq_ret,0.187732366348917,0.198516318881606,-0.2013524690025,0.576817201700333,0.145256841963356,252,252,2023-08-16,2024-08-15
2024-08-15,ETH,vix_d1,-0.00821021299269387,0.00144791529517316,-0.0110480748238979,-0.00537235116148978,0.145256841963356,252,252,2023-08-16,2024-08-15
2024-08-15,ETH,dxy_ret,0.394216182469364,0.699568053465897,-0.976912007058585,1.76534437199731,0.145256841963356,252,252,2023-08-16,2024-08-15
2024-08-15,ETH,real_yield_d1,0.0606640587455257,0.0430623662070187,-0.0237366281093057,0.145064745600357,0.145256841963356,252,252,2023-08-16,2024-08-15
2024-08-15,ETH,gold_ret,0.574425731048264,0.302410315679585,-0.0182875962371102,1.16713905833364,0.145256841963356,252,252,2023-08-16,2024-08-15
2024-08-22,ETH,qqq_ret,0.166064846588878,0.19751725380037,-0.221061857185105,0.553191550362861,0.142575519604024,252,252,2023-08-23,2024-08-22
2024-08-22,ETH,vix_d1,-0.00819567250235379,0.00147949896790711,-0.0110954371946159,-0.00529590781009168,0.142575519604024,252,252,2023-08-23,2024-08-22
2024-08-22,ETH,dxy_ret,0.274674602456938,0.651781170951629,-1.0027930184096,1.55214222332347,0.142575519604024,252,252,2023-08-23,2024-08-22
2024-08-22,ETH,real_yield_d1,0.0617406289988567,0.0435459702051443,-0.0236079042750805,0.147089162272794,0.142575519604024,252,252,2023-08-23,2024-08-22
2024-08-22,ETH,gold_ret,0.536254320273031,0.288405494853063,-0.0290100625824243,1.10151870312849,0.142575519604024,252,252,2023-08-23,2024-08-22
2024-08-29,ETH,qqq_ret,0.142168572657264,0.200662691021693,-0.251123074786144,0.535460220100671,0.132985093951675,252,252,2023-08-30,2024-08-29
2024-08-29,ETH,vix_d1,-0.00812170776607006,0.00152041885897442,-0.0111016739710754,-0.0051417415610647,0.132985093951675,252,252,2023-08-30,2024-08-29
2024-08-29,ETH,dxy_ret,0.128299397076887,0.666695392104398,-1.17839956010654,1.43499835426032,0.132985093951675,252,252,2023-08-30,2024-08-29
2024-08-29,ETH,real_yield_d1,0.0648610198314613,0.0449978873912477,-0.0233332188357731,0.153055258498696,0.132985093951675,252,252,2023-08-30,2024-08-29
2024-08-29,ETH,gold_ret,0.498690437061036,0.290999807940528,-0.0716587060104729,1.06903958013254,0.132985093951675,252,252,2023-08-30,2024-08-29
2024-09-06,ETH,qqq_ret,0.181438519058542,0.198190181025706,-0.207007097841316,0.569884135958399,0.140467609384943,252,252,2023-09-07,2024-09-06
2024-09-06,ETH,vix_d1,-0.00789620441607284,0.00158322519811185,-0.0109992687837883,-0.00479314004835733,0.140467609384943,252,252,2023-09-07,2024-09-06
2024-09-06,ETH,dxy_ret,0.177910583890481,0.688942325920626,-1.1723915623392,1.52821273012017,0.140467609384943,252,252,2023-09-07,2024-09-06
2024-09-06,ETH,real_yield_d1,0.0646919470366795,0.0453147061941806,-0.0241232450739285,0.153507139147288,0.140467609384943,252,252,2023-09-07,2024-09-06
2024-09-06,ETH,gold_ret,0.493518480851116,0.28930094162409,-0.0735009454256255,1.06053790712786,0.140467609384943,252,252,2023-09-07,2024-09-06
2024-09-13,ETH,qqq_ret,0.208602833689319,0.189759872311654,-0.163319681752442,0.580525349131079,0.147852223311609,252,252,2023-09-14,2024-09-13
2024-09-13,ETH,vix_d1,-0.00788593973525279,0.00153305664044932,-0.0108906755367934,-0.00488120393371216,0.147852223311609,252,252,2023-09-14,2024-09-13
2024-09-13,ETH,dxy_ret,0.211348647754708,0.689295893713877,-1.13964647861584,1.56234377412526,0.147852223311609,252,252,2023-09-14,2024-09-13
2024-09-13,ETH,real_yield_d1,0.0655835872536443,0.0452302153469082,-0.0230660058392866,0.154233180346575,0.147852223311609,252,252,2023-09-14,2024-09-13
2024-09-13,ETH,gold_ret,0.51832441704527,0.284289601273875,-0.0388729626307768,1.07552179672132,0.147852223311609,252,252,2023-09-14,2024-09-13
2024-09-20,ETH,qqq_ret,0.228466627115366,0.190643447456255,-0.145187663787448,0.602120918018179,0.150448887210598,252,252,2023-09-21,2024-09-20
2024-09-20,ETH,vix_d1,-0.00786272190971381,0.00152149366234754,-0.0108447946906209,-0.00488064912880668,0.150448887210598,252,252,2023-09-21,2024-09-20
2024-09-20,ETH,dxy_ret,0.19040536919319,0.68488574131709,-1.15194601731332,1.5327567556997,0.150448887210598,252,252,2023-09-21,2024-09-20
2024-09-20,ETH,real_yield_d1,0.0711339992713933,0.0453090738248436,-0.0176701535981667,0.159938152140953,0.150448887210598,252,252,2023-09-21,2024-09-20
2024-09-20,ETH,gold_ret,0.529367992333504,0.279372493814167,-0.0181920338134024,1.07692801848041,0.150448887210598,252,252,2023-09-21,2024-09-20
2024-09-27,ETH,qqq_ret,0.237164583953371,0.190741556427533,-0.136681996999708,0.61101116490645,0.146432830449175,252,252,2023-09-28,2024-09-27
2024-09-27,ETH,vix_d1,-0.00778547908972199,0.00155808218160569,-0.0108392640506227,-0.00473169412882124,0.146432830449175,252,252,2023-09-28,2024-09-27
2024-09-27,ETH,dxy_ret,0.181745357299638,0.684947588023,-1.16072724652302,1.5242179611223,0.146432830449175,252,252,2023-09-28,2024-09-27
2024-09-27,ETH,real_yield_d1,0.0685032627439244,0.0464265992158945,-0.0224911996439043,0.159497725131753,0.146432830449175,252,252,2023-09-28,2024-09-27
2024-09-27,ETH,gold_ret,0.508708736007754,0.278387323723177,-0.0369203922421654,1.05433786425767,0.146432830449175,252,252,2023-09-28,2024-09-27
2024-10-04,ETH,qqq_ret,0.252653756567567,0.194201843094704,-0.127974861629352,0.633282374764485,0.151817436169224,252,252,2023-10-05,2024-10-04
2024-10-04,ETH,vix_d1,-0.00789627028224047,0.00149121084544197,-0.0108189898326623,-0.00497355073181869,0.151817436169224,252,252,2023-10-05,2024-10-04
2024-10-04,ETH,dxy_ret,-0.0212590245352369,0.695362028361576,-1.38414355634065,1.34162550727017,0.151817436169224,252,252,2023-10-05,2024-10-04
2024-10-04,ETH,real_yield_d1,0.0763325008619063,0.0471539891784997,-0.0160876196553447,0.168752621379157,0.151817436169224,252,252,2023-10-05,2024-10-04
2024-10-04,ETH,gold_ret,0.523245221988049,0.279898333969595,-0.0253454319251207,1.07183587590122,0.151817436169224,252,252,2023-10-05,2024-10-04
2024-10-11,ETH,qqq_ret,0.247769201454858,0.1920893142732,-0.128718936335611,0.624257339245326,0.150835526333313,252,252,2023-10-12,2024-10-11
2024-10-11,ETH,vix_d1,-0.00768739965875665,0.00153323964651416,-0.0106924941455933,-0.00468230517191998,0.150835526333313,252,252,2023-10-12,2024-10-11
2024-10-11,ETH,dxy_ret,-0.0466011442792618,0.708537490270421,-1.43530910690569,1.34210681834716,0.150835526333313,252,252,2023-10-12,2024-10-11
2024-10-11,ETH,real_yield_d1,0.0788654344995964,0.0495676596649529,-0.0182853932416499,0.176016262240843,0.150835526333313,252,252,2023-10-12,2024-10-11
2024-10-11,ETH,gold_ret,0.580024837247219,0.282389800778182,0.0265509981205405,1.1334986763739,0.150835526333313,252,252,2023-10-12,2024-10-11
2024-10-18,ETH,qqq_ret,0.277564660811453,0.191815913736484,-0.0983876217736978,0.653516943396604,0.150638324528752,252,252,2023-10-19,2024-10-18
2024-10-18,ETH,vix_d1,-0.00762000502649596,0.00155514331081993,-0.0106680299065014,-0.00457198014649052,0.150638324528752,252,252,2023-10-19,2024-10-18
2024-10-18,ETH,dxy_ret,0.0388984458335081,0.713012858051163,-1.35858107646074,1.43637796812776,0.150638324528752,252,252,2023-10-19,2024-10-18
2024-10-18,ETH,real_yield_d1,0.083188144456569,0.0508144024535849,-0.0164062542483812,0.182782543161519,0.150638324528752,252,252,2023-10-19,2024-10-18
2024-10-18,ETH,gold_ret,0.543263633264549,0.296685999232005,-0.0382302399474598,1.12475750647656,0.150638324528752,252,252,2023-10-19,2024-10-18
2024-10-25,ETH,qqq_ret,0.321094385154894,0.184417140635454,-0.0403565686224541,0.682545338932243,0.15338928175033,252,252,2023-10-26,2024-10-25
2024-10-25,ETH,vix_d1,-0.00744155806879358,0.00153232391938169,-0.0104448577634309,-0.00443825837415621,0.15338928175033,252,252,2023-10-26,2024-10-25
2024-10-25,ETH,dxy_ret,0.0403541170696471,0.693996731405323,-1.3198544818733,1.4005627160126,0.15338928175033,252,252,2023-10-26,2024-10-25
2024-10-25,ETH,real_yield_d1,0.0800477410933875,0.0510106377392529,-0.0199312717039677,0.180026753890743,0.15338928175033,252,252,2023-10-26,2024-10-25
2024-10-25,ETH,gold_ret,0.544773455906525,0.29556573772788,-0.0345247451041314,1.12407165691718,0.15338928175033,252,252,2023-10-26,2024-10-25
2024-11-01,ETH,qqq_ret,0.344519197357455,0.185795570169977,-0.0196334286627848,0.708671823377695,0.160009192047599,252,252,2023-11-02,2024-11-01
2024-11-01,ETH,vix_d1,-0.0073666885088447,0.0015428981478568,-0.0103907133104576,-0.00434266370723182,0.160009192047599,252,252,2023-11-02,2024-11-01
2024-11-01,ETH,dxy_ret,0.0178046015859168,0.701300126410951,-1.35671838853293,1.39232759170477,0.160009192047599,252,252,2023-11-02,2024-11-01
2024-11-01,ETH,real_yield_d1,0.0869074283056956,0.0520601053203757,-0.0151285031536028,0.188943359764994,0.160009192047599,252,252,2023-11-02,2024-11-01
2024-11-01,ETH,gold_ret,0.588313151912452,0.299134515055556,0.00202027587070763,1.1746060279542,0.160009192047599,252,252,2023-11-02,2024-11-01
2024-11-08,ETH,qqq_ret,0.449171355807411,0.203710766763304,0.0499055896882961,0.848437121926525,0.173422162649501,252,252,2023-11-09,2024-11-08
2024-11-08,ETH,vix_d1,-0.00769523942153894,0.00147174243495542,-0.0105798015885708,-0.00481067725450704,0.173422162649501,252,252,2023-11-09,2024-11-08
2024-11-08,ETH,dxy_ret,0.338473613985609,0.746467741502986,-1.1245762749812,1.80152350295242,0.173422162649501,252,252,2023-11-09,2024-11-08
2024-11-08,ETH,real_yield_d1,0.0672520270412414,0.0545897378230182,-0.0397418930173582,0.174245947099841,0.173422162649501,252,252,2023-11-09,2024-11-08
2024-11-08,ETH,gold_ret,0.44575620554923,0.308232355868255,-0.158368110822482,1.04988052192094,0.173422162649501,252,252,2023-11-09,2024-11-08
2024-11-15,ETH,qqq_ret,0.538858236987905,0.196645265283999,0.153440599300943,0.924275874674867,0.170535157470541,252,252,2023-11-16,2024-11-15
2024-11-15,ETH,vix_d1,-0.00778824017786074,0.00148704944037295,-0.0107028035242222,-0.00487367683149932,0.170535157470541,252,252,2023-11-16,2024-11-15
2024-11-15,ETH,dxy_ret,0.192595647156669,0.763749346758375,-1.30432556570574,1.68951686001908,0.170535157470541,252,252,2023-11-16,2024-11-15
2024-11-15,ETH,real_yield_d1,-0.00256741150116715,0.0500765834079729,-0.10071571144961,0.0955808884472757,0.170535157470541,252,252,2023-11-16,2024-11-15
2024-11-15,ETH,gold_ret,0.147409271736202,0.364027303708957,-0.566071132922578,0.860889676394983,0.170535157470541,252,252,2023-11-16,2024-11-15
2024-11-22,ETH,qqq_ret,0.498518858316787,0.194707331055294,0.116899501922495,0.88013821471108,0.170939988369499,252,252,2023-11-24,2024-11-22
2024-11-22,ETH,vix_d1,-0.00782976499882937,0.00147011108106724,-0.0107111297709944,-0.00494840022666435,0.170939988369499,252,252,2023-11-24,2024-11-22
2024-11-22,ETH,dxy_ret,0.187494568435355,0.763221756877741,-1.3083925872624,1.68338172413311,0.170939988369499,252,252,2023-11-24,2024-11-22
2024-11-22,ETH,real_yield_d1,0.0118785560595458,0.0494921217258293,-0.0851242200415519,0.108881332160643,0.170939988369499,252,252,2023-11-24,2024-11-22
2024-11-22,ETH,gold_ret,0.263363788168331,0.349592062445057,-0.421824063505059,0.94855163984172,0.170939988369499,252,252,2023-11-24,2024-11-22
2024-12-02,ETH,qqq_ret,0.440421773157037,0.198789578752275,0.0508013583006888,0.830042188013385,0.162939478041889,252,252,2023-12-01,2024-12-02
2024-12-02,ETH,vix_d1,-0.00816913467690101,0.00145354391603678,-0.0110180284022804,-0.0053202409515216,0.162939478041889,252,252,2023-12-01,2024-12-02
2024-12-02,ETH,dxy_ret,-0.0992002042207818,0.797286505944888,-1.66185304123254,1.46345263279098,0.162939478041889,252,252,2023-12-01,2024-12-02
2024-12-02,ETH,real_yield_d1,0.000811167734957458,0.0478254026399869,-0.0929248989855436,0.0945472344554585,0.162939478041889,252,252,2023-12-01,2024-12-02
2024-12-02,ETH,gold_ret,0.194738643512727,0.331037336859212,-0.454082614269382,0.843559901294835,0.162939478041889,252,252,2023-12-01,2024-12-02
2024-12-09,ETH,qqq_ret,0.478770411066318,0.200292368620279,0.0862045821923498,0.871336239940286,0.172218731070925,252,252,2023-12-08,2024-12-09
2024-12-09,ETH,vix_d1,-0.00822038008394449,0.00143068934237305,-0.011024479668061,-0.00541628049982803,0.172218731070925,252,252,2023-12-08,2024-12-09
2024-12-09,ETH,dxy_ret,-0.0465167635644557,0.789131487451074,-1.59318605803508,1.50015253090617,0.172218731070925,252,252,2023-12-08,2024-12-09
2024-12-09,ETH,real_yield_d1,-0.0137721347720128,0.0508382192824278,-0.113413213603721,0.0858689440596954,0.172218731070925,252,252,2023-12-08,2024-12-09
2024-12-09,ETH,gold_ret,0.233124300601535,0.338646881714684,-0.430611391036041,0.896859992239111,0.172218731070925,252,252,2023-12-08,2024-12-09
2024-12-16,ETH,qqq_ret,0.566181600729432,0.202420937636145,0.169443853245761,0.962919348213104,0.174563232007321,252,252,2023-12-15,2024-12-16
2024-12-16,ETH,vix_d1,-0.00786429593009928,0.0014330040367452,-0.0106729322318204,-0.00505565962837817,0.174563232007321,252,252,2023-12-15,2024-12-16
2024-12-16,ETH,dxy_ret,0.0314067979785062,0.790373254117588,-1.51769631443569,1.5805099103927,0.174563232007321,252,252,2023-12-15,2024-12-16
2024-12-16,ETH,real_yield_d1,0.00188208914095859,0.050668812731068,-0.0974269589513392,0.101191137233256,0.174563232007321,252,252,2023-12-15,2024-12-16
2024-12-16,ETH,gold_ret,0.17555567189162,0.332544614548483,-0.476219795876161,0.827331139659402,0.174563232007321,252,252,2023-12-15,2024-12-16
2024-12-23,ETH,qqq_ret,0.715519460552627,0.231182794832486,0.262409508835642,1.16862941226961,0.174007708883917,252,252,2023-12-22,2024-12-23
2024-12-23,ETH,vix_d1,-0.00611759770292904,0.00199975600272593,-0.0100370474461396,-0.00219814795971842,0.174007708883917,252,252,2023-12-22,2024-12-23
2024-12-23,ETH,dxy_ret,0.244789661576384,0.788535055552412,-1.30071064785363,1.7902899710064,0.174007708883917,252,252,2023-12-22,2024-12-23
2024-12-23,ETH,real_yield_d1,-0.00817483872090945,0.0542926533287821,-0.114586483870441,0.0982368064286222,0.174007708883917,252,252,2023-12-22,2024-12-23
2024-12-23,ETH,gold_ret,0.134323324597711,0.336591868745547,-0.525384615632593,0.794031264828015,0.174007708883917,252,252,2023-12-22,2024-12-23
2024-12-31,ETH,qqq_ret,0.717926563060648,0.225335019810201,0.276278039777033,1.15957508634426,0.17458074809692,252,252,2024-01-02,2024-12-31
2024-12-31,ETH,vix_d1,-0.00599958504340216,0.00196914376570267,-0.00985903590456097,-0.00214013418224335,0.17458074809692,252,252,2024-01-02,2024-12-31
2024-12-31,ETH,dxy_ret,0.30135997518709,0.784596671746968,-1.23642124382696,1.83914119420114,0.17458074809692,252,252,2024-01-02,2024-12-31
2024-12-31,ETH,real_yield_d1,0.00102761352149373,0.054243970681515,-0.105288615392722,0.10734384243571,0.17458074809692,252,252,2024-01-02,2024-12-31
2024-12-31,ETH,gold_ret,0.124116112336458,0.336169514104117,-0.53476402800794,0.782996252680856,0.17458074809692,252,252,2024-01-02,2024-12-31
2025-01-08,ETH,qqq_ret,0.785092693712061,0.238904022551394,0.316849413749583,1.25333597367454,0.181484858747276,252,252,2024-01-09,2025-01-08
2025-01-08,ETH,vix_d1,-0.00592635264162152,0.0020033767808174,-0.00985289897948742,-0.00199980630375562,0.181484858747276,252,252,2024-01-09,2025-01-08
2025-01-08,ETH,dxy_ret,0.207983860632659,0.778295500847383,-1.31744729035777,1.73341501162309,0.181484858747276,252,252,2024-01-09,2025-01-08
2025-01-08,ETH,real_yield_d1,-0.00491766681380956,0.0546809002043118,-0.11209026185649,0.102254928228871,0.181484858747276,252,252,2024-01-09,2025-01-08
2025-01-08,ETH,gold_ret,0.0779817717292552,0.339698899944613,-0.587815837750062,0.743779381208573,0.181484858747276,252,252,2024-01-09,2025-01-08
2025-01-16,ETH,qqq_ret,0.776409652874988,0.242946623171455,0.300243021293312,1.25257628445666,0.191903558130871,252,252,2024-01-17,2025-01-16
2025-01-16,ETH,vix_d1,-0.00604370091350208,0.00201780378845628,-0.00999852366674486,-0.0020888781602593,0.191903558130871,252,252,2024-01-17,2025-01-16
2025-01-16,ETH,dxy_ret,0.246637166406197,0.802434521625297,-1.32610559593101,1.81937992874341,0.191903558130871,252,252,2024-01-17,2025-01-16
2025-01-16,ETH,real_yield_d1,-0.0180501682406294,0.0529176598489143,-0.121766875690643,0.0856665392093838,0.191903558130871,252,252,2024-01-17,2025-01-16
2025-01-16,ETH,gold_ret,0.126221558567039,0.335213453291922,-0.530784737018428,0.783227854152507,0.191903558130871,252,252,2024-01-17,2025-01-16
2025-01-24,ETH,qqq_ret,0.812168832057351,0.238251817727685,0.345203850059886,1.27913381405482,0.195970417873947,252,252,2024-01-24,2025-01-24
2025-01-24,ETH,vix_d1,-0.00599472571672401,0.00196274347423178,-0.00984163223710931,-0.00214781919633871,0.195970417873947,252,252,2024-01-24,2025-01-24
2025-01-24,ETH,dxy_ret,0.479531024795733,0.748657068898799,-0.987809867017234,1.9468719166087,0.195970417873947,252,252,2024-01-24,2025-01-24
2025-01-24,ETH,real_yield_d1,-0.0198068364920941,0.052665070630326,-0.123028478170791,0.0834148051866029,0.195970417873947,252,252,2024-01-24,2025-01-24
2025-01-24,ETH,gold_ret,0.0677008948517662,0.326645661606596,-0.572512837603421,0.707914627306953,0.195970417873947,252,252,2024-01-24,2025-01-24
2025-01-31,ETH,qqq_ret,0.797861392226471,0.241176220932146,0.32516468527199,1.27055809918095,0.19442543723262,252,252,2024-01-31,2025-01-31
2025-01-31,ETH,vix_d1,-0.00594421463812539,0.00199049230262545,-0.00984550786277548,-0.00204292141347531,0.19442543723262,252,252,2024-01-31,2025-01-31
2025-01-31,ETH,dxy_ret,0.45348344738325,0.744503948396649,-1.00571747782205,1.91268437258855,0.19442543723262,252,252,2024-01-31,2025-01-31
2025-01-31,ETH,real_yield_d1,-0.0180292327010114,0.0525756104140184,-0.121075535577696,0.0850170701756736,0.19442543723262,252,252,2024-01-31,2025-01-31
2025-01-31,ETH,gold_ret,0.0701974719207397,0.324964655578546,-0.566721549261673,0.707116493103153,0.19442543723262,252,252,2024-01-31,2025-01-31
2025-02-07,ETH,qqq_ret,0.803003999235602,0.248096291954267,0.316744202307305,1.2892637961639,0.191195220518613,252,252,2024-02-07,2025-02-07
2025-02-07,ETH,vix_d1,-0.00611438154052794,0.00191937454528647,-0.00987628652213236,-0.00235247655892353,0.191195220518613,252,252,2024-02-07,2025-02-07
2025-02-07,ETH,dxy_ret,0.556414875109415,0.743627708877328,-0.901068652196183,2.01389840241501,0.191195220518613,252,252,2024-02-07,2025-02-07
2025-02-07,ETH,real_yield_d1,0.000713622598250981,0.053836222945456,-0.104803435438512,0.106230680635014,0.191195220518613,252,252,2024-02-07,2025-02-07
2025-02-07,ETH,gold_ret,0.0405945563884945,0.323698719341374,-0.593843275362338,0.675032388139327,0.191195220518613,252,252,2024-02-07,2025-02-07
2025-02-14,ETH,qqq_ret,0.781097275135873,0.249811499831768,0.291475732541674,1.27071881773007,0.194027478292029,252,252,2024-02-14,2025-02-14
2025-02-14,ETH,vix_d1,-0.00629051396810857,0.00188715582177011,-0.00998927141199308,-0.00259175652422406,0.194027478292029,252,252,2024-02-14,2025-02-14
2025-02-14,ETH,dxy_ret,0.60802895160246,0.741098417912939,-0.844497256506515,2.06055515971143,0.194027478292029,252,252,2024-02-14,2025-02-14
2025-02-14,ETH,real_yield_d1,0.00825148601939094,0.0542353280773395,-0.0980478037019084,0.11455077574069,0.194027478292029,252,252,2024-02-14,2025-02-14
2025-02-14,ETH,gold_ret,0.058032827882114,0.316594344894362,-0.562480685819889,0.678546341584117,0.194027478292029,252,252,2024-02-14,2025-02-14
2025-02-24,ETH,qqq_ret,0.806749249965914,0.24980046605473,0.317149333177322,1.29634916675451,0.201602073675273,252,252,2024-02-22,2025-02-24
2025-02-24,ETH,vix_d1,-0.00630713698701045,0.00186999955217397,-0.00997226876037746,-0.00264200521364343,0.201602073675273,252,252,2024-02-22,2025-02-24
2025-02-24,ETH,dxy_ret,0.627628011432095,0.718734136719518,-0.781065010997647,2.03632103386184,0.201602073675273,252,252,2024-02-22,2025-02-24
2025-02-24,ETH,real_yield_d1,0.0118586077603242,0.0525960307711921,-0.0912277182809729,0.114944933801621,0.201602073675273,252,252,2024-02-22,2025-02-24
2025-02-24,ETH,gold_ret,0.0150834821711995,0.313403380469048,-0.599175856181239,0.629342820523638,0.201602073675273,252,252,2024-02-22,2025-02-24
2025-03-03,ETH,qqq_ret,0.80162400329104,0.250727893457935,0.310206362193891,1.29304164438819,0.204622204283272,252,252,2024-02-29,2025-03-03
2025-03-03,ETH,vix_d1,-0.00617566203240347,0.00187767235947441,-0.00985583223173966,-0.00249549183306728,0.204622204283272,252,252,2024-02-29,2025-03-03
2025-03-03,ETH,dxy_ret,0.577199736658661,0.693205992526905,-0.781459042561414,1.93585851587874,0.204622204283272,252,252,2024-02-29,2025-03-03
2025-03-03,ETH,real_yield_d1,0.0280436158179039,0.0525451252352767,-0.0749429372063852,0.131030168842193,0.204622204283272,252,252,2024-02-29,2025-03-03
2025-03-03,ETH,gold_ret,0.0509870821680368,0.308711734030711,-0.554076798137065,0.656050962473139,0.204622204283272,252,252,2024-02-29,2025-03-03
2025-03-10,ETH,qqq_ret,0.857422075754181,0.25735649055162,0.353012623085382,1.36183152842298,0.22570562806942,252,252,2024-03-07,2025-03-10
2025-03-10,ETH,vix_d1,-0.00619730989629024,0.00184043356494442,-0.00980449339951996,-0.00259012639306051,0.22570562806942,252,252,2024-03-07,2025-03-10
2025-03-10,ETH,dxy_ret,0.631070861132581,0.644745339276651,-0.632606783049712,1.89474850531487,0.22570562806942,252,252,2024-03-07,2025-03-10
2025-03-10,ETH,real_yield_d1,0.0410677962297407,0.0540160058707067,-0.0648016298655486,0.14693722232503,0.22570562806942,252,252,2024-03-07,2025-03-10
2025-03-10,ETH,gold_ret,0.0107487131782033,0.296320836773636,-0.570029454766895,0.591526881123302,0.22570562806942,252,252,2024-03-07,2025-03-10
2025-03-17,ETH,qqq_ret,0.888126703882265,0.251468581266445,0.395257341356649,1.38099606640788,0.231049279346713,252,252,2024-03-14,2025-03-17
2025-03-17,ETH,vix_d1,-0.00607648323439025,0.00184224192068122,-0.00968721104973534,-0.00246575541904516,0.231049279346713,252,252,2024-03-14,2025-03-17
2025-03-17,ETH,dxy_ret,0.56713000068616,0.633601803137102,-0.674706714002198,1.80896671537452,0.231049279346713,252,252,2024-03-14,2025-03-17
2025-03-17,ETH,real_yield_d1,0.0420399968350315,0.0541398058061313,-0.0640720726749783,0.148152066345041,0.231049279346713,252,252,2024-03-14,2025-03-17
2025-03-17,ETH,gold_ret,-0.0207785322490799,0.28725058032695,-0.583779324228132,0.542222259729972,0.231049279346713,252,252,2024-03-14,2025-03-17
2025-03-24,ETH,qqq_ret,0.892071362456448,0.249780803783916,0.402509983010506,1.38163274190239,0.246235571641378,252,252,2024-03-21,2025-03-24
2025-03-24,ETH,vix_d1,-0.00615336899796896,0.00184630832202649,-0.00977206681349746,-0.00253467118244045,0.246235571641378,252,252,2024-03-21,2025-03-24
2025-03-24,ETH,dxy_ret,0.371007998209955,0.60459867326758,-0.813983626495202,1.55599962291511,0.246235571641378,252,252,2024-03-21,2025-03-24
2025-03-24,ETH,real_yield_d1,0.053756628798004,0.0545576867332573,-0.053174472278999,0.160687729875007,0.246235571641378,252,252,2024-03-21,2025-03-24
2025-03-24,ETH,gold_ret,-0.0624216093241966,0.277114904073245,-0.60555684088703,0.480713622238636,0.246235571641378,252,252,2024-03-21,2025-03-24
2025-03-31,ETH,qqq_ret,0.911560582421371,0.246223573860263,0.428971245510518,1.39414991933222,0.257269936355369,252,252,2024-03-28,2025-03-31
2025-03-31,ETH,vix_d1,-0.00617209867782143,0.0018491732184815,-0.00979641158722119,-0.00254778576842168,0.257269936355369,252,252,2024-03-28,2025-03-31
2025-03-31,ETH,dxy_ret,0.409220473510523,0.597113736008084,-0.761100943739479,1.57954189076053,0.257269936355369,252,252,2024-03-28,2025-03-31
2025-03-31,ETH,real_yield_d1,0.0396380363836022,0.0541885391348615,-0.0665695486955655,0.14584562146277,0.257269936355369,252,252,2024-03-28,2025-03-31
2025-03-31,ETH,gold_ret,-0.114037384780809,0.274929899640876,-0.652890086350137,0.424815316788519,0.257269936355369,252,252,2024-03-28,2025-03-31
2025-04-07,ETH,qqq_ret,0.743768309576169,0.29135194142446,0.172728997558403,1.31480762159393,0.188097358736118,252,252,2024-04-05,2025-04-07
2025-04-07,ETH,vix_d1,-0.00452117180294693,0.00233493740516487,-0.00909756502322548,5.52214173316183e-05,0.188097358736118,252,252,2024-04-05,2025-04-07
2025-04-07,ETH,dxy_ret,0.852108842641161,0.671095078166601,-0.463213340767469,2.16743102604979,0.188097358736118,252,252,2024-04-05,2025-04-07
2025-04-07,ETH,real_yield_d1,-0.00443769143659924,0.0723530412565409,-0.14624704647136,0.137371663598162,0.188097358736118,252,252,2024-04-05,2025-04-07
2025-04-07,ETH,gold_ret,-0.037552869423849,0.283896411363489,-0.593979611036455,0.518873872188757,0.188097358736118,252,252,2024-04-05,2025-04-07
2025-04-14,ETH,qqq_ret,0.785151906763479,0.281052175455137,0.234299765094777,1.33600404843218,0.24701280419445,252,252,2024-04-12,2025-04-14
2025-04-14,ETH,vix_d1,-0.00424073434733857,0.00208029440284599,-0.00831803645415698,-0.000163432240520171,0.24701280419445,252,252,2024-04-12,2025-04-14
2025-04-14,ETH,dxy_ret,1.23356757054653,0.535663401749791,0.183686595280734,2.28344854581234,0.24701280419445,252,252,2024-04-12,2025-04-14
2025-04-14,ETH,real_yield_d1,-0.0280501666941399,0.0663423616256122,-0.158078806129672,0.101978472741392,0.24701280419445,252,252,2024-04-12,2025-04-14
2025-04-14,ETH,gold_ret,-0.0451738711547061,0.250465746967671,-0.536077714572264,0.445729972262852,0.24701280419445,252,252,2024-04-12,2025-04-14
2025-04-22,ETH,qqq_ret,0.765909547930892,0.272656925944192,0.23151179294487,1.30030730291691,0.247802927234459,252,252,2024-04-19,2025-04-22
2025-04-22,ETH,vix_d1,-0.00422832254985936,0.00207247832792302,-0.00829030543132828,-0.000166339668390448,0.247802927234459,252,252,2024-04-19,2025-04-22
2025-04-22,ETH,dxy_ret,1.35009668202807,0.534941794776998,0.301630030439937,2.3985633336162,0.247802927234459,252,252,2024-04-19,2025-04-22
2025-04-22,ETH,real_yield_d1,-0.0385892179169908,0.0669629130245283,-0.169834115744954,0.0926556799109728,0.247802927234459,252,252,2024-04-19,2025-04-22
2025-04-22,ETH,gold_ret,-0.0342114427139509,0.237204047889887,-0.499122833565244,0.430699948137343,0.247802927234459,252,252,2024-04-19,2025-04-22
2025-04-29,ETH,qqq_ret,0.745086254168675,0.271738711255656,0.21248816690226,1.27768434143509,0.243528410123005,252,252,2024-04-26,2025-04-29
2025-04-29,ETH,vix_d1,-0.00420286597068516,0.00205508848771116,-0.00823076539164193,-0.00017496654972839,0.243528410123005,252,252,2024-04-26,2025-04-29
2025-04-29,ETH,dxy_ret,1.29787022899966,0.534580397808731,0.250111902453454,2.34562855554587,0.243528410123005,252,252,2024-04-26,2025-04-29
2025-04-29,ETH,real_yield_d1,-0.0277347043706518,0.0671880657545111,-0.159420893440403,0.103951484699099,0.243528410123005,252,252,2024-04-26,2025-04-29
2025-04-29,ETH,gold_ret,-0.00113007454788588,0.230717157154493,-0.453327393186161,0.451067244090389,0.243528410123005,252,252,2024-04-26,2025-04-29
2025-05-06,ETH,qqq_ret,0.735352269530296,0.272341890122661,0.201571973408316,1.26913256565228,0.240017463883873,252,252,2024-05-03,2025-05-06
2025-05-06,ETH,vix_d1,-0.00421711310543279,0.00206204391891019,-0.00825864492103659,-0.000175581289828991,0.240017463883873,252,252,2024-05-03,2025-05-06
2025-05-06,ETH,dxy_ret,1.1981138439363,0.528477468729538,0.162317038585515,2.23391064928709,0.240017463883873,252,252,2024-05-03,2025-05-06
2025-05-06,ETH,real_yield_d1,-0.024415978989352,0.0671153613988905,-0.155959670140567,0.107127712161863,0.240017463883873,252,252,2024-05-03,2025-05-06
2025-05-06,ETH,gold_ret,-0.0274774932983587,0.218519992565082,-0.455768808627881,0.400813822031163,0.240017463883873,252,252,2024-05-03,2025-05-06
2025-05-13,ETH,qqq_ret,0.809039120370836,0.273129771109422,0.273714605890701,1.34436363485097,0.233883283697962,252,252,2024-05-10,2025-05-13
2025-05-13,ETH,vix_d1,-0.00407418949583287,0.00203628461151542,-0.00806523399667622,-8.31449949895199e-05,0.233883283697962,252,252,2024-05-10,2025-05-13
2025-05-13,ETH,dxy_ret,1.07068799045137,0.563248630958235,-0.0332590405682571,2.17463502147101,0.233883283697962,252,252,2024-05-10,2025-05-13
2025-05-13,ETH,real_yield_d1,0.00322717755825477,0.072868680476002,-0.139592811775666,0.146047166892176,0.233883283697962,252,252,2024-05-10,2025-05-13
2025-05-13,ETH,gold_ret,-0.145276818290625,0.229626208192094,-0.595335916253627,0.304782279672376,0.233883283697962,252,252,2024-05-10,2025-05-13
2025-05-20,ETH,qqq_ret,0.781153822231662,0.267242156339111,0.257368820656182,1.30493882380714,0.232372736139114,252,252,2024-05-17,2025-05-20
2025-05-20,ETH,vix_d1,-0.00416234287667949,0.00199731086250401,-0.00807700023311798,-0.00024768552024099,0.232372736139114,252,252,2024-05-17,2025-05-20
2025-05-20,ETH,dxy_ret,1.01278952091809,0.561543649762716,-0.0878158083640108,2.11339485020018,0.232372736139114,252,252,2024-05-17,2025-05-20
2025-05-20,ETH,real_yield_d1,0.0166317528550899,0.0753418387154416,-0.131035537556201,0.164299043266381,0.232372736139114,252,252,2024-05-17,2025-05-20
2025-05-20,ETH,gold_ret,-0.111769223397421,0.21749013231983,-0.538042049737139,0.314503602942296,0.232372736139114,252,252,2024-05-17,2025-05-20
2025-05-28,ETH,qqq_ret,0.73313275455331,0.257921146303205,0.227616596947742,1.23864891215888,0.2460597143822,252,252,2024-05-24,2025-05-28
2025-05-28,ETH,vix_d1,-0.00443517950965497,0.00194485153278842,-0.00824701846919779,-0.000623340550112156,0.2460597143822,252,252,2024-05-24,2025-05-28
2025-05-28,ETH,dxy_ret,0.85046929790978,0.538582151640898,-0.20513232202247,1.90607091784203,0.2460597143822,252,252,2024-05-24,2025-05-28
2025-05-28,ETH,real_yield_d1,0.0117189135244781,0.0734741368180804,-0.132287748434128,0.155725575483084,0.2460597143822,252,252,2024-05-24,2025-05-28
2025-05-28,ETH,gold_ret,-0.201928598427686,0.215354239969257,-0.624015152685427,0.220157955830054,0.2460597143822,252,252,2024-05-24,2025-05-28
2025-06-04,ETH,qqq_ret,0.743799911492315,0.261623338264611,0.231027590978538,1.25657223200609,0.245095100424368,252,252,2024-06-03,2025-06-04
2025-06-04,ETH,vix_d1,-0.00437776268013193,0.00196183321169493,-0.00822288511872854,-0.000532640241535324,0.245095100424368,252,252,2024-06-03,2025-06-04
2025-06-04,ETH,dxy_ret,0.825220209137285,0.542581378415079,-0.238219751238367,1.88866016951294,0.245095100424368,252,252,2024-06-03,2025-06-04
2025-06-04,ETH,real_yield_d1,0.0156639337537012,0.0737113972326028,-0.128807750072326,0.160135617579728,0.245095100424368,252,252,2024-06-03,2025-06-04
2025-06-04,ETH,gold_ret,-0.178010842647643,0.21010516157349,-0.589809392297653,0.233787707002367,0.245095100424368,252,252,2024-06-03,2025-06-04
2025-06-11,ETH,qqq_ret,0.761810494727514,0.268455569267158,0.235647247514687,1.28797374194034,0.242239359591449,252,252,2024-06-10,2025-06-11
2025-06-11,ETH,vix_d1,-0.00433663799558593,0.00198954038361599,-0.00823606549326128,-0.000437210497910586,0.242239359591449,252,252,2024-06-10,2025-06-11
2025-06-11,ETH,dxy_ret,0.701669126174729,0.566990035661623,-0.409610923315133,1.81294917566459,0.242239359591449,252,252,2024-06-10,2025-06-11
2025-06-11,ETH,real_yield_d1,0.0199491671158563,0.0761985694550131,-0.129397284689443,0.169295618921156,0.242239359591449,252,252,2024-06-10,2025-06-11
2025-06-11,ETH,gold_ret,-0.220365507506422,0.210640834795038,-0.633213957378149,0.192482942365305,0.242239359591449,252,252,2024-06-10,2025-06-11
2025-06-18,ETH,qqq_ret,0.758862094689399,0.271360626343185,0.227005040234525,1.29071914914427,0.241636581644668,252,252,2024-06-17,2025-06-18
2025-06-18,ETH,vix_d1,-0.00430683218113242,0.0020061429270708,-0.00823880006603096,-0.000374864296233888,0.241636581644668,252,252,2024-06-17,2025-06-18
2025-06-18,ETH,dxy_ret,0.574358407278273,0.587182339098177,-0.576497829712138,1.72521464426869,0.241636581644668,252,252,2024-06-17,2025-06-18
2025-06-18,ETH,real_yield_d1,0.0125094951335119,0.0754940722002211,-0.135456167425188,0.160475157692212,0.241636581644668,252,252,2024-06-17,2025-06-18
2025-06-18,ETH,gold_ret,-0.239467593228916,0.209348306614482,-0.64978273441775,0.170847547959917,0.241636581644668,252,252,2024-06-17,2025-06-18
2025-06-26,ETH,qqq_ret,0.740318028131033,0.272659576643883,0.205915077869084,1.27472097839298,0.241133806759661,252,252,2024-06-25,2025-06-26
2025-06-26,ETH,vix_d1,-0.00439512642965053,0.00199373010897252,-0.0083027656381298,-0.000487487221171269,0.241133806759661,252,252,2024-06-25,2025-06-26
2025-06-26,ETH,dxy_ret,0.54990091818932,0.583004788791458,-0.592767470656318,1.69256930703496,0.241133806759661,252,252,2024-06-25,2025-06-26
2025-06-26,ETH,real_yield_d1,0.0155406463979216,0.0760204707410542,-0.133456738342326,0.164538031138169,0.241133806759661,252,252,2024-06-25,2025-06-26
2025-06-26,ETH,gold_ret,-0.236593756040848,0.210142300974554,-0.648465097579351,0.175277585497655,0.241133806759661,252,252,2024-06-25,2025-06-26
2025-07-03,ETH,qqq_ret,0.768875524101277,0.276819987521354,0.226318318358597,1.31143272984396,0.240532030002854,252,252,2024-07-02,2025-07-03
2025-07-03,ETH,vix_d1,-0.00425357338069007,0.00202356851303176,-0.00821969478648158,-0.000287451974898554,0.240532030002854,252,252,2024-07-02,2025-07-03
2025-07-03,ETH,dxy_ret,0.565215696465216,0.588767475663317,-0.588747351103448,1.71917874403388,0.240532030002854,252,252,2024-07-02,2025-07-03
2025-07-03,ETH,real_yield_d1,0.0166046941068592,0.0780117085629221,-0.136295445048903,0.169504833262622,0.240532030002854,252,252,2024-07-02,2025-07-03
2025-07-03,ETH,gold_ret,-0.231842431925438,0.208267987978969,-0.640040187496839,0.176355323645963,0.240532030002854,252,252,2024-07-02,2025-07-03
2025-07-11,ETH,qqq_ret,0.842663862724963,0.279882121555756,0.29410498455902,1.39122274089091,0.246281993258042,252,252,2024-07-10,2025-07-11
2025-07-11,ETH,vix_d1,-0.00390422115279616,0.00213819096006989,-0.00809499842660226,0.000286556121009953,0.246281993258042,252,252,2024-07-10,2025-07-11
2025-07-11,ETH,dxy_ret,0.60132102997993,0.589577590207783,-0.55422981291924,1.7568718728791,0.246281993258042,252,252,2024-07-10,2025-07-11
2025-07-11,ETH,real_yield_d1,-0.00932708657913413,0.0751340477871678,-0.156587114254694,0.137932941096426,0.246281993258042,252,252,2024-07-10,2025-07-11
2025-07-11,ETH,gold_ret,-0.188237417772853,0.207573450501916,-0.595073904903316,0.21859906935761,0.246281993258042,252,252,2024-07-10,2025-07-11
2025-07-18,ETH,qqq_ret,0.845679519052782,0.287800869277339,0.281600180549877,1.40975885755569,0.250170545916954,252,252,2024-07-17,2025-07-18
2025-07-18,ETH,vix_d1,-0.00394753843283528,0.00215425738417289,-0.00816980531924361,0.000274728453573057,0.250170545916954,252,252,2024-07-17,2025-07-18
2025-07-18,ETH,dxy_ret,0.614823585541059,0.574086909247267,-0.510366080579499,1.74001325166162,0.250170545916954,252,252,2024-07-17,2025-07-18
2025-07-18,ETH,real_yield_d1,-0.0138055269489066,0.074458643357017,-0.159741786266372,0.132130732368559,0.250170545916954,252,252,2024-07-17,2025-07-18
2025-07-18,ETH,gold_ret,-0.210597424470496,0.208876186168987,-0.619987226589795,0.198792377648802,0.250170545916954,252,252,2024-07-17,2025-07-18
2025-07-25,ETH,qqq_ret,0.902363094247198,0.303210696087927,0.308081050187542,1.49664513830685,0.249343359590973,252,252,2024-07-24,2025-07-25
2025-07-25,ETH,vix_d1,-0.0036551354127924,0.00226624744644042,-0.0080968987878715,0.000786627962286693,0.249343359590973,252,252,2024-07-24,2025-07-25
2025-07-25,ETH,dxy_ret,0.493040009125093,0.587322891600021,-0.658091705706871,1.64417172395706,0.249343359590973,252,252,2024-07-24,2025-07-25
2025-07-25,ETH,real_yield_d1,-0.0248900817688485,0.0751785381593516,-0.172237308971548,0.122457145433851,0.249343359590973,252,252,2024-07-24,2025-07-25
2025-07-25,ETH,gold_ret,-0.157318180915075,0.214169649636995,-0.577082980785147,0.262446618954997,0.249343359590973,252,252,2024-07-24,2025-07-25
2025-08-01,ETH,qqq_ret,0.891975201801146,0.311430896820894,0.281581860359185,1.50236854324311,0.250406364180805,252,252,2024-07-31,2025-08-01
2025-08-01,ETH,vix_d1,-0.00377240188244554,0.00223103781866958,-0.00814515565518472,0.000600351890293636,0.250406364180805,252,252,2024-07-31,2025-08-01
2025-08-01,ETH,dxy_ret,0.511837578108984,0.52737348372543,-0.52179545639428,1.54547061261225,0.250406364180805,252,252,2024-07-31,2025-08-01
2025-08-01,ETH,real_yield_d1,-0.0207383873718567,0.0724104327137602,-0.162660227595788,0.121183452852074,0.250406364180805,252,252,2024-07-31,2025-08-01
2025-08-01,ETH,gold_ret,-0.203012930233389,0.208884728151139,-0.612419474330061,0.206393613863283,0.250406364180805,252,252,2024-07-31,2025-08-01
2025-08-08,ETH,qqq_ret,1.35428006573561,0.253814347098133,0.856813086663716,1.8517470448075,0.230683136686273,252,252,2024-08-07,2025-08-08
2025-08-08,ETH,vix_d1,-0.000239369187270827,0.00152581177730964,-0.00322990531798477,0.00275116694344312,0.230683136686273,252,252,2024-08-07,2025-08-08
2025-08-08,ETH,dxy_ret,0.550008348608598,0.529957513901054,-0.488689291973853,1.58870598919105,0.230683136686273,252,252,2024-08-07,2025-08-08
2025-08-08,ETH,real_yield_d1,-0.0486066894709548,0.0784164700394266,-0.202300146542995,0.105086767601085,0.230683136686273,252,252,2024-08-07,2025-08-08
2025-08-08,ETH,gold_ret,-0.205904627868918,0.198831246297427,-0.595606709613088,0.183797453875253,0.230683136686273,252,252,2024-08-07,2025-08-08
2025-08-15,ETH,qqq_ret,1.27593047969832,0.253221633465183,0.779625198000161,1.77223576139648,0.22687894725381,252,252,2024-08-14,2025-08-15
2025-08-15,ETH,vix_d1,-0.000656847156012574,0.00152051875889663,-0.00363700916126752,0.00232331484924237,0.22687894725381,252,252,2024-08-14,2025-08-15
2025-08-15,ETH,dxy_ret,0.552632638964326,0.508353902019691,-0.443722700394671,1.54898797832332,0.22687894725381,252,252,2024-08-14,2025-08-15
2025-08-15,ETH,real_yield_d1,-0.0519723572877992,0.0781392593334346,-0.205122491359966,0.101177776784368,0.22687894725381,252,252,2024-08-14,2025-08-15
2025-08-15,ETH,gold_ret,-0.304943759695111,0.180351359855714,-0.658425929575134,0.0485384101849115,0.22687894725381,252,252,2024-08-14,2025-08-15
2025-08-22,ETH,qqq_ret,1.39225604919937,0.26126850232319,0.880179194351198,1.90433290404754,0.234913792825688,252,252,2024-08-21,2025-08-22
2025-08-22,ETH,vix_d1,-0.000241198015613394,0.00160106784346533,-0.00337923332561065,0.00289683729438386,0.234913792825688,252,252,2024-08-21,2025-08-22
2025-08-22,ETH,dxy_ret,0.605637321477926,0.533119970348251,-0.439258619843707,1.65053326279956,0.234913792825688,252,252,2024-08-21,2025-08-22
2025-08-22,ETH,real_yield_d1,-0.0696164388487854,0.0798976433249196,-0.226212942215255,0.0869800645176841,0.234913792825688,252,252,2024-08-21,2025-08-22
2025-08-22,ETH,gold_ret,-0.249342104887906,0.194154482024207,-0.62987789709238,0.131193687316569,0.234913792825688,252,252,2024-08-21,2025-08-22
2025-08-29,ETH,qqq_ret,1.3955065549266,0.266509428778363,0.873157672980663,1.91785543687253,0.235560352700162,252,252,2024-08-28,2025-08-29
2025-08-29,ETH,vix_d1,-0.000314211696882683,0.00164390093366886,-0.00353619832102543,0.00290777492726006,0.235560352700162,252,252,2024-08-28,2025-08-29
2025-08-29,ETH,dxy_ret,0.654872286387585,0.527688312991953,-0.379377802139343,1.68912237491451,0.235560352700162,252,252,2024-08-28,2025-08-29
2025-08-29,ETH,real_yield_d1,-0.0686330502544691,0.0817231852630377,-0.228807550071917,0.0915414495629793,0.235560352700162,252,252,2024-08-28,2025-08-29
2025-08-29,ETH,gold_ret,-0.226369733012201,0.196923442284208,-0.612332587600901,0.159593121576499,0.235560352700162,252,252,2024-08-28,2025-08-29
2025-09-08,ETH,qqq_ret,1.40466469950776,0.268279119165013,0.878847288140204,1.93048211087532,0.233666410119746,252,252,2024-09-05,2025-09-08
2025-09-08,ETH,vix_d1,-0.000311519248451178,0.00169292649594152,-0.00362959420897016,0.0030065557120678,0.233666410119746,252,252,2024-09-05,2025-09-08
2025-09-08,ETH,dxy_ret,0.711337632120009,0.528572610539188,-0.324645647751117,1.74732091199113,0.233666410119746,252,252,2024-09-05,2025-09-08
2025-09-08,ETH,real_yield_d1,-0.0628816968629722,0.0812780645087084,-0.222183776033164,0.0964203823072194,0.233666410119746,252,252,2024-09-05,2025-09-08
2025-09-08,ETH,gold_ret,-0.196019155725776,0.195617758425662,-0.579422916976531,0.187384605524979,0.233666410119746,252,252,2024-09-05,2025-09-08
2025-09-15,ETH,qqq_ret,1.38336341488309,0.274358547184404,0.845630543550923,1.92109628621525,0.229240944029742,252,252,2024-09-12,2025-09-15
2025-09-15,ETH,vix_d1,-0.000440583370069533,0.00168777772757686,-0.00374856693002903,0.00286740018988996,0.229240944029742,252,252,2024-09-12,2025-09-15
2025-09-15,ETH,dxy_ret,0.722127951871577,0.529905937187318,-0.31646860020951,1.76072450395266,0.229240944029742,252,252,2024-09-12,2025-09-15
2025-09-15,ETH,real_yield_d1,-0.0603323653456502,0.0813231727052342,-0.21972285495644,0.0990581242651395,0.229240944029742,252,252,2024-09-12,2025-09-15
2025-09-15,ETH,gold_ret,-0.215040038577938,0.1935710205332,-0.594432267273674,0.164352190117797,0.229240944029742,252,252,2024-09-12,2025-09-15
2025-09-22,ETH,qqq_ret,1.31434437083674,0.280248090039545,0.765068207623096,1.86362053405039,0.227938963275207,252,252,2024-09-19,2025-09-22
2025-09-22,ETH,vix_d1,-0.000835825061531844,0.00177036425751441,-0.00430567524577708,0.00263402512271339,0.227938963275207,252,252,2024-09-19,2025-09-22
2025-09-22,ETH,dxy_ret,0.748009339482168,0.517972197005588,-0.267197511641871,1.76321619060621,0.227938963275207,252,252,2024-09-19,2025-09-22
2025-09-22,ETH,real_yield_d1,-0.0698540144838088,0.0809683464258771,-0.22854905736629,0.0888410283986728,0.227938963275207,252,252,2024-09-19,2025-09-22
2025-09-22,ETH,gold_ret,-0.263117280100701,0.201125180768016,-0.657315390790121,0.131080830588719,0.227938963275207,252,252,2024-09-19,2025-09-22
2025-09-29,ETH,qqq_ret,1.35760694383066,0.281271192614985,0.806325536416661,1.90888835124466,0.228100653580703,252,252,2024-09-26,2025-09-29
2025-09-29,ETH,vix_d1,-0.000626765706506905,0.00174253522328973,-0.00404207198594724,0.00278854057293344,0.228100653580703,252,252,2024-09-26,2025-09-29
2025-09-29,ETH,dxy_ret,0.757803255911036,0.520971825483557,-0.263282758996822,1.77888927081889,0.228100653580703,252,252,2024-09-26,2025-09-29
2025-09-29,ETH,real_yield_d1,-0.0721778104749842,0.0813673694455888,-0.231654924105103,0.0872993031551347,0.228100653580703,252,252,2024-09-26,2025-09-29
2025-09-29,ETH,gold_ret,-0.257316795734977,0.20236201835247,-0.653939063544652,0.139305472074699,0.228100653580703,252,252,2024-09-26,2025-09-29
2025-10-06,ETH,qqq_ret,1.36877160149989,0.279691168644563,0.820586984162633,1.91695621883716,0.231068160373574,252,252,2024-10-03,2025-10-06
2025-10-06,ETH,vix_d1,-0.000578876105635743,0.00175036689821319,-0.00400953218586469,0.0028517799745932,0.231068160373574,252,252,2024-10-03,2025-10-06
2025-10-06,ETH,dxy_ret,0.960885683857189,0.501951350945317,-0.0229208859868575,1.94469225370124,0.231068160373574,252,252,2024-10-03,2025-10-06
2025-10-06,ETH,real_yield_d1,-0.0736897553737275,0.0823690869233189,-0.235130199182882,0.0877506884354266,0.231068160373574,252,252,2024-10-03,2025-10-06
2025-10-06,ETH,gold_ret,-0.223323152000401,0.199709877316655,-0.614747318897958,0.168101014897155,0.231068160373574,252,252,2024-10-03,2025-10-06
2025-10-13,ETH,qqq_ret,1.46704077688638,0.297648024655283,0.88366136849253,2.05042018528022,0.25229520813847,252,252,2024-10-10,2025-10-13
2025-10-13,ETH,vix_d1,-0.000618429640785287,0.0019190451941488,-0.00437968910602161,0.00314282982445104,0.25229520813847,252,252,2024-10-10,2025-10-13
2025-10-13,ETH,dxy_ret,1.07534693037727,0.511500944279534,0.0728235015311502,2.07787035922338,0.25229520813847,252,252,2024-10-10,2025-10-13
2025-10-13,ETH,real_yield_d1,-0.0632709680492647,0.0844748389442707,-0.228838609979857,0.102296673881327,0.25229520813847,252,252,2024-10-10,2025-10-13
2025-10-13,ETH,gold_ret,-0.180283050246559,0.198121452516919,-0.568593961744482,0.208027861251364,0.25229520813847,252,252,2024-10-10,2025-10-13
2025-10-20,ETH,qqq_ret,1.45425259401643,0.286507215822531,0.892708769693424,2.01579641833943,0.251621148297902,252,252,2024-10-17,2025-10-20
2025-10-20,ETH,vix_d1,-0.000665526455565801,0.00169690580231575,-0.00399140071326172,0.00266034780213012,0.251621148297902,252,252,2024-10-17,2025-10-20
2025-10-20,ETH,dxy_ret,1.07237942043048,0.509288335801611,0.074192624512984,2.07056621634798,0.251621148297902,252,252,2024-10-17,2025-10-20
2025-10-20,ETH,real_yield_d1,-0.0648752791373162,0.0816798297858208,-0.224964803780887,0.0952142455062546,0.251621148297902,252,252,2024-10-17,2025-10-20
2025-10-20,ETH,gold_ret,-0.177599254378236,0.185863514845524,-0.541885049515488,0.186686540759015,0.251621148297902,252,252,2024-10-17,2025-10-20
2025-10-27,ETH,qqq_ret,1.4714820080871,0.287056464609102,0.908861675923868,2.03410234025034,0.251341029417493,252,252,2024-10-24,2025-10-27
2025-10-27,ETH,vix_d1,-0.000575774601988169,0.00173970218565027,-0.00398552822968832,0.00283397902571198,0.251341029417493,252,252,2024-10-24,2025-10-27
2025-10-27,ETH,dxy_ret,1.10348401637095,0.521909999307165,0.0805592145575766,2.12640881818431,0.251341029417493,252,252,2024-10-24,2025-10-27
2025-10-27,ETH,real_yield_d1,-0.0604313725261225,0.0840911958964049,-0.225247087899978,0.104384342847733,0.251341029417493,252,252,2024-10-24,2025-10-27
2025-10-27,ETH,gold_ret,-0.11346459787574,0.177999864751067,-0.462337922040832,0.235408726289351,0.251341029417493,252,252,2024-10-24,2025-10-27
2025-11-03,ETH,qqq_ret,1.46657549496054,0.285134390131458,0.907722359549087,2.02542863037199,0.247991744877107,252,252,2024-10-31,2025-11-03
2025-11-03,ETH,vix_d1,-0.000550753653315092,0.00169949748886974,-0.00388170752331605,0.00278020021668587,0.247991744877107,252,252,2024-10-31,2025-11-03
2025-11-03,ETH,dxy_ret,1.03611477334557,0.529624764658661,-0.0019306907059129,2.07416023739704,0.247991744877107,252,252,2024-10-31,2025-11-03
2025-11-03,ETH,real_yield_d1,-0.0612698246155515,0.0835464739253373,-0.225017904544527,0.102478255313424,0.247991744877107,252,252,2024-10-31,2025-11-03
2025-11-03,ETH,gold_ret,-0.106462067221443,0.180417628067132,-0.460074120409165,0.247149985966279,0.247991744877107,252,252,2024-10-31,2025-11-03
2025-11-10,ETH,qqq_ret,1.4684632382014,0.274097603079731,0.93124180791637,2.00568466848643,0.237895027013763,252,252,2024-11-07,2025-11-10
2025-11-10,ETH,vix_d1,-0.000373448308683877,0.00172876761326127,-0.00376177056831524,0.00301487395094749,0.237895027013763,252,252,2024-11-07,2025-11-10
2025-11-10,ETH,dxy_ret,0.801752958324144,0.516463097471509,-0.210496112064014,1.8140020287123,0.237895027013763,252,252,2024-11-07,2025-11-10
2025-11-10,ETH,real_yield_d1,-0.0595238331998441,0.0865700556214364,-0.229198024357489,0.110150357957801,0.237895027013763,252,252,2024-11-07,2025-11-10
2025-11-10,ETH,gold_ret,-0.027046037904639,0.172383698947087,-0.364911879362724,0.310819803553446,0.237895027013763,252,252,2024-11-07,2025-11-10
2025-11-17,ETH,qqq_ret,1.45548526965386,0.281880672042754,0.903009304512117,2.00796123479561,0.246171061215765,252,252,2024-11-14,2025-11-17
2025-11-17,ETH,vix_d1,-0.000457062726312747,0.00180946067268789,-0.00400354047622264,0.00308941502359714,0.246171061215765,252,252,2024-11-14,2025-11-17
2025-11-17,ETH,dxy_ret,0.780769185130923,0.524429915526668,-0.24709456171673,1.80863293197858,0.246171061215765,252,252,2024-11-14,2025-11-17
2025-11-17,ETH,real_yield_d1,-0.0459516793211878,0.0892779048564812,-0.220933157455085,0.129029798812709,0.246171061215765,252,252,2024-11-14,2025-11-17
2025-11-17,ETH,gold_ret,0.0589387823473271,0.162808763069836,-0.260160529637066,0.37803809433172,0.246171061215765,252,252,2024-11-14,2025-11-17
2025-11-24,ETH,qqq_ret,1.5793197927409,0.281557275459819,1.02747767325443,2.13116191222737,0.254421980524876,252,252,2024-11-21,2025-11-24
2025-11-24,ETH,vix_d1,0.000254954663066333,0.0017893046188206,-0.00325201794719322,0.00376192727332589,0.254421980524876,252,252,2024-11-21,2025-11-24
2025-11-24,ETH,dxy_ret,0.812306374409585,0.523534542439041,-0.213802473433592,1.83841522225276,0.254421980524876,252,252,2024-11-21,2025-11-24
2025-11-24,ETH,real_yield_d1,-0.0475147036246603,0.0901079285881104,-0.224122998378864,0.129093591129543,0.254421980524876,252,252,2024-11-21,2025-11-24
2025-11-24,ETH,gold_ret,0.0814484506487804,0.164295258898224,-0.240564339622423,0.403461240919984,0.254421980524876,252,252,2024-11-21,2025-11-24
2025-12-02,ETH,qqq_ret,1.65813417934448,0.283775838000994,1.10194375717986,2.2143246015091,0.270708566801306,252,252,2024-11-29,2025-12-02
2025-12-02,ETH,vix_d1,0.000553013845167178,0.00179945705724912,-0.00297385717876752,0.00407988486910188,0.270708566801306,252,252,2024-11-29,2025-12-02
2025-12-02,ETH,dxy_ret,0.989502567512145,0.491212702134431,0.0267433625800587,1.95226177244423,0.270708566801306,252,252,2024-11-29,2025-12-02
2025-12-02,ETH,real_yield_d1,-0.049239536661709,0.090143394262031,-0.225917342859484,0.127438269536066,0.270708566801306,252,252,2024-11-29,2025-12-02
2025-12-02,ETH,gold_ret,0.0822639303810489,0.162509151729198,-0.236248154166335,0.400776014928432,0.270708566801306,252,252,2024-11-29,2025-12-02
2025-12-09,ETH,qqq_ret,1.65576897971439,0.287988821485347,1.09132126165297,2.2202166977758,0.263636904335806,252,252,2024-12-06,2025-12-09
2025-12-09,ETH,vix_d1,0.000573267171742091,0.00183110076891203,-0.00301562438738909,0.00416215873087327,0.263636904335806,252,252,2024-12-06,2025-12-09
2025-12-09,ETH,dxy_ret,0.949550579368636,0.50019195498133,-0.0308076377514497,1.92990879648872,0.263636904335806,252,252,2024-12-06,2025-12-09
2025-12-09,ETH,real_yield_d1,-0.0530709634224965,0.0919652996752605,-0.23331963861344,0.127177711768447,0.263636904335806,252,252,2024-12-06,2025-12-09
2025-12-09,ETH,gold_ret,0.0824045513622827,0.164391702695257,-0.239797265277638,0.404606368002203,0.263636904335806,252,252,2024-12-06,2025-12-09
2025-12-16,ETH,qqq_ret,1.64856348098106,0.28786122992712,1.0843658377785,2.21276112418362,0.263678211700074,252,252,2024-12-13,2025-12-16
2025-12-16,ETH,vix_d1,0.000619245480440942,0.00182052695307969,-0.00294892178047969,0.00418741274136158,0.263678211700074,252,252,2024-12-13,2025-12-16
2025-12-16,ETH,dxy_ret,0.943576421671953,0.497074819107409,-0.0306723214003307,1.91782516474424,0.263678211700074,252,252,2024-12-13,2025-12-16
2025-12-16,ETH,real_yield_d1,-0.0546542944879672,0.0919934861918726,-0.23495821423632,0.125649625260386,0.263678211700074,252,252,2024-12-13,2025-12-16
2025-12-16,ETH,gold_ret,0.104665782239206,0.165897423818405,-0.220487193572845,0.429818758051257,0.263678211700074,252,252,2024-12-13,2025-12-16
2025-12-23,ETH,qqq_ret,1.5858187600554,0.296646935556112,1.00440145024125,2.16723606986955,0.258065945323585,252,252,2024-12-20,2025-12-23
2025-12-23,ETH,vix_d1,0.000247534692421899,0.00219897917863324,-0.00406238530045273,0.00455745468529652,0.258065945323585,252,252,2024-12-20,2025-12-23
2025-12-23,ETH,dxy_ret,1.04087598245353,0.500843272483839,0.0592412064860217,2.02251075842103,0.258065945323585,252,252,2024-12-20,2025-12-23
2025-12-23,ETH,real_yield_d1,-0.0321805701500975,0.0940004009351035,-0.216417970515225,0.152056830215031,0.258065945323585,252,252,2024-12-20,2025-12-23
2025-12-23,ETH,gold_ret,0.0961363830631652,0.167603529786626,-0.232360499000408,0.424633265126738,0.258065945323585,252,252,2024-12-20,2025-12-23
2025-12-31,ETH,qqq_ret,1.60689501080966,0.305262907774524,1.00859070575562,2.2051993158637,0.258808593080241,252,252,2024-12-30,2025-12-31
2025-12-31,ETH,vix_d1,0.000376794855400914,0.00231479645500838,-0.00416012282795651,0.00491371253875834,0.258808593080241,252,252,2024-12-30,2025-12-31
2025-12-31,ETH,dxy_ret,1.06943532199523,0.502303913770077,0.084937741712367,2.0539329022781,0.258808593080241,252,252,2024-12-30,2025-12-31
2025-12-31,ETH,real_yield_d1,-0.03128315093753,0.0947613555642429,-0.21701199496964,0.15444569309458,0.258808593080241,252,252,2024-12-30,2025-12-31
2025-12-31,ETH,gold_ret,0.0781643025849264,0.158905786990611,-0.233285316851665,0.389613922021518,0.258808593080241,252,252,2024-12-30,2025-12-31
2026-01-08,ETH,qqq_ret,1.58287119080867,0.300904326354343,0.993109548361876,2.17263283325547,0.256969584181612,252,252,2025-01-07,2026-01-08
2026-01-08,ETH,vix_d1,0.000200622296325753,0.00230820058904934,-0.0043233677273051,0.0047246123199566,0.256969584181612,252,252,2025-01-07,2026-01-08
2026-01-08,ETH,dxy_ret,1.05808803830243,0.521326903356908,0.0363060835510938,2.07986999305376,0.256969584181612,252,252,2025-01-07,2026-01-08
2026-01-08,ETH,real_yield_d1,-0.0278234027117922,0.0946801510634051,-0.213393088846878,0.157746283423294,0.256969584181612,252,252,2025-01-07,2026-01-08
2026-01-08,ETH,gold_ret,0.107001058494045,0.156428755501505,-0.199593668435328,0.413595785423417,0.256969584181612,252,252,2025-01-07,2026-01-08
2026-01-15,ETH,qqq_ret,1.53492893938184,0.292383632372604,0.961867550262533,2.10799032850114,0.248480024562822,252,252,2025-01-15,2026-01-15
2026-01-15,ETH,vix_d1,9.36947338700036e-05,0.00222691133192557,-0.00427097127346824,0.00445836074120824,0.248480024562822,252,252,2025-01-15,2026-01-15
2026-01-15,ETH,dxy_ret,1.13465738682113,0.519290402726629,0.116866899959633,2.15244787368262,0.248480024562822,252,252,2025-01-15,2026-01-15
2026-01-15,ETH,real_yield_d1,-0.030314678780076,0.094561774341484,-0.215652350803588,0.155022993243437,0.248480024562822,252,252,2025-01-15,2026-01-15
2026-01-15,ETH,gold_ret,0.106903273932438,0.155827061571183,-0.198512154563786,0.412318702428662,0.248480024562822,252,252,2025-01-15,2026-01-15
2026-01-23,ETH,qqq_ret,1.53306225423589,0.296816798164377,0.951312019827215,2.11481248864456,0.252701634893961,252,252,2025-01-23,2026-01-23
2026-01-23,ETH,vix_d1,-5.94513773487285e-05,0.00222476633463274,-0.00441991326724608,0.00430101051254862,0.252701634893961,252,252,2025-01-23,2026-01-23
2026-01-23,ETH,dxy_ret,1.14200461284759,0.526991534449038,0.109120185169972,2.1748890405252,0.252701634893961,252,252,2025-01-23,2026-01-23
2026-01-23,ETH,real_yield_d1,-0.0376918856144819,0.0955105208860129,-0.224889066695728,0.149505295466764,0.252701634893961,252,252,2025-01-23,2026-01-23
2026-01-23,ETH,gold_ret,0.0563641010966971,0.163182317506642,-0.263467364130101,0.376195566323496,0.252701634893961,252,252,2025-01-23,2026-01-23
2026-01-30,ETH,qqq_ret,1.62264764977167,0.29360075184634,1.04720075031896,2.19809454922438,0.258168421768765,252,252,2025-01-30,2026-01-30
2026-01-30,ETH,vix_d1,0.000337679070453423,0.00224861934938991,-0.00406953386929069,0.00474489201019753,0.258168421768765,252,252,2025-01-30,2026-01-30
2026-01-30,ETH,dxy_ret,1.13546363767712,0.509544296446243,0.136775168114688,2.13415210723956,0.258168421768765,252,252,2025-01-30,2026-01-30
2026-01-30,ETH,real_yield_d1,-0.0392176965297973,0.0974891525598212,-0.230292924430378,0.151857531370783,0.258168421768765,252,252,2025-01-30,2026-01-30
2026-01-30,ETH,gold_ret,0.119437724160521,0.12142625327547,-0.118553359037039,0.357428807358081,0.258168421768765,252,252,2025-01-30,2026-01-30
2026-02-06,ETH,qqq_ret,1.65439041319031,0.277519217500129,1.11046274187232,2.1983180845083,0.265433555024138,252,252,2025-02-06,2026-02-06
2026-02-06,ETH,vix_d1,0.000220142794104806,0.00252976503811833,-0.00473810556995571,0.00517839115816532,0.265433555024138,252,252,2025-02-06,2026-02-06
2026-02-06,ETH,dxy_ret,0.909978674033377,0.533769377771845,-0.136190082449794,1.95614743051655,0.265433555024138,252,252,2025-02-06,2026-02-06
2026-02-06,ETH,real_yield_d1,-0.0580660067453698,0.0955301444273789,-0.245301649260942,0.129169635770203,0.265433555024138,252,252,2025-02-06,2026-02-06
2026-02-06,ETH,gold_ret,0.293824720490364,0.169445143783827,-0.0382816586811474,0.625931099661875,0.265433555024138,252,252,2025-02-06,2026-02-06
2026-02-13,ETH,qqq_ret,1.67569308244254,0.278619667126227,1.12960856949059,2.22177759539448,0.263921758808421,252,252,2025-02-13,2026-02-13
2026-02-13,ETH,vix_d1,0.00044569725189808,0.0024815172593799,-0.00441798720350106,0.00530938170729722,0.263921758808421,252,252,2025-02-13,2026-02-13
2026-02-13,ETH,dxy_ret,0.86351561565869,0.534286583249304,-0.183666844932907,1.91069807625029,0.263921758808421,252,252,2025-02-13,2026-02-13
2026-02-13,ETH,real_yield_d1,-0.0770841039510093,0.094375440887455,-0.26205656911551,0.107888361213491,0.263921758808421,252,252,2025-02-13,2026-02-13
2026-02-13,ETH,gold_ret,0.278346824288735,0.159799573934642,-0.0348545853680093,0.591548233945479,0.263921758808421,252,252,2025-02-13,2026-02-13
2026-02-23,ETH,qqq_ret,1.72352402409629,0.281026154022261,1.17272288349885,2.27432516469373,0.267526219063727,252,252,2025-02-21,2026-02-23
2026-02-23,ETH,vix_d1,0.000674021182094041,0.0024868611926494,-0.00420013719004912,0.0055481795542372,0.267526219063727,252,252,2025-02-21,2026-02-23
2026-02-23,ETH,dxy_ret,0.778711625556082,0.547255425251889,-0.293889298281772,1.85131254939394,0.267526219063727,252,252,2025-02-21,2026-02-23
2026-02-23,ETH,real_yield_d1,-0.0791696535880882,0.0962760067852295,-0.267867159462472,0.109527852286295,0.267526219063727,252,252,2025-02-21,2026-02-23
2026-02-23,ETH,gold_ret,0.265241460490758,0.156475378385034,-0.0414446456111849,0.571927566592701,0.267526219063727,252,252,2025-02-21,2026-02-23
2026-03-02,ETH,qqq_ret,1.82980926366825,0.288096459750659,1.26515057848346,2.39446794885304,0.272910843683586,252,252,2025-02-28,2026-03-02
2026-03-02,ETH,vix_d1,0.00110762769195089,0.00244972583708491,-0.00369374672073277,0.00590900210463455,0.272910843683586,252,252,2025-02-28,2026-03-02
2026-03-02,ETH,dxy_ret,0.836219083880419,0.553656344593769,-0.248927411335466,1.9213655790963,0.272910843683586,252,252,2025-02-28,2026-03-02
2026-03-02,ETH,real_yield_d1,-0.0837633426328695,0.095971769959398,-0.271864555285853,0.104337870020114,0.272910843683586,252,252,2025-02-28,2026-03-02
2026-03-02,ETH,gold_ret,0.277915179593434,0.155686967574548,-0.0272256697149358,0.583056028901803,0.272910843683586,252,252,2025-02-28,2026-03-02
2026-03-09,ETH,qqq_ret,1.87713707615006,0.292725262582512,1.3034061041233,2.45086804817681,0.283945940905728,252,252,2025-03-07,2026-03-09
2026-03-09,ETH,vix_d1,0.00102252760813148,0.00232977936262299,-0.00354375603453426,0.00558881125079723,0.283945940905728,252,252,2025-03-07,2026-03-09
2026-03-09,ETH,dxy_ret,0.996776968202784,0.583922616363039,-0.147690329627171,2.14124426603274,0.283945940905728,252,252,2025-03-07,2026-03-09
2026-03-09,ETH,real_yield_d1,-0.0992573656096856,0.0942792615406428,-0.284041322718378,0.0855265914990065,0.283945940905728,252,252,2025-03-07,2026-03-09
2026-03-09,ETH,gold_ret,0.277573949575248,0.150303397522408,-0.017015296322678,0.572163195473174,0.283945940905728,252,252,2025-03-07,2026-03-09
2026-03-16,ETH,qqq_ret,1.67930968481112,0.319226802084413,1.05363664982577,2.30498271979647,0.264294197014805,252,252,2025-03-14,2026-03-16
2026-03-16,ETH,vix_d1,2.11849627472656e-06,0.00250092199195549,-0.00489959853610221,0.00490383552865166,0.264294197014805,252,252,2025-03-14,2026-03-16
2026-03-16,ETH,dxy_ret,0.720801879540708,0.557889381800097,-0.372641216144798,1.81424497522621,0.264294197014805,252,252,2025-03-14,2026-03-16
2026-03-16,ETH,real_yield_d1,-0.117457042233884,0.0969460346637829,-0.30746777861887,0.0725536941511021,0.264294197014805,252,252,2025-03-14,2026-03-16
2026-03-16,ETH,gold_ret,0.221241203308605,0.157775061828109,-0.0879922355330693,0.53047464215028,0.264294197014805,252,252,2025-03-14,2026-03-16
2026-03-23,ETH,qqq_ret,1.66282201092374,0.331312887327839,1.0134606841472,2.31218333770028,0.258773940786486,252,252,2025-03-21,2026-03-23
2026-03-23,ETH,vix_d1,2.97963133881552e-05,0.00237936019311872,-0.0046336639713728,0.00469325659814911,0.258773940786486,252,252,2025-03-21,2026-03-23
2026-03-23,ETH,dxy_ret,0.671173624065241,0.565873846073646,-0.437918734032267,1.78026598216275,0.258773940786486,252,252,2025-03-21,2026-03-23
2026-03-23,ETH,real_yield_d1,-0.0915130891488343,0.0983234345842858,-0.284223479770314,0.101197301472646,0.258773940786486,252,252,2025-03-21,2026-03-23
2026-03-23,ETH,gold_ret,0.208233174866307,0.145175420435845,-0.0763054206284082,0.492771770361023,0.258773940786486,252,252,2025-03-21,2026-03-23
2026-03-30,ETH,qqq_ret,1.63522408631149,0.330588081199422,0.987283353442418,2.28316481918056,0.25986282304683,252,252,2025-03-28,2026-03-30
2026-03-30,ETH,vix_d1,-6.65004753290879e-05,0.00240298993595853,-0.00477627420502001,0.00464327325436184,0.25986282304683,252,252,2025-03-28,2026-03-30
2026-03-30,ETH,dxy_ret,0.670784823524378,0.56647775845513,-0.439491181090657,1.78106082813941,0.25986282304683,252,252,2025-03-28,2026-03-30
2026-03-30,ETH,real_yield_d1,-0.100254365758804,0.0971016173438332,-0.290570038593307,0.0900613070756989,0.25986282304683,252,252,2025-03-28,2026-03-30
2026-03-30,ETH,gold_ret,0.200938587395808,0.142074300665545,-0.0775219250373752,0.479399099828991,0.25986282304683,252,252,2025-03-28,2026-03-30
2026-04-07,ETH,qqq_ret,1.74590269196038,0.347278426344658,1.0652494837171,2.42655590020365,0.273198302302975,252,252,2025-04-04,2026-04-07
2026-04-07,ETH,vix_d1,0.000226001921745356,0.0023846612513369,-0.00444784824620318,0.00489985208969389,0.273198302302975,252,252,2025-04-04,2026-04-07
2026-04-07,ETH,dxy_ret,0.263212630880783,0.565817008169892,-0.845768326972412,1.37219358873398,0.273198302302975,252,252,2025-04-04,2026-04-07
2026-04-07,ETH,real_yield_d1,-0.074890173235594,0.0974372691371544,-0.265863711496353,0.116083365025165,0.273198302302975,252,252,2025-04-04,2026-04-07
2026-04-07,ETH,gold_ret,0.201336326589279,0.132467108429768,-0.0582944350692276,0.460967088247787,0.273198302302975,252,252,2025-04-04,2026-04-07
2026-04-14,ETH,qqq_ret,1.73867835996836,0.313055474088907,1.12510090559099,2.35225581434573,0.285626070428786,252,252,2025-04-11,2026-04-14
2026-04-14,ETH,vix_d1,-0.00337434857217437,0.00197831494587613,-0.00725177461616889,0.000503077471820147,0.285626070428786,252,252,2025-04-11,2026-04-14
2026-04-14,ETH,dxy_ret,-0.0819996945855099,0.564545281620617,-1.18848811420394,1.02448872503292,0.285626070428786,252,252,2025-04-11,2026-04-14
2026-04-14,ETH,real_yield_d1,0.00242678022333826,0.0759901928829011,-0.1465112610054,0.151364821452076,0.285626070428786,252,252,2025-04-11,2026-04-14
2026-04-14,ETH,gold_ret,0.229678011476291,0.127844948478633,-0.020893483147209,0.480249506099792,0.285626070428786,252,252,2025-04-11,2026-04-14
