feature_id,research_block,panel,frequency,observations,missing_count,missing_pct,first_valid_date,last_valid_date,coverage_rule
BAMLH0A0HYM2,,master_daily.parquet,daily,1098,1275,0.537294563843236,2023-04-18,2026-04-19,registered or discovered processed-panel column
DCOILWTICO,,master_daily.parquet,daily,2295,78,0.0328697850821745,2020-01-02,2026-04-16,registered or discovered processed-panel column
DFF,,master_daily.parquet,daily,2301,72,0.0303413400758533,2020-01-01,2026-04-19,registered or discovered processed-panel column
DFII10,,master_daily.parquet,daily,2300,73,0.0307627475769069,2020-01-02,2026-04-19,registered or discovered processed-panel column
DGS10,,master_daily.parquet,daily,2300,73,0.0307627475769069,2020-01-02,2026-04-19,registered or discovered processed-panel column
DGS2,,master_daily.parquet,daily,2300,73,0.0307627475769069,2020-01-02,2026-04-19,registered or discovered processed-panel column
DGS30,,master_daily.parquet,daily,2300,73,0.0307627475769069,2020-01-02,2026-04-19,registered or discovered processed-panel column
DTWEXBGS,,master_daily.parquet,daily,2292,81,0.034134007585335,2020-01-02,2026-04-13,registered or discovered processed-panel column
RRPONTSYD,,master_daily.parquet,daily,2301,72,0.0303413400758533,2020-01-02,2026-04-20,registered or discovered processed-panel column
SOFR,,master_daily.parquet,daily,2300,73,0.0307627475769069,2020-01-02,2026-04-19,registered or discovered processed-panel column
T10Y2Y,,master_daily.parquet,daily,2301,72,0.0303413400758533,2020-01-02,2026-04-20,registered or discovered processed-panel column
USEPUINDXD,,master_daily.parquet,daily,2300,73,0.0307627475769069,2020-01-01,2026-04-18,registered or discovered processed-panel column
VIXCLS,,master_daily.parquet,daily,2300,73,0.0307627475769069,2020-01-02,2026-04-19,registered or discovered processed-panel column
asset,,cftc_financial_futures.parquet,unknown,1212,0,0,1970-01-01,1970-01-01,registered or discovered processed-panel column
asset_class_final,,market_structure_monthly.parquet,monthly,15600,0,0,2020-01-01,2026-06-01,registered or discovered processed-panel column
asset_key,,market_structure_monthly.parquet,monthly,15600,0,0,2020-01-01,2026-06-01,registered or discovered processed-panel column
asset_manager_long,,cftc_financial_futures.parquet,unknown,1212,0,0,1970-01-01,1970-01-01,registered or discovered processed-panel column
asset_manager_net,,cftc_financial_futures.parquet,unknown,1212,0,0,1970-01-01,1970-01-01,registered or discovered processed-panel column
asset_manager_net_share_oi,,cftc_financial_futures.parquet,unknown,1212,0,0,1970-01-01,1970-01-01,registered or discovered processed-panel column
asset_manager_short,,cftc_financial_futures.parquet,unknown,1212,0,0,1970-01-01,1970-01-01,registered or discovered processed-panel column
asset_name,,market_structure_monthly.parquet,monthly,15600,0,0,2020-01-01,2026-06-01,registered or discovered processed-panel column
available_date,,cftc_financial_futures.parquet,unknown,1212,0,0,1970-01-01,1970-01-01,registered or discovered processed-panel column
btc_abs_funding,,feature_store_daily.parquet,daily,2293,80,0.0337126000842815,2020-01-01,2026-04-11,registered or discovered processed-panel column
btc_abs_funding,,feature_store_etf_trading_daily.parquet,daily,563,0,0,2024-01-11,2026-04-10,registered or discovered processed-panel column
btc_abs_funding,,feature_store_tradfi_daily.parquet,daily,1576,6,0.00379266750948167,2020-01-02,2026-04-10,registered or discovered processed-panel column
btc_basis_z,,feature_store_daily.parquet,daily,2028,345,0.145385587863464,2020-01-31,2026-04-18,registered or discovered processed-panel column
btc_basis_z,,feature_store_etf_trading_daily.parquet,daily,530,33,0.0586145648312611,2024-01-11,2026-04-10,registered or discovered processed-panel column
btc_basis_z,,feature_store_tradfi_daily.parquet,daily,1444,138,0.0872313527180784,2020-01-31,2026-04-17,registered or discovered processed-panel column
btc_bottom5,,feature_store_daily.parquet,daily,2373,0,0,2020-01-01,2026-06-30,registered or discovered processed-panel column
btc_bottom5,,feature_store_etf_trading_daily.parquet,daily,563,0,0,2024-01-11,2026-04-10,registered or discovered processed-panel column
btc_bottom5,,feature_store_tradfi_daily.parquet,daily,1582,0,0,2020-01-02,2026-04-20,registered or discovered processed-panel column
btc_close,,feature_store_crypto_weekly.parquet,weekly,329,11,0.0323529411764706,2020-01-05,2026-04-19,registered or discovered processed-panel column
btc_close,,feature_store_daily.parquet,daily,2296,77,0.0324483775811209,2020-01-01,2026-04-14,registered or discovered processed-panel column
btc_close,,feature_store_etf_trading_daily.parquet,daily,563,0,0,2024-01-11,2026-04-10,registered or discovered processed-panel column
btc_close,,feature_store_etf_trading_weekly.parquet,weekly,329,11,0.0323529411764706,2020-01-03,2026-04-17,registered or discovered processed-panel column
btc_close,,feature_store_tradfi_daily.parquet,daily,1578,4,0.00252844500632111,2020-01-02,2026-04-14,registered or discovered processed-panel column
btc_close,,feature_store_tradfi_weekly.parquet,weekly,329,11,0.0323529411764706,2020-01-03,2026-04-17,registered or discovered processed-panel column
btc_close,,feature_store_weekly.parquet,weekly,329,11,0.0323529411764706,2020-01-05,2026-04-19,registered or discovered processed-panel column
btc_close,,master_daily.parquet,daily,2296,77,0.0324483775811209,2020-01-01,2026-04-14,registered or discovered processed-panel column
btc_dominance,,feature_store_crypto_weekly.parquet,weekly,329,11,0.0323529411764706,2020-01-05,2026-04-19,registered or discovered processed-panel column
btc_dominance,,feature_store_daily.parquet,daily,2301,72,0.0303413400758533,2020-01-01,2026-04-19,registered or discovered processed-panel column
btc_dominance,,feature_store_etf_trading_daily.parquet,daily,563,0,0,2024-01-11,2026-04-10,registered or discovered processed-panel column
btc_dominance,,feature_store_tradfi_daily.parquet,daily,1581,1,0.000632111251580278,2020-01-02,2026-04-17,registered or discovered processed-panel column
btc_dominance,,feature_store_weekly.parquet,weekly,329,11,0.0323529411764706,2020-01-05,2026-04-19,registered or discovered processed-panel column
btc_drawdown,,feature_store_daily.parquet,daily,2296,77,0.0324483775811209,2020-01-01,2026-04-14,registered or discovered processed-panel column
btc_drawdown,,feature_store_etf_trading_daily.parquet,daily,563,0,0,2024-01-11,2026-04-10,registered or discovered processed-panel column
btc_drawdown,,feature_store_tradfi_daily.parquet,daily,1578,4,0.00252844500632111,2020-01-02,2026-04-14,registered or discovered processed-panel column
btc_etf_arkb,,master_daily.parquet,daily,563,1810,0.762747576906869,2024-01-11,2026-04-10,registered or discovered processed-panel column
btc_etf_bitb,,master_daily.parquet,daily,563,1810,0.762747576906869,2024-01-11,2026-04-10,registered or discovered processed-panel column
btc_etf_brrr,,master_daily.parquet,daily,563,1810,0.762747576906869,2024-01-11,2026-04-10,registered or discovered processed-panel column
btc_etf_btc,,master_daily.parquet,daily,424,1949,0.821323219553308,2024-07-31,2026-04-10,registered or discovered processed-panel column
btc_etf_btco,,master_daily.parquet,daily,563,1810,0.762747576906869,2024-01-11,2026-04-10,registered or discovered processed-panel column
btc_etf_btcw,,master_daily.parquet,daily,563,1810,0.762747576906869,2024-01-11,2026-04-10,registered or discovered processed-panel column
btc_etf_cumulative_flow_usd,,feature_store_daily.parquet,daily,2373,0,0,2020-01-01,2026-06-30,registered or discovered processed-panel column
btc_etf_cumulative_flow_usd,,feature_store_etf_trading_daily.parquet,daily,563,0,0,2024-01-11,2026-04-10,registered or discovered processed-panel column
btc_etf_cumulative_flow_usd,,feature_store_tradfi_daily.parquet,daily,1582,0,0,2020-01-02,2026-04-20,registered or discovered processed-panel column
btc_etf_ezbc,,master_daily.parquet,daily,563,1810,0.762747576906869,2024-01-11,2026-04-10,registered or discovered processed-panel column
btc_etf_fbtc,,master_daily.parquet,daily,563,1810,0.762747576906869,2024-01-11,2026-04-10,registered or discovered processed-panel column
btc_etf_flow_intensity,,feature_store_crypto_weekly.parquet,weekly,118,222,0.652941176470588,2024-01-14,2026-04-12,registered or discovered processed-panel column
btc_etf_flow_intensity,,feature_store_daily.parquet,daily,579,1794,0.756005056890013,2024-01-11,2026-04-10,registered or discovered processed-panel column
btc_etf_flow_intensity,,feature_store_etf_trading_daily.parquet,daily,562,1,0.00177619893428064,2024-01-12,2026-04-10,registered or discovered processed-panel column
btc_etf_flow_intensity,,feature_store_etf_trading_weekly.parquet,weekly,118,222,0.652941176470588,2024-01-12,2026-04-10,registered or discovered processed-panel column
btc_etf_flow_intensity,,feature_store_tradfi_daily.parquet,daily,563,1019,0.644121365360303,2024-01-11,2026-04-10,registered or discovered processed-panel column
btc_etf_flow_intensity,,feature_store_tradfi_weekly.parquet,weekly,118,222,0.652941176470588,2024-01-12,2026-04-10,registered or discovered processed-panel column
btc_etf_flow_intensity,,feature_store_weekly.parquet,weekly,118,222,0.652941176470588,2024-01-14,2026-04-12,registered or discovered processed-panel column
btc_etf_flow_intensity_lag0,etf_institutional,feature_store_crypto_weekly.parquet,weekly,118,222,0.652941176470588,2024-01-14,2026-04-12,registered or discovered processed-panel column
btc_etf_flow_intensity_lag0,etf_institutional,feature_store_daily.parquet,daily,579,1794,0.756005056890013,2024-01-11,2026-04-10,registered or discovered processed-panel column
btc_etf_flow_intensity_lag0,etf_institutional,feature_store_etf_trading_daily.parquet,daily,562,1,0.00177619893428064,2024-01-12,2026-04-10,registered or discovered processed-panel column
btc_etf_flow_intensity_lag0,etf_institutional,feature_store_etf_trading_weekly.parquet,weekly,118,222,0.652941176470588,2024-01-12,2026-04-10,registered or discovered processed-panel column
btc_etf_flow_intensity_lag0,etf_institutional,feature_store_tradfi_daily.parquet,daily,563,1019,0.644121365360303,2024-01-11,2026-04-10,registered or discovered processed-panel column
btc_etf_flow_intensity_lag0,etf_institutional,feature_store_tradfi_weekly.parquet,weekly,118,222,0.652941176470588,2024-01-12,2026-04-10,registered or discovered processed-panel column
btc_etf_flow_intensity_lag0,etf_institutional,feature_store_weekly.parquet,weekly,118,222,0.652941176470588,2024-01-14,2026-04-12,registered or discovered processed-panel column
btc_etf_flow_intensity_lag1,etf_institutional,feature_store_crypto_weekly.parquet,weekly,118,222,0.652941176470588,2024-01-21,2026-04-19,registered or discovered processed-panel column
btc_etf_flow_intensity_lag1,etf_institutional,feature_store_daily.parquet,daily,579,1794,0.756005056890013,2024-01-12,2026-04-11,registered or discovered processed-panel column
btc_etf_flow_intensity_lag1,etf_institutional,feature_store_etf_trading_daily.parquet,daily,561,2,0.00355239786856128,2024-01-16,2026-04-10,registered or discovered processed-panel column
btc_etf_flow_intensity_lag1,etf_institutional,feature_store_tradfi_daily.parquet,daily,449,1133,0.716182048040455,2024-01-12,2026-04-10,registered or discovered processed-panel column
btc_etf_flow_intensity_lag1,etf_institutional,feature_store_weekly.parquet,weekly,118,222,0.652941176470588,2024-01-21,2026-04-19,registered or discovered processed-panel column
btc_etf_gbtc,,master_daily.parquet,daily,563,1810,0.762747576906869,2024-01-11,2026-04-10,registered or discovered processed-panel column
btc_etf_hodl,,master_daily.parquet,daily,563,1810,0.762747576906869,2024-01-11,2026-04-10,registered or discovered processed-panel column
btc_etf_ibit,,master_daily.parquet,daily,563,1810,0.762747576906869,2024-01-11,2026-04-10,registered or discovered processed-panel column
btc_etf_msbt,,master_daily.parquet,daily,2,2371,0.999157184997893,2026-04-08,2026-04-09,registered or discovered processed-panel column
btc_etf_net_flow_usd,,feature_store_crypto_weekly.parquet,weekly,118,222,0.652941176470588,2024-01-14,2026-04-12,registered or discovered processed-panel column
btc_etf_net_flow_usd,,feature_store_daily.parquet,daily,579,1794,0.756005056890013,2024-01-11,2026-04-10,registered or discovered processed-panel column
btc_etf_net_flow_usd,,feature_store_etf_trading_daily.parquet,daily,563,0,0,2024-01-11,2026-04-10,registered or discovered processed-panel column
btc_etf_net_flow_usd,,feature_store_etf_trading_weekly.parquet,weekly,118,222,0.652941176470588,2024-01-12,2026-04-10,registered or discovered processed-panel column
btc_etf_net_flow_usd,,feature_store_tradfi_daily.parquet,daily,563,1019,0.644121365360303,2024-01-11,2026-04-10,registered or discovered processed-panel column
btc_etf_net_flow_usd,,feature_store_tradfi_weekly.parquet,weekly,118,222,0.652941176470588,2024-01-12,2026-04-10,registered or discovered processed-panel column
btc_etf_net_flow_usd,,feature_store_weekly.parquet,weekly,118,222,0.652941176470588,2024-01-14,2026-04-12,registered or discovered processed-panel column
btc_etf_total,,master_daily.parquet,daily,579,1794,0.756005056890013,2024-01-11,2026-04-10,registered or discovered processed-panel column
btc_exchange_netflow,,master_daily.parquet,daily,2296,77,0.0324483775811209,2020-01-01,2026-04-14,registered or discovered processed-panel column
btc_exchange_netflow_scaled,,feature_store_crypto_weekly.parquet,weekly,329,11,0.0323529411764706,2020-01-05,2026-04-19,registered or discovered processed-panel column
btc_exchange_netflow_scaled,,feature_store_daily.parquet,daily,2295,78,0.0328697850821745,2020-01-02,2026-04-14,registered or discovered processed-panel column
btc_exchange_netflow_scaled,,feature_store_etf_trading_daily.parquet,daily,563,0,0,2024-01-11,2026-04-10,registered or discovered processed-panel column
btc_exchange_netflow_scaled,,feature_store_etf_trading_weekly.parquet,weekly,329,11,0.0323529411764706,2020-01-03,2026-04-17,registered or discovered processed-panel column
btc_exchange_netflow_scaled,,feature_store_tradfi_daily.parquet,daily,1578,4,0.00252844500632111,2020-01-02,2026-04-14,registered or discovered processed-panel column
btc_exchange_netflow_scaled,,feature_store_tradfi_weekly.parquet,weekly,329,11,0.0323529411764706,2020-01-03,2026-04-17,registered or discovered processed-panel column
btc_exchange_netflow_scaled,,feature_store_weekly.parquet,weekly,329,11,0.0323529411764706,2020-01-05,2026-04-19,registered or discovered processed-panel column
btc_exchange_netflow_scaled_lag1,,feature_store_crypto_weekly.parquet,weekly,329,11,0.0323529411764706,2020-01-12,2026-04-26,registered or discovered processed-panel column
btc_exchange_netflow_scaled_lag1,,feature_store_daily.parquet,daily,2295,78,0.0328697850821745,2020-01-03,2026-04-15,registered or discovered processed-panel column
btc_exchange_netflow_scaled_lag1,,feature_store_etf_trading_daily.parquet,daily,562,1,0.00177619893428064,2024-01-12,2026-04-10,registered or discovered processed-panel column
btc_exchange_netflow_scaled_lag1,,feature_store_etf_trading_weekly.parquet,weekly,329,11,0.0323529411764706,2020-01-10,2026-04-24,registered or discovered processed-panel column
btc_exchange_netflow_scaled_lag1,,feature_store_tradfi_daily.parquet,daily,1578,4,0.00252844500632111,2020-01-03,2026-04-15,registered or discovered processed-panel column
btc_exchange_netflow_scaled_lag1,,feature_store_tradfi_weekly.parquet,weekly,329,11,0.0323529411764706,2020-01-10,2026-04-24,registered or discovered processed-panel column
btc_exchange_netflow_scaled_lag1,,feature_store_weekly.parquet,weekly,329,11,0.0323529411764706,2020-01-12,2026-04-26,registered or discovered processed-panel column
btc_funding,,feature_store_crypto_weekly.parquet,weekly,328,12,0.0352941176470588,2020-01-05,2026-04-12,registered or discovered processed-panel column
btc_funding,,feature_store_daily.parquet,daily,2293,80,0.0337126000842815,2020-01-01,2026-04-11,registered or discovered processed-panel column
btc_funding,,feature_store_etf_trading_daily.parquet,daily,563,0,0,2024-01-11,2026-04-10,registered or discovered processed-panel column
btc_funding,,feature_store_tradfi_daily.parquet,daily,1576,6,0.00379266750948167,2020-01-02,2026-04-10,registered or discovered processed-panel column
btc_funding,,feature_store_weekly.parquet,weekly,328,12,0.0352941176470588,2020-01-05,2026-04-12,registered or discovered processed-panel column
btc_funding_z,,feature_store_crypto_weekly.parquet,weekly,324,16,0.0470588235294118,2020-02-02,2026-04-12,registered or discovered processed-panel column
btc_funding_z,,feature_store_daily.parquet,daily,2264,109,0.0459334176148335,2020-01-30,2026-04-11,registered or discovered processed-panel column
btc_funding_z,,feature_store_etf_trading_daily.parquet,daily,563,0,0,2024-01-11,2026-04-10,registered or discovered processed-panel column
btc_funding_z,,feature_store_etf_trading_weekly.parquet,weekly,325,15,0.0441176470588235,2020-01-31,2026-04-17,registered or discovered processed-panel column
btc_funding_z,,feature_store_tradfi_daily.parquet,daily,1557,25,0.015802781289507,2020-01-30,2026-04-10,registered or discovered processed-panel column
btc_funding_z,,feature_store_tradfi_weekly.parquet,weekly,325,15,0.0441176470588235,2020-01-31,2026-04-17,registered or discovered processed-panel column
btc_funding_z,,feature_store_weekly.parquet,weekly,324,16,0.0470588235294118,2020-02-02,2026-04-12,registered or discovered processed-panel column
btc_funding_z_lag1,leverage,feature_store_crypto_weekly.parquet,weekly,324,16,0.0470588235294118,2020-02-09,2026-04-19,registered or discovered processed-panel column
btc_funding_z_lag1,leverage,feature_store_daily.parquet,daily,2264,109,0.0459334176148335,2020-01-31,2026-04-12,registered or discovered processed-panel column
btc_funding_z_lag1,leverage,feature_store_etf_trading_daily.parquet,daily,562,1,0.00177619893428064,2024-01-12,2026-04-10,registered or discovered processed-panel column
btc_funding_z_lag1,leverage,feature_store_etf_trading_weekly.parquet,weekly,325,15,0.0441176470588235,2020-02-07,2026-04-24,registered or discovered processed-panel column
btc_funding_z_lag1,leverage,feature_store_tradfi_daily.parquet,daily,1557,25,0.015802781289507,2020-01-31,2026-04-13,registered or discovered processed-panel column
btc_funding_z_lag1,leverage,feature_store_tradfi_weekly.parquet,weekly,325,15,0.0441176470588235,2020-02-07,2026-04-24,registered or discovered processed-panel column
btc_funding_z_lag1,leverage,feature_store_weekly.parquet,weekly,324,16,0.0470588235294118,2020-02-09,2026-04-19,registered or discovered processed-panel column
btc_future_30d_min_drawdown,,feature_store_daily.parquet,daily,2237,136,0.0573114201432786,2020-01-30,2026-03-15,registered or discovered processed-panel column
btc_future_30d_min_drawdown,,feature_store_etf_trading_daily.parquet,daily,544,19,0.0337477797513321,2024-01-11,2026-03-13,registered or discovered processed-panel column
btc_future_30d_min_drawdown,,feature_store_tradfi_daily.parquet,daily,1538,44,0.0278128950695322,2020-01-30,2026-03-13,registered or discovered processed-panel column
btc_high,,master_daily.parquet,daily,2296,77,0.0324483775811209,2020-01-01,2026-04-14,registered or discovered processed-panel column
btc_leverage_ratio_percentile,,feature_store_crypto_weekly.parquet,weekly,324,16,0.0470588235294118,2020-02-02,2026-04-12,registered or discovered processed-panel column
btc_leverage_ratio_percentile,,feature_store_daily.parquet,daily,2263,110,0.0463548251158871,2020-01-31,2026-04-11,registered or discovered processed-panel column
btc_leverage_ratio_percentile,,feature_store_etf_trading_daily.parquet,daily,563,0,0,2024-01-11,2026-04-10,registered or discovered processed-panel column
btc_leverage_ratio_percentile,,feature_store_tradfi_daily.parquet,daily,1556,26,0.0164348925410872,2020-01-31,2026-04-10,registered or discovered processed-panel column
btc_leverage_ratio_percentile,,feature_store_weekly.parquet,weekly,324,16,0.0470588235294118,2020-02-02,2026-04-12,registered or discovered processed-panel column
btc_leverage_ratio_percentile_lag1,,feature_store_daily.parquet,daily,2263,110,0.0463548251158871,2020-02-01,2026-04-12,registered or discovered processed-panel column
btc_leverage_ratio_percentile_lag1,,feature_store_etf_trading_daily.parquet,daily,563,0,0,2024-01-11,2026-04-10,registered or discovered processed-panel column
btc_leverage_ratio_percentile_lag1,,feature_store_tradfi_daily.parquet,daily,1555,27,0.0170670037926675,2020-02-03,2026-04-10,registered or discovered processed-panel column
btc_long_liq_to_lag_mcap_bps,,feature_store_daily.parquet,daily,2292,81,0.034134007585335,2020-01-02,2026-04-11,registered or discovered processed-panel column
btc_long_liq_to_lag_mcap_bps,,feature_store_etf_trading_daily.parquet,daily,563,0,0,2024-01-11,2026-04-10,registered or discovered processed-panel column
btc_long_liq_to_lag_mcap_bps,,feature_store_tradfi_daily.parquet,daily,1576,6,0.00379266750948167,2020-01-02,2026-04-10,registered or discovered processed-panel column
btc_low,,master_daily.parquet,daily,2296,77,0.0324483775811209,2020-01-01,2026-04-14,registered or discovered processed-panel column
btc_market_cap_usd,,feature_store_crypto_weekly.parquet,weekly,329,11,0.0323529411764706,2020-01-05,2026-04-19,registered or discovered processed-panel column
btc_market_cap_usd,,feature_store_daily.parquet,daily,2295,78,0.0328697850821745,2020-01-01,2026-04-13,registered or discovered processed-panel column
btc_market_cap_usd,,feature_store_etf_trading_daily.parquet,daily,563,0,0,2024-01-11,2026-04-10,registered or discovered processed-panel column
btc_market_cap_usd,,feature_store_etf_trading_weekly.parquet,weekly,329,11,0.0323529411764706,2020-01-03,2026-04-17,registered or discovered processed-panel column
btc_market_cap_usd,,feature_store_tradfi_daily.parquet,daily,1577,5,0.00316055625790139,2020-01-02,2026-04-13,registered or discovered processed-panel column
btc_market_cap_usd,,feature_store_tradfi_weekly.parquet,weekly,329,11,0.0323529411764706,2020-01-03,2026-04-17,registered or discovered processed-panel column
btc_market_cap_usd,,feature_store_weekly.parquet,weekly,329,11,0.0323529411764706,2020-01-05,2026-04-19,registered or discovered processed-panel column
btc_mcap_lag1,,feature_store_crypto_weekly.parquet,weekly,329,11,0.0323529411764706,2020-01-12,2026-04-26,registered or discovered processed-panel column
btc_mcap_lag1,,feature_store_daily.parquet,daily,2295,78,0.0328697850821745,2020-01-02,2026-04-14,registered or discovered processed-panel column
btc_mcap_lag1,,feature_store_etf_trading_daily.parquet,daily,562,1,0.00177619893428064,2024-01-12,2026-04-10,registered or discovered processed-panel column
btc_mcap_lag1,,feature_store_etf_trading_weekly.parquet,weekly,329,11,0.0323529411764706,2020-01-10,2026-04-24,registered or discovered processed-panel column
btc_mcap_lag1,,feature_store_tradfi_daily.parquet,daily,1578,4,0.00252844500632111,2020-01-02,2026-04-14,registered or discovered processed-panel column
btc_mcap_lag1,,feature_store_tradfi_weekly.parquet,weekly,329,11,0.0323529411764706,2020-01-10,2026-04-24,registered or discovered processed-panel column
btc_mcap_lag1,,feature_store_weekly.parquet,weekly,329,11,0.0323529411764706,2020-01-12,2026-04-26,registered or discovered processed-panel column
btc_mcap_usd,,master_daily.parquet,daily,2295,78,0.0328697850821745,2020-01-01,2026-04-13,registered or discovered processed-panel column
btc_miner_to_exchange_flow,,master_daily.parquet,daily,2296,77,0.0324483775811209,2020-01-01,2026-04-14,registered or discovered processed-panel column
btc_mvrv,,feature_store_crypto_weekly.parquet,weekly,329,11,0.0323529411764706,2020-01-05,2026-04-19,registered or discovered processed-panel column
btc_mvrv,,feature_store_daily.parquet,daily,2295,78,0.0328697850821745,2020-01-01,2026-04-13,registered or discovered processed-panel column
btc_mvrv,,feature_store_etf_trading_daily.parquet,daily,563,0,0,2024-01-11,2026-04-10,registered or discovered processed-panel column
btc_mvrv,,feature_store_tradfi_daily.parquet,daily,1577,5,0.00316055625790139,2020-01-02,2026-04-13,registered or discovered processed-panel column
btc_mvrv,,feature_store_weekly.parquet,weekly,329,11,0.0323529411764706,2020-01-05,2026-04-19,registered or discovered processed-panel column
btc_mvrv,,master_daily.parquet,daily,2295,78,0.0328697850821745,2020-01-01,2026-04-13,registered or discovered processed-panel column
btc_mvrv_d1,,feature_store_crypto_weekly.parquet,weekly,329,11,0.0323529411764706,2020-01-05,2026-04-19,registered or discovered processed-panel column
btc_mvrv_d1,,feature_store_daily.parquet,daily,2294,79,0.033291192583228,2020-01-02,2026-04-13,registered or discovered processed-panel column
btc_mvrv_d1,,feature_store_etf_trading_daily.parquet,daily,563,0,0,2024-01-11,2026-04-10,registered or discovered processed-panel column
btc_mvrv_d1,,feature_store_tradfi_daily.parquet,daily,1577,5,0.00316055625790139,2020-01-02,2026-04-13,registered or discovered processed-panel column
btc_mvrv_d1,,feature_store_weekly.parquet,weekly,329,11,0.0323529411764706,2020-01-05,2026-04-19,registered or discovered processed-panel column
btc_mvrv_lag1,onchain_state,feature_store_daily.parquet,daily,2295,78,0.0328697850821745,2020-01-02,2026-04-14,registered or discovered processed-panel column
btc_mvrv_lag1,onchain_state,feature_store_etf_trading_daily.parquet,daily,563,0,0,2024-01-11,2026-04-10,registered or discovered processed-panel column
btc_mvrv_lag1,onchain_state,feature_store_tradfi_daily.parquet,daily,1578,4,0.00252844500632111,2020-01-02,2026-04-14,registered or discovered processed-panel column
btc_mvrv_log,,feature_store_daily.parquet,daily,2295,78,0.0328697850821745,2020-01-01,2026-04-13,registered or discovered processed-panel column
btc_mvrv_log,,feature_store_etf_trading_daily.parquet,daily,563,0,0,2024-01-11,2026-04-10,registered or discovered processed-panel column
btc_mvrv_log,,feature_store_tradfi_daily.parquet,daily,1577,5,0.00316055625790139,2020-01-02,2026-04-13,registered or discovered processed-panel column
btc_mvrv_percentile_lagged,,feature_store_crypto_weekly.parquet,weekly,325,15,0.0441176470588235,2020-02-02,2026-04-19,registered or discovered processed-panel column
btc_mvrv_percentile_lagged,,feature_store_daily.parquet,daily,2266,107,0.0450906026127265,2020-01-31,2026-04-14,registered or discovered processed-panel column
btc_mvrv_percentile_lagged,,feature_store_etf_trading_daily.parquet,daily,563,0,0,2024-01-11,2026-04-10,registered or discovered processed-panel column
btc_mvrv_percentile_lagged,,feature_store_tradfi_daily.parquet,daily,1558,24,0.0151706700379267,2020-01-31,2026-04-14,registered or discovered processed-panel column
btc_mvrv_percentile_lagged,,feature_store_weekly.parquet,weekly,325,15,0.0441176470588235,2020-02-02,2026-04-19,registered or discovered processed-panel column
btc_mvrv_quintile_lagged,,feature_store_daily.parquet,daily,2266,107,0.0450906026127265,2020-01-31,2026-04-14,registered or discovered processed-panel column
btc_mvrv_quintile_lagged,,feature_store_etf_trading_daily.parquet,daily,563,0,0,2024-01-11,2026-04-10,registered or discovered processed-panel column
btc_mvrv_quintile_lagged,,feature_store_tradfi_daily.parquet,daily,1558,24,0.0151706700379267,2020-01-31,2026-04-14,registered or discovered processed-panel column
btc_mvrv_z_365_lagged,,feature_store_crypto_weekly.parquet,weekly,312,28,0.0823529411764706,2020-05-03,2026-04-19,registered or discovered processed-panel column
btc_mvrv_z_365_lagged,,feature_store_daily.parquet,daily,2175,198,0.0834386852085967,2020-05-01,2026-04-14,registered or discovered processed-panel column
btc_mvrv_z_365_lagged,,feature_store_etf_trading_daily.parquet,daily,563,0,0,2024-01-11,2026-04-10,registered or discovered processed-panel column
btc_mvrv_z_365_lagged,,feature_store_tradfi_daily.parquet,daily,1495,87,0.0549936788874842,2020-05-01,2026-04-14,registered or discovered processed-panel column
btc_mvrv_z_365_lagged,,feature_store_weekly.parquet,weekly,312,28,0.0823529411764706,2020-05-03,2026-04-19,registered or discovered processed-panel column
btc_nupl_lag1,,feature_store_daily.parquet,daily,1927,446,0.187947745469869,2021-01-01,2026-04-11,registered or discovered processed-panel column
btc_nupl_lag1,,feature_store_etf_trading_daily.parquet,daily,563,0,0,2024-01-11,2026-04-10,registered or discovered processed-panel column
btc_nupl_lag1,,feature_store_tradfi_daily.parquet,daily,1323,259,0.163716814159292,2021-01-04,2026-04-10,registered or discovered processed-panel column
btc_oi,,feature_store_crypto_weekly.parquet,weekly,328,12,0.0352941176470588,2020-01-05,2026-04-12,registered or discovered processed-panel column
btc_oi,,feature_store_daily.parquet,daily,2293,80,0.0337126000842815,2020-01-01,2026-04-11,registered or discovered processed-panel column
btc_oi,,feature_store_etf_trading_daily.parquet,daily,563,0,0,2024-01-11,2026-04-10,registered or discovered processed-panel column
btc_oi,,feature_store_etf_trading_weekly.parquet,weekly,329,11,0.0323529411764706,2020-01-03,2026-04-17,registered or discovered processed-panel column
btc_oi,,feature_store_tradfi_daily.parquet,daily,1576,6,0.00379266750948167,2020-01-02,2026-04-10,registered or discovered processed-panel column
btc_oi,,feature_store_tradfi_weekly.parquet,weekly,329,11,0.0323529411764706,2020-01-03,2026-04-17,registered or discovered processed-panel column
btc_oi,,feature_store_weekly.parquet,weekly,328,12,0.0352941176470588,2020-01-05,2026-04-12,registered or discovered processed-panel column
btc_oi_growth,,feature_store_crypto_weekly.parquet,weekly,327,13,0.0382352941176471,2020-01-12,2026-04-12,registered or discovered processed-panel column
btc_oi_growth,,feature_store_daily.parquet,daily,2292,81,0.034134007585335,2020-01-02,2026-04-11,registered or discovered processed-panel column
btc_oi_growth,,feature_store_etf_trading_daily.parquet,daily,563,0,0,2024-01-11,2026-04-10,registered or discovered processed-panel column
btc_oi_growth,,feature_store_etf_trading_weekly.parquet,weekly,328,12,0.0352941176470588,2020-01-10,2026-04-17,registered or discovered processed-panel column
btc_oi_growth,,feature_store_tradfi_daily.parquet,daily,1576,6,0.00379266750948167,2020-01-02,2026-04-10,registered or discovered processed-panel column
btc_oi_growth,,feature_store_tradfi_weekly.parquet,weekly,328,12,0.0352941176470588,2020-01-10,2026-04-17,registered or discovered processed-panel column
btc_oi_growth,,feature_store_weekly.parquet,weekly,327,13,0.0382352941176471,2020-01-12,2026-04-12,registered or discovered processed-panel column
btc_oi_growth_lag1,leverage,feature_store_crypto_weekly.parquet,weekly,327,13,0.0382352941176471,2020-01-19,2026-04-19,registered or discovered processed-panel column
btc_oi_growth_lag1,leverage,feature_store_daily.parquet,daily,2292,81,0.034134007585335,2020-01-03,2026-04-12,registered or discovered processed-panel column
btc_oi_growth_lag1,leverage,feature_store_etf_trading_daily.parquet,daily,562,1,0.00177619893428064,2024-01-12,2026-04-10,registered or discovered processed-panel column
btc_oi_growth_lag1,leverage,feature_store_etf_trading_weekly.parquet,weekly,328,12,0.0352941176470588,2020-01-17,2026-04-24,registered or discovered processed-panel column
btc_oi_growth_lag1,leverage,feature_store_tradfi_daily.parquet,daily,1576,6,0.00379266750948167,2020-01-03,2026-04-13,registered or discovered processed-panel column
btc_oi_growth_lag1,leverage,feature_store_tradfi_weekly.parquet,weekly,328,12,0.0352941176470588,2020-01-17,2026-04-24,registered or discovered processed-panel column
btc_oi_growth_lag1,leverage,feature_store_weekly.parquet,weekly,327,13,0.0382352941176471,2020-01-19,2026-04-19,registered or discovered processed-panel column
btc_oi_to_mcap,,feature_store_crypto_weekly.parquet,weekly,327,13,0.0382352941176471,2020-01-12,2026-04-12,registered or discovered processed-panel column
btc_oi_to_mcap,,feature_store_daily.parquet,daily,2292,81,0.034134007585335,2020-01-02,2026-04-11,registered or discovered processed-panel column
btc_oi_to_mcap,,feature_store_etf_trading_daily.parquet,daily,563,0,0,2024-01-11,2026-04-10,registered or discovered processed-panel column
btc_oi_to_mcap,,feature_store_etf_trading_weekly.parquet,weekly,328,12,0.0352941176470588,2020-01-10,2026-04-17,registered or discovered processed-panel column
btc_oi_to_mcap,,feature_store_tradfi_daily.parquet,daily,1576,6,0.00379266750948167,2020-01-02,2026-04-10,registered or discovered processed-panel column
btc_oi_to_mcap,,feature_store_tradfi_weekly.parquet,weekly,328,12,0.0352941176470588,2020-01-10,2026-04-17,registered or discovered processed-panel column
btc_oi_to_mcap,,feature_store_weekly.parquet,weekly,327,13,0.0382352941176471,2020-01-12,2026-04-12,registered or discovered processed-panel column
btc_oi_to_mcap_current,,feature_store_crypto_weekly.parquet,weekly,328,12,0.0352941176470588,2020-01-05,2026-04-12,registered or discovered processed-panel column
btc_oi_to_mcap_current,,feature_store_daily.parquet,daily,2293,80,0.0337126000842815,2020-01-01,2026-04-11,registered or discovered processed-panel column
btc_oi_to_mcap_current,,feature_store_etf_trading_daily.parquet,daily,563,0,0,2024-01-11,2026-04-10,registered or discovered processed-panel column
btc_oi_to_mcap_current,,feature_store_etf_trading_weekly.parquet,weekly,329,11,0.0323529411764706,2020-01-03,2026-04-17,registered or discovered processed-panel column
btc_oi_to_mcap_current,,feature_store_tradfi_daily.parquet,daily,1576,6,0.00379266750948167,2020-01-02,2026-04-10,registered or discovered processed-panel column
btc_oi_to_mcap_current,,feature_store_tradfi_weekly.parquet,weekly,329,11,0.0323529411764706,2020-01-03,2026-04-17,registered or discovered processed-panel column
btc_oi_to_mcap_current,,feature_store_weekly.parquet,weekly,328,12,0.0352941176470588,2020-01-05,2026-04-12,registered or discovered processed-panel column
btc_oi_to_mcap_growth,,feature_store_crypto_weekly.parquet,weekly,327,13,0.0382352941176471,2020-01-12,2026-04-12,registered or discovered processed-panel column
btc_oi_to_mcap_growth,,feature_store_daily.parquet,daily,2292,81,0.034134007585335,2020-01-02,2026-04-11,registered or discovered processed-panel column
btc_oi_to_mcap_growth,,feature_store_etf_trading_daily.parquet,daily,563,0,0,2024-01-11,2026-04-10,registered or discovered processed-panel column
btc_oi_to_mcap_growth,,feature_store_etf_trading_weekly.parquet,weekly,328,12,0.0352941176470588,2020-01-10,2026-04-17,registered or discovered processed-panel column
btc_oi_to_mcap_growth,,feature_store_tradfi_daily.parquet,daily,1576,6,0.00379266750948167,2020-01-02,2026-04-10,registered or discovered processed-panel column
btc_oi_to_mcap_growth,,feature_store_tradfi_weekly.parquet,weekly,328,12,0.0352941176470588,2020-01-10,2026-04-17,registered or discovered processed-panel column
btc_oi_to_mcap_growth,,feature_store_weekly.parquet,weekly,327,13,0.0382352941176471,2020-01-12,2026-04-12,registered or discovered processed-panel column
btc_oi_to_mcap_growth_lag1,leverage,feature_store_crypto_weekly.parquet,weekly,327,13,0.0382352941176471,2020-01-19,2026-04-19,registered or discovered processed-panel column
btc_oi_to_mcap_growth_lag1,leverage,feature_store_daily.parquet,daily,2292,81,0.034134007585335,2020-01-03,2026-04-12,registered or discovered processed-panel column
btc_oi_to_mcap_growth_lag1,leverage,feature_store_etf_trading_daily.parquet,daily,562,1,0.00177619893428064,2024-01-12,2026-04-10,registered or discovered processed-panel column
btc_oi_to_mcap_growth_lag1,leverage,feature_store_etf_trading_weekly.parquet,weekly,328,12,0.0352941176470588,2020-01-17,2026-04-24,registered or discovered processed-panel column
btc_oi_to_mcap_growth_lag1,leverage,feature_store_tradfi_daily.parquet,daily,1576,6,0.00379266750948167,2020-01-03,2026-04-13,registered or discovered processed-panel column
btc_oi_to_mcap_growth_lag1,leverage,feature_store_tradfi_weekly.parquet,weekly,328,12,0.0352941176470588,2020-01-17,2026-04-24,registered or discovered processed-panel column
btc_oi_to_mcap_growth_lag1,leverage,feature_store_weekly.parquet,weekly,327,13,0.0382352941176471,2020-01-19,2026-04-19,registered or discovered processed-panel column
btc_oi_unit_assumption,,feature_store_daily.parquet,daily,2373,0,0,2020-01-01,2026-06-30,registered or discovered processed-panel column
btc_oi_unit_assumption,,feature_store_etf_trading_daily.parquet,daily,563,0,0,2024-01-11,2026-04-10,registered or discovered processed-panel column
btc_oi_unit_assumption,,feature_store_tradfi_daily.parquet,daily,1582,0,0,2020-01-02,2026-04-20,registered or discovered processed-panel column
btc_open,,master_daily.parquet,daily,2296,77,0.0324483775811209,2020-01-01,2026-04-14,registered or discovered processed-panel column
btc_realized_cap,,feature_store_daily.parquet,daily,2292,81,0.034134007585335,2020-01-01,2026-04-10,registered or discovered processed-panel column
btc_realized_cap,,feature_store_etf_trading_daily.parquet,daily,563,0,0,2024-01-11,2026-04-10,registered or discovered processed-panel column
btc_realized_cap,,feature_store_tradfi_daily.parquet,daily,1576,6,0.00379266750948167,2020-01-02,2026-04-10,registered or discovered processed-panel column
btc_realized_cap_usd,,feature_store_crypto_weekly.parquet,weekly,328,12,0.0352941176470588,2020-01-05,2026-04-12,registered or discovered processed-panel column
btc_realized_cap_usd,,feature_store_daily.parquet,daily,2292,81,0.034134007585335,2020-01-01,2026-04-10,registered or discovered processed-panel column
btc_realized_cap_usd,,feature_store_etf_trading_daily.parquet,daily,563,0,0,2024-01-11,2026-04-10,registered or discovered processed-panel column
btc_realized_cap_usd,,feature_store_tradfi_daily.parquet,daily,1576,6,0.00379266750948167,2020-01-02,2026-04-10,registered or discovered processed-panel column
btc_realized_cap_usd,,feature_store_weekly.parquet,weekly,328,12,0.0352941176470588,2020-01-05,2026-04-12,registered or discovered processed-panel column
btc_realized_price,,feature_store_daily.parquet,daily,1927,446,0.187947745469869,2020-12-31,2026-04-10,registered or discovered processed-panel column
btc_realized_price,,feature_store_etf_trading_daily.parquet,daily,563,0,0,2024-01-11,2026-04-10,registered or discovered processed-panel column
btc_realized_price,,feature_store_tradfi_daily.parquet,daily,1324,258,0.163084702907712,2020-12-31,2026-04-10,registered or discovered processed-panel column
btc_realized_price_gap_lag1,,feature_store_crypto_weekly.parquet,weekly,276,64,0.188235294117647,2021-01-03,2026-04-12,registered or discovered processed-panel column
btc_realized_price_gap_lag1,,feature_store_daily.parquet,daily,1927,446,0.187947745469869,2021-01-01,2026-04-11,registered or discovered processed-panel column
btc_realized_price_gap_lag1,,feature_store_etf_trading_daily.parquet,daily,563,0,0,2024-01-11,2026-04-10,registered or discovered processed-panel column
btc_realized_price_gap_lag1,,feature_store_tradfi_daily.parquet,daily,1323,259,0.163716814159292,2021-01-04,2026-04-10,registered or discovered processed-panel column
btc_realized_price_gap_lag1,,feature_store_weekly.parquet,weekly,276,64,0.188235294117647,2021-01-03,2026-04-12,registered or discovered processed-panel column
btc_realized_vol_30d,target,feature_store_crypto_weekly.parquet,weekly,329,11,0.0323529411764706,2020-01-05,2026-04-19,registered or discovered processed-panel column
btc_realized_vol_30d,target,feature_store_daily.parquet,daily,2286,87,0.0366624525916561,2020-01-21,2026-04-24,registered or discovered processed-panel column
btc_realized_vol_30d,target,feature_store_etf_trading_daily.parquet,daily,563,0,0,2024-01-11,2026-04-10,registered or discovered processed-panel column
btc_realized_vol_30d,target,feature_store_etf_trading_weekly.parquet,weekly,327,13,0.0382352941176471,2020-01-24,2026-04-24,registered or discovered processed-panel column
btc_realized_vol_30d,target,feature_store_tradfi_daily.parquet,daily,1570,12,0.00758533501896334,2020-01-21,2026-04-20,registered or discovered processed-panel column
btc_realized_vol_30d,target,feature_store_tradfi_weekly.parquet,weekly,327,13,0.0382352941176471,2020-01-24,2026-04-24,registered or discovered processed-panel column
btc_realized_vol_30d,target,feature_store_weekly.parquet,weekly,329,11,0.0323529411764706,2020-01-05,2026-04-19,registered or discovered processed-panel column
btc_ret,target,feature_store_crypto_weekly.parquet,weekly,329,11,0.0323529411764706,2020-01-05,2026-04-19,registered or discovered processed-panel column
btc_ret,target,feature_store_daily.parquet,daily,2295,78,0.0328697850821745,2020-01-02,2026-04-14,registered or discovered processed-panel column
btc_ret,target,feature_store_etf_trading_daily.parquet,daily,562,1,0.00177619893428064,2024-01-12,2026-04-10,registered or discovered processed-panel column
btc_ret,target,feature_store_etf_trading_weekly.parquet,weekly,328,12,0.0352941176470588,2020-01-10,2026-04-17,registered or discovered processed-panel column
btc_ret,target,feature_store_tradfi_daily.parquet,daily,1577,5,0.00316055625790139,2020-01-03,2026-04-14,registered or discovered processed-panel column
btc_ret,target,feature_store_tradfi_weekly.parquet,weekly,328,12,0.0352941176470588,2020-01-10,2026-04-17,registered or discovered processed-panel column
btc_ret,target,feature_store_weekly.parquet,weekly,329,11,0.0323529411764706,2020-01-05,2026-04-19,registered or discovered processed-panel column
btc_ret_fwd_1d,,feature_store_crypto_weekly.parquet,weekly,328,12,0.0352941176470588,2020-01-05,2026-04-12,registered or discovered processed-panel column
btc_ret_fwd_1d,,feature_store_daily.parquet,daily,2295,78,0.0328697850821745,2020-01-01,2026-04-13,registered or discovered processed-panel column
btc_ret_fwd_1d,,feature_store_etf_trading_daily.parquet,daily,563,0,0,2024-01-11,2026-04-10,registered or discovered processed-panel column
btc_ret_fwd_1d,,feature_store_tradfi_daily.parquet,daily,1577,5,0.00316055625790139,2020-01-02,2026-04-13,registered or discovered processed-panel column
btc_ret_fwd_1d,,feature_store_weekly.parquet,weekly,328,12,0.0352941176470588,2020-01-05,2026-04-12,registered or discovered processed-panel column
btc_ret_fwd_7d,,feature_store_crypto_weekly.parquet,weekly,328,12,0.0352941176470588,2020-01-05,2026-04-12,registered or discovered processed-panel column
btc_ret_fwd_7d,,feature_store_daily.parquet,daily,2289,84,0.0353982300884956,2020-01-01,2026-04-07,registered or discovered processed-panel column
btc_ret_fwd_7d,,feature_store_etf_trading_daily.parquet,daily,560,3,0.00532859680284192,2024-01-11,2026-04-07,registered or discovered processed-panel column
btc_ret_fwd_7d,,feature_store_tradfi_daily.parquet,daily,1573,9,0.0056890012642225,2020-01-02,2026-04-07,registered or discovered processed-panel column
btc_ret_fwd_7d,,feature_store_weekly.parquet,weekly,328,12,0.0352941176470588,2020-01-05,2026-04-12,registered or discovered processed-panel column
btc_short_liq_to_lag_mcap_bps,,feature_store_daily.parquet,daily,2292,81,0.034134007585335,2020-01-02,2026-04-11,registered or discovered processed-panel column
btc_short_liq_to_lag_mcap_bps,,feature_store_etf_trading_daily.parquet,daily,563,0,0,2024-01-11,2026-04-10,registered or discovered processed-panel column
btc_short_liq_to_lag_mcap_bps,,feature_store_tradfi_daily.parquet,daily,1576,6,0.00379266750948167,2020-01-02,2026-04-10,registered or discovered processed-panel column
btc_sopr_lag1,,feature_store_daily.parquet,daily,2292,81,0.034134007585335,2020-01-02,2026-04-11,registered or discovered processed-panel column
btc_sopr_lag1,,feature_store_etf_trading_daily.parquet,daily,563,0,0,2024-01-11,2026-04-10,registered or discovered processed-panel column
btc_sopr_lag1,,feature_store_tradfi_daily.parquet,daily,1576,6,0.00379266750948167,2020-01-02,2026-04-10,registered or discovered processed-panel column
btc_supply_profit_pct_lag1,,feature_store_daily.parquet,daily,1927,446,0.187947745469869,2021-01-01,2026-04-11,registered or discovered processed-panel column
btc_supply_profit_pct_lag1,,feature_store_etf_trading_daily.parquet,daily,563,0,0,2024-01-11,2026-04-10,registered or discovered processed-panel column
btc_supply_profit_pct_lag1,,feature_store_tradfi_daily.parquet,daily,1323,259,0.163716814159292,2021-01-04,2026-04-10,registered or discovered processed-panel column
btc_taker_buy_ratio,,feature_store_daily.parquet,daily,2293,80,0.0337126000842815,2020-01-01,2026-04-11,registered or discovered processed-panel column
btc_taker_buy_ratio,,feature_store_etf_trading_daily.parquet,daily,563,0,0,2024-01-11,2026-04-10,registered or discovered processed-panel column
btc_taker_buy_ratio,,feature_store_tradfi_daily.parquet,daily,1576,6,0.00379266750948167,2020-01-02,2026-04-10,registered or discovered processed-panel column
btc_total_liq_intensity,,feature_store_daily.parquet,daily,2292,81,0.034134007585335,2020-01-02,2026-04-11,registered or discovered processed-panel column
btc_total_liq_intensity,,feature_store_etf_trading_daily.parquet,daily,563,0,0,2024-01-11,2026-04-10,registered or discovered processed-panel column
btc_total_liq_intensity,,feature_store_tradfi_daily.parquet,daily,1576,6,0.00379266750948167,2020-01-02,2026-04-10,registered or discovered processed-panel column
btc_total_liq_to_lag_mcap_bps,leverage,feature_store_crypto_weekly.parquet,weekly,327,13,0.0382352941176471,2020-01-12,2026-04-12,registered or discovered processed-panel column
btc_total_liq_to_lag_mcap_bps,leverage,feature_store_daily.parquet,daily,2292,81,0.034134007585335,2020-01-02,2026-04-11,registered or discovered processed-panel column
btc_total_liq_to_lag_mcap_bps,leverage,feature_store_etf_trading_daily.parquet,daily,563,0,0,2024-01-11,2026-04-10,registered or discovered processed-panel column
btc_total_liq_to_lag_mcap_bps,leverage,feature_store_tradfi_daily.parquet,daily,1576,6,0.00379266750948167,2020-01-02,2026-04-10,registered or discovered processed-panel column
btc_total_liq_to_lag_mcap_bps,leverage,feature_store_weekly.parquet,weekly,327,13,0.0382352941176471,2020-01-12,2026-04-12,registered or discovered processed-panel column
btc_total_liq_to_lag_oi_log1p,,feature_store_daily.parquet,daily,2292,81,0.034134007585335,2020-01-02,2026-04-11,registered or discovered processed-panel column
btc_total_liq_to_lag_oi_log1p,,feature_store_etf_trading_daily.parquet,daily,563,0,0,2024-01-11,2026-04-10,registered or discovered processed-panel column
btc_total_liq_to_lag_oi_log1p,,feature_store_tradfi_daily.parquet,daily,1576,6,0.00379266750948167,2020-01-02,2026-04-10,registered or discovered processed-panel column
btc_total_liq_to_lag_oi_pct,leverage,feature_store_crypto_weekly.parquet,weekly,327,13,0.0382352941176471,2020-01-12,2026-04-12,registered or discovered processed-panel column
btc_total_liq_to_lag_oi_pct,leverage,feature_store_daily.parquet,daily,2292,81,0.034134007585335,2020-01-02,2026-04-11,registered or discovered processed-panel column
btc_total_liq_to_lag_oi_pct,leverage,feature_store_etf_trading_daily.parquet,daily,563,0,0,2024-01-11,2026-04-10,registered or discovered processed-panel column
btc_total_liq_to_lag_oi_pct,leverage,feature_store_etf_trading_weekly.parquet,weekly,328,12,0.0352941176470588,2020-01-10,2026-04-17,registered or discovered processed-panel column
btc_total_liq_to_lag_oi_pct,leverage,feature_store_tradfi_daily.parquet,daily,1576,6,0.00379266750948167,2020-01-02,2026-04-10,registered or discovered processed-panel column
btc_total_liq_to_lag_oi_pct,leverage,feature_store_tradfi_weekly.parquet,weekly,328,12,0.0352941176470588,2020-01-10,2026-04-17,registered or discovered processed-panel column
btc_total_liq_to_lag_oi_pct,leverage,feature_store_weekly.parquet,weekly,327,13,0.0382352941176471,2020-01-12,2026-04-12,registered or discovered processed-panel column
btc_total_liq_usd,,feature_store_crypto_weekly.parquet,weekly,328,12,0.0352941176470588,2020-01-05,2026-04-12,registered or discovered processed-panel column
btc_total_liq_usd,,feature_store_daily.parquet,daily,2293,80,0.0337126000842815,2020-01-01,2026-04-11,registered or discovered processed-panel column
btc_total_liq_usd,,feature_store_etf_trading_daily.parquet,daily,563,0,0,2024-01-11,2026-04-10,registered or discovered processed-panel column
btc_total_liq_usd,,feature_store_etf_trading_weekly.parquet,weekly,329,11,0.0323529411764706,2020-01-03,2026-04-17,registered or discovered processed-panel column
btc_total_liq_usd,,feature_store_tradfi_daily.parquet,daily,1576,6,0.00379266750948167,2020-01-02,2026-04-10,registered or discovered processed-panel column
btc_total_liq_usd,,feature_store_tradfi_weekly.parquet,weekly,329,11,0.0323529411764706,2020-01-03,2026-04-17,registered or discovered processed-panel column
btc_total_liq_usd,,feature_store_weekly.parquet,weekly,328,12,0.0352941176470588,2020-01-05,2026-04-12,registered or discovered processed-panel column
btc_vol_spike,,feature_store_daily.parquet,daily,2373,0,0,2020-01-01,2026-06-30,registered or discovered processed-panel column
btc_vol_spike,,feature_store_etf_trading_daily.parquet,daily,563,0,0,2024-01-11,2026-04-10,registered or discovered processed-panel column
btc_vol_spike,,feature_store_tradfi_daily.parquet,daily,1582,0,0,2020-01-02,2026-04-20,registered or discovered processed-panel column
btc_volume,,master_daily.parquet,daily,2293,80,0.0337126000842815,2020-01-01,2026-04-11,registered or discovered processed-panel column
calendar,,feature_store_crypto_weekly.parquet,weekly,340,0,0,2020-01-05,2026-07-05,registered or discovered processed-panel column
calendar,,feature_store_daily.parquet,daily,2373,0,0,2020-01-01,2026-06-30,registered or discovered processed-panel column
calendar,,feature_store_etf_trading_daily.parquet,daily,563,0,0,2024-01-11,2026-04-10,registered or discovered processed-panel column
calendar,,feature_store_etf_trading_weekly.parquet,weekly,340,0,0,2020-01-03,2026-07-03,registered or discovered processed-panel column
calendar,,feature_store_tradfi_daily.parquet,daily,1582,0,0,2020-01-02,2026-04-20,registered or discovered processed-panel column
calendar,,feature_store_tradfi_weekly.parquet,weekly,340,0,0,2020-01-03,2026-07-03,registered or discovered processed-panel column
calendar,,feature_store_weekly.parquet,weekly,340,0,0,2020-01-05,2026-07-05,registered or discovered processed-panel column
calendar_assumption,,feature_store_crypto_weekly.parquet,weekly,340,0,0,2020-01-05,2026-07-05,registered or discovered processed-panel column
calendar_assumption,,feature_store_daily.parquet,daily,2373,0,0,2020-01-01,2026-06-30,registered or discovered processed-panel column
calendar_assumption,,feature_store_etf_trading_daily.parquet,daily,563,0,0,2024-01-11,2026-04-10,registered or discovered processed-panel column
calendar_assumption,,feature_store_etf_trading_weekly.parquet,weekly,340,0,0,2020-01-03,2026-07-03,registered or discovered processed-panel column
calendar_assumption,,feature_store_tradfi_daily.parquet,daily,1582,0,0,2020-01-02,2026-04-20,registered or discovered processed-panel column
calendar_assumption,,feature_store_tradfi_weekly.parquet,weekly,340,0,0,2020-01-03,2026-07-03,registered or discovered processed-panel column
calendar_assumption,,feature_store_weekly.parquet,weekly,340,0,0,2020-01-05,2026-07-05,registered or discovered processed-panel column
close,,binance_spot_daily.parquet,daily,28098,0,0,2021-01-01,2026-06-30,registered or discovered processed-panel column
close_time_assumption,,feature_store_crypto_weekly.parquet,weekly,340,0,0,2020-01-05,2026-07-05,registered or discovered processed-panel column
close_time_assumption,,feature_store_daily.parquet,daily,2373,0,0,2020-01-01,2026-06-30,registered or discovered processed-panel column
close_time_assumption,,feature_store_etf_trading_daily.parquet,daily,563,0,0,2024-01-11,2026-04-10,registered or discovered processed-panel column
close_time_assumption,,feature_store_etf_trading_weekly.parquet,weekly,340,0,0,2020-01-03,2026-07-03,registered or discovered processed-panel column
close_time_assumption,,feature_store_tradfi_daily.parquet,daily,1582,0,0,2020-01-02,2026-04-20,registered or discovered processed-panel column
close_time_assumption,,feature_store_tradfi_weekly.parquet,weekly,340,0,0,2020-01-03,2026-07-03,registered or discovered processed-panel column
close_time_assumption,,feature_store_weekly.parquet,weekly,340,0,0,2020-01-05,2026-07-05,registered or discovered processed-panel column
cme_btc_basis_close,,master_daily.parquet,daily,2057,316,0.133164770332912,2020-01-02,2026-04-18,registered or discovered processed-panel column
cme_eth_basis_close,,master_daily.parquet,daily,1665,708,0.298356510745891,2021-02-04,2026-04-18,registered or discovered processed-panel column
coingecko_id,,market_structure_monthly.parquet,monthly,15600,0,0,2020-01-01,2026-06-01,registered or discovered processed-panel column
contract_code,,cftc_financial_futures.parquet,unknown,1212,0,0,1970-01-01,1970-01-01,registered or discovered processed-panel column
contract_name,,cftc_financial_futures.parquet,unknown,1212,0,0,1970-01-01,1970-01-01,registered or discovered processed-panel column
d_log_market_cap,onchain_state,feature_store_crypto_weekly.parquet,weekly,329,11,0.0323529411764706,2020-01-05,2026-04-19,registered or discovered processed-panel column
d_log_market_cap,onchain_state,feature_store_daily.parquet,daily,2294,79,0.033291192583228,2020-01-02,2026-04-13,registered or discovered processed-panel column
d_log_market_cap,onchain_state,feature_store_etf_trading_daily.parquet,daily,563,0,0,2024-01-11,2026-04-10,registered or discovered processed-panel column
d_log_market_cap,onchain_state,feature_store_tradfi_daily.parquet,daily,1577,5,0.00316055625790139,2020-01-02,2026-04-13,registered or discovered processed-panel column
d_log_market_cap,onchain_state,feature_store_weekly.parquet,weekly,329,11,0.0323529411764706,2020-01-05,2026-04-19,registered or discovered processed-panel column
d_log_mvrv,onchain_state,feature_store_crypto_weekly.parquet,weekly,329,11,0.0323529411764706,2020-01-05,2026-04-19,registered or discovered processed-panel column
d_log_mvrv,onchain_state,feature_store_daily.parquet,daily,2294,79,0.033291192583228,2020-01-02,2026-04-13,registered or discovered processed-panel column
d_log_mvrv,onchain_state,feature_store_etf_trading_daily.parquet,daily,563,0,0,2024-01-11,2026-04-10,registered or discovered processed-panel column
d_log_mvrv,onchain_state,feature_store_tradfi_daily.parquet,daily,1577,5,0.00316055625790139,2020-01-02,2026-04-13,registered or discovered processed-panel column
d_log_mvrv,onchain_state,feature_store_weekly.parquet,weekly,329,11,0.0323529411764706,2020-01-05,2026-04-19,registered or discovered processed-panel column
d_log_realized_cap,onchain_state,feature_store_crypto_weekly.parquet,weekly,328,12,0.0352941176470588,2020-01-05,2026-04-12,registered or discovered processed-panel column
d_log_realized_cap,onchain_state,feature_store_daily.parquet,daily,2291,82,0.0345554150863885,2020-01-02,2026-04-10,registered or discovered processed-panel column
d_log_realized_cap,onchain_state,feature_store_etf_trading_daily.parquet,daily,563,0,0,2024-01-11,2026-04-10,registered or discovered processed-panel column
d_log_realized_cap,onchain_state,feature_store_tradfi_daily.parquet,daily,1576,6,0.00379266750948167,2020-01-02,2026-04-10,registered or discovered processed-panel column
d_log_realized_cap,onchain_state,feature_store_weekly.parquet,weekly,328,12,0.0352941176470588,2020-01-05,2026-04-12,registered or discovered processed-panel column
date,,binance_spot_daily.parquet,daily,28098,0,0,2021-01-01,2026-06-30,registered or discovered processed-panel column
dealer_long,,cftc_financial_futures.parquet,unknown,1212,0,0,1970-01-01,1970-01-01,registered or discovered processed-panel column
dealer_net,,cftc_financial_futures.parquet,unknown,1212,0,0,1970-01-01,1970-01-01,registered or discovered processed-panel column
dealer_net_share_oi,,cftc_financial_futures.parquet,unknown,1212,0,0,1970-01-01,1970-01-01,registered or discovered processed-panel column
dealer_short,,cftc_financial_futures.parquet,unknown,1212,0,0,1970-01-01,1970-01-01,registered or discovered processed-panel column
defi_tvl_growth,,feature_store_crypto_weekly.parquet,weekly,328,12,0.0352941176470588,2020-01-12,2026-04-19,registered or discovered processed-panel column
defi_tvl_growth,,feature_store_daily.parquet,daily,2298,75,0.0316055625790139,2020-01-02,2026-04-17,registered or discovered processed-panel column
defi_tvl_growth,,feature_store_etf_trading_daily.parquet,daily,563,0,0,2024-01-11,2026-04-10,registered or discovered processed-panel column
defi_tvl_growth,,feature_store_etf_trading_weekly.parquet,weekly,328,12,0.0352941176470588,2020-01-10,2026-04-17,registered or discovered processed-panel column
defi_tvl_growth,,feature_store_tradfi_daily.parquet,daily,1581,1,0.000632111251580278,2020-01-02,2026-04-17,registered or discovered processed-panel column
defi_tvl_growth,,feature_store_tradfi_weekly.parquet,weekly,328,12,0.0352941176470588,2020-01-10,2026-04-17,registered or discovered processed-panel column
defi_tvl_growth,,feature_store_weekly.parquet,weekly,328,12,0.0352941176470588,2020-01-12,2026-04-19,registered or discovered processed-panel column
defi_tvl_growth_lag1,,feature_store_crypto_weekly.parquet,weekly,328,12,0.0352941176470588,2020-01-19,2026-04-26,registered or discovered processed-panel column
defi_tvl_growth_lag1,,feature_store_daily.parquet,daily,2298,75,0.0316055625790139,2020-01-03,2026-04-18,registered or discovered processed-panel column
defi_tvl_growth_lag1,,feature_store_etf_trading_daily.parquet,daily,562,1,0.00177619893428064,2024-01-12,2026-04-10,registered or discovered processed-panel column
defi_tvl_growth_lag1,,feature_store_etf_trading_weekly.parquet,weekly,328,12,0.0352941176470588,2020-01-17,2026-04-24,registered or discovered processed-panel column
defi_tvl_growth_lag1,,feature_store_tradfi_daily.parquet,daily,1581,1,0.000632111251580278,2020-01-03,2026-04-20,registered or discovered processed-panel column
defi_tvl_growth_lag1,,feature_store_tradfi_weekly.parquet,weekly,328,12,0.0352941176470588,2020-01-17,2026-04-24,registered or discovered processed-panel column
defi_tvl_growth_lag1,,feature_store_weekly.parquet,weekly,328,12,0.0352941176470588,2020-01-19,2026-04-26,registered or discovered processed-panel column
defi_tvl_usd,,feature_store_crypto_weekly.parquet,weekly,329,11,0.0323529411764706,2020-01-05,2026-04-19,registered or discovered processed-panel column
defi_tvl_usd,,feature_store_daily.parquet,daily,2299,74,0.0311841550779604,2020-01-01,2026-04-17,registered or discovered processed-panel column
defi_tvl_usd,,feature_store_etf_trading_daily.parquet,daily,563,0,0,2024-01-11,2026-04-10,registered or discovered processed-panel column
defi_tvl_usd,,feature_store_etf_trading_weekly.parquet,weekly,329,11,0.0323529411764706,2020-01-03,2026-04-17,registered or discovered processed-panel column
defi_tvl_usd,,feature_store_tradfi_daily.parquet,daily,1581,1,0.000632111251580278,2020-01-02,2026-04-17,registered or discovered processed-panel column
defi_tvl_usd,,feature_store_tradfi_weekly.parquet,weekly,329,11,0.0323529411764706,2020-01-03,2026-04-17,registered or discovered processed-panel column
defi_tvl_usd,,feature_store_weekly.parquet,weekly,329,11,0.0323529411764706,2020-01-05,2026-04-19,registered or discovered processed-panel column
defi_tvl_usd,,master_daily.parquet,daily,2299,74,0.0311841550779604,2020-01-01,2026-04-17,registered or discovered processed-panel column
dvol_btc_close,,master_daily.parquet,daily,1853,520,0.21913190054783,2021-03-24,2026-04-19,registered or discovered processed-panel column
dxy_close,,feature_store_crypto_weekly.parquet,weekly,329,11,0.0323529411764706,2020-01-05,2026-04-19,registered or discovered processed-panel column
dxy_close,,feature_store_daily.parquet,daily,2300,73,0.0307627475769069,2020-01-02,2026-04-19,registered or discovered processed-panel column
dxy_close,,feature_store_etf_trading_daily.parquet,daily,563,0,0,2024-01-11,2026-04-10,registered or discovered processed-panel column
dxy_close,,feature_store_etf_trading_weekly.parquet,weekly,330,10,0.0294117647058824,2020-01-03,2026-04-24,registered or discovered processed-panel column
dxy_close,,feature_store_tradfi_daily.parquet,daily,1581,1,0.000632111251580278,2020-01-02,2026-04-17,registered or discovered processed-panel column
dxy_close,,feature_store_tradfi_weekly.parquet,weekly,330,10,0.0294117647058824,2020-01-03,2026-04-24,registered or discovered processed-panel column
dxy_close,,feature_store_weekly.parquet,weekly,329,11,0.0323529411764706,2020-01-05,2026-04-19,registered or discovered processed-panel column
dxy_ret,macro_risk,feature_store_crypto_weekly.parquet,weekly,329,11,0.0323529411764706,2020-01-05,2026-04-19,registered or discovered processed-panel column
dxy_ret,macro_risk,feature_store_daily.parquet,daily,2299,74,0.0311841550779604,2020-01-03,2026-04-19,registered or discovered processed-panel column
dxy_ret,macro_risk,feature_store_etf_trading_daily.parquet,daily,562,1,0.00177619893428064,2024-01-12,2026-04-10,registered or discovered processed-panel column
dxy_ret,macro_risk,feature_store_etf_trading_weekly.parquet,weekly,329,11,0.0323529411764706,2020-01-10,2026-04-24,registered or discovered processed-panel column
dxy_ret,macro_risk,feature_store_tradfi_daily.parquet,daily,1580,2,0.00126422250316056,2020-01-03,2026-04-17,registered or discovered processed-panel column
dxy_ret,macro_risk,feature_store_tradfi_weekly.parquet,weekly,329,11,0.0323529411764706,2020-01-10,2026-04-24,registered or discovered processed-panel column
dxy_ret,macro_risk,feature_store_weekly.parquet,weekly,329,11,0.0323529411764706,2020-01-05,2026-04-19,registered or discovered processed-panel column
dxy_tv_close,,master_daily.parquet,daily,2300,73,0.0307627475769069,2020-01-02,2026-04-19,registered or discovered processed-panel column
eth_bottom5,,feature_store_daily.parquet,daily,2373,0,0,2020-01-01,2026-06-30,registered or discovered processed-panel column
eth_bottom5,,feature_store_etf_trading_daily.parquet,daily,563,0,0,2024-01-11,2026-04-10,registered or discovered processed-panel column
eth_bottom5,,feature_store_tradfi_daily.parquet,daily,1582,0,0,2020-01-02,2026-04-20,registered or discovered processed-panel column
eth_close,,feature_store_crypto_weekly.parquet,weekly,329,11,0.0323529411764706,2020-01-05,2026-04-19,registered or discovered processed-panel column
eth_close,,feature_store_daily.parquet,daily,2296,77,0.0324483775811209,2020-01-01,2026-04-14,registered or discovered processed-panel column
eth_close,,feature_store_etf_trading_daily.parquet,daily,563,0,0,2024-01-11,2026-04-10,registered or discovered processed-panel column
eth_close,,feature_store_etf_trading_weekly.parquet,weekly,329,11,0.0323529411764706,2020-01-03,2026-04-17,registered or discovered processed-panel column
eth_close,,feature_store_tradfi_daily.parquet,daily,1578,4,0.00252844500632111,2020-01-02,2026-04-14,registered or discovered processed-panel column
eth_close,,feature_store_tradfi_weekly.parquet,weekly,329,11,0.0323529411764706,2020-01-03,2026-04-17,registered or discovered processed-panel column
eth_close,,feature_store_weekly.parquet,weekly,329,11,0.0323529411764706,2020-01-05,2026-04-19,registered or discovered processed-panel column
eth_close,,master_daily.parquet,daily,2296,77,0.0324483775811209,2020-01-01,2026-04-14,registered or discovered processed-panel column
eth_dominance,,feature_store_crypto_weekly.parquet,weekly,329,11,0.0323529411764706,2020-01-05,2026-04-19,registered or discovered processed-panel column
eth_dominance,,feature_store_daily.parquet,daily,2301,72,0.0303413400758533,2020-01-01,2026-04-19,registered or discovered processed-panel column
eth_dominance,,feature_store_etf_trading_daily.parquet,daily,563,0,0,2024-01-11,2026-04-10,registered or discovered processed-panel column
eth_dominance,,feature_store_tradfi_daily.parquet,daily,1581,1,0.000632111251580278,2020-01-02,2026-04-17,registered or discovered processed-panel column
eth_dominance,,feature_store_weekly.parquet,weekly,329,11,0.0323529411764706,2020-01-05,2026-04-19,registered or discovered processed-panel column
eth_drawdown,,feature_store_daily.parquet,daily,2296,77,0.0324483775811209,2020-01-01,2026-04-14,registered or discovered processed-panel column
eth_drawdown,,feature_store_etf_trading_daily.parquet,daily,563,0,0,2024-01-11,2026-04-10,registered or discovered processed-panel column
eth_drawdown,,feature_store_tradfi_daily.parquet,daily,1578,4,0.00252844500632111,2020-01-02,2026-04-14,registered or discovered processed-panel column
eth_etf_cumulative_flow_usd,,feature_store_daily.parquet,daily,2373,0,0,2020-01-01,2026-06-30,registered or discovered processed-panel column
eth_etf_cumulative_flow_usd,,feature_store_etf_trading_daily.parquet,daily,563,0,0,2024-01-11,2026-04-10,registered or discovered processed-panel column
eth_etf_cumulative_flow_usd,,feature_store_tradfi_daily.parquet,daily,1582,0,0,2020-01-02,2026-04-20,registered or discovered processed-panel column
eth_etf_eth,,master_daily.parquet,daily,430,1943,0.818794774546987,2024-07-23,2026-04-10,registered or discovered processed-panel column
eth_etf_etha,,master_daily.parquet,daily,431,1942,0.818373367045933,2024-07-23,2026-04-10,registered or discovered processed-panel column
eth_etf_ethb,,master_daily.parquet,daily,22,2351,0.990729034976823,2026-03-11,2026-04-10,registered or discovered processed-panel column
eth_etf_ethe,,master_daily.parquet,daily,430,1943,0.818794774546987,2024-07-23,2026-04-10,registered or discovered processed-panel column
eth_etf_ethv,,master_daily.parquet,daily,430,1943,0.818794774546987,2024-07-23,2026-04-10,registered or discovered processed-panel column
eth_etf_ethw,,master_daily.parquet,daily,431,1942,0.818373367045933,2024-07-23,2026-04-10,registered or discovered processed-panel column
eth_etf_ezet,,master_daily.parquet,daily,431,1942,0.818373367045933,2024-07-23,2026-04-10,registered or discovered processed-panel column
eth_etf_feth,,master_daily.parquet,daily,431,1942,0.818373367045933,2024-07-23,2026-04-10,registered or discovered processed-panel column
eth_etf_flow_intensity,,feature_store_crypto_weekly.parquet,weekly,90,250,0.735294117647059,2024-07-28,2026-04-12,registered or discovered processed-panel column
eth_etf_flow_intensity,,feature_store_daily.parquet,daily,441,1932,0.814159292035398,2024-07-23,2026-04-10,registered or discovered processed-panel column
eth_etf_flow_intensity,,feature_store_etf_trading_daily.parquet,daily,431,132,0.234458259325044,2024-07-23,2026-04-10,registered or discovered processed-panel column
eth_etf_flow_intensity,,feature_store_etf_trading_weekly.parquet,weekly,90,250,0.735294117647059,2024-07-26,2026-04-10,registered or discovered processed-panel column
eth_etf_flow_intensity,,feature_store_tradfi_daily.parquet,daily,431,1151,0.7275600505689,2024-07-23,2026-04-10,registered or discovered processed-panel column
eth_etf_flow_intensity,,feature_store_tradfi_weekly.parquet,weekly,90,250,0.735294117647059,2024-07-26,2026-04-10,registered or discovered processed-panel column
eth_etf_flow_intensity,,feature_store_weekly.parquet,weekly,90,250,0.735294117647059,2024-07-28,2026-04-12,registered or discovered processed-panel column
eth_etf_flow_intensity_lag0,etf_institutional,feature_store_crypto_weekly.parquet,weekly,90,250,0.735294117647059,2024-07-28,2026-04-12,registered or discovered processed-panel column
eth_etf_flow_intensity_lag0,etf_institutional,feature_store_daily.parquet,daily,441,1932,0.814159292035398,2024-07-23,2026-04-10,registered or discovered processed-panel column
eth_etf_flow_intensity_lag0,etf_institutional,feature_store_etf_trading_daily.parquet,daily,431,132,0.234458259325044,2024-07-23,2026-04-10,registered or discovered processed-panel column
eth_etf_flow_intensity_lag0,etf_institutional,feature_store_etf_trading_weekly.parquet,weekly,90,250,0.735294117647059,2024-07-26,2026-04-10,registered or discovered processed-panel column
eth_etf_flow_intensity_lag0,etf_institutional,feature_store_tradfi_daily.parquet,daily,431,1151,0.7275600505689,2024-07-23,2026-04-10,registered or discovered processed-panel column
eth_etf_flow_intensity_lag0,etf_institutional,feature_store_tradfi_weekly.parquet,weekly,90,250,0.735294117647059,2024-07-26,2026-04-10,registered or discovered processed-panel column
eth_etf_flow_intensity_lag0,etf_institutional,feature_store_weekly.parquet,weekly,90,250,0.735294117647059,2024-07-28,2026-04-12,registered or discovered processed-panel column
eth_etf_flow_intensity_lag1,etf_institutional,feature_store_crypto_weekly.parquet,weekly,90,250,0.735294117647059,2024-08-04,2026-04-19,registered or discovered processed-panel column
eth_etf_flow_intensity_lag1,etf_institutional,feature_store_daily.parquet,daily,441,1932,0.814159292035398,2024-07-24,2026-04-11,registered or discovered processed-panel column
eth_etf_flow_intensity_lag1,etf_institutional,feature_store_etf_trading_daily.parquet,daily,430,133,0.236234458259325,2024-07-24,2026-04-10,registered or discovered processed-panel column
eth_etf_flow_intensity_lag1,etf_institutional,feature_store_tradfi_daily.parquet,daily,342,1240,0.783817951959545,2024-07-24,2026-04-10,registered or discovered processed-panel column
eth_etf_flow_intensity_lag1,etf_institutional,feature_store_weekly.parquet,weekly,90,250,0.735294117647059,2024-08-04,2026-04-19,registered or discovered processed-panel column
eth_etf_net_flow_usd,,feature_store_crypto_weekly.parquet,weekly,90,250,0.735294117647059,2024-07-28,2026-04-12,registered or discovered processed-panel column
eth_etf_net_flow_usd,,feature_store_daily.parquet,daily,441,1932,0.814159292035398,2024-07-23,2026-04-10,registered or discovered processed-panel column
eth_etf_net_flow_usd,,feature_store_etf_trading_daily.parquet,daily,431,132,0.234458259325044,2024-07-23,2026-04-10,registered or discovered processed-panel column
eth_etf_net_flow_usd,,feature_store_etf_trading_weekly.parquet,weekly,90,250,0.735294117647059,2024-07-26,2026-04-10,registered or discovered processed-panel column
eth_etf_net_flow_usd,,feature_store_tradfi_daily.parquet,daily,431,1151,0.7275600505689,2024-07-23,2026-04-10,registered or discovered processed-panel column
eth_etf_net_flow_usd,,feature_store_tradfi_weekly.parquet,weekly,90,250,0.735294117647059,2024-07-26,2026-04-10,registered or discovered processed-panel column
eth_etf_net_flow_usd,,feature_store_weekly.parquet,weekly,90,250,0.735294117647059,2024-07-28,2026-04-12,registered or discovered processed-panel column
eth_etf_qeth,,master_daily.parquet,daily,431,1942,0.818373367045933,2024-07-23,2026-04-10,registered or discovered processed-panel column
eth_etf_teth,,master_daily.parquet,daily,430,1943,0.818794774546987,2024-07-23,2026-04-10,registered or discovered processed-panel column
eth_etf_total,,master_daily.parquet,daily,441,1932,0.814159292035398,2024-07-23,2026-04-10,registered or discovered processed-panel column
eth_funding_z,,feature_store_crypto_weekly.parquet,weekly,324,16,0.0470588235294118,2020-02-02,2026-04-12,registered or discovered processed-panel column
eth_funding_z,,feature_store_daily.parquet,daily,2264,109,0.0459334176148335,2020-01-30,2026-04-11,registered or discovered processed-panel column
eth_funding_z,,feature_store_etf_trading_daily.parquet,daily,563,0,0,2024-01-11,2026-04-10,registered or discovered processed-panel column
eth_funding_z,,feature_store_etf_trading_weekly.parquet,weekly,325,15,0.0441176470588235,2020-01-31,2026-04-17,registered or discovered processed-panel column
eth_funding_z,,feature_store_tradfi_daily.parquet,daily,1557,25,0.015802781289507,2020-01-30,2026-04-10,registered or discovered processed-panel column
eth_funding_z,,feature_store_tradfi_weekly.parquet,weekly,325,15,0.0441176470588235,2020-01-31,2026-04-17,registered or discovered processed-panel column
eth_funding_z,,feature_store_weekly.parquet,weekly,324,16,0.0470588235294118,2020-02-02,2026-04-12,registered or discovered processed-panel column
eth_funding_z_lag1,,feature_store_crypto_weekly.parquet,weekly,324,16,0.0470588235294118,2020-02-09,2026-04-19,registered or discovered processed-panel column
eth_funding_z_lag1,,feature_store_daily.parquet,daily,2264,109,0.0459334176148335,2020-01-31,2026-04-12,registered or discovered processed-panel column
eth_funding_z_lag1,,feature_store_etf_trading_daily.parquet,daily,562,1,0.00177619893428064,2024-01-12,2026-04-10,registered or discovered processed-panel column
eth_funding_z_lag1,,feature_store_etf_trading_weekly.parquet,weekly,325,15,0.0441176470588235,2020-02-07,2026-04-24,registered or discovered processed-panel column
eth_funding_z_lag1,,feature_store_tradfi_daily.parquet,daily,1557,25,0.015802781289507,2020-01-31,2026-04-13,registered or discovered processed-panel column
eth_funding_z_lag1,,feature_store_tradfi_weekly.parquet,weekly,325,15,0.0441176470588235,2020-02-07,2026-04-24,registered or discovered processed-panel column
eth_funding_z_lag1,,feature_store_weekly.parquet,weekly,324,16,0.0470588235294118,2020-02-09,2026-04-19,registered or discovered processed-panel column
eth_high,,master_daily.parquet,daily,2296,77,0.0324483775811209,2020-01-01,2026-04-14,registered or discovered processed-panel column
eth_low,,master_daily.parquet,daily,2296,77,0.0324483775811209,2020-01-01,2026-04-14,registered or discovered processed-panel column
eth_market_cap_usd,,feature_store_crypto_weekly.parquet,weekly,329,11,0.0323529411764706,2020-01-05,2026-04-19,registered or discovered processed-panel column
eth_market_cap_usd,,feature_store_daily.parquet,daily,2295,78,0.0328697850821745,2020-01-01,2026-04-13,registered or discovered processed-panel column
eth_market_cap_usd,,feature_store_etf_trading_daily.parquet,daily,563,0,0,2024-01-11,2026-04-10,registered or discovered processed-panel column
eth_market_cap_usd,,feature_store_etf_trading_weekly.parquet,weekly,329,11,0.0323529411764706,2020-01-03,2026-04-17,registered or discovered processed-panel column
eth_market_cap_usd,,feature_store_tradfi_daily.parquet,daily,1577,5,0.00316055625790139,2020-01-02,2026-04-13,registered or discovered processed-panel column
eth_market_cap_usd,,feature_store_tradfi_weekly.parquet,weekly,329,11,0.0323529411764706,2020-01-03,2026-04-17,registered or discovered processed-panel column
eth_market_cap_usd,,feature_store_weekly.parquet,weekly,329,11,0.0323529411764706,2020-01-05,2026-04-19,registered or discovered processed-panel column
eth_mcap_lag1,,feature_store_crypto_weekly.parquet,weekly,329,11,0.0323529411764706,2020-01-12,2026-04-26,registered or discovered processed-panel column
eth_mcap_lag1,,feature_store_daily.parquet,daily,2295,78,0.0328697850821745,2020-01-02,2026-04-14,registered or discovered processed-panel column
eth_mcap_lag1,,feature_store_etf_trading_daily.parquet,daily,562,1,0.00177619893428064,2024-01-12,2026-04-10,registered or discovered processed-panel column
eth_mcap_lag1,,feature_store_etf_trading_weekly.parquet,weekly,329,11,0.0323529411764706,2020-01-10,2026-04-24,registered or discovered processed-panel column
eth_mcap_lag1,,feature_store_tradfi_daily.parquet,daily,1578,4,0.00252844500632111,2020-01-02,2026-04-14,registered or discovered processed-panel column
eth_mcap_lag1,,feature_store_tradfi_weekly.parquet,weekly,329,11,0.0323529411764706,2020-01-10,2026-04-24,registered or discovered processed-panel column
eth_mcap_lag1,,feature_store_weekly.parquet,weekly,329,11,0.0323529411764706,2020-01-12,2026-04-26,registered or discovered processed-panel column
eth_mcap_usd,,master_daily.parquet,daily,2295,78,0.0328697850821745,2020-01-01,2026-04-13,registered or discovered processed-panel column
eth_oi,,feature_store_crypto_weekly.parquet,weekly,328,12,0.0352941176470588,2020-01-05,2026-04-12,registered or discovered processed-panel column
eth_oi,,feature_store_daily.parquet,daily,2293,80,0.0337126000842815,2020-01-01,2026-04-11,registered or discovered processed-panel column
eth_oi,,feature_store_etf_trading_daily.parquet,daily,563,0,0,2024-01-11,2026-04-10,registered or discovered processed-panel column
eth_oi,,feature_store_etf_trading_weekly.parquet,weekly,329,11,0.0323529411764706,2020-01-03,2026-04-17,registered or discovered processed-panel column
eth_oi,,feature_store_tradfi_daily.parquet,daily,1576,6,0.00379266750948167,2020-01-02,2026-04-10,registered or discovered processed-panel column
eth_oi,,feature_store_tradfi_weekly.parquet,weekly,329,11,0.0323529411764706,2020-01-03,2026-04-17,registered or discovered processed-panel column
eth_oi,,feature_store_weekly.parquet,weekly,328,12,0.0352941176470588,2020-01-05,2026-04-12,registered or discovered processed-panel column
eth_oi_growth,,feature_store_crypto_weekly.parquet,weekly,327,13,0.0382352941176471,2020-01-12,2026-04-12,registered or discovered processed-panel column
eth_oi_growth,,feature_store_daily.parquet,daily,2292,81,0.034134007585335,2020-01-02,2026-04-11,registered or discovered processed-panel column
eth_oi_growth,,feature_store_etf_trading_daily.parquet,daily,563,0,0,2024-01-11,2026-04-10,registered or discovered processed-panel column
eth_oi_growth,,feature_store_etf_trading_weekly.parquet,weekly,328,12,0.0352941176470588,2020-01-10,2026-04-17,registered or discovered processed-panel column
eth_oi_growth,,feature_store_tradfi_daily.parquet,daily,1576,6,0.00379266750948167,2020-01-02,2026-04-10,registered or discovered processed-panel column
eth_oi_growth,,feature_store_tradfi_weekly.parquet,weekly,328,12,0.0352941176470588,2020-01-10,2026-04-17,registered or discovered processed-panel column
eth_oi_growth,,feature_store_weekly.parquet,weekly,327,13,0.0382352941176471,2020-01-12,2026-04-12,registered or discovered processed-panel column
eth_oi_growth_lag1,,feature_store_crypto_weekly.parquet,weekly,327,13,0.0382352941176471,2020-01-19,2026-04-19,registered or discovered processed-panel column
eth_oi_growth_lag1,,feature_store_daily.parquet,daily,2292,81,0.034134007585335,2020-01-03,2026-04-12,registered or discovered processed-panel column
eth_oi_growth_lag1,,feature_store_etf_trading_daily.parquet,daily,562,1,0.00177619893428064,2024-01-12,2026-04-10,registered or discovered processed-panel column
eth_oi_growth_lag1,,feature_store_etf_trading_weekly.parquet,weekly,328,12,0.0352941176470588,2020-01-17,2026-04-24,registered or discovered processed-panel column
eth_oi_growth_lag1,,feature_store_tradfi_daily.parquet,daily,1576,6,0.00379266750948167,2020-01-03,2026-04-13,registered or discovered processed-panel column
eth_oi_growth_lag1,,feature_store_tradfi_weekly.parquet,weekly,328,12,0.0352941176470588,2020-01-17,2026-04-24,registered or discovered processed-panel column
eth_oi_growth_lag1,,feature_store_weekly.parquet,weekly,327,13,0.0382352941176471,2020-01-19,2026-04-19,registered or discovered processed-panel column
eth_oi_to_mcap,,feature_store_crypto_weekly.parquet,weekly,327,13,0.0382352941176471,2020-01-12,2026-04-12,registered or discovered processed-panel column
eth_oi_to_mcap,,feature_store_daily.parquet,daily,2292,81,0.034134007585335,2020-01-02,2026-04-11,registered or discovered processed-panel column
eth_oi_to_mcap,,feature_store_etf_trading_daily.parquet,daily,563,0,0,2024-01-11,2026-04-10,registered or discovered processed-panel column
eth_oi_to_mcap,,feature_store_etf_trading_weekly.parquet,weekly,328,12,0.0352941176470588,2020-01-10,2026-04-17,registered or discovered processed-panel column
eth_oi_to_mcap,,feature_store_tradfi_daily.parquet,daily,1576,6,0.00379266750948167,2020-01-02,2026-04-10,registered or discovered processed-panel column
eth_oi_to_mcap,,feature_store_tradfi_weekly.parquet,weekly,328,12,0.0352941176470588,2020-01-10,2026-04-17,registered or discovered processed-panel column
eth_oi_to_mcap,,feature_store_weekly.parquet,weekly,327,13,0.0382352941176471,2020-01-12,2026-04-12,registered or discovered processed-panel column
eth_oi_to_mcap_current,,feature_store_crypto_weekly.parquet,weekly,328,12,0.0352941176470588,2020-01-05,2026-04-12,registered or discovered processed-panel column
eth_oi_to_mcap_current,,feature_store_daily.parquet,daily,2293,80,0.0337126000842815,2020-01-01,2026-04-11,registered or discovered processed-panel column
eth_oi_to_mcap_current,,feature_store_etf_trading_daily.parquet,daily,563,0,0,2024-01-11,2026-04-10,registered or discovered processed-panel column
eth_oi_to_mcap_current,,feature_store_etf_trading_weekly.parquet,weekly,329,11,0.0323529411764706,2020-01-03,2026-04-17,registered or discovered processed-panel column
eth_oi_to_mcap_current,,feature_store_tradfi_daily.parquet,daily,1576,6,0.00379266750948167,2020-01-02,2026-04-10,registered or discovered processed-panel column
eth_oi_to_mcap_current,,feature_store_tradfi_weekly.parquet,weekly,329,11,0.0323529411764706,2020-01-03,2026-04-17,registered or discovered processed-panel column
eth_oi_to_mcap_current,,feature_store_weekly.parquet,weekly,328,12,0.0352941176470588,2020-01-05,2026-04-12,registered or discovered processed-panel column
eth_oi_to_mcap_growth,,feature_store_crypto_weekly.parquet,weekly,327,13,0.0382352941176471,2020-01-12,2026-04-12,registered or discovered processed-panel column
eth_oi_to_mcap_growth,,feature_store_daily.parquet,daily,2292,81,0.034134007585335,2020-01-02,2026-04-11,registered or discovered processed-panel column
eth_oi_to_mcap_growth,,feature_store_etf_trading_daily.parquet,daily,563,0,0,2024-01-11,2026-04-10,registered or discovered processed-panel column
eth_oi_to_mcap_growth,,feature_store_etf_trading_weekly.parquet,weekly,328,12,0.0352941176470588,2020-01-10,2026-04-17,registered or discovered processed-panel column
eth_oi_to_mcap_growth,,feature_store_tradfi_daily.parquet,daily,1576,6,0.00379266750948167,2020-01-02,2026-04-10,registered or discovered processed-panel column
eth_oi_to_mcap_growth,,feature_store_tradfi_weekly.parquet,weekly,328,12,0.0352941176470588,2020-01-10,2026-04-17,registered or discovered processed-panel column
eth_oi_to_mcap_growth,,feature_store_weekly.parquet,weekly,327,13,0.0382352941176471,2020-01-12,2026-04-12,registered or discovered processed-panel column
eth_oi_to_mcap_growth_lag1,leverage,feature_store_crypto_weekly.parquet,weekly,327,13,0.0382352941176471,2020-01-19,2026-04-19,registered or discovered processed-panel column
eth_oi_to_mcap_growth_lag1,leverage,feature_store_daily.parquet,daily,2292,81,0.034134007585335,2020-01-03,2026-04-12,registered or discovered processed-panel column
eth_oi_to_mcap_growth_lag1,leverage,feature_store_etf_trading_daily.parquet,daily,562,1,0.00177619893428064,2024-01-12,2026-04-10,registered or discovered processed-panel column
eth_oi_to_mcap_growth_lag1,leverage,feature_store_etf_trading_weekly.parquet,weekly,328,12,0.0352941176470588,2020-01-17,2026-04-24,registered or discovered processed-panel column
eth_oi_to_mcap_growth_lag1,leverage,feature_store_tradfi_daily.parquet,daily,1576,6,0.00379266750948167,2020-01-03,2026-04-13,registered or discovered processed-panel column
eth_oi_to_mcap_growth_lag1,leverage,feature_store_tradfi_weekly.parquet,weekly,328,12,0.0352941176470588,2020-01-17,2026-04-24,registered or discovered processed-panel column
eth_oi_to_mcap_growth_lag1,leverage,feature_store_weekly.parquet,weekly,327,13,0.0382352941176471,2020-01-19,2026-04-19,registered or discovered processed-panel column
eth_oi_unit_assumption,,feature_store_daily.parquet,daily,2373,0,0,2020-01-01,2026-06-30,registered or discovered processed-panel column
eth_oi_unit_assumption,,feature_store_etf_trading_daily.parquet,daily,563,0,0,2024-01-11,2026-04-10,registered or discovered processed-panel column
eth_oi_unit_assumption,,feature_store_tradfi_daily.parquet,daily,1582,0,0,2020-01-02,2026-04-20,registered or discovered processed-panel column
eth_open,,master_daily.parquet,daily,2296,77,0.0324483775811209,2020-01-01,2026-04-14,registered or discovered processed-panel column
eth_realized_vol_30d,,feature_store_crypto_weekly.parquet,weekly,329,11,0.0323529411764706,2020-01-05,2026-04-19,registered or discovered processed-panel column
eth_realized_vol_30d,,feature_store_daily.parquet,daily,2286,87,0.0366624525916561,2020-01-21,2026-04-24,registered or discovered processed-panel column
eth_realized_vol_30d,,feature_store_etf_trading_daily.parquet,daily,563,0,0,2024-01-11,2026-04-10,registered or discovered processed-panel column
eth_realized_vol_30d,,feature_store_etf_trading_weekly.parquet,weekly,327,13,0.0382352941176471,2020-01-24,2026-04-24,registered or discovered processed-panel column
eth_realized_vol_30d,,feature_store_tradfi_daily.parquet,daily,1570,12,0.00758533501896334,2020-01-21,2026-04-20,registered or discovered processed-panel column
eth_realized_vol_30d,,feature_store_tradfi_weekly.parquet,weekly,327,13,0.0382352941176471,2020-01-24,2026-04-24,registered or discovered processed-panel column
eth_realized_vol_30d,,feature_store_weekly.parquet,weekly,329,11,0.0323529411764706,2020-01-05,2026-04-19,registered or discovered processed-panel column
eth_ret,target,feature_store_crypto_weekly.parquet,weekly,329,11,0.0323529411764706,2020-01-05,2026-04-19,registered or discovered processed-panel column
eth_ret,target,feature_store_daily.parquet,daily,2295,78,0.0328697850821745,2020-01-02,2026-04-14,registered or discovered processed-panel column
eth_ret,target,feature_store_etf_trading_daily.parquet,daily,562,1,0.00177619893428064,2024-01-12,2026-04-10,registered or discovered processed-panel column
eth_ret,target,feature_store_etf_trading_weekly.parquet,weekly,328,12,0.0352941176470588,2020-01-10,2026-04-17,registered or discovered processed-panel column
eth_ret,target,feature_store_tradfi_daily.parquet,daily,1577,5,0.00316055625790139,2020-01-03,2026-04-14,registered or discovered processed-panel column
eth_ret,target,feature_store_tradfi_weekly.parquet,weekly,328,12,0.0352941176470588,2020-01-10,2026-04-17,registered or discovered processed-panel column
eth_ret,target,feature_store_weekly.parquet,weekly,329,11,0.0323529411764706,2020-01-05,2026-04-19,registered or discovered processed-panel column
eth_total_liq_intensity,,feature_store_daily.parquet,daily,2292,81,0.034134007585335,2020-01-02,2026-04-11,registered or discovered processed-panel column
eth_total_liq_intensity,,feature_store_etf_trading_daily.parquet,daily,563,0,0,2024-01-11,2026-04-10,registered or discovered processed-panel column
eth_total_liq_intensity,,feature_store_tradfi_daily.parquet,daily,1576,6,0.00379266750948167,2020-01-02,2026-04-10,registered or discovered processed-panel column
eth_total_liq_to_lag_mcap_bps,,feature_store_crypto_weekly.parquet,weekly,327,13,0.0382352941176471,2020-01-12,2026-04-12,registered or discovered processed-panel column
eth_total_liq_to_lag_mcap_bps,,feature_store_daily.parquet,daily,2292,81,0.034134007585335,2020-01-02,2026-04-11,registered or discovered processed-panel column
eth_total_liq_to_lag_mcap_bps,,feature_store_etf_trading_daily.parquet,daily,563,0,0,2024-01-11,2026-04-10,registered or discovered processed-panel column
eth_total_liq_to_lag_mcap_bps,,feature_store_tradfi_daily.parquet,daily,1576,6,0.00379266750948167,2020-01-02,2026-04-10,registered or discovered processed-panel column
eth_total_liq_to_lag_mcap_bps,,feature_store_weekly.parquet,weekly,327,13,0.0382352941176471,2020-01-12,2026-04-12,registered or discovered processed-panel column
eth_total_liq_to_lag_oi_log1p,,feature_store_daily.parquet,daily,2292,81,0.034134007585335,2020-01-02,2026-04-11,registered or discovered processed-panel column
eth_total_liq_to_lag_oi_log1p,,feature_store_etf_trading_daily.parquet,daily,563,0,0,2024-01-11,2026-04-10,registered or discovered processed-panel column
eth_total_liq_to_lag_oi_log1p,,feature_store_tradfi_daily.parquet,daily,1576,6,0.00379266750948167,2020-01-02,2026-04-10,registered or discovered processed-panel column
eth_total_liq_to_lag_oi_pct,,feature_store_crypto_weekly.parquet,weekly,327,13,0.0382352941176471,2020-01-12,2026-04-12,registered or discovered processed-panel column
eth_total_liq_to_lag_oi_pct,,feature_store_daily.parquet,daily,2292,81,0.034134007585335,2020-01-02,2026-04-11,registered or discovered processed-panel column
eth_total_liq_to_lag_oi_pct,,feature_store_etf_trading_daily.parquet,daily,563,0,0,2024-01-11,2026-04-10,registered or discovered processed-panel column
eth_total_liq_to_lag_oi_pct,,feature_store_etf_trading_weekly.parquet,weekly,328,12,0.0352941176470588,2020-01-10,2026-04-17,registered or discovered processed-panel column
eth_total_liq_to_lag_oi_pct,,feature_store_tradfi_daily.parquet,daily,1576,6,0.00379266750948167,2020-01-02,2026-04-10,registered or discovered processed-panel column
eth_total_liq_to_lag_oi_pct,,feature_store_tradfi_weekly.parquet,weekly,328,12,0.0352941176470588,2020-01-10,2026-04-17,registered or discovered processed-panel column
eth_total_liq_to_lag_oi_pct,,feature_store_weekly.parquet,weekly,327,13,0.0382352941176471,2020-01-12,2026-04-12,registered or discovered processed-panel column
eth_total_liq_usd,,feature_store_crypto_weekly.parquet,weekly,328,12,0.0352941176470588,2020-01-05,2026-04-12,registered or discovered processed-panel column
eth_total_liq_usd,,feature_store_daily.parquet,daily,2293,80,0.0337126000842815,2020-01-01,2026-04-11,registered or discovered processed-panel column
eth_total_liq_usd,,feature_store_etf_trading_daily.parquet,daily,563,0,0,2024-01-11,2026-04-10,registered or discovered processed-panel column
eth_total_liq_usd,,feature_store_etf_trading_weekly.parquet,weekly,329,11,0.0323529411764706,2020-01-03,2026-04-17,registered or discovered processed-panel column
eth_total_liq_usd,,feature_store_tradfi_daily.parquet,daily,1576,6,0.00379266750948167,2020-01-02,2026-04-10,registered or discovered processed-panel column
eth_total_liq_usd,,feature_store_tradfi_weekly.parquet,weekly,329,11,0.0323529411764706,2020-01-03,2026-04-17,registered or discovered processed-panel column
eth_total_liq_usd,,feature_store_weekly.parquet,weekly,328,12,0.0352941176470588,2020-01-05,2026-04-12,registered or discovered processed-panel column
eth_volume,,master_daily.parquet,daily,2293,80,0.0337126000842815,2020-01-01,2026-04-11,registered or discovered processed-panel column
fear_greed_altme,,feature_store_crypto_weekly.parquet,weekly,330,10,0.0294117647058824,2020-01-05,2026-04-26,registered or discovered processed-panel column
fear_greed_altme,,feature_store_daily.parquet,daily,2302,71,0.0299199325747998,2020-01-01,2026-04-20,registered or discovered processed-panel column
fear_greed_altme,,feature_store_etf_trading_daily.parquet,daily,563,0,0,2024-01-11,2026-04-10,registered or discovered processed-panel column
fear_greed_altme,,feature_store_etf_trading_weekly.parquet,weekly,330,10,0.0294117647058824,2020-01-03,2026-04-24,registered or discovered processed-panel column
fear_greed_altme,,feature_store_tradfi_daily.parquet,daily,1582,0,0,2020-01-02,2026-04-20,registered or discovered processed-panel column
fear_greed_altme,,feature_store_tradfi_weekly.parquet,weekly,330,10,0.0294117647058824,2020-01-03,2026-04-24,registered or discovered processed-panel column
fear_greed_altme,,feature_store_weekly.parquet,weekly,330,10,0.0294117647058824,2020-01-05,2026-04-26,registered or discovered processed-panel column
fear_greed_altme_lag1,,feature_store_crypto_weekly.parquet,weekly,330,10,0.0294117647058824,2020-01-12,2026-05-03,registered or discovered processed-panel column
fear_greed_altme_lag1,,feature_store_daily.parquet,daily,2302,71,0.0299199325747998,2020-01-02,2026-04-21,registered or discovered processed-panel column
fear_greed_altme_lag1,,feature_store_etf_trading_daily.parquet,daily,562,1,0.00177619893428064,2024-01-12,2026-04-10,registered or discovered processed-panel column
fear_greed_altme_lag1,,feature_store_etf_trading_weekly.parquet,weekly,330,10,0.0294117647058824,2020-01-10,2026-05-01,registered or discovered processed-panel column
fear_greed_altme_lag1,,feature_store_tradfi_daily.parquet,daily,1581,1,0.000632111251580278,2020-01-03,2026-04-20,registered or discovered processed-panel column
fear_greed_altme_lag1,,feature_store_tradfi_weekly.parquet,weekly,330,10,0.0294117647058824,2020-01-10,2026-05-01,registered or discovered processed-panel column
fear_greed_altme_lag1,,feature_store_weekly.parquet,weekly,330,10,0.0294117647058824,2020-01-12,2026-05-03,registered or discovered processed-panel column
fear_greed_change,,feature_store_crypto_weekly.parquet,weekly,329,11,0.0323529411764706,2020-01-12,2026-04-26,registered or discovered processed-panel column
fear_greed_change,,feature_store_daily.parquet,daily,2301,72,0.0303413400758533,2020-01-02,2026-04-20,registered or discovered processed-panel column
fear_greed_change,,feature_store_etf_trading_daily.parquet,daily,563,0,0,2024-01-11,2026-04-10,registered or discovered processed-panel column
fear_greed_change,,feature_store_etf_trading_weekly.parquet,weekly,329,11,0.0323529411764706,2020-01-10,2026-04-24,registered or discovered processed-panel column
fear_greed_change,,feature_store_tradfi_daily.parquet,daily,1582,0,0,2020-01-02,2026-04-20,registered or discovered processed-panel column
fear_greed_change,,feature_store_tradfi_weekly.parquet,weekly,329,11,0.0323529411764706,2020-01-10,2026-04-24,registered or discovered processed-panel column
fear_greed_change,,feature_store_weekly.parquet,weekly,329,11,0.0323529411764706,2020-01-12,2026-04-26,registered or discovered processed-panel column
fear_greed_change_lag1,,feature_store_crypto_weekly.parquet,weekly,329,11,0.0323529411764706,2020-01-19,2026-05-03,registered or discovered processed-panel column
fear_greed_change_lag1,,feature_store_daily.parquet,daily,2301,72,0.0303413400758533,2020-01-03,2026-04-21,registered or discovered processed-panel column
fear_greed_change_lag1,,feature_store_etf_trading_daily.parquet,daily,562,1,0.00177619893428064,2024-01-12,2026-04-10,registered or discovered processed-panel column
fear_greed_change_lag1,,feature_store_etf_trading_weekly.parquet,weekly,329,11,0.0323529411764706,2020-01-17,2026-05-01,registered or discovered processed-panel column
fear_greed_change_lag1,,feature_store_tradfi_daily.parquet,daily,1581,1,0.000632111251580278,2020-01-03,2026-04-20,registered or discovered processed-panel column
fear_greed_change_lag1,,feature_store_tradfi_weekly.parquet,weekly,329,11,0.0323529411764706,2020-01-17,2026-05-01,registered or discovered processed-panel column
fear_greed_change_lag1,,feature_store_weekly.parquet,weekly,329,11,0.0323529411764706,2020-01-19,2026-05-03,registered or discovered processed-panel column
fng_value,,master_daily.parquet,daily,2302,71,0.0299199325747998,2020-01-01,2026-04-20,registered or discovered processed-panel column
gld_close,,master_daily.parquet,daily,2301,72,0.0303413400758533,2020-01-02,2026-04-20,registered or discovered processed-panel column
gold_close,,feature_store_crypto_weekly.parquet,weekly,330,10,0.0294117647058824,2020-01-05,2026-04-26,registered or discovered processed-panel column
gold_close,,feature_store_daily.parquet,daily,2301,72,0.0303413400758533,2020-01-02,2026-04-20,registered or discovered processed-panel column
gold_close,,feature_store_etf_trading_daily.parquet,daily,563,0,0,2024-01-11,2026-04-10,registered or discovered processed-panel column
gold_close,,feature_store_etf_trading_weekly.parquet,weekly,330,10,0.0294117647058824,2020-01-03,2026-04-24,registered or discovered processed-panel column
gold_close,,feature_store_tradfi_daily.parquet,daily,1582,0,0,2020-01-02,2026-04-20,registered or discovered processed-panel column
gold_close,,feature_store_tradfi_weekly.parquet,weekly,330,10,0.0294117647058824,2020-01-03,2026-04-24,registered or discovered processed-panel column
gold_close,,feature_store_weekly.parquet,weekly,330,10,0.0294117647058824,2020-01-05,2026-04-26,registered or discovered processed-panel column
gold_ret,macro_risk,feature_store_crypto_weekly.parquet,weekly,330,10,0.0294117647058824,2020-01-05,2026-04-26,registered or discovered processed-panel column
gold_ret,macro_risk,feature_store_daily.parquet,daily,2300,73,0.0307627475769069,2020-01-03,2026-04-20,registered or discovered processed-panel column
gold_ret,macro_risk,feature_store_etf_trading_daily.parquet,daily,562,1,0.00177619893428064,2024-01-12,2026-04-10,registered or discovered processed-panel column
gold_ret,macro_risk,feature_store_etf_trading_weekly.parquet,weekly,329,11,0.0323529411764706,2020-01-10,2026-04-24,registered or discovered processed-panel column
gold_ret,macro_risk,feature_store_tradfi_daily.parquet,daily,1581,1,0.000632111251580278,2020-01-03,2026-04-20,registered or discovered processed-panel column
gold_ret,macro_risk,feature_store_tradfi_weekly.parquet,weekly,329,11,0.0323529411764706,2020-01-10,2026-04-24,registered or discovered processed-panel column
gold_ret,macro_risk,feature_store_weekly.parquet,weekly,330,10,0.0294117647058824,2020-01-05,2026-04-26,registered or discovered processed-panel column
high,,binance_spot_daily.parquet,daily,28098,0,0,2021-01-01,2026-06-30,registered or discovered processed-panel column
hy_oas_d1,,feature_store_crypto_weekly.parquet,weekly,157,183,0.538235294117647,2023-04-23,2026-04-19,registered or discovered processed-panel column
hy_oas_d1,,feature_store_daily.parquet,daily,1097,1276,0.53771597134429,2023-04-19,2026-04-19,registered or discovered processed-panel column
hy_oas_d1,,feature_store_etf_trading_daily.parquet,daily,563,0,0,2024-01-11,2026-04-10,registered or discovered processed-panel column
hy_oas_d1,,feature_store_tradfi_daily.parquet,daily,752,830,0.524652338811631,2023-04-19,2026-04-17,registered or discovered processed-panel column
hy_oas_d1,,feature_store_weekly.parquet,weekly,157,183,0.538235294117647,2023-04-23,2026-04-19,registered or discovered processed-panel column
identity_residual,onchain_state,feature_store_daily.parquet,daily,2291,82,0.0345554150863885,2020-01-02,2026-04-10,registered or discovered processed-panel column
identity_residual,onchain_state,feature_store_etf_trading_daily.parquet,daily,563,0,0,2024-01-11,2026-04-10,registered or discovered processed-panel column
identity_residual,onchain_state,feature_store_tradfi_daily.parquet,daily,1576,6,0.00379266750948167,2020-01-02,2026-04-10,registered or discovered processed-panel column
in_full_top100,,market_structure_monthly.parquet,monthly,15600,0,0,2020-01-01,2026-06-01,registered or discovered processed-panel column
is_micro,,cftc_financial_futures.parquet,unknown,1212,0,0,1970-01-01,1970-01-01,registered or discovered processed-panel column
is_partial_month,,market_structure_monthly.parquet,monthly,15600,0,0,2020-01-01,2026-06-01,registered or discovered processed-panel column
iwm_close,,feature_store_crypto_weekly.parquet,weekly,329,11,0.0323529411764706,2020-01-05,2026-04-19,registered or discovered processed-panel column
iwm_close,,feature_store_daily.parquet,daily,1581,792,0.333754740834387,2020-01-02,2026-04-17,registered or discovered processed-panel column
iwm_close,,feature_store_etf_trading_daily.parquet,daily,563,0,0,2024-01-11,2026-04-10,registered or discovered processed-panel column
iwm_close,,feature_store_etf_trading_weekly.parquet,weekly,329,11,0.0323529411764706,2020-01-03,2026-04-17,registered or discovered processed-panel column
iwm_close,,feature_store_tradfi_daily.parquet,daily,1581,1,0.000632111251580278,2020-01-02,2026-04-17,registered or discovered processed-panel column
iwm_close,,feature_store_tradfi_weekly.parquet,weekly,329,11,0.0323529411764706,2020-01-03,2026-04-17,registered or discovered processed-panel column
iwm_close,,feature_store_weekly.parquet,weekly,329,11,0.0323529411764706,2020-01-05,2026-04-19,registered or discovered processed-panel column
iwm_ret,macro_risk,feature_store_crypto_weekly.parquet,weekly,329,11,0.0323529411764706,2020-01-05,2026-04-19,registered or discovered processed-panel column
iwm_ret,macro_risk,feature_store_daily.parquet,daily,1237,1136,0.478718921196797,2020-01-03,2026-04-17,registered or discovered processed-panel column
iwm_ret,macro_risk,feature_store_etf_trading_daily.parquet,daily,562,1,0.00177619893428064,2024-01-12,2026-04-10,registered or discovered processed-panel column
iwm_ret,macro_risk,feature_store_etf_trading_weekly.parquet,weekly,328,12,0.0352941176470588,2020-01-10,2026-04-17,registered or discovered processed-panel column
iwm_ret,macro_risk,feature_store_tradfi_daily.parquet,daily,1580,2,0.00126422250316056,2020-01-03,2026-04-17,registered or discovered processed-panel column
iwm_ret,macro_risk,feature_store_tradfi_weekly.parquet,weekly,328,12,0.0352941176470588,2020-01-10,2026-04-17,registered or discovered processed-panel column
iwm_ret,macro_risk,feature_store_weekly.parquet,weekly,329,11,0.0323529411764706,2020-01-05,2026-04-19,registered or discovered processed-panel column
leveraged_money_long,,cftc_financial_futures.parquet,unknown,1212,0,0,1970-01-01,1970-01-01,registered or discovered processed-panel column
leveraged_money_net,,cftc_financial_futures.parquet,unknown,1212,0,0,1970-01-01,1970-01-01,registered or discovered processed-panel column
leveraged_money_net_share_oi,,cftc_financial_futures.parquet,unknown,1212,0,0,1970-01-01,1970-01-01,registered or discovered processed-panel column
leveraged_money_short,,cftc_financial_futures.parquet,unknown,1212,0,0,1970-01-01,1970-01-01,registered or discovered processed-panel column
low,,binance_spot_daily.parquet,daily,28098,0,0,2021-01-01,2026-06-30,registered or discovered processed-panel column
market_cap_usd,,market_structure_monthly.parquet,monthly,15600,0,0,2020-01-01,2026-06-01,registered or discovered processed-panel column
month,,market_structure_monthly.parquet,monthly,15600,0,0,2020-01-01,2026-06-01,registered or discovered processed-panel column
nominal_10y_d1,macro_risk,feature_store_crypto_weekly.parquet,weekly,329,11,0.0323529411764706,2020-01-05,2026-04-19,registered or discovered processed-panel column
nominal_10y_d1,macro_risk,feature_store_daily.parquet,daily,2299,74,0.0311841550779604,2020-01-03,2026-04-19,registered or discovered processed-panel column
nominal_10y_d1,macro_risk,feature_store_etf_trading_daily.parquet,daily,562,1,0.00177619893428064,2024-01-12,2026-04-10,registered or discovered processed-panel column
nominal_10y_d1,macro_risk,feature_store_etf_trading_weekly.parquet,weekly,329,11,0.0323529411764706,2020-01-10,2026-04-24,registered or discovered processed-panel column
nominal_10y_d1,macro_risk,feature_store_tradfi_daily.parquet,daily,1580,2,0.00126422250316056,2020-01-03,2026-04-17,registered or discovered processed-panel column
nominal_10y_d1,macro_risk,feature_store_tradfi_weekly.parquet,weekly,329,11,0.0323529411764706,2020-01-10,2026-04-24,registered or discovered processed-panel column
nominal_10y_d1,macro_risk,feature_store_weekly.parquet,weekly,329,11,0.0323529411764706,2020-01-05,2026-04-19,registered or discovered processed-panel column
nominal_10y_level,,feature_store_crypto_weekly.parquet,weekly,329,11,0.0323529411764706,2020-01-05,2026-04-19,registered or discovered processed-panel column
nominal_10y_level,,feature_store_daily.parquet,daily,2300,73,0.0307627475769069,2020-01-02,2026-04-19,registered or discovered processed-panel column
nominal_10y_level,,feature_store_etf_trading_daily.parquet,daily,563,0,0,2024-01-11,2026-04-10,registered or discovered processed-panel column
nominal_10y_level,,feature_store_etf_trading_weekly.parquet,weekly,330,10,0.0294117647058824,2020-01-03,2026-04-24,registered or discovered processed-panel column
nominal_10y_level,,feature_store_tradfi_daily.parquet,daily,1581,1,0.000632111251580278,2020-01-02,2026-04-17,registered or discovered processed-panel column
nominal_10y_level,,feature_store_tradfi_weekly.parquet,weekly,330,10,0.0294117647058824,2020-01-03,2026-04-24,registered or discovered processed-panel column
nominal_10y_level,,feature_store_weekly.parquet,weekly,329,11,0.0323529411764706,2020-01-05,2026-04-19,registered or discovered processed-panel column
oil_ret,,feature_store_crypto_weekly.parquet,weekly,329,11,0.0323529411764706,2020-01-05,2026-04-19,registered or discovered processed-panel column
oil_ret,,feature_store_daily.parquet,daily,2290,83,0.0349768225874421,2020-01-03,2026-04-16,registered or discovered processed-panel column
oil_ret,,feature_store_etf_trading_daily.parquet,daily,563,0,0,2024-01-11,2026-04-10,registered or discovered processed-panel column
oil_ret,,feature_store_tradfi_daily.parquet,daily,1575,7,0.00442477876106195,2020-01-03,2026-04-16,registered or discovered processed-panel column
oil_ret,,feature_store_weekly.parquet,weekly,329,11,0.0323529411764706,2020-01-05,2026-04-19,registered or discovered processed-panel column
open,,binance_spot_daily.parquet,daily,28098,0,0,2021-01-01,2026-06-30,registered or discovered processed-panel column
open_interest,,cftc_financial_futures.parquet,unknown,1212,0,0,1970-01-01,1970-01-01,registered or discovered processed-panel column
pit_hhi,market_structure,,,0,0,1,,,registered or discovered processed-panel column
policy_uncertainty_d1,,feature_store_crypto_weekly.parquet,weekly,329,11,0.0323529411764706,2020-01-05,2026-04-19,registered or discovered processed-panel column
policy_uncertainty_d1,,feature_store_daily.parquet,daily,2299,74,0.0311841550779604,2020-01-02,2026-04-18,registered or discovered processed-panel column
policy_uncertainty_d1,,feature_store_etf_trading_daily.parquet,daily,563,0,0,2024-01-11,2026-04-10,registered or discovered processed-panel column
policy_uncertainty_d1,,feature_store_tradfi_daily.parquet,daily,1581,1,0.000632111251580278,2020-01-02,2026-04-17,registered or discovered processed-panel column
policy_uncertainty_d1,,feature_store_weekly.parquet,weekly,329,11,0.0323529411764706,2020-01-05,2026-04-19,registered or discovered processed-panel column
price_usd,,market_structure_monthly.parquet,monthly,15600,0,0,2020-01-01,2026-06-01,registered or discovered processed-panel column
qqq_close,,feature_store_crypto_weekly.parquet,weekly,330,10,0.0294117647058824,2020-01-05,2026-04-26,registered or discovered processed-panel column
qqq_close,,feature_store_daily.parquet,daily,2301,72,0.0303413400758533,2020-01-02,2026-04-20,registered or discovered processed-panel column
qqq_close,,feature_store_etf_trading_daily.parquet,daily,563,0,0,2024-01-11,2026-04-10,registered or discovered processed-panel column
qqq_close,,feature_store_etf_trading_weekly.parquet,weekly,330,10,0.0294117647058824,2020-01-03,2026-04-24,registered or discovered processed-panel column
qqq_close,,feature_store_tradfi_daily.parquet,daily,1582,0,0,2020-01-02,2026-04-20,registered or discovered processed-panel column
qqq_close,,feature_store_tradfi_weekly.parquet,weekly,330,10,0.0294117647058824,2020-01-03,2026-04-24,registered or discovered processed-panel column
qqq_close,,feature_store_weekly.parquet,weekly,330,10,0.0294117647058824,2020-01-05,2026-04-26,registered or discovered processed-panel column
qqq_close,,master_daily.parquet,daily,2301,72,0.0303413400758533,2020-01-02,2026-04-20,registered or discovered processed-panel column
qqq_ret,macro_risk,feature_store_crypto_weekly.parquet,weekly,330,10,0.0294117647058824,2020-01-05,2026-04-26,registered or discovered processed-panel column
qqq_ret,macro_risk,feature_store_daily.parquet,daily,2300,73,0.0307627475769069,2020-01-03,2026-04-20,registered or discovered processed-panel column
qqq_ret,macro_risk,feature_store_etf_trading_daily.parquet,daily,562,1,0.00177619893428064,2024-01-12,2026-04-10,registered or discovered processed-panel column
qqq_ret,macro_risk,feature_store_etf_trading_weekly.parquet,weekly,329,11,0.0323529411764706,2020-01-10,2026-04-24,registered or discovered processed-panel column
qqq_ret,macro_risk,feature_store_tradfi_daily.parquet,daily,1581,1,0.000632111251580278,2020-01-03,2026-04-20,registered or discovered processed-panel column
qqq_ret,macro_risk,feature_store_tradfi_weekly.parquet,weekly,329,11,0.0323529411764706,2020-01-10,2026-04-24,registered or discovered processed-panel column
qqq_ret,macro_risk,feature_store_weekly.parquet,weekly,330,10,0.0294117647058824,2020-01-05,2026-04-26,registered or discovered processed-panel column
quote_asset_volume,,binance_spot_daily.parquet,daily,28098,0,0,2021-01-01,2026-06-30,registered or discovered processed-panel column
rank_full_market,,market_structure_monthly.parquet,monthly,15600,0,0,2020-01-01,2026-06-01,registered or discovered processed-panel column
real_yield_d1,macro_risk,feature_store_crypto_weekly.parquet,weekly,329,11,0.0323529411764706,2020-01-05,2026-04-19,registered or discovered processed-panel column
real_yield_d1,macro_risk,feature_store_daily.parquet,daily,2299,74,0.0311841550779604,2020-01-03,2026-04-19,registered or discovered processed-panel column
real_yield_d1,macro_risk,feature_store_etf_trading_daily.parquet,daily,562,1,0.00177619893428064,2024-01-12,2026-04-10,registered or discovered processed-panel column
real_yield_d1,macro_risk,feature_store_etf_trading_weekly.parquet,weekly,329,11,0.0323529411764706,2020-01-10,2026-04-24,registered or discovered processed-panel column
real_yield_d1,macro_risk,feature_store_tradfi_daily.parquet,daily,1580,2,0.00126422250316056,2020-01-03,2026-04-17,registered or discovered processed-panel column
real_yield_d1,macro_risk,feature_store_tradfi_weekly.parquet,weekly,329,11,0.0323529411764706,2020-01-10,2026-04-24,registered or discovered processed-panel column
real_yield_d1,macro_risk,feature_store_weekly.parquet,weekly,329,11,0.0323529411764706,2020-01-05,2026-04-19,registered or discovered processed-panel column
real_yield_level,,feature_store_crypto_weekly.parquet,weekly,329,11,0.0323529411764706,2020-01-05,2026-04-19,registered or discovered processed-panel column
real_yield_level,,feature_store_daily.parquet,daily,2300,73,0.0307627475769069,2020-01-02,2026-04-19,registered or discovered processed-panel column
real_yield_level,,feature_store_etf_trading_daily.parquet,daily,563,0,0,2024-01-11,2026-04-10,registered or discovered processed-panel column
real_yield_level,,feature_store_etf_trading_weekly.parquet,weekly,330,10,0.0294117647058824,2020-01-03,2026-04-24,registered or discovered processed-panel column
real_yield_level,,feature_store_tradfi_daily.parquet,daily,1581,1,0.000632111251580278,2020-01-02,2026-04-17,registered or discovered processed-panel column
real_yield_level,,feature_store_tradfi_weekly.parquet,weekly,330,10,0.0294117647058824,2020-01-03,2026-04-24,registered or discovered processed-panel column
real_yield_level,,feature_store_weekly.parquet,weekly,329,11,0.0323529411764706,2020-01-05,2026-04-19,registered or discovered processed-panel column
report_date,,cftc_financial_futures.parquet,unknown,1212,0,0,1970-01-01,1970-01-01,registered or discovered processed-panel column
snapshot_date,,market_structure_monthly.parquet,monthly,15600,0,0,2020-01-01,2026-06-01,registered or discovered processed-panel column
source,,market_structure_monthly.parquet,monthly,15600,0,0,2020-01-01,2026-06-01,registered or discovered processed-panel column
source_rank_full_market,,market_structure_monthly.parquet,monthly,15600,0,0,2020-01-01,2026-06-01,registered or discovered processed-panel column
spy_close,,feature_store_crypto_weekly.parquet,weekly,330,10,0.0294117647058824,2020-01-05,2026-04-26,registered or discovered processed-panel column
spy_close,,feature_store_daily.parquet,daily,2301,72,0.0303413400758533,2020-01-02,2026-04-20,registered or discovered processed-panel column
spy_close,,feature_store_etf_trading_daily.parquet,daily,563,0,0,2024-01-11,2026-04-10,registered or discovered processed-panel column
spy_close,,feature_store_etf_trading_weekly.parquet,weekly,330,10,0.0294117647058824,2020-01-03,2026-04-24,registered or discovered processed-panel column
spy_close,,feature_store_tradfi_daily.parquet,daily,1582,0,0,2020-01-02,2026-04-20,registered or discovered processed-panel column
spy_close,,feature_store_tradfi_weekly.parquet,weekly,330,10,0.0294117647058824,2020-01-03,2026-04-24,registered or discovered processed-panel column
spy_close,,feature_store_weekly.parquet,weekly,330,10,0.0294117647058824,2020-01-05,2026-04-26,registered or discovered processed-panel column
spy_close,,master_daily.parquet,daily,2301,72,0.0303413400758533,2020-01-02,2026-04-20,registered or discovered processed-panel column
spy_ret,macro_risk,feature_store_crypto_weekly.parquet,weekly,330,10,0.0294117647058824,2020-01-05,2026-04-26,registered or discovered processed-panel column
spy_ret,macro_risk,feature_store_daily.parquet,daily,2300,73,0.0307627475769069,2020-01-03,2026-04-20,registered or discovered processed-panel column
spy_ret,macro_risk,feature_store_etf_trading_daily.parquet,daily,562,1,0.00177619893428064,2024-01-12,2026-04-10,registered or discovered processed-panel column
spy_ret,macro_risk,feature_store_etf_trading_weekly.parquet,weekly,329,11,0.0323529411764706,2020-01-10,2026-04-24,registered or discovered processed-panel column
spy_ret,macro_risk,feature_store_tradfi_daily.parquet,daily,1581,1,0.000632111251580278,2020-01-03,2026-04-20,registered or discovered processed-panel column
spy_ret,macro_risk,feature_store_tradfi_weekly.parquet,weekly,329,11,0.0323529411764706,2020-01-10,2026-04-24,registered or discovered processed-panel column
spy_ret,macro_risk,feature_store_weekly.parquet,weekly,330,10,0.0294117647058824,2020-01-05,2026-04-26,registered or discovered processed-panel column
stablecoin_share_crypto_proxy,,feature_store_crypto_weekly.parquet,weekly,329,11,0.0323529411764706,2020-01-05,2026-04-19,registered or discovered processed-panel column
stablecoin_share_crypto_proxy,,feature_store_daily.parquet,daily,2295,78,0.0328697850821745,2020-01-01,2026-04-13,registered or discovered processed-panel column
stablecoin_share_crypto_proxy,,feature_store_etf_trading_daily.parquet,daily,563,0,0,2024-01-11,2026-04-10,registered or discovered processed-panel column
stablecoin_share_crypto_proxy,,feature_store_etf_trading_weekly.parquet,weekly,329,11,0.0323529411764706,2020-01-03,2026-04-17,registered or discovered processed-panel column
stablecoin_share_crypto_proxy,,feature_store_tradfi_daily.parquet,daily,1577,5,0.00316055625790139,2020-01-02,2026-04-13,registered or discovered processed-panel column
stablecoin_share_crypto_proxy,,feature_store_tradfi_weekly.parquet,weekly,329,11,0.0323529411764706,2020-01-03,2026-04-17,registered or discovered processed-panel column
stablecoin_share_crypto_proxy,,feature_store_weekly.parquet,weekly,329,11,0.0323529411764706,2020-01-05,2026-04-19,registered or discovered processed-panel column
stablecoin_supply_growth,liquidity,feature_store_crypto_weekly.parquet,weekly,329,11,0.0323529411764706,2020-01-12,2026-04-26,registered or discovered processed-panel column
stablecoin_supply_growth,liquidity,feature_store_daily.parquet,daily,2301,72,0.0303413400758533,2020-01-02,2026-04-20,registered or discovered processed-panel column
stablecoin_supply_growth,liquidity,feature_store_etf_trading_daily.parquet,daily,563,0,0,2024-01-11,2026-04-10,registered or discovered processed-panel column
stablecoin_supply_growth,liquidity,feature_store_etf_trading_weekly.parquet,weekly,329,11,0.0323529411764706,2020-01-10,2026-04-24,registered or discovered processed-panel column
stablecoin_supply_growth,liquidity,feature_store_tradfi_daily.parquet,daily,1582,0,0,2020-01-02,2026-04-20,registered or discovered processed-panel column
stablecoin_supply_growth,liquidity,feature_store_tradfi_weekly.parquet,weekly,329,11,0.0323529411764706,2020-01-10,2026-04-24,registered or discovered processed-panel column
stablecoin_supply_growth,liquidity,feature_store_weekly.parquet,weekly,329,11,0.0323529411764706,2020-01-12,2026-04-26,registered or discovered processed-panel column
stablecoin_supply_growth_lag1,liquidity,feature_store_crypto_weekly.parquet,weekly,329,11,0.0323529411764706,2020-01-19,2026-05-03,registered or discovered processed-panel column
stablecoin_supply_growth_lag1,liquidity,feature_store_daily.parquet,daily,2301,72,0.0303413400758533,2020-01-03,2026-04-21,registered or discovered processed-panel column
stablecoin_supply_growth_lag1,liquidity,feature_store_etf_trading_daily.parquet,daily,562,1,0.00177619893428064,2024-01-12,2026-04-10,registered or discovered processed-panel column
stablecoin_supply_growth_lag1,liquidity,feature_store_etf_trading_weekly.parquet,weekly,329,11,0.0323529411764706,2020-01-17,2026-05-01,registered or discovered processed-panel column
stablecoin_supply_growth_lag1,liquidity,feature_store_tradfi_daily.parquet,daily,1581,1,0.000632111251580278,2020-01-03,2026-04-20,registered or discovered processed-panel column
stablecoin_supply_growth_lag1,liquidity,feature_store_tradfi_weekly.parquet,weekly,329,11,0.0323529411764706,2020-01-17,2026-05-01,registered or discovered processed-panel column
stablecoin_supply_growth_lag1,liquidity,feature_store_weekly.parquet,weekly,329,11,0.0323529411764706,2020-01-19,2026-05-03,registered or discovered processed-panel column
stablecoin_supply_usd,,feature_store_crypto_weekly.parquet,weekly,330,10,0.0294117647058824,2020-01-05,2026-04-26,registered or discovered processed-panel column
stablecoin_supply_usd,,feature_store_daily.parquet,daily,2302,71,0.0299199325747998,2020-01-01,2026-04-20,registered or discovered processed-panel column
stablecoin_supply_usd,,feature_store_etf_trading_daily.parquet,daily,563,0,0,2024-01-11,2026-04-10,registered or discovered processed-panel column
stablecoin_supply_usd,,feature_store_etf_trading_weekly.parquet,weekly,330,10,0.0294117647058824,2020-01-03,2026-04-24,registered or discovered processed-panel column
stablecoin_supply_usd,,feature_store_tradfi_daily.parquet,daily,1582,0,0,2020-01-02,2026-04-20,registered or discovered processed-panel column
stablecoin_supply_usd,,feature_store_tradfi_weekly.parquet,weekly,330,10,0.0294117647058824,2020-01-03,2026-04-24,registered or discovered processed-panel column
stablecoin_supply_usd,,feature_store_weekly.parquet,weekly,330,10,0.0294117647058824,2020-01-05,2026-04-26,registered or discovered processed-panel column
stablecoin_to_tvl,,feature_store_crypto_weekly.parquet,weekly,329,11,0.0323529411764706,2020-01-05,2026-04-19,registered or discovered processed-panel column
stablecoin_to_tvl,,feature_store_daily.parquet,daily,2299,74,0.0311841550779604,2020-01-01,2026-04-17,registered or discovered processed-panel column
stablecoin_to_tvl,,feature_store_etf_trading_daily.parquet,daily,563,0,0,2024-01-11,2026-04-10,registered or discovered processed-panel column
stablecoin_to_tvl,,feature_store_etf_trading_weekly.parquet,weekly,329,11,0.0323529411764706,2020-01-03,2026-04-17,registered or discovered processed-panel column
stablecoin_to_tvl,,feature_store_tradfi_daily.parquet,daily,1581,1,0.000632111251580278,2020-01-02,2026-04-17,registered or discovered processed-panel column
stablecoin_to_tvl,,feature_store_tradfi_weekly.parquet,weekly,329,11,0.0323529411764706,2020-01-03,2026-04-17,registered or discovered processed-panel column
stablecoin_to_tvl,,feature_store_weekly.parquet,weekly,329,11,0.0323529411764706,2020-01-05,2026-04-19,registered or discovered processed-panel column
stables_total_usd,,master_daily.parquet,daily,2302,71,0.0299199325747998,2020-01-01,2026-04-20,registered or discovered processed-panel column
symbol,,binance_spot_daily.parquet,daily,28098,0,0,2021-01-01,2026-06-30,registered or discovered processed-panel column
symbol,,market_structure_monthly.parquet,monthly,15600,0,0,2020-01-01,2026-06-01,registered or discovered processed-panel column
term_spread_d1,,feature_store_crypto_weekly.parquet,weekly,330,10,0.0294117647058824,2020-01-05,2026-04-26,registered or discovered processed-panel column
term_spread_d1,,feature_store_daily.parquet,daily,2300,73,0.0307627475769069,2020-01-03,2026-04-20,registered or discovered processed-panel column
term_spread_d1,,feature_store_etf_trading_daily.parquet,daily,563,0,0,2024-01-11,2026-04-10,registered or discovered processed-panel column
term_spread_d1,,feature_store_tradfi_daily.parquet,daily,1581,1,0.000632111251580278,2020-01-03,2026-04-20,registered or discovered processed-panel column
term_spread_d1,,feature_store_weekly.parquet,weekly,330,10,0.0294117647058824,2020-01-05,2026-04-26,registered or discovered processed-panel column
token_id,,market_structure_monthly.parquet,monthly,15600,0,0,2020-01-01,2026-06-01,registered or discovered processed-panel column
total3_ret,,feature_store_crypto_weekly.parquet,weekly,329,11,0.0323529411764706,2020-01-05,2026-04-19,registered or discovered processed-panel column
total3_ret,,feature_store_daily.parquet,daily,2300,73,0.0307627475769069,2020-01-02,2026-04-19,registered or discovered processed-panel column
total3_ret,,feature_store_etf_trading_daily.parquet,daily,563,0,0,2024-01-11,2026-04-10,registered or discovered processed-panel column
total3_ret,,feature_store_tradfi_daily.parquet,daily,1581,1,0.000632111251580278,2020-01-02,2026-04-17,registered or discovered processed-panel column
total3_ret,,feature_store_weekly.parquet,weekly,329,11,0.0323529411764706,2020-01-05,2026-04-19,registered or discovered processed-panel column
trade_count,,binance_spot_daily.parquet,daily,28098,0,0,2021-01-01,2026-06-30,registered or discovered processed-panel column
valuation_sensitive_defi_tvl_growth,liquidity,feature_store_crypto_weekly.parquet,weekly,328,12,0.0352941176470588,2020-01-12,2026-04-19,registered or discovered processed-panel column
valuation_sensitive_defi_tvl_growth,liquidity,feature_store_daily.parquet,daily,2298,75,0.0316055625790139,2020-01-02,2026-04-17,registered or discovered processed-panel column
valuation_sensitive_defi_tvl_growth,liquidity,feature_store_etf_trading_daily.parquet,daily,563,0,0,2024-01-11,2026-04-10,registered or discovered processed-panel column
valuation_sensitive_defi_tvl_growth,liquidity,feature_store_etf_trading_weekly.parquet,weekly,328,12,0.0352941176470588,2020-01-10,2026-04-17,registered or discovered processed-panel column
valuation_sensitive_defi_tvl_growth,liquidity,feature_store_tradfi_daily.parquet,daily,1581,1,0.000632111251580278,2020-01-02,2026-04-17,registered or discovered processed-panel column
valuation_sensitive_defi_tvl_growth,liquidity,feature_store_tradfi_weekly.parquet,weekly,328,12,0.0352941176470588,2020-01-10,2026-04-17,registered or discovered processed-panel column
valuation_sensitive_defi_tvl_growth,liquidity,feature_store_weekly.parquet,weekly,328,12,0.0352941176470588,2020-01-12,2026-04-19,registered or discovered processed-panel column
valuation_sensitive_defi_tvl_growth_lag1,liquidity,feature_store_crypto_weekly.parquet,weekly,328,12,0.0352941176470588,2020-01-19,2026-04-26,registered or discovered processed-panel column
valuation_sensitive_defi_tvl_growth_lag1,liquidity,feature_store_daily.parquet,daily,2298,75,0.0316055625790139,2020-01-03,2026-04-18,registered or discovered processed-panel column
valuation_sensitive_defi_tvl_growth_lag1,liquidity,feature_store_etf_trading_daily.parquet,daily,562,1,0.00177619893428064,2024-01-12,2026-04-10,registered or discovered processed-panel column
valuation_sensitive_defi_tvl_growth_lag1,liquidity,feature_store_etf_trading_weekly.parquet,weekly,328,12,0.0352941176470588,2020-01-17,2026-04-24,registered or discovered processed-panel column
valuation_sensitive_defi_tvl_growth_lag1,liquidity,feature_store_tradfi_daily.parquet,daily,1581,1,0.000632111251580278,2020-01-03,2026-04-20,registered or discovered processed-panel column
valuation_sensitive_defi_tvl_growth_lag1,liquidity,feature_store_tradfi_weekly.parquet,weekly,328,12,0.0352941176470588,2020-01-17,2026-04-24,registered or discovered processed-panel column
valuation_sensitive_defi_tvl_growth_lag1,liquidity,feature_store_weekly.parquet,weekly,328,12,0.0352941176470588,2020-01-19,2026-04-26,registered or discovered processed-panel column
vix_d1,macro_risk,feature_store_crypto_weekly.parquet,weekly,329,11,0.0323529411764706,2020-01-05,2026-04-19,registered or discovered processed-panel column
vix_d1,macro_risk,feature_store_daily.parquet,daily,2299,74,0.0311841550779604,2020-01-03,2026-04-19,registered or discovered processed-panel column
vix_d1,macro_risk,feature_store_etf_trading_daily.parquet,daily,562,1,0.00177619893428064,2024-01-12,2026-04-10,registered or discovered processed-panel column
vix_d1,macro_risk,feature_store_etf_trading_weekly.parquet,weekly,329,11,0.0323529411764706,2020-01-10,2026-04-24,registered or discovered processed-panel column
vix_d1,macro_risk,feature_store_tradfi_daily.parquet,daily,1580,2,0.00126422250316056,2020-01-03,2026-04-17,registered or discovered processed-panel column
vix_d1,macro_risk,feature_store_tradfi_weekly.parquet,weekly,329,11,0.0323529411764706,2020-01-10,2026-04-24,registered or discovered processed-panel column
vix_d1,macro_risk,feature_store_weekly.parquet,weekly,329,11,0.0323529411764706,2020-01-05,2026-04-19,registered or discovered processed-panel column
vix_level,,feature_store_crypto_weekly.parquet,weekly,329,11,0.0323529411764706,2020-01-05,2026-04-19,registered or discovered processed-panel column
vix_level,,feature_store_daily.parquet,daily,2300,73,0.0307627475769069,2020-01-02,2026-04-19,registered or discovered processed-panel column
vix_level,,feature_store_etf_trading_daily.parquet,daily,563,0,0,2024-01-11,2026-04-10,registered or discovered processed-panel column
vix_level,,feature_store_etf_trading_weekly.parquet,weekly,330,10,0.0294117647058824,2020-01-03,2026-04-24,registered or discovered processed-panel column
vix_level,,feature_store_tradfi_daily.parquet,daily,1581,1,0.000632111251580278,2020-01-02,2026-04-17,registered or discovered processed-panel column
vix_level,,feature_store_tradfi_weekly.parquet,weekly,330,10,0.0294117647058824,2020-01-03,2026-04-24,registered or discovered processed-panel column
vix_level,,feature_store_weekly.parquet,weekly,329,11,0.0323529411764706,2020-01-05,2026-04-19,registered or discovered processed-panel column
volume,,binance_spot_daily.parquet,daily,28098,0,0,2021-01-01,2026-06-30,registered or discovered processed-panel column
xlk_close,,master_daily.parquet,daily,2301,72,0.0303413400758533,2020-01-02,2026-04-20,registered or discovered processed-panel column
