raw_file_id,provider,relpath,suffix,rows,columns,start_date,end_date,size_bytes,read_status,release_disposition
raw_9b3b92d43f5465a6,AlternativeMe,data_local/raw/alternativeme/README.md,.md,,0,,,1255,indexed:non_tabular,derived-only recommended
raw_07adf767845b3da1,AlternativeMe,data_local/raw/alternativeme/fear_greed_index__daily.csv,.csv,2994,3,2018-02-01,2026-04-17,69866,indexed,derived-only recommended
raw_cde121a789c330c8,Artemis,data_local/raw/artemis/Adjusted Stablecoin Transactions by Region (Ethereum and Solana).csv,.csv,75,8,2020-01-31,2026-03-31,4516,indexed,uncertain/restricted
raw_717166e055e502a8,Artemis,data_local/raw/artemis/Artemis - Digital Asset Treasuries Overview.csv,.csv,20,11,,,3375,indexed:no_declared_observation_column,uncertain/restricted
raw_778ab4209b433b43,Artemis,data_local/raw/artemis/BTC DATs - Bitcoin Count.csv,.csv,1483,8,2020-08-10,2026-04-15,47506,indexed,uncertain/restricted
raw_d5a206fa13157fe8,Artemis,data_local/raw/artemis/BTC DATs- Fully Diluted EV NAV.csv,.csv,1483,7,2020-08-10,2026-04-15,74832,indexed,uncertain/restricted
raw_98aaee875357d60e,Artemis,data_local/raw/artemis/Bitcoin ETFs AUM.csv,.csv,825,12,2024-01-11,2026-04-14,146849,indexed,uncertain/restricted
raw_680af948a31d7f49,Artemis,data_local/raw/artemis/Centralized Exchanges - Open Interest.csv,.csv,1374,8,2022-07-11,2026-04-14,159791,indexed,uncertain/restricted
raw_bc4a57a06fa8def6,Artemis,data_local/raw/artemis/Centralized Exchanges - Perpetuals Volume.csv,.csv,1565,8,2022-01-01,2026-04-14,179787,indexed,uncertain/restricted
raw_40d7c8961add0966,Artemis,data_local/raw/artemis/Centralized Exchanges - Spot Volume.csv,.csv,1565,9,2022-01-01,2026-04-14,230838,indexed,uncertain/restricted
raw_f13abef13e80f2fb,Artemis,data_local/raw/artemis/Chains - Chain MAU.csv,.csv,3904,9,2015-08-07,2026-04-14,202704,indexed,uncertain/restricted
raw_61f3b73a0c197cff,Artemis,data_local/raw/artemis/Chains - Daily Active Addresses (New Wallets).csv,.csv,3904,7,2015-08-07,2026-04-14,153484,indexed,uncertain/restricted
raw_8ecd734c7f597546,Artemis,data_local/raw/artemis/Chains - Daily Active Addresses (Returning Wallets).csv,.csv,3904,7,2015-08-07,2026-04-14,160116,indexed,uncertain/restricted
raw_e95930df83620ef4,Artemis,data_local/raw/artemis/Chains - Fees.csv,.csv,3904,13,2015-08-07,2026-04-14,428479,indexed,uncertain/restricted
raw_7e4ede2d4f39f409,Artemis,data_local/raw/artemis/Chains - Market Cap.csv,.csv,3903,13,2015-08-07,2026-04-15,429686,indexed,uncertain/restricted
raw_75b61ef1f7df5c59,Artemis,data_local/raw/artemis/Chains - P2P Stablecoin Transaction Volume.csv,.csv,3060,9,2017-11-28,2026-04-14,250613,indexed,uncertain/restricted
raw_8074e90022270c9a,Artemis,data_local/raw/artemis/Chains - Revenue.csv,.csv,3912,13,2015-07-30,2026-04-14,391836,indexed,uncertain/restricted
raw_58faa146e4601227,Artemis,data_local/raw/artemis/Chains - Stablecoin Supply.csv,.csv,3060,9,2017-11-28,2026-04-14,236549,indexed,uncertain/restricted
raw_b3efa988d423479f,Artemis,data_local/raw/artemis/Chains - Stablecoin Transaction Volume.csv,.csv,3060,9,2017-11-28,2026-04-14,260034,indexed,uncertain/restricted
raw_42a6d9ee3770d029,Artemis,data_local/raw/artemis/Crypto ETF AUM to Crypto Market Cap.csv,.csv,825,5,2024-01-11,2026-04-14,44978,indexed,uncertain/restricted
raw_69bbf7a203f03ead,Artemis,data_local/raw/artemis/Crypto ETF Flows.csv,.csv,118,5,2024-01-14,2026-04-12,4519,indexed,uncertain/restricted
raw_f768630bc369c364,Artemis,data_local/raw/artemis/Crypto ETFs AUM.csv,.csv,825,5,2024-01-11,2026-04-14,43213,indexed,uncertain/restricted
raw_ce87b2d3c566667e,Artemis,data_local/raw/artemis/DEX - Spot DEX Daily Active Users.csv,.csv,5948,21,2010-01-01,2026-04-14,355554,indexed,uncertain/restricted
raw_a2cfb1ba9db21d80,Artemis,data_local/raw/artemis/DEX - Spot Fees.csv,.csv,5948,21,2010-01-01,2026-04-14,637062,indexed,uncertain/restricted
raw_8a362e932cd40c36,Artemis,data_local/raw/artemis/DEX - Spot Volume.csv,.csv,5948,24,2010-01-01,2026-04-14,703150,indexed,uncertain/restricted
raw_8dedccf94aee1031,Artemis,data_local/raw/artemis/DEX - TVL.csv,.csv,5948,19,2010-01-01,2026-04-14,596010,indexed,uncertain/restricted
raw_41f593e3ddda2d66,Artemis,data_local/raw/artemis/Ethereum ETFs AUM.csv,.csv,631,11,2024-07-23,2026-04-14,112638,indexed,uncertain/restricted
raw_b435995fc3790f7b,Artemis,data_local/raw/artemis/Lending Borrows by Chain.csv,.csv,335,9,2019-11-17,2026-04-12,21451,indexed,uncertain/restricted
raw_ab78dfd0e12b4af4,Artemis,data_local/raw/artemis/Lending Borrows by Protocol.csv,.csv,434,20,2017-12-24,2026-04-12,84879,indexed,uncertain/restricted
raw_366c95f85fb2c700,Artemis,data_local/raw/artemis/Lending Deposits by Chain.csv,.csv,335,9,2019-11-17,2026-04-12,22098,indexed,uncertain/restricted
raw_42bddc3834981bab,Artemis,data_local/raw/artemis/Lending Deposits by Protocol.csv,.csv,434,20,2017-12-24,2026-04-12,86028,indexed,uncertain/restricted
raw_18ae4b1a68206578,Artemis,data_local/raw/artemis/Lending Interest Fees by Protocol.csv,.csv,70,11,2020-06-30,2026-03-31,9097,indexed,uncertain/restricted
raw_7def95acc9fb4cf0,Artemis,data_local/raw/artemis/Lending Protocol Revenue.csv,.csv,304,8,2020-06-21,2026-04-12,22854,indexed,uncertain/restricted
raw_715dc98220615276,Artemis,data_local/raw/artemis/Liquid Restaking - LRT TVL (USD).csv,.csv,1293,8,2022-09-30,2026-04-14,131253,indexed,uncertain/restricted
raw_0da5cae88ed90587,Artemis,data_local/raw/artemis/Liquid Staking - LST TVL (USD).csv,.csv,1943,12,2020-12-19,2026-04-14,270820,indexed,uncertain/restricted
raw_88f5f25e8340f2f8,Artemis,data_local/raw/artemis/Monthly Bitcoin ETF flows.csv,.csv,27,12,2024-01-31,2026-03-31,3302,indexed,uncertain/restricted
raw_2ca345c480d95ca6,Artemis,data_local/raw/artemis/Monthly Ethereum ETF flows.csv,.csv,21,11,2024-07-31,2026-03-31,2137,indexed,uncertain/restricted
raw_4605d16ef80dbf5b,Artemis,data_local/raw/artemis/Monthly Solana ETF flows.csv,.csv,6,7,2025-10-31,2026-03-31,445,indexed,uncertain/restricted
raw_e7aec2eb9aeb3e70,Artemis,data_local/raw/artemis/Perpetuals Daily Active Users for Trading Platforms.csv,.csv,262,12,2021-04-11,2026-04-12,35614,indexed,uncertain/restricted
raw_53bd5a2a207aff2c,Artemis,data_local/raw/artemis/Perpetuals Open Interest for Trading Platforms.csv,.csv,148,12,2023-06-18,2026-04-12,14142,indexed,uncertain/restricted
raw_6f05f620d4437879,Artemis,data_local/raw/artemis/Perpetuals Volume for Protocols.csv,.csv,262,27,2021-04-11,2026-04-12,67634,indexed,uncertain/restricted
raw_22c99f7bb1727b6d,Artemis,data_local/raw/artemis/Perpetuals Volume for Trading Platforms.csv,.csv,262,20,2021-04-11,2026-04-12,56966,indexed,uncertain/restricted
raw_33c22ac31e7551ef,Artemis,data_local/raw/artemis/README.md,.md,,0,,,10657,indexed:non_tabular,uncertain/restricted
raw_633a2838f693c0aa,Artemis,data_local/raw/artemis/RWA - Tokenized Market Cap.csv,.csv,1200,8,2023-01-01,2026-04-14,118085,indexed,uncertain/restricted
raw_72cf12813b054475,Artemis,data_local/raw/artemis/Solana ETFs AUM.csv,.csv,166,7,2025-10-31,2026-04-14,16658,indexed,uncertain/restricted
raw_2996fe1587dc7fc5,Artemis,data_local/raw/artemis/Stablecoin Active Addresses by Chain.csv,.csv,101,12,2017-11-30,2026-03-31,6924,indexed,uncertain/restricted
raw_89614b0830e1866a,Artemis,data_local/raw/artemis/Stablecoin Active Addresses by Token.csv,.csv,101,12,2017-11-30,2026-03-31,6353,indexed,uncertain/restricted
raw_f65b05f45763a97f,Artemis,data_local/raw/artemis/Stablecoin Market Share by Token.csv,.csv,101,12,2017-11-30,2026-03-31,12109,indexed,uncertain/restricted
raw_29b1e4b596a9ad4e,Artemis,data_local/raw/artemis/Stablecoin Supply by Chain.csv,.csv,102,12,2017-11-30,2026-04-30,13156,indexed,uncertain/restricted
raw_3ff613032260f39e,Artemis,data_local/raw/artemis/Stablecoin Supply by Currency.csv,.csv,101,17,2017-11-30,2026-03-31,15324,indexed,uncertain/restricted
raw_aba7c92c0599ae11,Artemis,data_local/raw/artemis/Stablecoin Supply by Token.csv,.csv,102,12,2017-11-30,2026-04-30,12339,indexed,uncertain/restricted
raw_174b5610b7d856c4,Binance Vision,data_local/raw/binance/spot/monthly/klines/AAVEUSDT/1d/AAVEUSDT-1d-2021-01.zip,.zip,31,12,2021-01-01,2021-01-31,2016,indexed:headerless_zip,derived-only recommended
raw_4a55a7f5e239fd41,Binance Vision,data_local/raw/binance/spot/monthly/klines/AAVEUSDT/1d/AAVEUSDT-1d-2021-02.zip,.zip,28,12,2021-02-01,2021-02-28,1871,indexed:headerless_zip,derived-only recommended
raw_e475045d5db0589a,Binance Vision,data_local/raw/binance/spot/monthly/klines/AAVEUSDT/1d/AAVEUSDT-1d-2021-03.zip,.zip,31,12,2021-03-01,2021-03-31,2011,indexed:headerless_zip,derived-only recommended
raw_216778b4ffddc725,Binance Vision,data_local/raw/binance/spot/monthly/klines/AAVEUSDT/1d/AAVEUSDT-1d-2021-04.zip,.zip,30,12,2021-04-01,2021-04-30,1998,indexed:headerless_zip,derived-only recommended
raw_cd311b8b72f6e2a4,Binance Vision,data_local/raw/binance/spot/monthly/klines/AAVEUSDT/1d/AAVEUSDT-1d-2021-05.zip,.zip,31,12,2021-05-01,2021-05-31,2075,indexed:headerless_zip,derived-only recommended
raw_1da99246e44a763e,Binance Vision,data_local/raw/binance/spot/monthly/klines/AAVEUSDT/1d/AAVEUSDT-1d-2021-06.zip,.zip,30,12,2021-06-01,2021-06-30,1955,indexed:headerless_zip,derived-only recommended
raw_6224547e0467b132,Binance Vision,data_local/raw/binance/spot/monthly/klines/AAVEUSDT/1d/AAVEUSDT-1d-2021-07.zip,.zip,31,12,2021-07-01,2021-07-31,2024,indexed:headerless_zip,derived-only recommended
raw_ab734cd447245a13,Binance Vision,data_local/raw/binance/spot/monthly/klines/AAVEUSDT/1d/AAVEUSDT-1d-2021-08.zip,.zip,31,12,2021-08-01,2021-08-31,2006,indexed:headerless_zip,derived-only recommended
raw_44225e6d11e0c45e,Binance Vision,data_local/raw/binance/spot/monthly/klines/AAVEUSDT/1d/AAVEUSDT-1d-2021-09.zip,.zip,30,12,2021-09-01,2021-09-30,1825,indexed:headerless_zip,derived-only recommended
raw_4d46a7f4520c3c9b,Binance Vision,data_local/raw/binance/spot/monthly/klines/AAVEUSDT/1d/AAVEUSDT-1d-2021-10.zip,.zip,31,12,2021-10-01,2021-10-31,1808,indexed:headerless_zip,derived-only recommended
raw_cafa3b8ec9f8532a,Binance Vision,data_local/raw/binance/spot/monthly/klines/AAVEUSDT/1d/AAVEUSDT-1d-2021-11.zip,.zip,30,12,2021-11-01,2021-11-30,1775,indexed:headerless_zip,derived-only recommended
raw_a3665987110b01aa,Binance Vision,data_local/raw/binance/spot/monthly/klines/AAVEUSDT/1d/AAVEUSDT-1d-2021-12.zip,.zip,31,12,2021-12-01,2021-12-31,1821,indexed:headerless_zip,derived-only recommended
raw_3585f63806fb297d,Binance Vision,data_local/raw/binance/spot/monthly/klines/AAVEUSDT/1d/AAVEUSDT-1d-2022-01.zip,.zip,31,12,2022-01-01,2022-01-31,1813,indexed:headerless_zip,derived-only recommended
raw_d407fcb015a5104b,Binance Vision,data_local/raw/binance/spot/monthly/klines/AAVEUSDT/1d/AAVEUSDT-1d-2022-02.zip,.zip,28,12,2022-02-01,2022-02-28,1619,indexed:headerless_zip,derived-only recommended
raw_8a6723851b9ce1cb,Binance Vision,data_local/raw/binance/spot/monthly/klines/AAVEUSDT/1d/AAVEUSDT-1d-2022-03.zip,.zip,31,12,2022-03-01,2022-03-31,1797,indexed:headerless_zip,derived-only recommended
raw_d9279aa8051ded88,Binance Vision,data_local/raw/binance/spot/monthly/klines/AAVEUSDT/1d/AAVEUSDT-1d-2022-04.zip,.zip,30,12,2022-04-01,2022-04-30,1763,indexed:headerless_zip,derived-only recommended
raw_d1613c6f4793402c,Binance Vision,data_local/raw/binance/spot/monthly/klines/AAVEUSDT/1d/AAVEUSDT-1d-2022-05.zip,.zip,31,12,2022-05-01,2022-05-31,1814,indexed:headerless_zip,derived-only recommended
raw_b7daaea276b3c851,Binance Vision,data_local/raw/binance/spot/monthly/klines/AAVEUSDT/1d/AAVEUSDT-1d-2022-06.zip,.zip,30,12,2022-06-01,2022-06-30,1737,indexed:headerless_zip,derived-only recommended
raw_c0fa16b3a228eecc,Binance Vision,data_local/raw/binance/spot/monthly/klines/AAVEUSDT/1d/AAVEUSDT-1d-2022-07.zip,.zip,31,12,2022-07-01,2022-07-31,1798,indexed:headerless_zip,derived-only recommended
raw_41597086563830e7,Binance Vision,data_local/raw/binance/spot/monthly/klines/AAVEUSDT/1d/AAVEUSDT-1d-2022-08.zip,.zip,31,12,2022-08-01,2022-08-31,1769,indexed:headerless_zip,derived-only recommended
raw_422948f174a2e966,Binance Vision,data_local/raw/binance/spot/monthly/klines/AAVEUSDT/1d/AAVEUSDT-1d-2022-09.zip,.zip,30,12,2022-09-01,2022-09-30,1690,indexed:headerless_zip,derived-only recommended
raw_a995745b2a30afb6,Binance Vision,data_local/raw/binance/spot/monthly/klines/AAVEUSDT/1d/AAVEUSDT-1d-2022-10.zip,.zip,31,12,2022-10-01,2022-10-31,1718,indexed:headerless_zip,derived-only recommended
raw_5d19b2cd7b16b3cc,Binance Vision,data_local/raw/binance/spot/monthly/klines/AAVEUSDT/1d/AAVEUSDT-1d-2022-11.zip,.zip,30,12,2022-11-01,2022-11-30,1711,indexed:headerless_zip,derived-only recommended
raw_036db86f37425eb6,Binance Vision,data_local/raw/binance/spot/monthly/klines/AAVEUSDT/1d/AAVEUSDT-1d-2022-12.zip,.zip,31,12,2022-12-01,2022-12-31,1685,indexed:headerless_zip,derived-only recommended
raw_11643488a7609467,Binance Vision,data_local/raw/binance/spot/monthly/klines/AAVEUSDT/1d/AAVEUSDT-1d-2023-01.zip,.zip,31,12,2023-01-01,2023-01-31,1755,indexed:headerless_zip,derived-only recommended
raw_872972b16d303e26,Binance Vision,data_local/raw/binance/spot/monthly/klines/AAVEUSDT/1d/AAVEUSDT-1d-2023-02.zip,.zip,28,12,2023-02-01,2023-02-28,1577,indexed:headerless_zip,derived-only recommended
raw_deb1227f52b270f7,Binance Vision,data_local/raw/binance/spot/monthly/klines/AAVEUSDT/1d/AAVEUSDT-1d-2023-03.zip,.zip,31,12,2023-03-01,2023-03-31,1725,indexed:headerless_zip,derived-only recommended
raw_7e2618873648e731,Binance Vision,data_local/raw/binance/spot/monthly/klines/AAVEUSDT/1d/AAVEUSDT-1d-2023-04.zip,.zip,30,12,2023-04-01,2023-04-30,1651,indexed:headerless_zip,derived-only recommended
raw_22725f356172de57,Binance Vision,data_local/raw/binance/spot/monthly/klines/AAVEUSDT/1d/AAVEUSDT-1d-2023-05.zip,.zip,31,12,2023-05-01,2023-05-31,1687,indexed:headerless_zip,derived-only recommended
raw_dacfba21d836b6b4,Binance Vision,data_local/raw/binance/spot/monthly/klines/AAVEUSDT/1d/AAVEUSDT-1d-2023-06.zip,.zip,30,12,2023-06-01,2023-06-30,1738,indexed:headerless_zip,derived-only recommended
raw_e56304ddab0a5443,Binance Vision,data_local/raw/binance/spot/monthly/klines/AAVEUSDT/1d/AAVEUSDT-1d-2023-07.zip,.zip,31,12,2023-07-01,2023-07-31,1858,indexed:headerless_zip,derived-only recommended
raw_4c1a52236e2c4af0,Binance Vision,data_local/raw/binance/spot/monthly/klines/AAVEUSDT/1d/AAVEUSDT-1d-2023-08.zip,.zip,31,12,2023-08-01,2023-08-31,1807,indexed:headerless_zip,derived-only recommended
raw_9a949ab6be889a88,Binance Vision,data_local/raw/binance/spot/monthly/klines/AAVEUSDT/1d/AAVEUSDT-1d-2023-09.zip,.zip,30,12,2023-09-01,2023-09-30,1740,indexed:headerless_zip,derived-only recommended
raw_f8b724560ccbae0b,Binance Vision,data_local/raw/binance/spot/monthly/klines/AAVEUSDT/1d/AAVEUSDT-1d-2023-10.zip,.zip,31,12,2023-10-01,2023-10-31,1836,indexed:headerless_zip,derived-only recommended
raw_1c1c5a34d19bb796,Binance Vision,data_local/raw/binance/spot/monthly/klines/AAVEUSDT/1d/AAVEUSDT-1d-2023-11.zip,.zip,30,12,2023-11-01,2023-11-30,1815,indexed:headerless_zip,derived-only recommended
raw_773d5a33963cad08,Binance Vision,data_local/raw/binance/spot/monthly/klines/AAVEUSDT/1d/AAVEUSDT-1d-2023-12.zip,.zip,31,12,2023-12-01,2023-12-31,1871,indexed:headerless_zip,derived-only recommended
raw_a27195367c7a33f6,Binance Vision,data_local/raw/binance/spot/monthly/klines/AAVEUSDT/1d/AAVEUSDT-1d-2024-01.zip,.zip,31,12,2024-01-01,2024-01-31,1868,indexed:headerless_zip,derived-only recommended
raw_453407521a7afed2,Binance Vision,data_local/raw/binance/spot/monthly/klines/AAVEUSDT/1d/AAVEUSDT-1d-2024-02.zip,.zip,29,12,2024-02-01,2024-02-29,1753,indexed:headerless_zip,derived-only recommended
raw_352397440921a02a,Binance Vision,data_local/raw/binance/spot/monthly/klines/AAVEUSDT/1d/AAVEUSDT-1d-2024-03.zip,.zip,31,12,2024-03-01,2024-03-31,1905,indexed:headerless_zip,derived-only recommended
raw_e68bd80180deab4b,Binance Vision,data_local/raw/binance/spot/monthly/klines/AAVEUSDT/1d/AAVEUSDT-1d-2024-04.zip,.zip,30,12,2024-04-01,2024-04-30,1808,indexed:headerless_zip,derived-only recommended
raw_ff29a1b9237e7cc8,Binance Vision,data_local/raw/binance/spot/monthly/klines/AAVEUSDT/1d/AAVEUSDT-1d-2024-05.zip,.zip,31,12,2024-05-01,2024-05-31,1859,indexed:headerless_zip,derived-only recommended
raw_e0178a4a7a7e569d,Binance Vision,data_local/raw/binance/spot/monthly/klines/AAVEUSDT/1d/AAVEUSDT-1d-2024-06.zip,.zip,30,12,2024-06-01,2024-06-30,1794,indexed:headerless_zip,derived-only recommended
raw_b10102f11c280de7,Binance Vision,data_local/raw/binance/spot/monthly/klines/AAVEUSDT/1d/AAVEUSDT-1d-2024-07.zip,.zip,31,12,2024-07-01,2024-07-31,1866,indexed:headerless_zip,derived-only recommended
raw_42e8664c12d65c3d,Binance Vision,data_local/raw/binance/spot/monthly/klines/AAVEUSDT/1d/AAVEUSDT-1d-2024-08.zip,.zip,31,12,2024-08-01,2024-08-31,1927,indexed:headerless_zip,derived-only recommended
raw_cf4c0630db7359af,Binance Vision,data_local/raw/binance/spot/monthly/klines/AAVEUSDT/1d/AAVEUSDT-1d-2024-09.zip,.zip,30,12,2024-09-01,2024-09-30,1852,indexed:headerless_zip,derived-only recommended
raw_8b41d0ecebaab679,Binance Vision,data_local/raw/binance/spot/monthly/klines/AAVEUSDT/1d/AAVEUSDT-1d-2024-10.zip,.zip,31,12,2024-10-01,2024-10-31,1877,indexed:headerless_zip,derived-only recommended
raw_939b337d6f11d8f0,Binance Vision,data_local/raw/binance/spot/monthly/klines/AAVEUSDT/1d/AAVEUSDT-1d-2024-11.zip,.zip,30,12,2024-11-01,2024-11-30,1854,indexed:headerless_zip,derived-only recommended
raw_82a2f7f53caf0ca6,Binance Vision,data_local/raw/binance/spot/monthly/klines/AAVEUSDT/1d/AAVEUSDT-1d-2024-12.zip,.zip,31,12,2024-12-01,2024-12-31,1970,indexed:headerless_zip,derived-only recommended
raw_be77730551802521,Binance Vision,data_local/raw/binance/spot/monthly/klines/AAVEUSDT/1d/AAVEUSDT-1d-2025-01.zip,.zip,31,12,2025-01-01,2025-01-31,1988,indexed:headerless_zip,derived-only recommended
raw_269c4ce997e2cc07,Binance Vision,data_local/raw/binance/spot/monthly/klines/AAVEUSDT/1d/AAVEUSDT-1d-2025-02.zip,.zip,28,12,2025-02-01,2025-02-28,1808,indexed:headerless_zip,derived-only recommended
raw_c78db8ca23c67e2e,Binance Vision,data_local/raw/binance/spot/monthly/klines/AAVEUSDT/1d/AAVEUSDT-1d-2025-03.zip,.zip,31,12,2025-03-01,2025-03-31,1944,indexed:headerless_zip,derived-only recommended
raw_042e826aba25d885,Binance Vision,data_local/raw/binance/spot/monthly/klines/AAVEUSDT/1d/AAVEUSDT-1d-2025-04.zip,.zip,30,12,2025-04-01,2025-04-30,1880,indexed:headerless_zip,derived-only recommended
raw_91e971e6588ca710,Binance Vision,data_local/raw/binance/spot/monthly/klines/AAVEUSDT/1d/AAVEUSDT-1d-2025-05.zip,.zip,31,12,2025-05-01,2025-05-31,1955,indexed:headerless_zip,derived-only recommended
raw_0248b53faa9c3bcc,Binance Vision,data_local/raw/binance/spot/monthly/klines/AAVEUSDT/1d/AAVEUSDT-1d-2025-06.zip,.zip,30,12,2025-06-01,2025-06-30,1899,indexed:headerless_zip,derived-only recommended
raw_1464d7d40d09842a,Binance Vision,data_local/raw/binance/spot/monthly/klines/AAVEUSDT/1d/AAVEUSDT-1d-2025-07.zip,.zip,31,12,2025-07-01,2025-07-31,1949,indexed:headerless_zip,derived-only recommended
raw_0222bfb6dbae5a34,Binance Vision,data_local/raw/binance/spot/monthly/klines/AAVEUSDT/1d/AAVEUSDT-1d-2025-08.zip,.zip,31,12,2025-08-01,2025-08-31,1964,indexed:headerless_zip,derived-only recommended
raw_a611d08a5a2ae189,Binance Vision,data_local/raw/binance/spot/monthly/klines/AAVEUSDT/1d/AAVEUSDT-1d-2025-09.zip,.zip,30,12,2025-09-01,2025-09-30,1848,indexed:headerless_zip,derived-only recommended
raw_9be5cc8ba5d5727c,Binance Vision,data_local/raw/binance/spot/monthly/klines/AAVEUSDT/1d/AAVEUSDT-1d-2025-10.zip,.zip,31,12,2025-10-01,2025-10-31,1968,indexed:headerless_zip,derived-only recommended
raw_9aa1caba835f9561,Binance Vision,data_local/raw/binance/spot/monthly/klines/AAVEUSDT/1d/AAVEUSDT-1d-2025-11.zip,.zip,30,12,2025-11-01,2025-11-30,1881,indexed:headerless_zip,derived-only recommended
raw_81701952a8fa1c47,Binance Vision,data_local/raw/binance/spot/monthly/klines/AAVEUSDT/1d/AAVEUSDT-1d-2025-12.zip,.zip,31,12,2025-12-01,2025-12-31,1908,indexed:headerless_zip,derived-only recommended
raw_26427e7a5ba7739b,Binance Vision,data_local/raw/binance/spot/monthly/klines/AAVEUSDT/1d/AAVEUSDT-1d-2026-01.zip,.zip,31,12,2026-01-01,2026-01-31,1917,indexed:headerless_zip,derived-only recommended
raw_f970bbc64b7f073f,Binance Vision,data_local/raw/binance/spot/monthly/klines/AAVEUSDT/1d/AAVEUSDT-1d-2026-02.zip,.zip,28,12,2026-02-01,2026-02-28,1717,indexed:headerless_zip,derived-only recommended
raw_6ba03cb033039c8f,Binance Vision,data_local/raw/binance/spot/monthly/klines/AAVEUSDT/1d/AAVEUSDT-1d-2026-03.zip,.zip,31,12,2026-03-01,2026-03-31,1883,indexed:headerless_zip,derived-only recommended
raw_f0b31d1468b9a6f8,Binance Vision,data_local/raw/binance/spot/monthly/klines/AAVEUSDT/1d/AAVEUSDT-1d-2026-04.zip,.zip,30,12,2026-04-01,2026-04-30,1839,indexed:headerless_zip,derived-only recommended
raw_459928c2f7839c05,Binance Vision,data_local/raw/binance/spot/monthly/klines/AAVEUSDT/1d/AAVEUSDT-1d-2026-05.zip,.zip,31,12,2026-05-01,2026-05-31,1859,indexed:headerless_zip,derived-only recommended
raw_c4c265f8a2389939,Binance Vision,data_local/raw/binance/spot/monthly/klines/AAVEUSDT/1d/AAVEUSDT-1d-2026-06.zip,.zip,30,12,2026-06-01,2026-06-30,1848,indexed:headerless_zip,derived-only recommended
raw_8f9b28f76526043e,Binance Vision,data_local/raw/binance/spot/monthly/klines/ADAUSDT/1d/ADAUSDT-1d-2021-01.zip,.zip,31,12,2021-01-01,2021-01-31,2064,indexed:headerless_zip,derived-only recommended
raw_2dafb2b6b61f8df0,Binance Vision,data_local/raw/binance/spot/monthly/klines/ADAUSDT/1d/ADAUSDT-1d-2021-02.zip,.zip,28,12,2021-02-01,2021-02-28,1937,indexed:headerless_zip,derived-only recommended
raw_0d074dcaa3dc45db,Binance Vision,data_local/raw/binance/spot/monthly/klines/ADAUSDT/1d/ADAUSDT-1d-2021-03.zip,.zip,31,12,2021-03-01,2021-03-31,2064,indexed:headerless_zip,derived-only recommended
raw_ebdf9e1cc1e9d646,Binance Vision,data_local/raw/binance/spot/monthly/klines/ADAUSDT/1d/ADAUSDT-1d-2021-04.zip,.zip,30,12,2021-04-01,2021-04-30,2002,indexed:headerless_zip,derived-only recommended
raw_0649ecfba68ea8c3,Binance Vision,data_local/raw/binance/spot/monthly/klines/ADAUSDT/1d/ADAUSDT-1d-2021-05.zip,.zip,31,12,2021-05-01,2021-05-31,2097,indexed:headerless_zip,derived-only recommended
raw_4a437252bf6d7b3e,Binance Vision,data_local/raw/binance/spot/monthly/klines/ADAUSDT/1d/ADAUSDT-1d-2021-06.zip,.zip,30,12,2021-06-01,2021-06-30,1997,indexed:headerless_zip,derived-only recommended
raw_053415b021f42f20,Binance Vision,data_local/raw/binance/spot/monthly/klines/ADAUSDT/1d/ADAUSDT-1d-2021-07.zip,.zip,31,12,2021-07-01,2021-07-31,2007,indexed:headerless_zip,derived-only recommended
raw_30981c3c8d5dbe81,Binance Vision,data_local/raw/binance/spot/monthly/klines/ADAUSDT/1d/ADAUSDT-1d-2021-08.zip,.zip,31,12,2021-08-01,2021-08-31,2055,indexed:headerless_zip,derived-only recommended
raw_a8608ddf077a72ca,Binance Vision,data_local/raw/binance/spot/monthly/klines/ADAUSDT/1d/ADAUSDT-1d-2021-09.zip,.zip,30,12,2021-09-01,2021-09-30,1865,indexed:headerless_zip,derived-only recommended
raw_7f627fdc873c03fb,Binance Vision,data_local/raw/binance/spot/monthly/klines/ADAUSDT/1d/ADAUSDT-1d-2021-10.zip,.zip,31,12,2021-10-01,2021-10-31,1841,indexed:headerless_zip,derived-only recommended
raw_b6d558b36fc4c8bb,Binance Vision,data_local/raw/binance/spot/monthly/klines/ADAUSDT/1d/ADAUSDT-1d-2021-11.zip,.zip,30,12,2021-11-01,2021-11-30,1827,indexed:headerless_zip,derived-only recommended
raw_e3246c104a676a42,Binance Vision,data_local/raw/binance/spot/monthly/klines/ADAUSDT/1d/ADAUSDT-1d-2021-12.zip,.zip,31,12,2021-12-01,2021-12-31,1839,indexed:headerless_zip,derived-only recommended
raw_c51e02a2fa8bbeaa,Binance Vision,data_local/raw/binance/spot/monthly/klines/ADAUSDT/1d/ADAUSDT-1d-2022-01.zip,.zip,31,12,2022-01-01,2022-01-31,1866,indexed:headerless_zip,derived-only recommended
raw_55941e58db4d0834,Binance Vision,data_local/raw/binance/spot/monthly/klines/ADAUSDT/1d/ADAUSDT-1d-2022-02.zip,.zip,28,12,2022-02-01,2022-02-28,1671,indexed:headerless_zip,derived-only recommended
raw_9654afaa613e9879,Binance Vision,data_local/raw/binance/spot/monthly/klines/ADAUSDT/1d/ADAUSDT-1d-2022-03.zip,.zip,31,12,2022-03-01,2022-03-31,1828,indexed:headerless_zip,derived-only recommended
raw_09d84bb8db422c6d,Binance Vision,data_local/raw/binance/spot/monthly/klines/ADAUSDT/1d/ADAUSDT-1d-2022-04.zip,.zip,30,12,2022-04-01,2022-04-30,1782,indexed:headerless_zip,derived-only recommended
raw_692513a093679ce5,Binance Vision,data_local/raw/binance/spot/monthly/klines/ADAUSDT/1d/ADAUSDT-1d-2022-05.zip,.zip,31,12,2022-05-01,2022-05-31,1961,indexed:headerless_zip,derived-only recommended
raw_2a6f624b73625a3f,Binance Vision,data_local/raw/binance/spot/monthly/klines/ADAUSDT/1d/ADAUSDT-1d-2022-06.zip,.zip,30,12,2022-06-01,2022-06-30,1886,indexed:headerless_zip,derived-only recommended
raw_c2c859eec11f624b,Binance Vision,data_local/raw/binance/spot/monthly/klines/ADAUSDT/1d/ADAUSDT-1d-2022-07.zip,.zip,31,12,2022-07-01,2022-07-31,1902,indexed:headerless_zip,derived-only recommended
raw_5fa41b39890f625f,Binance Vision,data_local/raw/binance/spot/monthly/klines/ADAUSDT/1d/ADAUSDT-1d-2022-08.zip,.zip,31,12,2022-08-01,2022-08-31,1908,indexed:headerless_zip,derived-only recommended
raw_f96f299561554d61,Binance Vision,data_local/raw/binance/spot/monthly/klines/ADAUSDT/1d/ADAUSDT-1d-2022-09.zip,.zip,30,12,2022-09-01,2022-09-30,1825,indexed:headerless_zip,derived-only recommended
raw_739238627f60cfe4,Binance Vision,data_local/raw/binance/spot/monthly/klines/ADAUSDT/1d/ADAUSDT-1d-2022-10.zip,.zip,31,12,2022-10-01,2022-10-31,1868,indexed:headerless_zip,derived-only recommended
raw_406293245698d1e5,Binance Vision,data_local/raw/binance/spot/monthly/klines/ADAUSDT/1d/ADAUSDT-1d-2022-11.zip,.zip,30,12,2022-11-01,2022-11-30,1813,indexed:headerless_zip,derived-only recommended
raw_9964542c358e48e0,Binance Vision,data_local/raw/binance/spot/monthly/klines/ADAUSDT/1d/ADAUSDT-1d-2022-12.zip,.zip,31,12,2022-12-01,2022-12-31,1838,indexed:headerless_zip,derived-only recommended
raw_ed861fff954cbc26,Binance Vision,data_local/raw/binance/spot/monthly/klines/ADAUSDT/1d/ADAUSDT-1d-2023-01.zip,.zip,31,12,2023-01-01,2023-01-31,1887,indexed:headerless_zip,derived-only recommended
raw_370dc06858ad28b4,Binance Vision,data_local/raw/binance/spot/monthly/klines/ADAUSDT/1d/ADAUSDT-1d-2023-02.zip,.zip,28,12,2023-02-01,2023-02-28,1699,indexed:headerless_zip,derived-only recommended
raw_c88d9f628c96c451,Binance Vision,data_local/raw/binance/spot/monthly/klines/ADAUSDT/1d/ADAUSDT-1d-2023-03.zip,.zip,31,12,2023-03-01,2023-03-31,1877,indexed:headerless_zip,derived-only recommended
raw_fc2d6dd955a4ef29,Binance Vision,data_local/raw/binance/spot/monthly/klines/ADAUSDT/1d/ADAUSDT-1d-2023-04.zip,.zip,30,12,2023-04-01,2023-04-30,1811,indexed:headerless_zip,derived-only recommended
raw_757b423b67a11978,Binance Vision,data_local/raw/binance/spot/monthly/klines/ADAUSDT/1d/ADAUSDT-1d-2023-05.zip,.zip,31,12,2023-05-01,2023-05-31,1840,indexed:headerless_zip,derived-only recommended
raw_ae54405ec97c001e,Binance Vision,data_local/raw/binance/spot/monthly/klines/ADAUSDT/1d/ADAUSDT-1d-2023-06.zip,.zip,30,12,2023-06-01,2023-06-30,1817,indexed:headerless_zip,derived-only recommended
raw_2cb5a1673d7b0071,Binance Vision,data_local/raw/binance/spot/monthly/klines/ADAUSDT/1d/ADAUSDT-1d-2023-07.zip,.zip,31,12,2023-07-01,2023-07-31,1842,indexed:headerless_zip,derived-only recommended
raw_b02b419455aa7247,Binance Vision,data_local/raw/binance/spot/monthly/klines/ADAUSDT/1d/ADAUSDT-1d-2023-08.zip,.zip,31,12,2023-08-01,2023-08-31,1827,indexed:headerless_zip,derived-only recommended
raw_bbe2521d491a4f14,Binance Vision,data_local/raw/binance/spot/monthly/klines/ADAUSDT/1d/ADAUSDT-1d-2023-09.zip,.zip,30,12,2023-09-01,2023-09-30,1719,indexed:headerless_zip,derived-only recommended
raw_e62be35632b95e74,Binance Vision,data_local/raw/binance/spot/monthly/klines/ADAUSDT/1d/ADAUSDT-1d-2023-10.zip,.zip,31,12,2023-10-01,2023-10-31,1798,indexed:headerless_zip,derived-only recommended
raw_6d540db774b30fb0,Binance Vision,data_local/raw/binance/spot/monthly/klines/ADAUSDT/1d/ADAUSDT-1d-2023-11.zip,.zip,30,12,2023-11-01,2023-11-30,1822,indexed:headerless_zip,derived-only recommended
raw_4f8fda8d182ed129,Binance Vision,data_local/raw/binance/spot/monthly/klines/ADAUSDT/1d/ADAUSDT-1d-2023-12.zip,.zip,31,12,2023-12-01,2023-12-31,1938,indexed:headerless_zip,derived-only recommended
raw_17945250825f2282,Binance Vision,data_local/raw/binance/spot/monthly/klines/ADAUSDT/1d/ADAUSDT-1d-2024-01.zip,.zip,31,12,2024-01-01,2024-01-31,1895,indexed:headerless_zip,derived-only recommended
raw_7640bde344594151,Binance Vision,data_local/raw/binance/spot/monthly/klines/ADAUSDT/1d/ADAUSDT-1d-2024-02.zip,.zip,29,12,2024-02-01,2024-02-29,1796,indexed:headerless_zip,derived-only recommended
raw_a9a9795ecd7fe330,Binance Vision,data_local/raw/binance/spot/monthly/klines/ADAUSDT/1d/ADAUSDT-1d-2024-03.zip,.zip,31,12,2024-03-01,2024-03-31,1921,indexed:headerless_zip,derived-only recommended
raw_69f39db0fcaa09e2,Binance Vision,data_local/raw/binance/spot/monthly/klines/ADAUSDT/1d/ADAUSDT-1d-2024-04.zip,.zip,30,12,2024-04-01,2024-04-30,1855,indexed:headerless_zip,derived-only recommended
raw_b75a9c87054e5000,Binance Vision,data_local/raw/binance/spot/monthly/klines/ADAUSDT/1d/ADAUSDT-1d-2024-05.zip,.zip,31,12,2024-05-01,2024-05-31,1865,indexed:headerless_zip,derived-only recommended
raw_8c54f67da053567b,Binance Vision,data_local/raw/binance/spot/monthly/klines/ADAUSDT/1d/ADAUSDT-1d-2024-06.zip,.zip,30,12,2024-06-01,2024-06-30,1799,indexed:headerless_zip,derived-only recommended
raw_99e31cb684f7a612,Binance Vision,data_local/raw/binance/spot/monthly/klines/ADAUSDT/1d/ADAUSDT-1d-2024-07.zip,.zip,31,12,2024-07-01,2024-07-31,1873,indexed:headerless_zip,derived-only recommended
raw_900af048f166b890,Binance Vision,data_local/raw/binance/spot/monthly/klines/ADAUSDT/1d/ADAUSDT-1d-2024-08.zip,.zip,31,12,2024-08-01,2024-08-31,1870,indexed:headerless_zip,derived-only recommended
raw_95b3c27ddfcad2a1,Binance Vision,data_local/raw/binance/spot/monthly/klines/ADAUSDT/1d/ADAUSDT-1d-2024-09.zip,.zip,30,12,2024-09-01,2024-09-30,1797,indexed:headerless_zip,derived-only recommended
raw_01b9e98e7950f821,Binance Vision,data_local/raw/binance/spot/monthly/klines/ADAUSDT/1d/ADAUSDT-1d-2024-10.zip,.zip,31,12,2024-10-01,2024-10-31,1829,indexed:headerless_zip,derived-only recommended
raw_83bdfedd891b325d,Binance Vision,data_local/raw/binance/spot/monthly/klines/ADAUSDT/1d/ADAUSDT-1d-2024-11.zip,.zip,30,12,2024-11-01,2024-11-30,1905,indexed:headerless_zip,derived-only recommended
raw_c3b6e82e64cb805b,Binance Vision,data_local/raw/binance/spot/monthly/klines/ADAUSDT/1d/ADAUSDT-1d-2024-12.zip,.zip,31,12,2024-12-01,2024-12-31,1959,indexed:headerless_zip,derived-only recommended
raw_32baf290ad511015,Binance Vision,data_local/raw/binance/spot/monthly/klines/ADAUSDT/1d/ADAUSDT-1d-2025-01.zip,.zip,31,12,2025-01-01,2025-01-31,1980,indexed:headerless_zip,derived-only recommended
raw_e57620b9077f7829,Binance Vision,data_local/raw/binance/spot/monthly/klines/ADAUSDT/1d/ADAUSDT-1d-2025-02.zip,.zip,28,12,2025-02-01,2025-02-28,1778,indexed:headerless_zip,derived-only recommended
raw_468db96f3b73d6b2,Binance Vision,data_local/raw/binance/spot/monthly/klines/ADAUSDT/1d/ADAUSDT-1d-2025-03.zip,.zip,31,12,2025-03-01,2025-03-31,1956,indexed:headerless_zip,derived-only recommended
raw_9e2163970d3b8ce2,Binance Vision,data_local/raw/binance/spot/monthly/klines/ADAUSDT/1d/ADAUSDT-1d-2025-04.zip,.zip,30,12,2025-04-01,2025-04-30,1876,indexed:headerless_zip,derived-only recommended
raw_e1257297f1747c00,Binance Vision,data_local/raw/binance/spot/monthly/klines/ADAUSDT/1d/ADAUSDT-1d-2025-05.zip,.zip,31,12,2025-05-01,2025-05-31,1915,indexed:headerless_zip,derived-only recommended
raw_e565486abea49220,Binance Vision,data_local/raw/binance/spot/monthly/klines/ADAUSDT/1d/ADAUSDT-1d-2025-06.zip,.zip,30,12,2025-06-01,2025-06-30,1838,indexed:headerless_zip,derived-only recommended
raw_d2eee3f1b7a78bb3,Binance Vision,data_local/raw/binance/spot/monthly/klines/ADAUSDT/1d/ADAUSDT-1d-2025-07.zip,.zip,31,12,2025-07-01,2025-07-31,1944,indexed:headerless_zip,derived-only recommended
raw_b572ab33b0d4770c,Binance Vision,data_local/raw/binance/spot/monthly/klines/ADAUSDT/1d/ADAUSDT-1d-2025-08.zip,.zip,31,12,2025-08-01,2025-08-31,1956,indexed:headerless_zip,derived-only recommended
raw_9da58a021f745519,Binance Vision,data_local/raw/binance/spot/monthly/klines/ADAUSDT/1d/ADAUSDT-1d-2025-09.zip,.zip,30,12,2025-09-01,2025-09-30,1859,indexed:headerless_zip,derived-only recommended
raw_42b315a353948b91,Binance Vision,data_local/raw/binance/spot/monthly/klines/ADAUSDT/1d/ADAUSDT-1d-2025-10.zip,.zip,31,12,2025-10-01,2025-10-31,1933,indexed:headerless_zip,derived-only recommended
raw_9c5a5d89c603a4c2,Binance Vision,data_local/raw/binance/spot/monthly/klines/ADAUSDT/1d/ADAUSDT-1d-2025-11.zip,.zip,30,12,2025-11-01,2025-11-30,1861,indexed:headerless_zip,derived-only recommended
raw_ca6ad9f71514adbc,Binance Vision,data_local/raw/binance/spot/monthly/klines/ADAUSDT/1d/ADAUSDT-1d-2025-12.zip,.zip,31,12,2025-12-01,2025-12-31,1899,indexed:headerless_zip,derived-only recommended
raw_ee9eb3a6c85eebf1,Binance Vision,data_local/raw/binance/spot/monthly/klines/ADAUSDT/1d/ADAUSDT-1d-2026-01.zip,.zip,31,12,2026-01-01,2026-01-31,1896,indexed:headerless_zip,derived-only recommended
raw_a581834e9e2d9f98,Binance Vision,data_local/raw/binance/spot/monthly/klines/ADAUSDT/1d/ADAUSDT-1d-2026-02.zip,.zip,28,12,2026-02-01,2026-02-28,1719,indexed:headerless_zip,derived-only recommended
raw_99be773fac8039a3,Binance Vision,data_local/raw/binance/spot/monthly/klines/ADAUSDT/1d/ADAUSDT-1d-2026-03.zip,.zip,31,12,2026-03-01,2026-03-31,1865,indexed:headerless_zip,derived-only recommended
raw_5b61e14b273e40be,Binance Vision,data_local/raw/binance/spot/monthly/klines/ADAUSDT/1d/ADAUSDT-1d-2026-04.zip,.zip,30,12,2026-04-01,2026-04-30,1785,indexed:headerless_zip,derived-only recommended
raw_8877ffc17a9d1467,Binance Vision,data_local/raw/binance/spot/monthly/klines/ADAUSDT/1d/ADAUSDT-1d-2026-05.zip,.zip,31,12,2026-05-01,2026-05-31,1851,indexed:headerless_zip,derived-only recommended
raw_39ab5f9ee0b1ce57,Binance Vision,data_local/raw/binance/spot/monthly/klines/ADAUSDT/1d/ADAUSDT-1d-2026-06.zip,.zip,30,12,2026-06-01,2026-06-30,1804,indexed:headerless_zip,derived-only recommended
raw_8c848e36e3f71e54,Binance Vision,data_local/raw/binance/spot/monthly/klines/BCHUSDT/1d/BCHUSDT-1d-2021-01.zip,.zip,31,12,2021-01-01,2021-01-31,2109,indexed:headerless_zip,derived-only recommended
raw_6ddbc68c65ae6bc6,Binance Vision,data_local/raw/binance/spot/monthly/klines/BCHUSDT/1d/BCHUSDT-1d-2021-02.zip,.zip,28,12,2021-02-01,2021-02-28,1947,indexed:headerless_zip,derived-only recommended
raw_d994d8fa77a76bea,Binance Vision,data_local/raw/binance/spot/monthly/klines/BCHUSDT/1d/BCHUSDT-1d-2021-03.zip,.zip,31,12,2021-03-01,2021-03-31,2076,indexed:headerless_zip,derived-only recommended
raw_260c89f0bc1f4e2a,Binance Vision,data_local/raw/binance/spot/monthly/klines/BCHUSDT/1d/BCHUSDT-1d-2021-04.zip,.zip,30,12,2021-04-01,2021-04-30,2076,indexed:headerless_zip,derived-only recommended
raw_f52167591d893ccf,Binance Vision,data_local/raw/binance/spot/monthly/klines/BCHUSDT/1d/BCHUSDT-1d-2021-05.zip,.zip,31,12,2021-05-01,2021-05-31,2160,indexed:headerless_zip,derived-only recommended
raw_f5f8f1c8bd77cb1f,Binance Vision,data_local/raw/binance/spot/monthly/klines/BCHUSDT/1d/BCHUSDT-1d-2021-06.zip,.zip,30,12,2021-06-01,2021-06-30,2027,indexed:headerless_zip,derived-only recommended
raw_22feb9b5d427498c,Binance Vision,data_local/raw/binance/spot/monthly/klines/BCHUSDT/1d/BCHUSDT-1d-2021-07.zip,.zip,31,12,2021-07-01,2021-07-31,2038,indexed:headerless_zip,derived-only recommended
raw_dac24286a841970c,Binance Vision,data_local/raw/binance/spot/monthly/klines/BCHUSDT/1d/BCHUSDT-1d-2021-08.zip,.zip,31,12,2021-08-01,2021-08-31,2056,indexed:headerless_zip,derived-only recommended
raw_ee6eb0cc57f34b1b,Binance Vision,data_local/raw/binance/spot/monthly/klines/BCHUSDT/1d/BCHUSDT-1d-2021-09.zip,.zip,30,12,2021-09-01,2021-09-30,1845,indexed:headerless_zip,derived-only recommended
raw_13325f922b6ad946,Binance Vision,data_local/raw/binance/spot/monthly/klines/BCHUSDT/1d/BCHUSDT-1d-2021-10.zip,.zip,31,12,2021-10-01,2021-10-31,1812,indexed:headerless_zip,derived-only recommended
raw_5aab490af7ef56e8,Binance Vision,data_local/raw/binance/spot/monthly/klines/BCHUSDT/1d/BCHUSDT-1d-2021-11.zip,.zip,30,12,2021-11-01,2021-11-30,1779,indexed:headerless_zip,derived-only recommended
raw_49c665efa5eb5bbc,Binance Vision,data_local/raw/binance/spot/monthly/klines/BCHUSDT/1d/BCHUSDT-1d-2021-12.zip,.zip,31,12,2021-12-01,2021-12-31,1809,indexed:headerless_zip,derived-only recommended
raw_c18a5fc6a0d7634f,Binance Vision,data_local/raw/binance/spot/monthly/klines/BCHUSDT/1d/BCHUSDT-1d-2022-01.zip,.zip,31,12,2022-01-01,2022-01-31,1808,indexed:headerless_zip,derived-only recommended
raw_01d0d0594019ab06,Binance Vision,data_local/raw/binance/spot/monthly/klines/BCHUSDT/1d/BCHUSDT-1d-2022-02.zip,.zip,28,12,2022-02-01,2022-02-28,1637,indexed:headerless_zip,derived-only recommended
raw_6e78ae1f154893da,Binance Vision,data_local/raw/binance/spot/monthly/klines/BCHUSDT/1d/BCHUSDT-1d-2022-03.zip,.zip,31,12,2022-03-01,2022-03-31,1784,indexed:headerless_zip,derived-only recommended
raw_4743a6c388b70cd0,Binance Vision,data_local/raw/binance/spot/monthly/klines/BCHUSDT/1d/BCHUSDT-1d-2022-04.zip,.zip,30,12,2022-04-01,2022-04-30,1718,indexed:headerless_zip,derived-only recommended
raw_1ccf266d3c31a4bd,Binance Vision,data_local/raw/binance/spot/monthly/klines/BCHUSDT/1d/BCHUSDT-1d-2022-05.zip,.zip,31,12,2022-05-01,2022-05-31,1812,indexed:headerless_zip,derived-only recommended
raw_bb123191accb1a74,Binance Vision,data_local/raw/binance/spot/monthly/klines/BCHUSDT/1d/BCHUSDT-1d-2022-06.zip,.zip,30,12,2022-06-01,2022-06-30,1751,indexed:headerless_zip,derived-only recommended
raw_ea89ad75c7d0098d,Binance Vision,data_local/raw/binance/spot/monthly/klines/BCHUSDT/1d/BCHUSDT-1d-2022-07.zip,.zip,31,12,2022-07-01,2022-07-31,1740,indexed:headerless_zip,derived-only recommended
raw_a06af4b66a812a19,Binance Vision,data_local/raw/binance/spot/monthly/klines/BCHUSDT/1d/BCHUSDT-1d-2022-08.zip,.zip,31,12,2022-08-01,2022-08-31,1730,indexed:headerless_zip,derived-only recommended
raw_16586075b98cce3c,Binance Vision,data_local/raw/binance/spot/monthly/klines/BCHUSDT/1d/BCHUSDT-1d-2022-09.zip,.zip,30,12,2022-09-01,2022-09-30,1698,indexed:headerless_zip,derived-only recommended
raw_49202caa0ffcd714,Binance Vision,data_local/raw/binance/spot/monthly/klines/BCHUSDT/1d/BCHUSDT-1d-2022-10.zip,.zip,31,12,2022-10-01,2022-10-31,1724,indexed:headerless_zip,derived-only recommended
raw_d18ed9cee695ef6c,Binance Vision,data_local/raw/binance/spot/monthly/klines/BCHUSDT/1d/BCHUSDT-1d-2022-11.zip,.zip,30,12,2022-11-01,2022-11-30,1704,indexed:headerless_zip,derived-only recommended
raw_361ea25ac4bfb829,Binance Vision,data_local/raw/binance/spot/monthly/klines/BCHUSDT/1d/BCHUSDT-1d-2022-12.zip,.zip,31,12,2022-12-01,2022-12-31,1697,indexed:headerless_zip,derived-only recommended
raw_4c21076a4699f292,Binance Vision,data_local/raw/binance/spot/monthly/klines/BCHUSDT/1d/BCHUSDT-1d-2023-01.zip,.zip,31,12,2023-01-01,2023-01-31,1731,indexed:headerless_zip,derived-only recommended
raw_eb1c91d5dc5814fa,Binance Vision,data_local/raw/binance/spot/monthly/klines/BCHUSDT/1d/BCHUSDT-1d-2023-02.zip,.zip,28,12,2023-02-01,2023-02-28,1575,indexed:headerless_zip,derived-only recommended
raw_b0aa778d6aae0620,Binance Vision,data_local/raw/binance/spot/monthly/klines/BCHUSDT/1d/BCHUSDT-1d-2023-03.zip,.zip,31,12,2023-03-01,2023-03-31,1726,indexed:headerless_zip,derived-only recommended
raw_9eb1211af137b0ef,Binance Vision,data_local/raw/binance/spot/monthly/klines/BCHUSDT/1d/BCHUSDT-1d-2023-04.zip,.zip,30,12,2023-04-01,2023-04-30,1638,indexed:headerless_zip,derived-only recommended
raw_1f0697efb99f4cd0,Binance Vision,data_local/raw/binance/spot/monthly/klines/BCHUSDT/1d/BCHUSDT-1d-2023-05.zip,.zip,31,12,2023-05-01,2023-05-31,1685,indexed:headerless_zip,derived-only recommended
raw_9f1e06b014f3ff39,Binance Vision,data_local/raw/binance/spot/monthly/klines/BCHUSDT/1d/BCHUSDT-1d-2023-06.zip,.zip,30,12,2023-06-01,2023-06-30,1695,indexed:headerless_zip,derived-only recommended
raw_97013ae374fb4ced,Binance Vision,data_local/raw/binance/spot/monthly/klines/BCHUSDT/1d/BCHUSDT-1d-2023-07.zip,.zip,31,12,2023-07-01,2023-07-31,1816,indexed:headerless_zip,derived-only recommended
raw_706d389d0cc7aa71,Binance Vision,data_local/raw/binance/spot/monthly/klines/BCHUSDT/1d/BCHUSDT-1d-2023-08.zip,.zip,31,12,2023-08-01,2023-08-31,1765,indexed:headerless_zip,derived-only recommended
raw_1f71cf82c6c3a90e,Binance Vision,data_local/raw/binance/spot/monthly/klines/BCHUSDT/1d/BCHUSDT-1d-2023-09.zip,.zip,30,12,2023-09-01,2023-09-30,1729,indexed:headerless_zip,derived-only recommended
raw_363099ba70ddbe05,Binance Vision,data_local/raw/binance/spot/monthly/klines/BCHUSDT/1d/BCHUSDT-1d-2023-10.zip,.zip,31,12,2023-10-01,2023-10-31,1768,indexed:headerless_zip,derived-only recommended
raw_a78b0429433acd2a,Binance Vision,data_local/raw/binance/spot/monthly/klines/BCHUSDT/1d/BCHUSDT-1d-2023-11.zip,.zip,30,12,2023-11-01,2023-11-30,1716,indexed:headerless_zip,derived-only recommended
raw_ebb106b9beca41ac,Binance Vision,data_local/raw/binance/spot/monthly/klines/BCHUSDT/1d/BCHUSDT-1d-2023-12.zip,.zip,31,12,2023-12-01,2023-12-31,1778,indexed:headerless_zip,derived-only recommended
raw_cd9d7109121de7df,Binance Vision,data_local/raw/binance/spot/monthly/klines/BCHUSDT/1d/BCHUSDT-1d-2024-01.zip,.zip,31,12,2024-01-01,2024-01-31,1794,indexed:headerless_zip,derived-only recommended
raw_8929cd596ea7a7df,Binance Vision,data_local/raw/binance/spot/monthly/klines/BCHUSDT/1d/BCHUSDT-1d-2024-02.zip,.zip,29,12,2024-02-01,2024-02-29,1648,indexed:headerless_zip,derived-only recommended
raw_a30b9376ccf5fcc2,Binance Vision,data_local/raw/binance/spot/monthly/klines/BCHUSDT/1d/BCHUSDT-1d-2024-03.zip,.zip,31,12,2024-03-01,2024-03-31,1870,indexed:headerless_zip,derived-only recommended
raw_076847c61a2a3a14,Binance Vision,data_local/raw/binance/spot/monthly/klines/BCHUSDT/1d/BCHUSDT-1d-2024-04.zip,.zip,30,12,2024-04-01,2024-04-30,1798,indexed:headerless_zip,derived-only recommended
raw_9a4b56f6fad35e47,Binance Vision,data_local/raw/binance/spot/monthly/klines/BCHUSDT/1d/BCHUSDT-1d-2024-05.zip,.zip,31,12,2024-05-01,2024-05-31,1802,indexed:headerless_zip,derived-only recommended
raw_dc9abe91236cf874,Binance Vision,data_local/raw/binance/spot/monthly/klines/BCHUSDT/1d/BCHUSDT-1d-2024-06.zip,.zip,30,12,2024-06-01,2024-06-30,1722,indexed:headerless_zip,derived-only recommended
raw_9bd6c9121b6af9cb,Binance Vision,data_local/raw/binance/spot/monthly/klines/BCHUSDT/1d/BCHUSDT-1d-2024-07.zip,.zip,31,12,2024-07-01,2024-07-31,1771,indexed:headerless_zip,derived-only recommended
raw_1a1ac0da880ecd59,Binance Vision,data_local/raw/binance/spot/monthly/klines/BCHUSDT/1d/BCHUSDT-1d-2024-08.zip,.zip,31,12,2024-08-01,2024-08-31,1764,indexed:headerless_zip,derived-only recommended
raw_1b1a23081d2a0a9b,Binance Vision,data_local/raw/binance/spot/monthly/klines/BCHUSDT/1d/BCHUSDT-1d-2024-09.zip,.zip,30,12,2024-09-01,2024-09-30,1696,indexed:headerless_zip,derived-only recommended
raw_e47e1dab6b20b4f4,Binance Vision,data_local/raw/binance/spot/monthly/klines/BCHUSDT/1d/BCHUSDT-1d-2024-10.zip,.zip,31,12,2024-10-01,2024-10-31,1769,indexed:headerless_zip,derived-only recommended
raw_49f423f0545286e7,Binance Vision,data_local/raw/binance/spot/monthly/klines/BCHUSDT/1d/BCHUSDT-1d-2024-11.zip,.zip,30,12,2024-11-01,2024-11-30,1791,indexed:headerless_zip,derived-only recommended
raw_5b4f23eccf7c65d3,Binance Vision,data_local/raw/binance/spot/monthly/klines/BCHUSDT/1d/BCHUSDT-1d-2024-12.zip,.zip,31,12,2024-12-01,2024-12-31,1818,indexed:headerless_zip,derived-only recommended
raw_4319262f69733bf6,Binance Vision,data_local/raw/binance/spot/monthly/klines/BCHUSDT/1d/BCHUSDT-1d-2025-01.zip,.zip,31,12,2025-01-01,2025-01-31,1804,indexed:headerless_zip,derived-only recommended
raw_abc640def6572313,Binance Vision,data_local/raw/binance/spot/monthly/klines/BCHUSDT/1d/BCHUSDT-1d-2025-02.zip,.zip,28,12,2025-02-01,2025-02-28,1644,indexed:headerless_zip,derived-only recommended
raw_659a11c9299c02db,Binance Vision,data_local/raw/binance/spot/monthly/klines/BCHUSDT/1d/BCHUSDT-1d-2025-03.zip,.zip,31,12,2025-03-01,2025-03-31,1829,indexed:headerless_zip,derived-only recommended
raw_741e09d6e56f9962,Binance Vision,data_local/raw/binance/spot/monthly/klines/BCHUSDT/1d/BCHUSDT-1d-2025-04.zip,.zip,30,12,2025-04-01,2025-04-30,1758,indexed:headerless_zip,derived-only recommended
raw_c7550385bcfacfd6,Binance Vision,data_local/raw/binance/spot/monthly/klines/BCHUSDT/1d/BCHUSDT-1d-2025-05.zip,.zip,31,12,2025-05-01,2025-05-31,1832,indexed:headerless_zip,derived-only recommended
raw_fcbd104307790d32,Binance Vision,data_local/raw/binance/spot/monthly/klines/BCHUSDT/1d/BCHUSDT-1d-2025-06.zip,.zip,30,12,2025-06-01,2025-06-30,1774,indexed:headerless_zip,derived-only recommended
raw_5ae45eb0b9f8b91f,Binance Vision,data_local/raw/binance/spot/monthly/klines/BCHUSDT/1d/BCHUSDT-1d-2025-07.zip,.zip,31,12,2025-07-01,2025-07-31,1811,indexed:headerless_zip,derived-only recommended
raw_ed424fe94b4c0225,Binance Vision,data_local/raw/binance/spot/monthly/klines/BCHUSDT/1d/BCHUSDT-1d-2025-08.zip,.zip,31,12,2025-08-01,2025-08-31,1843,indexed:headerless_zip,derived-only recommended
raw_99b2798fc7b579c1,Binance Vision,data_local/raw/binance/spot/monthly/klines/BCHUSDT/1d/BCHUSDT-1d-2025-09.zip,.zip,30,12,2025-09-01,2025-09-30,1757,indexed:headerless_zip,derived-only recommended
raw_afeae504159e2e52,Binance Vision,data_local/raw/binance/spot/monthly/klines/BCHUSDT/1d/BCHUSDT-1d-2025-10.zip,.zip,31,12,2025-10-01,2025-10-31,1850,indexed:headerless_zip,derived-only recommended
raw_f8b8623849aeff66,Binance Vision,data_local/raw/binance/spot/monthly/klines/BCHUSDT/1d/BCHUSDT-1d-2025-11.zip,.zip,30,12,2025-11-01,2025-11-30,1768,indexed:headerless_zip,derived-only recommended
raw_7304123d292be78b,Binance Vision,data_local/raw/binance/spot/monthly/klines/BCHUSDT/1d/BCHUSDT-1d-2025-12.zip,.zip,31,12,2025-12-01,2025-12-31,1842,indexed:headerless_zip,derived-only recommended
raw_63970b9976ded6b6,Binance Vision,data_local/raw/binance/spot/monthly/klines/BCHUSDT/1d/BCHUSDT-1d-2026-01.zip,.zip,31,12,2026-01-01,2026-01-31,1826,indexed:headerless_zip,derived-only recommended
raw_0b07cf817eee495c,Binance Vision,data_local/raw/binance/spot/monthly/klines/BCHUSDT/1d/BCHUSDT-1d-2026-02.zip,.zip,28,12,2026-02-01,2026-02-28,1644,indexed:headerless_zip,derived-only recommended
raw_a3c6c06c51a6815d,Binance Vision,data_local/raw/binance/spot/monthly/klines/BCHUSDT/1d/BCHUSDT-1d-2026-03.zip,.zip,31,12,2026-03-01,2026-03-31,1776,indexed:headerless_zip,derived-only recommended
raw_c23fac11b0e625ab,Binance Vision,data_local/raw/binance/spot/monthly/klines/BCHUSDT/1d/BCHUSDT-1d-2026-04.zip,.zip,30,12,2026-04-01,2026-04-30,1699,indexed:headerless_zip,derived-only recommended
raw_8cf597a968458359,Binance Vision,data_local/raw/binance/spot/monthly/klines/BCHUSDT/1d/BCHUSDT-1d-2026-05.zip,.zip,31,12,2026-05-01,2026-05-31,1792,indexed:headerless_zip,derived-only recommended
raw_2c2f2783687f3eca,Binance Vision,data_local/raw/binance/spot/monthly/klines/BCHUSDT/1d/BCHUSDT-1d-2026-06.zip,.zip,30,12,2026-06-01,2026-06-30,1744,indexed:headerless_zip,derived-only recommended
raw_e07d27fdb30de24a,Binance Vision,data_local/raw/binance/spot/monthly/klines/BNBUSDT/1d/BNBUSDT-1d-2021-01.zip,.zip,31,12,2021-01-01,2021-01-31,2089,indexed:headerless_zip,derived-only recommended
raw_37546e54fcb3fa47,Binance Vision,data_local/raw/binance/spot/monthly/klines/BNBUSDT/1d/BNBUSDT-1d-2021-02.zip,.zip,28,12,2021-02-01,2021-02-28,2010,indexed:headerless_zip,derived-only recommended
raw_d8b4b48a20679bc9,Binance Vision,data_local/raw/binance/spot/monthly/klines/BNBUSDT/1d/BNBUSDT-1d-2021-03.zip,.zip,31,12,2021-03-01,2021-03-31,2212,indexed:headerless_zip,derived-only recommended
raw_f715b4442a4cdcd5,Binance Vision,data_local/raw/binance/spot/monthly/klines/BNBUSDT/1d/BNBUSDT-1d-2021-04.zip,.zip,30,12,2021-04-01,2021-04-30,2170,indexed:headerless_zip,derived-only recommended
raw_631c3f5d50f54a21,Binance Vision,data_local/raw/binance/spot/monthly/klines/BNBUSDT/1d/BNBUSDT-1d-2021-05.zip,.zip,31,12,2021-05-01,2021-05-31,2129,indexed:headerless_zip,derived-only recommended
raw_06777d73eac4b9d6,Binance Vision,data_local/raw/binance/spot/monthly/klines/BNBUSDT/1d/BNBUSDT-1d-2021-06.zip,.zip,30,12,2021-06-01,2021-06-30,2048,indexed:headerless_zip,derived-only recommended
raw_dd3dd34f5da0bd8d,Binance Vision,data_local/raw/binance/spot/monthly/klines/BNBUSDT/1d/BNBUSDT-1d-2021-07.zip,.zip,31,12,2021-07-01,2021-07-31,2064,indexed:headerless_zip,derived-only recommended
raw_f81d7a1e8bd6f2d7,Binance Vision,data_local/raw/binance/spot/monthly/klines/BNBUSDT/1d/BNBUSDT-1d-2021-08.zip,.zip,31,12,2021-08-01,2021-08-31,2075,indexed:headerless_zip,derived-only recommended
raw_3f68751a58c50357,Binance Vision,data_local/raw/binance/spot/monthly/klines/BNBUSDT/1d/BNBUSDT-1d-2021-09.zip,.zip,30,12,2021-09-01,2021-09-30,1882,indexed:headerless_zip,derived-only recommended
raw_287bc7c49ae45541,Binance Vision,data_local/raw/binance/spot/monthly/klines/BNBUSDT/1d/BNBUSDT-1d-2021-10.zip,.zip,31,12,2021-10-01,2021-10-31,1926,indexed:headerless_zip,derived-only recommended
raw_c8002d6f02a31e34,Binance Vision,data_local/raw/binance/spot/monthly/klines/BNBUSDT/1d/BNBUSDT-1d-2021-11.zip,.zip,30,12,2021-11-01,2021-11-30,1877,indexed:headerless_zip,derived-only recommended
raw_578d6f04588e811e,Binance Vision,data_local/raw/binance/spot/monthly/klines/BNBUSDT/1d/BNBUSDT-1d-2021-12.zip,.zip,31,12,2021-12-01,2021-12-31,1908,indexed:headerless_zip,derived-only recommended
raw_5f0e2514fcd1ebcb,Binance Vision,data_local/raw/binance/spot/monthly/klines/BNBUSDT/1d/BNBUSDT-1d-2022-01.zip,.zip,31,12,2022-01-01,2022-01-31,1884,indexed:headerless_zip,derived-only recommended
raw_1f5e86add3447e88,Binance Vision,data_local/raw/binance/spot/monthly/klines/BNBUSDT/1d/BNBUSDT-1d-2022-02.zip,.zip,28,12,2022-02-01,2022-02-28,1717,indexed:headerless_zip,derived-only recommended
raw_64a3f02dcfb79762,Binance Vision,data_local/raw/binance/spot/monthly/klines/BNBUSDT/1d/BNBUSDT-1d-2022-03.zip,.zip,31,12,2022-03-01,2022-03-31,1861,indexed:headerless_zip,derived-only recommended
raw_134de377686eef30,Binance Vision,data_local/raw/binance/spot/monthly/klines/BNBUSDT/1d/BNBUSDT-1d-2022-04.zip,.zip,30,12,2022-04-01,2022-04-30,1821,indexed:headerless_zip,derived-only recommended
raw_9d88295e689cca3a,Binance Vision,data_local/raw/binance/spot/monthly/klines/BNBUSDT/1d/BNBUSDT-1d-2022-05.zip,.zip,31,12,2022-05-01,2022-05-31,1907,indexed:headerless_zip,derived-only recommended
raw_eb504120bbde7b98,Binance Vision,data_local/raw/binance/spot/monthly/klines/BNBUSDT/1d/BNBUSDT-1d-2022-06.zip,.zip,30,12,2022-06-01,2022-06-30,1821,indexed:headerless_zip,derived-only recommended
raw_07ed4000b84ea426,Binance Vision,data_local/raw/binance/spot/monthly/klines/BNBUSDT/1d/BNBUSDT-1d-2022-07.zip,.zip,31,12,2022-07-01,2022-07-31,1831,indexed:headerless_zip,derived-only recommended
raw_e905a383fc7795f8,Binance Vision,data_local/raw/binance/spot/monthly/klines/BNBUSDT/1d/BNBUSDT-1d-2022-08.zip,.zip,31,12,2022-08-01,2022-08-31,1846,indexed:headerless_zip,derived-only recommended
raw_e0d02d7516d2132d,Binance Vision,data_local/raw/binance/spot/monthly/klines/BNBUSDT/1d/BNBUSDT-1d-2022-09.zip,.zip,30,12,2022-09-01,2022-09-30,1784,indexed:headerless_zip,derived-only recommended
raw_16786fb8aef8503c,Binance Vision,data_local/raw/binance/spot/monthly/klines/BNBUSDT/1d/BNBUSDT-1d-2022-10.zip,.zip,31,12,2022-10-01,2022-10-31,1819,indexed:headerless_zip,derived-only recommended
raw_7fe158a53deecf53,Binance Vision,data_local/raw/binance/spot/monthly/klines/BNBUSDT/1d/BNBUSDT-1d-2022-11.zip,.zip,30,12,2022-11-01,2022-11-30,1817,indexed:headerless_zip,derived-only recommended
raw_71ae4491387e9f40,Binance Vision,data_local/raw/binance/spot/monthly/klines/BNBUSDT/1d/BNBUSDT-1d-2022-12.zip,.zip,31,12,2022-12-01,2022-12-31,1833,indexed:headerless_zip,derived-only recommended
raw_cde69e63f01b5c2c,Binance Vision,data_local/raw/binance/spot/monthly/klines/BNBUSDT/1d/BNBUSDT-1d-2023-01.zip,.zip,31,12,2023-01-01,2023-01-31,1834,indexed:headerless_zip,derived-only recommended
raw_4b4af8daa41fa3a9,Binance Vision,data_local/raw/binance/spot/monthly/klines/BNBUSDT/1d/BNBUSDT-1d-2023-02.zip,.zip,28,12,2023-02-01,2023-02-28,1675,indexed:headerless_zip,derived-only recommended
raw_a7b3928a01b33eef,Binance Vision,data_local/raw/binance/spot/monthly/klines/BNBUSDT/1d/BNBUSDT-1d-2023-03.zip,.zip,31,12,2023-03-01,2023-03-31,1825,indexed:headerless_zip,derived-only recommended
raw_4a03245ad93458bd,Binance Vision,data_local/raw/binance/spot/monthly/klines/BNBUSDT/1d/BNBUSDT-1d-2023-04.zip,.zip,30,12,2023-04-01,2023-04-30,1765,indexed:headerless_zip,derived-only recommended
raw_86bc5e78a760037d,Binance Vision,data_local/raw/binance/spot/monthly/klines/BNBUSDT/1d/BNBUSDT-1d-2023-05.zip,.zip,31,12,2023-05-01,2023-05-31,1808,indexed:headerless_zip,derived-only recommended
raw_c76711bd88bcc9fc,Binance Vision,data_local/raw/binance/spot/monthly/klines/BNBUSDT/1d/BNBUSDT-1d-2023-06.zip,.zip,30,12,2023-06-01,2023-06-30,1799,indexed:headerless_zip,derived-only recommended
raw_891a484dc52b1c62,Binance Vision,data_local/raw/binance/spot/monthly/klines/BNBUSDT/1d/BNBUSDT-1d-2023-07.zip,.zip,31,12,2023-07-01,2023-07-31,1818,indexed:headerless_zip,derived-only recommended
raw_1230df78e0697c57,Binance Vision,data_local/raw/binance/spot/monthly/klines/BNBUSDT/1d/BNBUSDT-1d-2023-08.zip,.zip,31,12,2023-08-01,2023-08-31,1805,indexed:headerless_zip,derived-only recommended
raw_1be9acd89ece99f7,Binance Vision,data_local/raw/binance/spot/monthly/klines/BNBUSDT/1d/BNBUSDT-1d-2023-09.zip,.zip,30,12,2023-09-01,2023-09-30,1723,indexed:headerless_zip,derived-only recommended
raw_5a226d335044f49c,Binance Vision,data_local/raw/binance/spot/monthly/klines/BNBUSDT/1d/BNBUSDT-1d-2023-10.zip,.zip,31,12,2023-10-01,2023-10-31,1807,indexed:headerless_zip,derived-only recommended
raw_fc3da0b73f1cbcb5,Binance Vision,data_local/raw/binance/spot/monthly/klines/BNBUSDT/1d/BNBUSDT-1d-2023-11.zip,.zip,30,12,2023-11-01,2023-11-30,1819,indexed:headerless_zip,derived-only recommended
raw_bed0d5a2e3291612,Binance Vision,data_local/raw/binance/spot/monthly/klines/BNBUSDT/1d/BNBUSDT-1d-2023-12.zip,.zip,31,12,2023-12-01,2023-12-31,1874,indexed:headerless_zip,derived-only recommended
raw_605019c139588dc0,Binance Vision,data_local/raw/binance/spot/monthly/klines/BNBUSDT/1d/BNBUSDT-1d-2024-01.zip,.zip,31,12,2024-01-01,2024-01-31,1874,indexed:headerless_zip,derived-only recommended
raw_61bb527a025c6d4b,Binance Vision,data_local/raw/binance/spot/monthly/klines/BNBUSDT/1d/BNBUSDT-1d-2024-02.zip,.zip,29,12,2024-02-01,2024-02-29,1743,indexed:headerless_zip,derived-only recommended
raw_41b4517f1d4d818d,Binance Vision,data_local/raw/binance/spot/monthly/klines/BNBUSDT/1d/BNBUSDT-1d-2024-03.zip,.zip,31,12,2024-03-01,2024-03-31,1915,indexed:headerless_zip,derived-only recommended
raw_57887d26d35ac3fb,Binance Vision,data_local/raw/binance/spot/monthly/klines/BNBUSDT/1d/BNBUSDT-1d-2024-04.zip,.zip,30,12,2024-04-01,2024-04-30,1813,indexed:headerless_zip,derived-only recommended
raw_d35b4dc40d5ad3b5,Binance Vision,data_local/raw/binance/spot/monthly/klines/BNBUSDT/1d/BNBUSDT-1d-2024-05.zip,.zip,31,12,2024-05-01,2024-05-31,1846,indexed:headerless_zip,derived-only recommended
raw_2f45932a6a5894a0,Binance Vision,data_local/raw/binance/spot/monthly/klines/BNBUSDT/1d/BNBUSDT-1d-2024-06.zip,.zip,30,12,2024-06-01,2024-06-30,1803,indexed:headerless_zip,derived-only recommended
raw_c7b0c4a01ad64ea8,Binance Vision,data_local/raw/binance/spot/monthly/klines/BNBUSDT/1d/BNBUSDT-1d-2024-07.zip,.zip,31,12,2024-07-01,2024-07-31,1864,indexed:headerless_zip,derived-only recommended
raw_0343419c0e7167a6,Binance Vision,data_local/raw/binance/spot/monthly/klines/BNBUSDT/1d/BNBUSDT-1d-2024-08.zip,.zip,31,12,2024-08-01,2024-08-31,1862,indexed:headerless_zip,derived-only recommended
raw_ecc13105a27e3775,Binance Vision,data_local/raw/binance/spot/monthly/klines/BNBUSDT/1d/BNBUSDT-1d-2024-09.zip,.zip,30,12,2024-09-01,2024-09-30,1803,indexed:headerless_zip,derived-only recommended
raw_85f36a8b140955d6,Binance Vision,data_local/raw/binance/spot/monthly/klines/BNBUSDT/1d/BNBUSDT-1d-2024-10.zip,.zip,31,12,2024-10-01,2024-10-31,1850,indexed:headerless_zip,derived-only recommended
raw_3552508726fd3b48,Binance Vision,data_local/raw/binance/spot/monthly/klines/BNBUSDT/1d/BNBUSDT-1d-2024-11.zip,.zip,30,12,2024-11-01,2024-11-30,1915,indexed:headerless_zip,derived-only recommended
raw_a789dd15f12d4a01,Binance Vision,data_local/raw/binance/spot/monthly/klines/BNBUSDT/1d/BNBUSDT-1d-2024-12.zip,.zip,31,12,2024-12-01,2024-12-31,2014,indexed:headerless_zip,derived-only recommended
raw_69aeb86e358ceb9a,Binance Vision,data_local/raw/binance/spot/monthly/klines/BNBUSDT/1d/BNBUSDT-1d-2025-01.zip,.zip,31,12,2025-01-01,2025-01-31,1998,indexed:headerless_zip,derived-only recommended
raw_cdadc207c76678cb,Binance Vision,data_local/raw/binance/spot/monthly/klines/BNBUSDT/1d/BNBUSDT-1d-2025-02.zip,.zip,28,12,2025-02-01,2025-02-28,1846,indexed:headerless_zip,derived-only recommended
raw_81d297e3bbbb1af0,Binance Vision,data_local/raw/binance/spot/monthly/klines/BNBUSDT/1d/BNBUSDT-1d-2025-03.zip,.zip,31,12,2025-03-01,2025-03-31,2005,indexed:headerless_zip,derived-only recommended
raw_23737ae4b9fbf3e2,Binance Vision,data_local/raw/binance/spot/monthly/klines/BNBUSDT/1d/BNBUSDT-1d-2025-04.zip,.zip,30,12,2025-04-01,2025-04-30,1913,indexed:headerless_zip,derived-only recommended
raw_0ce3731d2036844e,Binance Vision,data_local/raw/binance/spot/monthly/klines/BNBUSDT/1d/BNBUSDT-1d-2025-05.zip,.zip,31,12,2025-05-01,2025-05-31,2002,indexed:headerless_zip,derived-only recommended
raw_dcff59e5f966e7e7,Binance Vision,data_local/raw/binance/spot/monthly/klines/BNBUSDT/1d/BNBUSDT-1d-2025-06.zip,.zip,30,12,2025-06-01,2025-06-30,1906,indexed:headerless_zip,derived-only recommended
raw_c2c2639a234bf980,Binance Vision,data_local/raw/binance/spot/monthly/klines/BNBUSDT/1d/BNBUSDT-1d-2025-07.zip,.zip,31,12,2025-07-01,2025-07-31,2009,indexed:headerless_zip,derived-only recommended
raw_8bc3292f2aed55c7,Binance Vision,data_local/raw/binance/spot/monthly/klines/BNBUSDT/1d/BNBUSDT-1d-2025-08.zip,.zip,31,12,2025-08-01,2025-08-31,2026,indexed:headerless_zip,derived-only recommended
raw_c0b1e22324fe5e26,Binance Vision,data_local/raw/binance/spot/monthly/klines/BNBUSDT/1d/BNBUSDT-1d-2025-09.zip,.zip,30,12,2025-09-01,2025-09-30,1981,indexed:headerless_zip,derived-only recommended
raw_72fcfd0778f6a9b2,Binance Vision,data_local/raw/binance/spot/monthly/klines/BNBUSDT/1d/BNBUSDT-1d-2025-10.zip,.zip,31,12,2025-10-01,2025-10-31,2078,indexed:headerless_zip,derived-only recommended
raw_e21f6d22f69e09bf,Binance Vision,data_local/raw/binance/spot/monthly/klines/BNBUSDT/1d/BNBUSDT-1d-2025-11.zip,.zip,30,12,2025-11-01,2025-11-30,1981,indexed:headerless_zip,derived-only recommended
raw_16005ac4ec6c3398,Binance Vision,data_local/raw/binance/spot/monthly/klines/BNBUSDT/1d/BNBUSDT-1d-2025-12.zip,.zip,31,12,2025-12-01,2025-12-31,1985,indexed:headerless_zip,derived-only recommended
raw_27ef5b23e71e5b5d,Binance Vision,data_local/raw/binance/spot/monthly/klines/BNBUSDT/1d/BNBUSDT-1d-2026-01.zip,.zip,31,12,2026-01-01,2026-01-31,1993,indexed:headerless_zip,derived-only recommended
raw_284eb239b01c7a06,Binance Vision,data_local/raw/binance/spot/monthly/klines/BNBUSDT/1d/BNBUSDT-1d-2026-02.zip,.zip,28,12,2026-02-01,2026-02-28,1828,indexed:headerless_zip,derived-only recommended
raw_c26e4118f7e423af,Binance Vision,data_local/raw/binance/spot/monthly/klines/BNBUSDT/1d/BNBUSDT-1d-2026-03.zip,.zip,31,12,2026-03-01,2026-03-31,1972,indexed:headerless_zip,derived-only recommended
raw_77a08a68fb521ca7,Binance Vision,data_local/raw/binance/spot/monthly/klines/BNBUSDT/1d/BNBUSDT-1d-2026-04.zip,.zip,30,12,2026-04-01,2026-04-30,1892,indexed:headerless_zip,derived-only recommended
raw_554352f221c228bc,Binance Vision,data_local/raw/binance/spot/monthly/klines/BNBUSDT/1d/BNBUSDT-1d-2026-05.zip,.zip,31,12,2026-05-01,2026-05-31,1984,indexed:headerless_zip,derived-only recommended
raw_534a413d5dcb683f,Binance Vision,data_local/raw/binance/spot/monthly/klines/BNBUSDT/1d/BNBUSDT-1d-2026-06.zip,.zip,30,12,2026-06-01,2026-06-30,1928,indexed:headerless_zip,derived-only recommended
raw_d2a7cbeb55dd68b8,Binance Vision,data_local/raw/binance/spot/monthly/klines/BTCUSDT/1d/BTCUSDT-1d-2021-01.zip,.zip,31,12,2021-01-01,2021-01-31,2295,indexed:headerless_zip,derived-only recommended
raw_22317b6f9ffac89e,Binance Vision,data_local/raw/binance/spot/monthly/klines/BTCUSDT/1d/BTCUSDT-1d-2021-02.zip,.zip,28,12,2021-02-01,2021-02-28,2103,indexed:headerless_zip,derived-only recommended
raw_9a6f20ede21b2e35,Binance Vision,data_local/raw/binance/spot/monthly/klines/BTCUSDT/1d/BTCUSDT-1d-2021-03.zip,.zip,31,12,2021-03-01,2021-03-31,2282,indexed:headerless_zip,derived-only recommended
raw_f9b2df3ede2bad1e,Binance Vision,data_local/raw/binance/spot/monthly/klines/BTCUSDT/1d/BTCUSDT-1d-2021-04.zip,.zip,30,12,2021-04-01,2021-04-30,2189,indexed:headerless_zip,derived-only recommended
raw_3e22ef2398f9bf6c,Binance Vision,data_local/raw/binance/spot/monthly/klines/BTCUSDT/1d/BTCUSDT-1d-2021-05.zip,.zip,31,12,2021-05-01,2021-05-31,2283,indexed:headerless_zip,derived-only recommended
raw_9e2bf8af64578581,Binance Vision,data_local/raw/binance/spot/monthly/klines/BTCUSDT/1d/BTCUSDT-1d-2021-06.zip,.zip,30,12,2021-06-01,2021-06-30,2204,indexed:headerless_zip,derived-only recommended
raw_3cf2521ead1e189f,Binance Vision,data_local/raw/binance/spot/monthly/klines/BTCUSDT/1d/BTCUSDT-1d-2021-07.zip,.zip,31,12,2021-07-01,2021-07-31,2264,indexed:headerless_zip,derived-only recommended
raw_793c6ce9eb76d236,Binance Vision,data_local/raw/binance/spot/monthly/klines/BTCUSDT/1d/BTCUSDT-1d-2021-08.zip,.zip,31,12,2021-08-01,2021-08-31,2246,indexed:headerless_zip,derived-only recommended
raw_77419b0cabfa5c1f,Binance Vision,data_local/raw/binance/spot/monthly/klines/BTCUSDT/1d/BTCUSDT-1d-2021-09.zip,.zip,30,12,2021-09-01,2021-09-30,2156,indexed:headerless_zip,derived-only recommended
raw_fe6208249b245d62,Binance Vision,data_local/raw/binance/spot/monthly/klines/BTCUSDT/1d/BTCUSDT-1d-2021-10.zip,.zip,31,12,2021-10-01,2021-10-31,2210,indexed:headerless_zip,derived-only recommended
raw_3c82be4f0ca982b6,Binance Vision,data_local/raw/binance/spot/monthly/klines/BTCUSDT/1d/BTCUSDT-1d-2021-11.zip,.zip,30,12,2021-11-01,2021-11-30,2166,indexed:headerless_zip,derived-only recommended
raw_ef63b83750828b07,Binance Vision,data_local/raw/binance/spot/monthly/klines/BTCUSDT/1d/BTCUSDT-1d-2021-12.zip,.zip,31,12,2021-12-01,2021-12-31,2196,indexed:headerless_zip,derived-only recommended
raw_3f1758eb643a4140,Binance Vision,data_local/raw/binance/spot/monthly/klines/BTCUSDT/1d/BTCUSDT-1d-2022-01.zip,.zip,31,12,2022-01-01,2022-01-31,2183,indexed:headerless_zip,derived-only recommended
raw_009cfb6aafe9e9a4,Binance Vision,data_local/raw/binance/spot/monthly/klines/BTCUSDT/1d/BTCUSDT-1d-2022-02.zip,.zip,28,12,2022-02-01,2022-02-28,2011,indexed:headerless_zip,derived-only recommended
raw_54655d113dcad2e5,Binance Vision,data_local/raw/binance/spot/monthly/klines/BTCUSDT/1d/BTCUSDT-1d-2022-03.zip,.zip,31,12,2022-03-01,2022-03-31,2206,indexed:headerless_zip,derived-only recommended
raw_897fe02af9a24f79,Binance Vision,data_local/raw/binance/spot/monthly/klines/BTCUSDT/1d/BTCUSDT-1d-2022-04.zip,.zip,30,12,2022-04-01,2022-04-30,2117,indexed:headerless_zip,derived-only recommended
raw_72a1df9b8af8c999,Binance Vision,data_local/raw/binance/spot/monthly/klines/BTCUSDT/1d/BTCUSDT-1d-2022-05.zip,.zip,31,12,2022-05-01,2022-05-31,2212,indexed:headerless_zip,derived-only recommended
raw_9b9060096a656a29,Binance Vision,data_local/raw/binance/spot/monthly/klines/BTCUSDT/1d/BTCUSDT-1d-2022-06.zip,.zip,30,12,2022-06-01,2022-06-30,2169,indexed:headerless_zip,derived-only recommended
raw_15ad90f95e0ffd29,Binance Vision,data_local/raw/binance/spot/monthly/klines/BTCUSDT/1d/BTCUSDT-1d-2022-07.zip,.zip,31,12,2022-07-01,2022-07-31,2245,indexed:headerless_zip,derived-only recommended
raw_df555e9ff02980ef,Binance Vision,data_local/raw/binance/spot/monthly/klines/BTCUSDT/1d/BTCUSDT-1d-2022-08.zip,.zip,31,12,2022-08-01,2022-08-31,2237,indexed:headerless_zip,derived-only recommended
raw_1c4f1e10431bb02e,Binance Vision,data_local/raw/binance/spot/monthly/klines/BTCUSDT/1d/BTCUSDT-1d-2022-09.zip,.zip,30,12,2022-09-01,2022-09-30,2213,indexed:headerless_zip,derived-only recommended
raw_36f31b6c2220c791,Binance Vision,data_local/raw/binance/spot/monthly/klines/BTCUSDT/1d/BTCUSDT-1d-2022-10.zip,.zip,31,12,2022-10-01,2022-10-31,2219,indexed:headerless_zip,derived-only recommended
raw_aa2187e6a1d1f9ab,Binance Vision,data_local/raw/binance/spot/monthly/klines/BTCUSDT/1d/BTCUSDT-1d-2022-11.zip,.zip,30,12,2022-11-01,2022-11-30,2191,indexed:headerless_zip,derived-only recommended
raw_c7596bd6d1ceb351,Binance Vision,data_local/raw/binance/spot/monthly/klines/BTCUSDT/1d/BTCUSDT-1d-2022-12.zip,.zip,31,12,2022-12-01,2022-12-31,2222,indexed:headerless_zip,derived-only recommended
raw_ebe1c44beaac9191,Binance Vision,data_local/raw/binance/spot/monthly/klines/BTCUSDT/1d/BTCUSDT-1d-2023-01.zip,.zip,31,12,2023-01-01,2023-01-31,2250,indexed:headerless_zip,derived-only recommended
raw_8e91adc10c3b3f0c,Binance Vision,data_local/raw/binance/spot/monthly/klines/BTCUSDT/1d/BTCUSDT-1d-2023-02.zip,.zip,28,12,2023-02-01,2023-02-28,2072,indexed:headerless_zip,derived-only recommended
raw_1f2c0bf7c7a2dede,Binance Vision,data_local/raw/binance/spot/monthly/klines/BTCUSDT/1d/BTCUSDT-1d-2023-03.zip,.zip,31,12,2023-03-01,2023-03-31,2265,indexed:headerless_zip,derived-only recommended
raw_7331ad5857aaa681,Binance Vision,data_local/raw/binance/spot/monthly/klines/BTCUSDT/1d/BTCUSDT-1d-2023-04.zip,.zip,30,12,2023-04-01,2023-04-30,2108,indexed:headerless_zip,derived-only recommended
raw_a7262389a640fd54,Binance Vision,data_local/raw/binance/spot/monthly/klines/BTCUSDT/1d/BTCUSDT-1d-2023-05.zip,.zip,31,12,2023-05-01,2023-05-31,2168,indexed:headerless_zip,derived-only recommended
raw_ee8eb40908f1a9d4,Binance Vision,data_local/raw/binance/spot/monthly/klines/BTCUSDT/1d/BTCUSDT-1d-2023-06.zip,.zip,30,12,2023-06-01,2023-06-30,2099,indexed:headerless_zip,derived-only recommended
raw_3da56955c64ce3ae,Binance Vision,data_local/raw/binance/spot/monthly/klines/BTCUSDT/1d/BTCUSDT-1d-2023-07.zip,.zip,31,12,2023-07-01,2023-07-31,2132,indexed:headerless_zip,derived-only recommended
raw_00a235cd31c40e9e,Binance Vision,data_local/raw/binance/spot/monthly/klines/BTCUSDT/1d/BTCUSDT-1d-2023-08.zip,.zip,31,12,2023-08-01,2023-08-31,2160,indexed:headerless_zip,derived-only recommended
raw_ede3afdc139aabca,Binance Vision,data_local/raw/binance/spot/monthly/klines/BTCUSDT/1d/BTCUSDT-1d-2023-09.zip,.zip,30,12,2023-09-01,2023-09-30,2080,indexed:headerless_zip,derived-only recommended
raw_29d7ac4c51cae76f,Binance Vision,data_local/raw/binance/spot/monthly/klines/BTCUSDT/1d/BTCUSDT-1d-2023-10.zip,.zip,31,12,2023-10-01,2023-10-31,2154,indexed:headerless_zip,derived-only recommended
raw_6bf8a093e71ae83b,Binance Vision,data_local/raw/binance/spot/monthly/klines/BTCUSDT/1d/BTCUSDT-1d-2023-11.zip,.zip,30,12,2023-11-01,2023-11-30,2102,indexed:headerless_zip,derived-only recommended
raw_7ecf13bac56c2130,Binance Vision,data_local/raw/binance/spot/monthly/klines/BTCUSDT/1d/BTCUSDT-1d-2023-12.zip,.zip,31,12,2023-12-01,2023-12-31,2177,indexed:headerless_zip,derived-only recommended
raw_2cb92640d94cee31,Binance Vision,data_local/raw/binance/spot/monthly/klines/BTCUSDT/1d/BTCUSDT-1d-2024-01.zip,.zip,31,12,2024-01-01,2024-01-31,2190,indexed:headerless_zip,derived-only recommended
raw_d6183a473baacc8b,Binance Vision,data_local/raw/binance/spot/monthly/klines/BTCUSDT/1d/BTCUSDT-1d-2024-02.zip,.zip,29,12,2024-02-01,2024-02-29,2053,indexed:headerless_zip,derived-only recommended
raw_21e51b791d3bba2a,Binance Vision,data_local/raw/binance/spot/monthly/klines/BTCUSDT/1d/BTCUSDT-1d-2024-03.zip,.zip,31,12,2024-03-01,2024-03-31,2224,indexed:headerless_zip,derived-only recommended
raw_b0fde97d95346309,Binance Vision,data_local/raw/binance/spot/monthly/klines/BTCUSDT/1d/BTCUSDT-1d-2024-04.zip,.zip,30,12,2024-04-01,2024-04-30,2141,indexed:headerless_zip,derived-only recommended
raw_d2e7fa99d0722a35,Binance Vision,data_local/raw/binance/spot/monthly/klines/BTCUSDT/1d/BTCUSDT-1d-2024-05.zip,.zip,31,12,2024-05-01,2024-05-31,2185,indexed:headerless_zip,derived-only recommended
raw_f261991180de9030,Binance Vision,data_local/raw/binance/spot/monthly/klines/BTCUSDT/1d/BTCUSDT-1d-2024-06.zip,.zip,30,12,2024-06-01,2024-06-30,2095,indexed:headerless_zip,derived-only recommended
raw_1572f32feacb43e4,Binance Vision,data_local/raw/binance/spot/monthly/klines/BTCUSDT/1d/BTCUSDT-1d-2024-07.zip,.zip,31,12,2024-07-01,2024-07-31,2203,indexed:headerless_zip,derived-only recommended
raw_1acd59fc5a0ac245,Binance Vision,data_local/raw/binance/spot/monthly/klines/BTCUSDT/1d/BTCUSDT-1d-2024-08.zip,.zip,31,12,2024-08-01,2024-08-31,2190,indexed:headerless_zip,derived-only recommended
raw_781b378b1c840fd0,Binance Vision,data_local/raw/binance/spot/monthly/klines/BTCUSDT/1d/BTCUSDT-1d-2024-09.zip,.zip,30,12,2024-09-01,2024-09-30,2106,indexed:headerless_zip,derived-only recommended
raw_41fcf117c0515601,Binance Vision,data_local/raw/binance/spot/monthly/klines/BTCUSDT/1d/BTCUSDT-1d-2024-10.zip,.zip,31,12,2024-10-01,2024-10-31,2203,indexed:headerless_zip,derived-only recommended
raw_6e9a47e9481bdf92,Binance Vision,data_local/raw/binance/spot/monthly/klines/BTCUSDT/1d/BTCUSDT-1d-2024-11.zip,.zip,30,12,2024-11-01,2024-11-30,2157,indexed:headerless_zip,derived-only recommended
raw_9e35a111e3233838,Binance Vision,data_local/raw/binance/spot/monthly/klines/BTCUSDT/1d/BTCUSDT-1d-2024-12.zip,.zip,31,12,2024-12-01,2024-12-31,2218,indexed:headerless_zip,derived-only recommended
raw_5bbdc230d9223a18,Binance Vision,data_local/raw/binance/spot/monthly/klines/BTCUSDT/1d/BTCUSDT-1d-2025-01.zip,.zip,31,12,2025-01-01,2025-01-31,2254,indexed:headerless_zip,derived-only recommended
raw_782426d1eef571e2,Binance Vision,data_local/raw/binance/spot/monthly/klines/BTCUSDT/1d/BTCUSDT-1d-2025-02.zip,.zip,28,12,2025-02-01,2025-02-28,2039,indexed:headerless_zip,derived-only recommended
raw_e88bb53b5bd89180,Binance Vision,data_local/raw/binance/spot/monthly/klines/BTCUSDT/1d/BTCUSDT-1d-2025-03.zip,.zip,31,12,2025-03-01,2025-03-31,2249,indexed:headerless_zip,derived-only recommended
raw_b0b60f8093497172,Binance Vision,data_local/raw/binance/spot/monthly/klines/BTCUSDT/1d/BTCUSDT-1d-2025-04.zip,.zip,30,12,2025-04-01,2025-04-30,2165,indexed:headerless_zip,derived-only recommended
raw_b709101bdc045beb,Binance Vision,data_local/raw/binance/spot/monthly/klines/BTCUSDT/1d/BTCUSDT-1d-2025-05.zip,.zip,31,12,2025-05-01,2025-05-31,2253,indexed:headerless_zip,derived-only recommended
raw_bbf2ed5e2b10b684,Binance Vision,data_local/raw/binance/spot/monthly/klines/BTCUSDT/1d/BTCUSDT-1d-2025-06.zip,.zip,30,12,2025-06-01,2025-06-30,2170,indexed:headerless_zip,derived-only recommended
raw_e443be7944622117,Binance Vision,data_local/raw/binance/spot/monthly/klines/BTCUSDT/1d/BTCUSDT-1d-2025-07.zip,.zip,31,12,2025-07-01,2025-07-31,2232,indexed:headerless_zip,derived-only recommended
raw_12738cf63d165924,Binance Vision,data_local/raw/binance/spot/monthly/klines/BTCUSDT/1d/BTCUSDT-1d-2025-08.zip,.zip,31,12,2025-08-01,2025-08-31,2237,indexed:headerless_zip,derived-only recommended
raw_6bf55d1d829f1288,Binance Vision,data_local/raw/binance/spot/monthly/klines/BTCUSDT/1d/BTCUSDT-1d-2025-09.zip,.zip,30,12,2025-09-01,2025-09-30,2154,indexed:headerless_zip,derived-only recommended
raw_2c417860463f235a,Binance Vision,data_local/raw/binance/spot/monthly/klines/BTCUSDT/1d/BTCUSDT-1d-2025-10.zip,.zip,31,12,2025-10-01,2025-10-31,2262,indexed:headerless_zip,derived-only recommended
raw_d9be2b892c0fa33a,Binance Vision,data_local/raw/binance/spot/monthly/klines/BTCUSDT/1d/BTCUSDT-1d-2025-11.zip,.zip,30,12,2025-11-01,2025-11-30,2185,indexed:headerless_zip,derived-only recommended
raw_95061483e312daf4,Binance Vision,data_local/raw/binance/spot/monthly/klines/BTCUSDT/1d/BTCUSDT-1d-2025-12.zip,.zip,31,12,2025-12-01,2025-12-31,2230,indexed:headerless_zip,derived-only recommended
raw_7439f4e4b3c9e1e7,Binance Vision,data_local/raw/binance/spot/monthly/klines/BTCUSDT/1d/BTCUSDT-1d-2026-01.zip,.zip,31,12,2026-01-01,2026-01-31,2237,indexed:headerless_zip,derived-only recommended
raw_1c7145c352980049,Binance Vision,data_local/raw/binance/spot/monthly/klines/BTCUSDT/1d/BTCUSDT-1d-2026-02.zip,.zip,28,12,2026-02-01,2026-02-28,2030,indexed:headerless_zip,derived-only recommended
raw_73b9de2fe210e4c0,Binance Vision,data_local/raw/binance/spot/monthly/klines/BTCUSDT/1d/BTCUSDT-1d-2026-03.zip,.zip,31,12,2026-03-01,2026-03-31,2242,indexed:headerless_zip,derived-only recommended
raw_65510ae453c7f14f,Binance Vision,data_local/raw/binance/spot/monthly/klines/BTCUSDT/1d/BTCUSDT-1d-2026-04.zip,.zip,30,12,2026-04-01,2026-04-30,2151,indexed:headerless_zip,derived-only recommended
raw_ad29a25e571154e8,Binance Vision,data_local/raw/binance/spot/monthly/klines/BTCUSDT/1d/BTCUSDT-1d-2026-05.zip,.zip,31,12,2026-05-01,2026-05-31,2223,indexed:headerless_zip,derived-only recommended
raw_42121c23370cc2ff,Binance Vision,data_local/raw/binance/spot/monthly/klines/BTCUSDT/1d/BTCUSDT-1d-2026-06.zip,.zip,30,12,2026-06-01,2026-06-30,2144,indexed:headerless_zip,derived-only recommended
raw_25c7e9dd2311f6ed,Binance Vision,data_local/raw/binance/spot/monthly/klines/DOGEUSDT/1d/DOGEUSDT-1d-2021-01.zip,.zip,31,12,2021-01-01,2021-01-31,2054,indexed:headerless_zip,derived-only recommended
raw_d3b728c4e10c87be,Binance Vision,data_local/raw/binance/spot/monthly/klines/DOGEUSDT/1d/DOGEUSDT-1d-2021-02.zip,.zip,28,12,2021-02-01,2021-02-28,1956,indexed:headerless_zip,derived-only recommended
raw_eb4223048e8cded7,Binance Vision,data_local/raw/binance/spot/monthly/klines/DOGEUSDT/1d/DOGEUSDT-1d-2021-03.zip,.zip,31,12,2021-03-01,2021-03-31,2051,indexed:headerless_zip,derived-only recommended
raw_9eb7d38bf349d35a,Binance Vision,data_local/raw/binance/spot/monthly/klines/DOGEUSDT/1d/DOGEUSDT-1d-2021-04.zip,.zip,30,12,2021-04-01,2021-04-30,2122,indexed:headerless_zip,derived-only recommended
raw_72104a5036b524f5,Binance Vision,data_local/raw/binance/spot/monthly/klines/DOGEUSDT/1d/DOGEUSDT-1d-2021-05.zip,.zip,31,12,2021-05-01,2021-05-31,2148,indexed:headerless_zip,derived-only recommended
raw_32fd25df540cf711,Binance Vision,data_local/raw/binance/spot/monthly/klines/DOGEUSDT/1d/DOGEUSDT-1d-2021-06.zip,.zip,30,12,2021-06-01,2021-06-30,2032,indexed:headerless_zip,derived-only recommended
raw_44adadf21bf868ca,Binance Vision,data_local/raw/binance/spot/monthly/klines/DOGEUSDT/1d/DOGEUSDT-1d-2021-07.zip,.zip,31,12,2021-07-01,2021-07-31,2045,indexed:headerless_zip,derived-only recommended
raw_8f2037a75f13b120,Binance Vision,data_local/raw/binance/spot/monthly/klines/DOGEUSDT/1d/DOGEUSDT-1d-2021-08.zip,.zip,31,12,2021-08-01,2021-08-31,2054,indexed:headerless_zip,derived-only recommended
raw_bde9b2ff9a28ae9b,Binance Vision,data_local/raw/binance/spot/monthly/klines/DOGEUSDT/1d/DOGEUSDT-1d-2021-09.zip,.zip,30,12,2021-09-01,2021-09-30,1834,indexed:headerless_zip,derived-only recommended
raw_ab2b047700083047,Binance Vision,data_local/raw/binance/spot/monthly/klines/DOGEUSDT/1d/DOGEUSDT-1d-2021-10.zip,.zip,31,12,2021-10-01,2021-10-31,1881,indexed:headerless_zip,derived-only recommended
raw_84e752bf8593b524,Binance Vision,data_local/raw/binance/spot/monthly/klines/DOGEUSDT/1d/DOGEUSDT-1d-2021-11.zip,.zip,30,12,2021-11-01,2021-11-30,1816,indexed:headerless_zip,derived-only recommended
raw_07926c7961407ce0,Binance Vision,data_local/raw/binance/spot/monthly/klines/DOGEUSDT/1d/DOGEUSDT-1d-2021-12.zip,.zip,31,12,2021-12-01,2021-12-31,1864,indexed:headerless_zip,derived-only recommended
raw_6afb959acdcc34d8,Binance Vision,data_local/raw/binance/spot/monthly/klines/DOGEUSDT/1d/DOGEUSDT-1d-2022-01.zip,.zip,31,12,2022-01-01,2022-01-31,1833,indexed:headerless_zip,derived-only recommended
raw_892ffd7037c8ee30,Binance Vision,data_local/raw/binance/spot/monthly/klines/DOGEUSDT/1d/DOGEUSDT-1d-2022-02.zip,.zip,28,12,2022-02-01,2022-02-28,1662,indexed:headerless_zip,derived-only recommended
raw_c4d61f70f92b4e58,Binance Vision,data_local/raw/binance/spot/monthly/klines/DOGEUSDT/1d/DOGEUSDT-1d-2022-03.zip,.zip,31,12,2022-03-01,2022-03-31,1812,indexed:headerless_zip,derived-only recommended
raw_a1204a0ec6701296,Binance Vision,data_local/raw/binance/spot/monthly/klines/DOGEUSDT/1d/DOGEUSDT-1d-2022-04.zip,.zip,30,12,2022-04-01,2022-04-30,1787,indexed:headerless_zip,derived-only recommended
raw_891d375c7086c60f,Binance Vision,data_local/raw/binance/spot/monthly/klines/DOGEUSDT/1d/DOGEUSDT-1d-2022-05.zip,.zip,31,12,2022-05-01,2022-05-31,1824,indexed:headerless_zip,derived-only recommended
raw_31e89c2070f32bee,Binance Vision,data_local/raw/binance/spot/monthly/klines/DOGEUSDT/1d/DOGEUSDT-1d-2022-06.zip,.zip,30,12,2022-06-01,2022-06-30,1871,indexed:headerless_zip,derived-only recommended
raw_934ce1ed9c41366e,Binance Vision,data_local/raw/binance/spot/monthly/klines/DOGEUSDT/1d/DOGEUSDT-1d-2022-07.zip,.zip,31,12,2022-07-01,2022-07-31,1868,indexed:headerless_zip,derived-only recommended
raw_d87206c0b5f94cf0,Binance Vision,data_local/raw/binance/spot/monthly/klines/DOGEUSDT/1d/DOGEUSDT-1d-2022-08.zip,.zip,31,12,2022-08-01,2022-08-31,1913,indexed:headerless_zip,derived-only recommended
raw_7e7cdc47c1930d3d,Binance Vision,data_local/raw/binance/spot/monthly/klines/DOGEUSDT/1d/DOGEUSDT-1d-2022-09.zip,.zip,30,12,2022-09-01,2022-09-30,1814,indexed:headerless_zip,derived-only recommended
raw_18804f1d68df2cc2,Binance Vision,data_local/raw/binance/spot/monthly/klines/DOGEUSDT/1d/DOGEUSDT-1d-2022-10.zip,.zip,31,12,2022-10-01,2022-10-31,1874,indexed:headerless_zip,derived-only recommended
raw_ae91dba42c911939,Binance Vision,data_local/raw/binance/spot/monthly/klines/DOGEUSDT/1d/DOGEUSDT-1d-2022-11.zip,.zip,30,12,2022-11-01,2022-11-30,1928,indexed:headerless_zip,derived-only recommended
raw_68fbb7043a0f10ba,Binance Vision,data_local/raw/binance/spot/monthly/klines/DOGEUSDT/1d/DOGEUSDT-1d-2022-12.zip,.zip,31,12,2022-12-01,2022-12-31,1928,indexed:headerless_zip,derived-only recommended
raw_f50275a1fc942b16,Binance Vision,data_local/raw/binance/spot/monthly/klines/DOGEUSDT/1d/DOGEUSDT-1d-2023-01.zip,.zip,31,12,2023-01-01,2023-01-31,1900,indexed:headerless_zip,derived-only recommended
raw_a34ac516830f50bf,Binance Vision,data_local/raw/binance/spot/monthly/klines/DOGEUSDT/1d/DOGEUSDT-1d-2023-02.zip,.zip,28,12,2023-02-01,2023-02-28,1732,indexed:headerless_zip,derived-only recommended
raw_546eed91ffbef84c,Binance Vision,data_local/raw/binance/spot/monthly/klines/DOGEUSDT/1d/DOGEUSDT-1d-2023-03.zip,.zip,31,12,2023-03-01,2023-03-31,1886,indexed:headerless_zip,derived-only recommended
raw_21678cb530f510d1,Binance Vision,data_local/raw/binance/spot/monthly/klines/DOGEUSDT/1d/DOGEUSDT-1d-2023-04.zip,.zip,30,12,2023-04-01,2023-04-30,1869,indexed:headerless_zip,derived-only recommended
raw_f34fcf1e0f453597,Binance Vision,data_local/raw/binance/spot/monthly/klines/DOGEUSDT/1d/DOGEUSDT-1d-2023-05.zip,.zip,31,12,2023-05-01,2023-05-31,1844,indexed:headerless_zip,derived-only recommended
raw_9b232a9d91e39eb2,Binance Vision,data_local/raw/binance/spot/monthly/klines/DOGEUSDT/1d/DOGEUSDT-1d-2023-06.zip,.zip,30,12,2023-06-01,2023-06-30,1802,indexed:headerless_zip,derived-only recommended
raw_8ceda62e8d10f890,Binance Vision,data_local/raw/binance/spot/monthly/klines/DOGEUSDT/1d/DOGEUSDT-1d-2023-07.zip,.zip,31,12,2023-07-01,2023-07-31,1902,indexed:headerless_zip,derived-only recommended
raw_f53be186754ebbde,Binance Vision,data_local/raw/binance/spot/monthly/klines/DOGEUSDT/1d/DOGEUSDT-1d-2023-08.zip,.zip,31,12,2023-08-01,2023-08-31,1868,indexed:headerless_zip,derived-only recommended
raw_3a8801185fee44ce,Binance Vision,data_local/raw/binance/spot/monthly/klines/DOGEUSDT/1d/DOGEUSDT-1d-2023-09.zip,.zip,30,12,2023-09-01,2023-09-30,1764,indexed:headerless_zip,derived-only recommended
raw_0a84ad64f2cca80b,Binance Vision,data_local/raw/binance/spot/monthly/klines/DOGEUSDT/1d/DOGEUSDT-1d-2023-10.zip,.zip,31,12,2023-10-01,2023-10-31,1851,indexed:headerless_zip,derived-only recommended
raw_a3aec370f5c6a5c4,Binance Vision,data_local/raw/binance/spot/monthly/klines/DOGEUSDT/1d/DOGEUSDT-1d-2023-11.zip,.zip,30,12,2023-11-01,2023-11-30,1860,indexed:headerless_zip,derived-only recommended
raw_751f0597020489ad,Binance Vision,data_local/raw/binance/spot/monthly/klines/DOGEUSDT/1d/DOGEUSDT-1d-2023-12.zip,.zip,31,12,2023-12-01,2023-12-31,1910,indexed:headerless_zip,derived-only recommended
raw_932aecfca233b83e,Binance Vision,data_local/raw/binance/spot/monthly/klines/DOGEUSDT/1d/DOGEUSDT-1d-2024-01.zip,.zip,31,12,2024-01-01,2024-01-31,1903,indexed:headerless_zip,derived-only recommended
raw_15aa2c4bfeb76a59,Binance Vision,data_local/raw/binance/spot/monthly/klines/DOGEUSDT/1d/DOGEUSDT-1d-2024-02.zip,.zip,29,12,2024-02-01,2024-02-29,1769,indexed:headerless_zip,derived-only recommended
raw_5e2adad7a6725d26,Binance Vision,data_local/raw/binance/spot/monthly/klines/DOGEUSDT/1d/DOGEUSDT-1d-2024-03.zip,.zip,31,12,2024-03-01,2024-03-31,1987,indexed:headerless_zip,derived-only recommended
raw_4e12e6ac2e52471f,Binance Vision,data_local/raw/binance/spot/monthly/klines/DOGEUSDT/1d/DOGEUSDT-1d-2024-04.zip,.zip,30,12,2024-04-01,2024-04-30,1906,indexed:headerless_zip,derived-only recommended
raw_e098443988f03956,Binance Vision,data_local/raw/binance/spot/monthly/klines/DOGEUSDT/1d/DOGEUSDT-1d-2024-05.zip,.zip,31,12,2024-05-01,2024-05-31,1946,indexed:headerless_zip,derived-only recommended
raw_ab4aa9106bdc6d6b,Binance Vision,data_local/raw/binance/spot/monthly/klines/DOGEUSDT/1d/DOGEUSDT-1d-2024-06.zip,.zip,30,12,2024-06-01,2024-06-30,1861,indexed:headerless_zip,derived-only recommended
raw_54c6f3a05d945968,Binance Vision,data_local/raw/binance/spot/monthly/klines/DOGEUSDT/1d/DOGEUSDT-1d-2024-07.zip,.zip,31,12,2024-07-01,2024-07-31,1930,indexed:headerless_zip,derived-only recommended
raw_f5bb6eb55567e7ba,Binance Vision,data_local/raw/binance/spot/monthly/klines/DOGEUSDT/1d/DOGEUSDT-1d-2024-08.zip,.zip,31,12,2024-08-01,2024-08-31,1907,indexed:headerless_zip,derived-only recommended
raw_d26531bbdaeeb638,Binance Vision,data_local/raw/binance/spot/monthly/klines/DOGEUSDT/1d/DOGEUSDT-1d-2024-09.zip,.zip,30,12,2024-09-01,2024-09-30,1853,indexed:headerless_zip,derived-only recommended
raw_1216e29bacb1c67f,Binance Vision,data_local/raw/binance/spot/monthly/klines/DOGEUSDT/1d/DOGEUSDT-1d-2024-10.zip,.zip,31,12,2024-10-01,2024-10-31,1932,indexed:headerless_zip,derived-only recommended
raw_95b5343dc68fdfaf,Binance Vision,data_local/raw/binance/spot/monthly/klines/DOGEUSDT/1d/DOGEUSDT-1d-2024-11.zip,.zip,30,12,2024-11-01,2024-11-30,1986,indexed:headerless_zip,derived-only recommended
raw_98c4ab10db3e7fa7,Binance Vision,data_local/raw/binance/spot/monthly/klines/DOGEUSDT/1d/DOGEUSDT-1d-2024-12.zip,.zip,31,12,2024-12-01,2024-12-31,2009,indexed:headerless_zip,derived-only recommended
raw_acaa8b05500ed48b,Binance Vision,data_local/raw/binance/spot/monthly/klines/DOGEUSDT/1d/DOGEUSDT-1d-2025-01.zip,.zip,31,12,2025-01-01,2025-01-31,2003,indexed:headerless_zip,derived-only recommended
raw_2f86b1e50f6cbebf,Binance Vision,data_local/raw/binance/spot/monthly/klines/DOGEUSDT/1d/DOGEUSDT-1d-2025-02.zip,.zip,28,12,2025-02-01,2025-02-28,1803,indexed:headerless_zip,derived-only recommended
raw_7cff8af231ce918b,Binance Vision,data_local/raw/binance/spot/monthly/klines/DOGEUSDT/1d/DOGEUSDT-1d-2025-03.zip,.zip,31,12,2025-03-01,2025-03-31,1957,indexed:headerless_zip,derived-only recommended
raw_4c2cefec23d7d8d4,Binance Vision,data_local/raw/binance/spot/monthly/klines/DOGEUSDT/1d/DOGEUSDT-1d-2025-04.zip,.zip,30,12,2025-04-01,2025-04-30,1886,indexed:headerless_zip,derived-only recommended
raw_f90e3b9d87c92bc0,Binance Vision,data_local/raw/binance/spot/monthly/klines/DOGEUSDT/1d/DOGEUSDT-1d-2025-05.zip,.zip,31,12,2025-05-01,2025-05-31,1958,indexed:headerless_zip,derived-only recommended
raw_7f22570753e30f97,Binance Vision,data_local/raw/binance/spot/monthly/klines/DOGEUSDT/1d/DOGEUSDT-1d-2025-06.zip,.zip,30,12,2025-06-01,2025-06-30,1901,indexed:headerless_zip,derived-only recommended
raw_5c53b3ef3b9c8605,Binance Vision,data_local/raw/binance/spot/monthly/klines/DOGEUSDT/1d/DOGEUSDT-1d-2025-07.zip,.zip,31,12,2025-07-01,2025-07-31,1995,indexed:headerless_zip,derived-only recommended
raw_07bf9cd183fc6ce4,Binance Vision,data_local/raw/binance/spot/monthly/klines/DOGEUSDT/1d/DOGEUSDT-1d-2025-08.zip,.zip,31,12,2025-08-01,2025-08-31,1969,indexed:headerless_zip,derived-only recommended
raw_11ef8df90c31db32,Binance Vision,data_local/raw/binance/spot/monthly/klines/DOGEUSDT/1d/DOGEUSDT-1d-2025-09.zip,.zip,30,12,2025-09-01,2025-09-30,1922,indexed:headerless_zip,derived-only recommended
raw_96106f1c16ed0e23,Binance Vision,data_local/raw/binance/spot/monthly/klines/DOGEUSDT/1d/DOGEUSDT-1d-2025-10.zip,.zip,31,12,2025-10-01,2025-10-31,1980,indexed:headerless_zip,derived-only recommended
raw_30cd71dcc3862060,Binance Vision,data_local/raw/binance/spot/monthly/klines/DOGEUSDT/1d/DOGEUSDT-1d-2025-11.zip,.zip,30,12,2025-11-01,2025-11-30,1907,indexed:headerless_zip,derived-only recommended
raw_f7ba6bc91e51df21,Binance Vision,data_local/raw/binance/spot/monthly/klines/DOGEUSDT/1d/DOGEUSDT-1d-2025-12.zip,.zip,31,12,2025-12-01,2025-12-31,1931,indexed:headerless_zip,derived-only recommended
raw_b97d53172f2479f0,Binance Vision,data_local/raw/binance/spot/monthly/klines/DOGEUSDT/1d/DOGEUSDT-1d-2026-01.zip,.zip,31,12,2026-01-01,2026-01-31,1937,indexed:headerless_zip,derived-only recommended
raw_6ac0d7056977734c,Binance Vision,data_local/raw/binance/spot/monthly/klines/DOGEUSDT/1d/DOGEUSDT-1d-2026-02.zip,.zip,28,12,2026-02-01,2026-02-28,1756,indexed:headerless_zip,derived-only recommended
raw_7f79a8a329d08192,Binance Vision,data_local/raw/binance/spot/monthly/klines/DOGEUSDT/1d/DOGEUSDT-1d-2026-03.zip,.zip,31,12,2026-03-01,2026-03-31,1913,indexed:headerless_zip,derived-only recommended
raw_c37dc880c72dda4e,Binance Vision,data_local/raw/binance/spot/monthly/klines/DOGEUSDT/1d/DOGEUSDT-1d-2026-04.zip,.zip,30,12,2026-04-01,2026-04-30,1844,indexed:headerless_zip,derived-only recommended
raw_5ccbff15fc3ea244,Binance Vision,data_local/raw/binance/spot/monthly/klines/DOGEUSDT/1d/DOGEUSDT-1d-2026-05.zip,.zip,31,12,2026-05-01,2026-05-31,1924,indexed:headerless_zip,derived-only recommended
raw_aa0095bc0e2bcbbd,Binance Vision,data_local/raw/binance/spot/monthly/klines/DOGEUSDT/1d/DOGEUSDT-1d-2026-06.zip,.zip,30,12,2026-06-01,2026-06-30,1842,indexed:headerless_zip,derived-only recommended
raw_23bb016fad9fdb42,Binance Vision,data_local/raw/binance/spot/monthly/klines/DOTUSDT/1d/DOTUSDT-1d-2021-01.zip,.zip,31,12,2021-01-01,2021-01-31,2063,indexed:headerless_zip,derived-only recommended
raw_c7895758f3b570a8,Binance Vision,data_local/raw/binance/spot/monthly/klines/DOTUSDT/1d/DOTUSDT-1d-2021-02.zip,.zip,28,12,2021-02-01,2021-02-28,1913,indexed:headerless_zip,derived-only recommended
raw_7483a794169cf8ec,Binance Vision,data_local/raw/binance/spot/monthly/klines/DOTUSDT/1d/DOTUSDT-1d-2021-03.zip,.zip,31,12,2021-03-01,2021-03-31,2086,indexed:headerless_zip,derived-only recommended
raw_4e74f195f5218f13,Binance Vision,data_local/raw/binance/spot/monthly/klines/DOTUSDT/1d/DOTUSDT-1d-2021-04.zip,.zip,30,12,2021-04-01,2021-04-30,2039,indexed:headerless_zip,derived-only recommended
raw_416d27bde4da986a,Binance Vision,data_local/raw/binance/spot/monthly/klines/DOTUSDT/1d/DOTUSDT-1d-2021-05.zip,.zip,31,12,2021-05-01,2021-05-31,2069,indexed:headerless_zip,derived-only recommended
raw_7c22224637b4f99a,Binance Vision,data_local/raw/binance/spot/monthly/klines/DOTUSDT/1d/DOTUSDT-1d-2021-06.zip,.zip,30,12,2021-06-01,2021-06-30,1983,indexed:headerless_zip,derived-only recommended
raw_609cfc16c5330b28,Binance Vision,data_local/raw/binance/spot/monthly/klines/DOTUSDT/1d/DOTUSDT-1d-2021-07.zip,.zip,31,12,2021-07-01,2021-07-31,1996,indexed:headerless_zip,derived-only recommended
raw_7cc20fa27224b70e,Binance Vision,data_local/raw/binance/spot/monthly/klines/DOTUSDT/1d/DOTUSDT-1d-2021-08.zip,.zip,31,12,2021-08-01,2021-08-31,2006,indexed:headerless_zip,derived-only recommended
raw_d127894a46e940fb,Binance Vision,data_local/raw/binance/spot/monthly/klines/DOTUSDT/1d/DOTUSDT-1d-2021-09.zip,.zip,30,12,2021-09-01,2021-09-30,1916,indexed:headerless_zip,derived-only recommended
raw_a44700fc021f0633,Binance Vision,data_local/raw/binance/spot/monthly/klines/DOTUSDT/1d/DOTUSDT-1d-2021-10.zip,.zip,31,12,2021-10-01,2021-10-31,1944,indexed:headerless_zip,derived-only recommended
raw_f813edb21581846b,Binance Vision,data_local/raw/binance/spot/monthly/klines/DOTUSDT/1d/DOTUSDT-1d-2021-11.zip,.zip,30,12,2021-11-01,2021-11-30,1866,indexed:headerless_zip,derived-only recommended
raw_3cff9df71418c0fa,Binance Vision,data_local/raw/binance/spot/monthly/klines/DOTUSDT/1d/DOTUSDT-1d-2021-12.zip,.zip,31,12,2021-12-01,2021-12-31,1875,indexed:headerless_zip,derived-only recommended
raw_8a6fdf3b40ea8553,Binance Vision,data_local/raw/binance/spot/monthly/klines/DOTUSDT/1d/DOTUSDT-1d-2022-01.zip,.zip,31,12,2022-01-01,2022-01-31,1879,indexed:headerless_zip,derived-only recommended
raw_9af1c8f3465044c4,Binance Vision,data_local/raw/binance/spot/monthly/klines/DOTUSDT/1d/DOTUSDT-1d-2022-02.zip,.zip,28,12,2022-02-01,2022-02-28,1677,indexed:headerless_zip,derived-only recommended
raw_56fd54d532783573,Binance Vision,data_local/raw/binance/spot/monthly/klines/DOTUSDT/1d/DOTUSDT-1d-2022-03.zip,.zip,31,12,2022-03-01,2022-03-31,1823,indexed:headerless_zip,derived-only recommended
raw_f36d22047540687d,Binance Vision,data_local/raw/binance/spot/monthly/klines/DOTUSDT/1d/DOTUSDT-1d-2022-04.zip,.zip,30,12,2022-04-01,2022-04-30,1754,indexed:headerless_zip,derived-only recommended
raw_5963cac2975f21cd,Binance Vision,data_local/raw/binance/spot/monthly/klines/DOTUSDT/1d/DOTUSDT-1d-2022-05.zip,.zip,31,12,2022-05-01,2022-05-31,1847,indexed:headerless_zip,derived-only recommended
raw_058283973f8c0b54,Binance Vision,data_local/raw/binance/spot/monthly/klines/DOTUSDT/1d/DOTUSDT-1d-2022-06.zip,.zip,30,12,2022-06-01,2022-06-30,1731,indexed:headerless_zip,derived-only recommended
raw_03a9e32be8166180,Binance Vision,data_local/raw/binance/spot/monthly/klines/DOTUSDT/1d/DOTUSDT-1d-2022-07.zip,.zip,31,12,2022-07-01,2022-07-31,1778,indexed:headerless_zip,derived-only recommended
raw_ce3a00bbf1819721,Binance Vision,data_local/raw/binance/spot/monthly/klines/DOTUSDT/1d/DOTUSDT-1d-2022-08.zip,.zip,31,12,2022-08-01,2022-08-31,1776,indexed:headerless_zip,derived-only recommended
raw_78235f76895f08ab,Binance Vision,data_local/raw/binance/spot/monthly/klines/DOTUSDT/1d/DOTUSDT-1d-2022-09.zip,.zip,30,12,2022-09-01,2022-09-30,1712,indexed:headerless_zip,derived-only recommended
raw_31129f9e3acda5cb,Binance Vision,data_local/raw/binance/spot/monthly/klines/DOTUSDT/1d/DOTUSDT-1d-2022-10.zip,.zip,31,12,2022-10-01,2022-10-31,1730,indexed:headerless_zip,derived-only recommended
raw_5e915414e8a985ae,Binance Vision,data_local/raw/binance/spot/monthly/klines/DOTUSDT/1d/DOTUSDT-1d-2022-11.zip,.zip,30,12,2022-11-01,2022-11-30,1699,indexed:headerless_zip,derived-only recommended
raw_5217d53e7f5f82d1,Binance Vision,data_local/raw/binance/spot/monthly/klines/DOTUSDT/1d/DOTUSDT-1d-2022-12.zip,.zip,31,12,2022-12-01,2022-12-31,1788,indexed:headerless_zip,derived-only recommended
raw_80fcce7fd0fd3afa,Binance Vision,data_local/raw/binance/spot/monthly/klines/DOTUSDT/1d/DOTUSDT-1d-2023-01.zip,.zip,31,12,2023-01-01,2023-01-31,1844,indexed:headerless_zip,derived-only recommended
raw_cf854aa5acc1c53f,Binance Vision,data_local/raw/binance/spot/monthly/klines/DOTUSDT/1d/DOTUSDT-1d-2023-02.zip,.zip,28,12,2023-02-01,2023-02-28,1682,indexed:headerless_zip,derived-only recommended
raw_0df69a4b79a1dfdc,Binance Vision,data_local/raw/binance/spot/monthly/klines/DOTUSDT/1d/DOTUSDT-1d-2023-03.zip,.zip,31,12,2023-03-01,2023-03-31,1868,indexed:headerless_zip,derived-only recommended
raw_f3e795372546577f,Binance Vision,data_local/raw/binance/spot/monthly/klines/DOTUSDT/1d/DOTUSDT-1d-2023-04.zip,.zip,30,12,2023-04-01,2023-04-30,1773,indexed:headerless_zip,derived-only recommended
raw_5f506813c1b16545,Binance Vision,data_local/raw/binance/spot/monthly/klines/DOTUSDT/1d/DOTUSDT-1d-2023-05.zip,.zip,31,12,2023-05-01,2023-05-31,1796,indexed:headerless_zip,derived-only recommended
raw_fd4632883ce0b909,Binance Vision,data_local/raw/binance/spot/monthly/klines/DOTUSDT/1d/DOTUSDT-1d-2023-06.zip,.zip,30,12,2023-06-01,2023-06-30,1764,indexed:headerless_zip,derived-only recommended
raw_deb74a9748cdc3f8,Binance Vision,data_local/raw/binance/spot/monthly/klines/DOTUSDT/1d/DOTUSDT-1d-2023-07.zip,.zip,31,12,2023-07-01,2023-07-31,1800,indexed:headerless_zip,derived-only recommended
raw_e96d720d6bb007f2,Binance Vision,data_local/raw/binance/spot/monthly/klines/DOTUSDT/1d/DOTUSDT-1d-2023-08.zip,.zip,31,12,2023-08-01,2023-08-31,1777,indexed:headerless_zip,derived-only recommended
raw_44a83df68ee803ba,Binance Vision,data_local/raw/binance/spot/monthly/klines/DOTUSDT/1d/DOTUSDT-1d-2023-09.zip,.zip,30,12,2023-09-01,2023-09-30,1730,indexed:headerless_zip,derived-only recommended
raw_a2fffb2f24e5542c,Binance Vision,data_local/raw/binance/spot/monthly/klines/DOTUSDT/1d/DOTUSDT-1d-2023-10.zip,.zip,31,12,2023-10-01,2023-10-31,1819,indexed:headerless_zip,derived-only recommended
raw_9136ae00060f1141,Binance Vision,data_local/raw/binance/spot/monthly/klines/DOTUSDT/1d/DOTUSDT-1d-2023-11.zip,.zip,30,12,2023-11-01,2023-11-30,1797,indexed:headerless_zip,derived-only recommended
raw_1ea56ca361675dde,Binance Vision,data_local/raw/binance/spot/monthly/klines/DOTUSDT/1d/DOTUSDT-1d-2023-12.zip,.zip,31,12,2023-12-01,2023-12-31,1891,indexed:headerless_zip,derived-only recommended
raw_ab01fa45543aa0a8,Binance Vision,data_local/raw/binance/spot/monthly/klines/DOTUSDT/1d/DOTUSDT-1d-2024-01.zip,.zip,31,12,2024-01-01,2024-01-31,1880,indexed:headerless_zip,derived-only recommended
raw_892fa4b0cc59dfc1,Binance Vision,data_local/raw/binance/spot/monthly/klines/DOTUSDT/1d/DOTUSDT-1d-2024-02.zip,.zip,29,12,2024-02-01,2024-02-29,1737,indexed:headerless_zip,derived-only recommended
raw_1f45f3b97548fed8,Binance Vision,data_local/raw/binance/spot/monthly/klines/DOTUSDT/1d/DOTUSDT-1d-2024-03.zip,.zip,31,12,2024-03-01,2024-03-31,1899,indexed:headerless_zip,derived-only recommended
raw_2038a3d6287dfec8,Binance Vision,data_local/raw/binance/spot/monthly/klines/DOTUSDT/1d/DOTUSDT-1d-2024-04.zip,.zip,30,12,2024-04-01,2024-04-30,1811,indexed:headerless_zip,derived-only recommended
raw_d493c5e067d0023b,Binance Vision,data_local/raw/binance/spot/monthly/klines/DOTUSDT/1d/DOTUSDT-1d-2024-05.zip,.zip,31,12,2024-05-01,2024-05-31,1834,indexed:headerless_zip,derived-only recommended
raw_440639fb9f2f7f99,Binance Vision,data_local/raw/binance/spot/monthly/klines/DOTUSDT/1d/DOTUSDT-1d-2024-06.zip,.zip,30,12,2024-06-01,2024-06-30,1783,indexed:headerless_zip,derived-only recommended
raw_0e22c655e382d8f0,Binance Vision,data_local/raw/binance/spot/monthly/klines/DOTUSDT/1d/DOTUSDT-1d-2024-07.zip,.zip,31,12,2024-07-01,2024-07-31,1845,indexed:headerless_zip,derived-only recommended
raw_12f3dcbd66bc1d58,Binance Vision,data_local/raw/binance/spot/monthly/klines/DOTUSDT/1d/DOTUSDT-1d-2024-08.zip,.zip,31,12,2024-08-01,2024-08-31,1815,indexed:headerless_zip,derived-only recommended
raw_478dc08eff333e3c,Binance Vision,data_local/raw/binance/spot/monthly/klines/DOTUSDT/1d/DOTUSDT-1d-2024-09.zip,.zip,30,12,2024-09-01,2024-09-30,1753,indexed:headerless_zip,derived-only recommended
raw_3b4466ad59da01b8,Binance Vision,data_local/raw/binance/spot/monthly/klines/DOTUSDT/1d/DOTUSDT-1d-2024-10.zip,.zip,31,12,2024-10-01,2024-10-31,1807,indexed:headerless_zip,derived-only recommended
raw_8093508bb11a6480,Binance Vision,data_local/raw/binance/spot/monthly/klines/DOTUSDT/1d/DOTUSDT-1d-2024-11.zip,.zip,30,12,2024-11-01,2024-11-30,1846,indexed:headerless_zip,derived-only recommended
raw_0af1ae0a0a5458a5,Binance Vision,data_local/raw/binance/spot/monthly/klines/DOTUSDT/1d/DOTUSDT-1d-2024-12.zip,.zip,31,12,2024-12-01,2024-12-31,1928,indexed:headerless_zip,derived-only recommended
raw_3aa4b412fc9dc892,Binance Vision,data_local/raw/binance/spot/monthly/klines/DOTUSDT/1d/DOTUSDT-1d-2025-01.zip,.zip,31,12,2025-01-01,2025-01-31,1917,indexed:headerless_zip,derived-only recommended
raw_a82f596454496e34,Binance Vision,data_local/raw/binance/spot/monthly/klines/DOTUSDT/1d/DOTUSDT-1d-2025-02.zip,.zip,28,12,2025-02-01,2025-02-28,1718,indexed:headerless_zip,derived-only recommended
raw_0d2d1423796661be,Binance Vision,data_local/raw/binance/spot/monthly/klines/DOTUSDT/1d/DOTUSDT-1d-2025-03.zip,.zip,31,12,2025-03-01,2025-03-31,1868,indexed:headerless_zip,derived-only recommended
raw_ac3a4297610f642a,Binance Vision,data_local/raw/binance/spot/monthly/klines/DOTUSDT/1d/DOTUSDT-1d-2025-04.zip,.zip,30,12,2025-04-01,2025-04-30,1803,indexed:headerless_zip,derived-only recommended
raw_149d93585e9efabf,Binance Vision,data_local/raw/binance/spot/monthly/klines/DOTUSDT/1d/DOTUSDT-1d-2025-05.zip,.zip,31,12,2025-05-01,2025-05-31,1875,indexed:headerless_zip,derived-only recommended
raw_a48f3e1154c997a3,Binance Vision,data_local/raw/binance/spot/monthly/klines/DOTUSDT/1d/DOTUSDT-1d-2025-06.zip,.zip,30,12,2025-06-01,2025-06-30,1807,indexed:headerless_zip,derived-only recommended
raw_6ca7ef70285d78bf,Binance Vision,data_local/raw/binance/spot/monthly/klines/DOTUSDT/1d/DOTUSDT-1d-2025-07.zip,.zip,31,12,2025-07-01,2025-07-31,1878,indexed:headerless_zip,derived-only recommended
raw_5da96b6ef973f422,Binance Vision,data_local/raw/binance/spot/monthly/klines/DOTUSDT/1d/DOTUSDT-1d-2025-08.zip,.zip,31,12,2025-08-01,2025-08-31,1890,indexed:headerless_zip,derived-only recommended
raw_bfd8e8c8977d796c,Binance Vision,data_local/raw/binance/spot/monthly/klines/DOTUSDT/1d/DOTUSDT-1d-2025-09.zip,.zip,30,12,2025-09-01,2025-09-30,1826,indexed:headerless_zip,derived-only recommended
raw_fd9b82faf8c57d66,Binance Vision,data_local/raw/binance/spot/monthly/klines/DOTUSDT/1d/DOTUSDT-1d-2025-10.zip,.zip,31,12,2025-10-01,2025-10-31,1897,indexed:headerless_zip,derived-only recommended
raw_011cd9f8011ebef6,Binance Vision,data_local/raw/binance/spot/monthly/klines/DOTUSDT/1d/DOTUSDT-1d-2025-11.zip,.zip,30,12,2025-11-01,2025-11-30,1815,indexed:headerless_zip,derived-only recommended
raw_0bd910abf1363b5a,Binance Vision,data_local/raw/binance/spot/monthly/klines/DOTUSDT/1d/DOTUSDT-1d-2025-12.zip,.zip,31,12,2025-12-01,2025-12-31,1850,indexed:headerless_zip,derived-only recommended
raw_a1615897134b5251,Binance Vision,data_local/raw/binance/spot/monthly/klines/DOTUSDT/1d/DOTUSDT-1d-2026-01.zip,.zip,31,12,2026-01-01,2026-01-31,1849,indexed:headerless_zip,derived-only recommended
raw_32e9e42126d26d61,Binance Vision,data_local/raw/binance/spot/monthly/klines/DOTUSDT/1d/DOTUSDT-1d-2026-02.zip,.zip,28,12,2026-02-01,2026-02-28,1669,indexed:headerless_zip,derived-only recommended
raw_b510c22fc4734031,Binance Vision,data_local/raw/binance/spot/monthly/klines/DOTUSDT/1d/DOTUSDT-1d-2026-03.zip,.zip,31,12,2026-03-01,2026-03-31,1836,indexed:headerless_zip,derived-only recommended
raw_7f305b0a8cdf72ca,Binance Vision,data_local/raw/binance/spot/monthly/klines/DOTUSDT/1d/DOTUSDT-1d-2026-04.zip,.zip,30,12,2026-04-01,2026-04-30,1753,indexed:headerless_zip,derived-only recommended
raw_f721c9431d279070,Binance Vision,data_local/raw/binance/spot/monthly/klines/DOTUSDT/1d/DOTUSDT-1d-2026-05.zip,.zip,31,12,2026-05-01,2026-05-31,1812,indexed:headerless_zip,derived-only recommended
raw_d027df20821bd45a,Binance Vision,data_local/raw/binance/spot/monthly/klines/DOTUSDT/1d/DOTUSDT-1d-2026-06.zip,.zip,30,12,2026-06-01,2026-06-30,1756,indexed:headerless_zip,derived-only recommended
raw_39ef333cf619edad,Binance Vision,data_local/raw/binance/spot/monthly/klines/ETHUSDT/1d/ETHUSDT-1d-2021-01.zip,.zip,31,12,2021-01-01,2021-01-31,2214,indexed:headerless_zip,derived-only recommended
raw_b80db3aef2da3b2f,Binance Vision,data_local/raw/binance/spot/monthly/klines/ETHUSDT/1d/ETHUSDT-1d-2021-02.zip,.zip,28,12,2021-02-01,2021-02-28,2005,indexed:headerless_zip,derived-only recommended
raw_af8c8bcf53663b8f,Binance Vision,data_local/raw/binance/spot/monthly/klines/ETHUSDT/1d/ETHUSDT-1d-2021-03.zip,.zip,31,12,2021-03-01,2021-03-31,2195,indexed:headerless_zip,derived-only recommended
raw_2a1a1d3c95ac17dc,Binance Vision,data_local/raw/binance/spot/monthly/klines/ETHUSDT/1d/ETHUSDT-1d-2021-04.zip,.zip,30,12,2021-04-01,2021-04-30,2115,indexed:headerless_zip,derived-only recommended
raw_b7afee60f9d5bdc4,Binance Vision,data_local/raw/binance/spot/monthly/klines/ETHUSDT/1d/ETHUSDT-1d-2021-05.zip,.zip,31,12,2021-05-01,2021-05-31,2240,indexed:headerless_zip,derived-only recommended
raw_c0c5747dc261abc2,Binance Vision,data_local/raw/binance/spot/monthly/klines/ETHUSDT/1d/ETHUSDT-1d-2021-06.zip,.zip,30,12,2021-06-01,2021-06-30,2136,indexed:headerless_zip,derived-only recommended
raw_a3673b39d108aa96,Binance Vision,data_local/raw/binance/spot/monthly/klines/ETHUSDT/1d/ETHUSDT-1d-2021-07.zip,.zip,31,12,2021-07-01,2021-07-31,2186,indexed:headerless_zip,derived-only recommended
raw_4c15083434381055,Binance Vision,data_local/raw/binance/spot/monthly/klines/ETHUSDT/1d/ETHUSDT-1d-2021-08.zip,.zip,31,12,2021-08-01,2021-08-31,2200,indexed:headerless_zip,derived-only recommended
raw_16561acf6da961e2,Binance Vision,data_local/raw/binance/spot/monthly/klines/ETHUSDT/1d/ETHUSDT-1d-2021-09.zip,.zip,30,12,2021-09-01,2021-09-30,2089,indexed:headerless_zip,derived-only recommended
raw_88ebc514abe5242b,Binance Vision,data_local/raw/binance/spot/monthly/klines/ETHUSDT/1d/ETHUSDT-1d-2021-10.zip,.zip,31,12,2021-10-01,2021-10-31,2129,indexed:headerless_zip,derived-only recommended
raw_fdf453053f9f5e44,Binance Vision,data_local/raw/binance/spot/monthly/klines/ETHUSDT/1d/ETHUSDT-1d-2021-11.zip,.zip,30,12,2021-11-01,2021-11-30,2080,indexed:headerless_zip,derived-only recommended
raw_abfab46c2ecc5c3f,Binance Vision,data_local/raw/binance/spot/monthly/klines/ETHUSDT/1d/ETHUSDT-1d-2021-12.zip,.zip,31,12,2021-12-01,2021-12-31,2114,indexed:headerless_zip,derived-only recommended
raw_51572ed55ce39972,Binance Vision,data_local/raw/binance/spot/monthly/klines/ETHUSDT/1d/ETHUSDT-1d-2022-01.zip,.zip,31,12,2022-01-01,2022-01-31,2139,indexed:headerless_zip,derived-only recommended
raw_e6895854b1ec5794,Binance Vision,data_local/raw/binance/spot/monthly/klines/ETHUSDT/1d/ETHUSDT-1d-2022-02.zip,.zip,28,12,2022-02-01,2022-02-28,1948,indexed:headerless_zip,derived-only recommended
raw_1700b33eed4d6cdb,Binance Vision,data_local/raw/binance/spot/monthly/klines/ETHUSDT/1d/ETHUSDT-1d-2022-03.zip,.zip,31,12,2022-03-01,2022-03-31,2131,indexed:headerless_zip,derived-only recommended
raw_7263bdee52e4169f,Binance Vision,data_local/raw/binance/spot/monthly/klines/ETHUSDT/1d/ETHUSDT-1d-2022-04.zip,.zip,30,12,2022-04-01,2022-04-30,2041,indexed:headerless_zip,derived-only recommended
raw_8255d9038aadddd5,Binance Vision,data_local/raw/binance/spot/monthly/klines/ETHUSDT/1d/ETHUSDT-1d-2022-05.zip,.zip,31,12,2022-05-01,2022-05-31,2144,indexed:headerless_zip,derived-only recommended
raw_c25393274c27b97b,Binance Vision,data_local/raw/binance/spot/monthly/klines/ETHUSDT/1d/ETHUSDT-1d-2022-06.zip,.zip,30,12,2022-06-01,2022-06-30,2060,indexed:headerless_zip,derived-only recommended
raw_7a730dd153cab0eb,Binance Vision,data_local/raw/binance/spot/monthly/klines/ETHUSDT/1d/ETHUSDT-1d-2022-07.zip,.zip,31,12,2022-07-01,2022-07-31,2130,indexed:headerless_zip,derived-only recommended
raw_18f7bef7fd3d63f5,Binance Vision,data_local/raw/binance/spot/monthly/klines/ETHUSDT/1d/ETHUSDT-1d-2022-08.zip,.zip,31,12,2022-08-01,2022-08-31,2118,indexed:headerless_zip,derived-only recommended
raw_2e2e5697d48e336b,Binance Vision,data_local/raw/binance/spot/monthly/klines/ETHUSDT/1d/ETHUSDT-1d-2022-09.zip,.zip,30,12,2022-09-01,2022-09-30,2022,indexed:headerless_zip,derived-only recommended
raw_be966341a6187ec5,Binance Vision,data_local/raw/binance/spot/monthly/klines/ETHUSDT/1d/ETHUSDT-1d-2022-10.zip,.zip,31,12,2022-10-01,2022-10-31,2088,indexed:headerless_zip,derived-only recommended
raw_36257193ca3c26a3,Binance Vision,data_local/raw/binance/spot/monthly/klines/ETHUSDT/1d/ETHUSDT-1d-2022-11.zip,.zip,30,12,2022-11-01,2022-11-30,2061,indexed:headerless_zip,derived-only recommended
raw_99c2b744632344b2,Binance Vision,data_local/raw/binance/spot/monthly/klines/ETHUSDT/1d/ETHUSDT-1d-2022-12.zip,.zip,31,12,2022-12-01,2022-12-31,2050,indexed:headerless_zip,derived-only recommended
raw_b3b3378d0cb58ab7,Binance Vision,data_local/raw/binance/spot/monthly/klines/ETHUSDT/1d/ETHUSDT-1d-2023-01.zip,.zip,31,12,2023-01-01,2023-01-31,2087,indexed:headerless_zip,derived-only recommended
raw_b858ec95bbda05f5,Binance Vision,data_local/raw/binance/spot/monthly/klines/ETHUSDT/1d/ETHUSDT-1d-2023-02.zip,.zip,28,12,2023-02-01,2023-02-28,1916,indexed:headerless_zip,derived-only recommended
raw_8b2b449b9832681f,Binance Vision,data_local/raw/binance/spot/monthly/klines/ETHUSDT/1d/ETHUSDT-1d-2023-03.zip,.zip,31,12,2023-03-01,2023-03-31,2098,indexed:headerless_zip,derived-only recommended
raw_d09deb77957a4cd7,Binance Vision,data_local/raw/binance/spot/monthly/klines/ETHUSDT/1d/ETHUSDT-1d-2023-04.zip,.zip,30,12,2023-04-01,2023-04-30,2019,indexed:headerless_zip,derived-only recommended
raw_f4ac1f596a5ad682,Binance Vision,data_local/raw/binance/spot/monthly/klines/ETHUSDT/1d/ETHUSDT-1d-2023-05.zip,.zip,31,12,2023-05-01,2023-05-31,2087,indexed:headerless_zip,derived-only recommended
raw_9eb8152098a60b1d,Binance Vision,data_local/raw/binance/spot/monthly/klines/ETHUSDT/1d/ETHUSDT-1d-2023-06.zip,.zip,30,12,2023-06-01,2023-06-30,1994,indexed:headerless_zip,derived-only recommended
raw_66bbc1a7b56daa88,Binance Vision,data_local/raw/binance/spot/monthly/klines/ETHUSDT/1d/ETHUSDT-1d-2023-07.zip,.zip,31,12,2023-07-01,2023-07-31,2036,indexed:headerless_zip,derived-only recommended
raw_1f6ff12143df3ecb,Binance Vision,data_local/raw/binance/spot/monthly/klines/ETHUSDT/1d/ETHUSDT-1d-2023-08.zip,.zip,31,12,2023-08-01,2023-08-31,2058,indexed:headerless_zip,derived-only recommended
raw_6dcdec013c41e495,Binance Vision,data_local/raw/binance/spot/monthly/klines/ETHUSDT/1d/ETHUSDT-1d-2023-09.zip,.zip,30,12,2023-09-01,2023-09-30,1985,indexed:headerless_zip,derived-only recommended
raw_13914e79d569b52f,Binance Vision,data_local/raw/binance/spot/monthly/klines/ETHUSDT/1d/ETHUSDT-1d-2023-10.zip,.zip,31,12,2023-10-01,2023-10-31,2059,indexed:headerless_zip,derived-only recommended
raw_d681dc484f36f768,Binance Vision,data_local/raw/binance/spot/monthly/klines/ETHUSDT/1d/ETHUSDT-1d-2023-11.zip,.zip,30,12,2023-11-01,2023-11-30,2022,indexed:headerless_zip,derived-only recommended
raw_ba1362a14a47fc62,Binance Vision,data_local/raw/binance/spot/monthly/klines/ETHUSDT/1d/ETHUSDT-1d-2023-12.zip,.zip,31,12,2023-12-01,2023-12-31,2086,indexed:headerless_zip,derived-only recommended
raw_5166e56f14a52cde,Binance Vision,data_local/raw/binance/spot/monthly/klines/ETHUSDT/1d/ETHUSDT-1d-2024-01.zip,.zip,31,12,2024-01-01,2024-01-31,2109,indexed:headerless_zip,derived-only recommended
raw_032c2defd1099a12,Binance Vision,data_local/raw/binance/spot/monthly/klines/ETHUSDT/1d/ETHUSDT-1d-2024-02.zip,.zip,29,12,2024-02-01,2024-02-29,1976,indexed:headerless_zip,derived-only recommended
raw_adb72e992587fe16,Binance Vision,data_local/raw/binance/spot/monthly/klines/ETHUSDT/1d/ETHUSDT-1d-2024-03.zip,.zip,31,12,2024-03-01,2024-03-31,2125,indexed:headerless_zip,derived-only recommended
raw_1883fbd17a19bfcd,Binance Vision,data_local/raw/binance/spot/monthly/klines/ETHUSDT/1d/ETHUSDT-1d-2024-04.zip,.zip,30,12,2024-04-01,2024-04-30,2050,indexed:headerless_zip,derived-only recommended
raw_a3cf7a946d04cae8,Binance Vision,data_local/raw/binance/spot/monthly/klines/ETHUSDT/1d/ETHUSDT-1d-2024-05.zip,.zip,31,12,2024-05-01,2024-05-31,2109,indexed:headerless_zip,derived-only recommended
raw_c33d0c44ada79ed3,Binance Vision,data_local/raw/binance/spot/monthly/klines/ETHUSDT/1d/ETHUSDT-1d-2024-06.zip,.zip,30,12,2024-06-01,2024-06-30,2014,indexed:headerless_zip,derived-only recommended
raw_06a99e5af62e0c80,Binance Vision,data_local/raw/binance/spot/monthly/klines/ETHUSDT/1d/ETHUSDT-1d-2024-07.zip,.zip,31,12,2024-07-01,2024-07-31,2093,indexed:headerless_zip,derived-only recommended
raw_41e4c8813c3ffcfa,Binance Vision,data_local/raw/binance/spot/monthly/klines/ETHUSDT/1d/ETHUSDT-1d-2024-08.zip,.zip,31,12,2024-08-01,2024-08-31,2107,indexed:headerless_zip,derived-only recommended
raw_f5065776318404ed,Binance Vision,data_local/raw/binance/spot/monthly/klines/ETHUSDT/1d/ETHUSDT-1d-2024-09.zip,.zip,30,12,2024-09-01,2024-09-30,2030,indexed:headerless_zip,derived-only recommended
raw_4d1ba1c9bcb47270,Binance Vision,data_local/raw/binance/spot/monthly/klines/ETHUSDT/1d/ETHUSDT-1d-2024-10.zip,.zip,31,12,2024-10-01,2024-10-31,2084,indexed:headerless_zip,derived-only recommended
raw_a28a635bdea4c4f9,Binance Vision,data_local/raw/binance/spot/monthly/klines/ETHUSDT/1d/ETHUSDT-1d-2024-11.zip,.zip,30,12,2024-11-01,2024-11-30,2074,indexed:headerless_zip,derived-only recommended
raw_1bf51a136562d69e,Binance Vision,data_local/raw/binance/spot/monthly/klines/ETHUSDT/1d/ETHUSDT-1d-2024-12.zip,.zip,31,12,2024-12-01,2024-12-31,2128,indexed:headerless_zip,derived-only recommended
raw_74e68d27a6884644,Binance Vision,data_local/raw/binance/spot/monthly/klines/ETHUSDT/1d/ETHUSDT-1d-2025-01.zip,.zip,31,12,2025-01-01,2025-01-31,2157,indexed:headerless_zip,derived-only recommended
raw_b6f4aad1e1f818c4,Binance Vision,data_local/raw/binance/spot/monthly/klines/ETHUSDT/1d/ETHUSDT-1d-2025-02.zip,.zip,28,12,2025-02-01,2025-02-28,1988,indexed:headerless_zip,derived-only recommended
raw_fb94a628de2b1405,Binance Vision,data_local/raw/binance/spot/monthly/klines/ETHUSDT/1d/ETHUSDT-1d-2025-03.zip,.zip,31,12,2025-03-01,2025-03-31,2172,indexed:headerless_zip,derived-only recommended
raw_b2669edb4ff5ccfa,Binance Vision,data_local/raw/binance/spot/monthly/klines/ETHUSDT/1d/ETHUSDT-1d-2025-04.zip,.zip,30,12,2025-04-01,2025-04-30,2107,indexed:headerless_zip,derived-only recommended
raw_63e65a1f9df5d1a6,Binance Vision,data_local/raw/binance/spot/monthly/klines/ETHUSDT/1d/ETHUSDT-1d-2025-05.zip,.zip,31,12,2025-05-01,2025-05-31,2150,indexed:headerless_zip,derived-only recommended
raw_839bd6fa1b9aa8e6,Binance Vision,data_local/raw/binance/spot/monthly/klines/ETHUSDT/1d/ETHUSDT-1d-2025-06.zip,.zip,30,12,2025-06-01,2025-06-30,2077,indexed:headerless_zip,derived-only recommended
raw_a26e6b5630c837bd,Binance Vision,data_local/raw/binance/spot/monthly/klines/ETHUSDT/1d/ETHUSDT-1d-2025-07.zip,.zip,31,12,2025-07-01,2025-07-31,2148,indexed:headerless_zip,derived-only recommended
raw_47cccf82d173c92b,Binance Vision,data_local/raw/binance/spot/monthly/klines/ETHUSDT/1d/ETHUSDT-1d-2025-08.zip,.zip,31,12,2025-08-01,2025-08-31,2173,indexed:headerless_zip,derived-only recommended
raw_13791b68950c5763,Binance Vision,data_local/raw/binance/spot/monthly/klines/ETHUSDT/1d/ETHUSDT-1d-2025-09.zip,.zip,30,12,2025-09-01,2025-09-30,2104,indexed:headerless_zip,derived-only recommended
raw_641e05bdb6b3b4fe,Binance Vision,data_local/raw/binance/spot/monthly/klines/ETHUSDT/1d/ETHUSDT-1d-2025-10.zip,.zip,31,12,2025-10-01,2025-10-31,2174,indexed:headerless_zip,derived-only recommended
raw_206b19112f75bb02,Binance Vision,data_local/raw/binance/spot/monthly/klines/ETHUSDT/1d/ETHUSDT-1d-2025-11.zip,.zip,30,12,2025-11-01,2025-11-30,2101,indexed:headerless_zip,derived-only recommended
raw_3f2cee9672b1f499,Binance Vision,data_local/raw/binance/spot/monthly/klines/ETHUSDT/1d/ETHUSDT-1d-2025-12.zip,.zip,31,12,2025-12-01,2025-12-31,2165,indexed:headerless_zip,derived-only recommended
raw_a8bcf7519541b478,Binance Vision,data_local/raw/binance/spot/monthly/klines/ETHUSDT/1d/ETHUSDT-1d-2026-01.zip,.zip,31,12,2026-01-01,2026-01-31,2151,indexed:headerless_zip,derived-only recommended
raw_36ed28000dd530a3,Binance Vision,data_local/raw/binance/spot/monthly/klines/ETHUSDT/1d/ETHUSDT-1d-2026-02.zip,.zip,28,12,2026-02-01,2026-02-28,1965,indexed:headerless_zip,derived-only recommended
raw_4baa2be123bd8cfa,Binance Vision,data_local/raw/binance/spot/monthly/klines/ETHUSDT/1d/ETHUSDT-1d-2026-03.zip,.zip,31,12,2026-03-01,2026-03-31,2149,indexed:headerless_zip,derived-only recommended
raw_d925eeb22e7474b3,Binance Vision,data_local/raw/binance/spot/monthly/klines/ETHUSDT/1d/ETHUSDT-1d-2026-04.zip,.zip,30,12,2026-04-01,2026-04-30,2075,indexed:headerless_zip,derived-only recommended
raw_7311bb7f781cf532,Binance Vision,data_local/raw/binance/spot/monthly/klines/ETHUSDT/1d/ETHUSDT-1d-2026-05.zip,.zip,31,12,2026-05-01,2026-05-31,2124,indexed:headerless_zip,derived-only recommended
raw_05a1fe1dc14ba33e,Binance Vision,data_local/raw/binance/spot/monthly/klines/ETHUSDT/1d/ETHUSDT-1d-2026-06.zip,.zip,30,12,2026-06-01,2026-06-30,2065,indexed:headerless_zip,derived-only recommended
raw_0ae6dfb41f684ddb,Binance Vision,data_local/raw/binance/spot/monthly/klines/LINKUSDT/1d/LINKUSDT-1d-2021-01.zip,.zip,31,12,2021-01-01,2021-01-31,2082,indexed:headerless_zip,derived-only recommended
raw_3726c97144ff45e9,Binance Vision,data_local/raw/binance/spot/monthly/klines/LINKUSDT/1d/LINKUSDT-1d-2021-02.zip,.zip,28,12,2021-02-01,2021-02-28,1888,indexed:headerless_zip,derived-only recommended
raw_53f4fa4b97cb2d9f,Binance Vision,data_local/raw/binance/spot/monthly/klines/LINKUSDT/1d/LINKUSDT-1d-2021-03.zip,.zip,31,12,2021-03-01,2021-03-31,2050,indexed:headerless_zip,derived-only recommended
raw_c21a213a29b71532,Binance Vision,data_local/raw/binance/spot/monthly/klines/LINKUSDT/1d/LINKUSDT-1d-2021-04.zip,.zip,30,12,2021-04-01,2021-04-30,2008,indexed:headerless_zip,derived-only recommended
raw_109df4b8c69393ee,Binance Vision,data_local/raw/binance/spot/monthly/klines/LINKUSDT/1d/LINKUSDT-1d-2021-05.zip,.zip,31,12,2021-05-01,2021-05-31,2054,indexed:headerless_zip,derived-only recommended
raw_90fe7c2f19aed663,Binance Vision,data_local/raw/binance/spot/monthly/klines/LINKUSDT/1d/LINKUSDT-1d-2021-06.zip,.zip,30,12,2021-06-01,2021-06-30,1959,indexed:headerless_zip,derived-only recommended
raw_edced96ccf5a7ed3,Binance Vision,data_local/raw/binance/spot/monthly/klines/LINKUSDT/1d/LINKUSDT-1d-2021-07.zip,.zip,31,12,2021-07-01,2021-07-31,1995,indexed:headerless_zip,derived-only recommended
raw_ed609993e3e63724,Binance Vision,data_local/raw/binance/spot/monthly/klines/LINKUSDT/1d/LINKUSDT-1d-2021-08.zip,.zip,31,12,2021-08-01,2021-08-31,1995,indexed:headerless_zip,derived-only recommended
raw_ec45e0db907e648f,Binance Vision,data_local/raw/binance/spot/monthly/klines/LINKUSDT/1d/LINKUSDT-1d-2021-09.zip,.zip,30,12,2021-09-01,2021-09-30,1860,indexed:headerless_zip,derived-only recommended
raw_f0914d71d56616bc,Binance Vision,data_local/raw/binance/spot/monthly/klines/LINKUSDT/1d/LINKUSDT-1d-2021-10.zip,.zip,31,12,2021-10-01,2021-10-31,1863,indexed:headerless_zip,derived-only recommended
raw_1c3c1aaa234297fe,Binance Vision,data_local/raw/binance/spot/monthly/klines/LINKUSDT/1d/LINKUSDT-1d-2021-11.zip,.zip,30,12,2021-11-01,2021-11-30,1798,indexed:headerless_zip,derived-only recommended
raw_ec38700ca3644ba7,Binance Vision,data_local/raw/binance/spot/monthly/klines/LINKUSDT/1d/LINKUSDT-1d-2021-12.zip,.zip,31,12,2021-12-01,2021-12-31,1838,indexed:headerless_zip,derived-only recommended
raw_724edee48c0f43c4,Binance Vision,data_local/raw/binance/spot/monthly/klines/LINKUSDT/1d/LINKUSDT-1d-2022-01.zip,.zip,31,12,2022-01-01,2022-01-31,1861,indexed:headerless_zip,derived-only recommended
raw_467eaa93735ec7da,Binance Vision,data_local/raw/binance/spot/monthly/klines/LINKUSDT/1d/LINKUSDT-1d-2022-02.zip,.zip,28,12,2022-02-01,2022-02-28,1668,indexed:headerless_zip,derived-only recommended
raw_09a9ecb20e66074b,Binance Vision,data_local/raw/binance/spot/monthly/klines/LINKUSDT/1d/LINKUSDT-1d-2022-03.zip,.zip,31,12,2022-03-01,2022-03-31,1805,indexed:headerless_zip,derived-only recommended
raw_910a365e04a3c03a,Binance Vision,data_local/raw/binance/spot/monthly/klines/LINKUSDT/1d/LINKUSDT-1d-2022-04.zip,.zip,30,12,2022-04-01,2022-04-30,1728,indexed:headerless_zip,derived-only recommended
raw_73663c6b99d7369e,Binance Vision,data_local/raw/binance/spot/monthly/klines/LINKUSDT/1d/LINKUSDT-1d-2022-05.zip,.zip,31,12,2022-05-01,2022-05-31,1802,indexed:headerless_zip,derived-only recommended
raw_ab92e20735aeb7b7,Binance Vision,data_local/raw/binance/spot/monthly/klines/LINKUSDT/1d/LINKUSDT-1d-2022-06.zip,.zip,30,12,2022-06-01,2022-06-30,1717,indexed:headerless_zip,derived-only recommended
raw_d3ceae09f65212fd,Binance Vision,data_local/raw/binance/spot/monthly/klines/LINKUSDT/1d/LINKUSDT-1d-2022-07.zip,.zip,31,12,2022-07-01,2022-07-31,1822,indexed:headerless_zip,derived-only recommended
raw_06da977c8e60cdc9,Binance Vision,data_local/raw/binance/spot/monthly/klines/LINKUSDT/1d/LINKUSDT-1d-2022-08.zip,.zip,31,12,2022-08-01,2022-08-31,1848,indexed:headerless_zip,derived-only recommended
raw_5997407a52f32414,Binance Vision,data_local/raw/binance/spot/monthly/klines/LINKUSDT/1d/LINKUSDT-1d-2022-09.zip,.zip,30,12,2022-09-01,2022-09-30,1800,indexed:headerless_zip,derived-only recommended
raw_1f348c86c160e456,Binance Vision,data_local/raw/binance/spot/monthly/klines/LINKUSDT/1d/LINKUSDT-1d-2022-10.zip,.zip,31,12,2022-10-01,2022-10-31,1840,indexed:headerless_zip,derived-only recommended
raw_cb05fe154d4f3098,Binance Vision,data_local/raw/binance/spot/monthly/klines/LINKUSDT/1d/LINKUSDT-1d-2022-11.zip,.zip,30,12,2022-11-01,2022-11-30,1838,indexed:headerless_zip,derived-only recommended
raw_9e0626688e668d1e,Binance Vision,data_local/raw/binance/spot/monthly/klines/LINKUSDT/1d/LINKUSDT-1d-2022-12.zip,.zip,31,12,2022-12-01,2022-12-31,1846,indexed:headerless_zip,derived-only recommended
raw_cc806376a6620211,Binance Vision,data_local/raw/binance/spot/monthly/klines/LINKUSDT/1d/LINKUSDT-1d-2023-01.zip,.zip,31,12,2023-01-01,2023-01-31,1845,indexed:headerless_zip,derived-only recommended
raw_e4a319fedf478bcc,Binance Vision,data_local/raw/binance/spot/monthly/klines/LINKUSDT/1d/LINKUSDT-1d-2023-02.zip,.zip,28,12,2023-02-01,2023-02-28,1698,indexed:headerless_zip,derived-only recommended
raw_2eda0aa51e502038,Binance Vision,data_local/raw/binance/spot/monthly/klines/LINKUSDT/1d/LINKUSDT-1d-2023-03.zip,.zip,31,12,2023-03-01,2023-03-31,1855,indexed:headerless_zip,derived-only recommended
raw_a0a56afcb9365a94,Binance Vision,data_local/raw/binance/spot/monthly/klines/LINKUSDT/1d/LINKUSDT-1d-2023-04.zip,.zip,30,12,2023-04-01,2023-04-30,1790,indexed:headerless_zip,derived-only recommended
raw_63f5081fa2a67cd5,Binance Vision,data_local/raw/binance/spot/monthly/klines/LINKUSDT/1d/LINKUSDT-1d-2023-05.zip,.zip,31,12,2023-05-01,2023-05-31,1805,indexed:headerless_zip,derived-only recommended
raw_225ac3031ab62866,Binance Vision,data_local/raw/binance/spot/monthly/klines/LINKUSDT/1d/LINKUSDT-1d-2023-06.zip,.zip,30,12,2023-06-01,2023-06-30,1788,indexed:headerless_zip,derived-only recommended
raw_268d805bdbe8c78b,Binance Vision,data_local/raw/binance/spot/monthly/klines/LINKUSDT/1d/LINKUSDT-1d-2023-07.zip,.zip,31,12,2023-07-01,2023-07-31,1849,indexed:headerless_zip,derived-only recommended
raw_e4f81394eb9369c3,Binance Vision,data_local/raw/binance/spot/monthly/klines/LINKUSDT/1d/LINKUSDT-1d-2023-08.zip,.zip,31,12,2023-08-01,2023-08-31,1832,indexed:headerless_zip,derived-only recommended
raw_fda2ff85adc1f89b,Binance Vision,data_local/raw/binance/spot/monthly/klines/LINKUSDT/1d/LINKUSDT-1d-2023-09.zip,.zip,30,12,2023-09-01,2023-09-30,1797,indexed:headerless_zip,derived-only recommended
raw_2729272af11a50df,Binance Vision,data_local/raw/binance/spot/monthly/klines/LINKUSDT/1d/LINKUSDT-1d-2023-10.zip,.zip,31,12,2023-10-01,2023-10-31,1858,indexed:headerless_zip,derived-only recommended
raw_6129db1d0594c787,Binance Vision,data_local/raw/binance/spot/monthly/klines/LINKUSDT/1d/LINKUSDT-1d-2023-11.zip,.zip,30,12,2023-11-01,2023-11-30,1855,indexed:headerless_zip,derived-only recommended
raw_9a7825c2eae87465,Binance Vision,data_local/raw/binance/spot/monthly/klines/LINKUSDT/1d/LINKUSDT-1d-2023-12.zip,.zip,31,12,2023-12-01,2023-12-31,1921,indexed:headerless_zip,derived-only recommended
raw_601238d131d68793,Binance Vision,data_local/raw/binance/spot/monthly/klines/LINKUSDT/1d/LINKUSDT-1d-2024-01.zip,.zip,31,12,2024-01-01,2024-01-31,1904,indexed:headerless_zip,derived-only recommended
raw_a9c38925a2ddfec6,Binance Vision,data_local/raw/binance/spot/monthly/klines/LINKUSDT/1d/LINKUSDT-1d-2024-02.zip,.zip,29,12,2024-02-01,2024-02-29,1804,indexed:headerless_zip,derived-only recommended
raw_ec37acd8ae59b871,Binance Vision,data_local/raw/binance/spot/monthly/klines/LINKUSDT/1d/LINKUSDT-1d-2024-03.zip,.zip,31,12,2024-03-01,2024-03-31,1925,indexed:headerless_zip,derived-only recommended
raw_663b2a5d7344a6ff,Binance Vision,data_local/raw/binance/spot/monthly/klines/LINKUSDT/1d/LINKUSDT-1d-2024-04.zip,.zip,30,12,2024-04-01,2024-04-30,1841,indexed:headerless_zip,derived-only recommended
raw_7f144e2340074e1a,Binance Vision,data_local/raw/binance/spot/monthly/klines/LINKUSDT/1d/LINKUSDT-1d-2024-05.zip,.zip,31,12,2024-05-01,2024-05-31,1900,indexed:headerless_zip,derived-only recommended
raw_01c33d4252473539,Binance Vision,data_local/raw/binance/spot/monthly/klines/LINKUSDT/1d/LINKUSDT-1d-2024-06.zip,.zip,30,12,2024-06-01,2024-06-30,1802,indexed:headerless_zip,derived-only recommended
raw_707a80092327db01,Binance Vision,data_local/raw/binance/spot/monthly/klines/LINKUSDT/1d/LINKUSDT-1d-2024-07.zip,.zip,31,12,2024-07-01,2024-07-31,1837,indexed:headerless_zip,derived-only recommended
raw_ec9f127fc72e8ced,Binance Vision,data_local/raw/binance/spot/monthly/klines/LINKUSDT/1d/LINKUSDT-1d-2024-08.zip,.zip,31,12,2024-08-01,2024-08-31,1767,indexed:headerless_zip,derived-only recommended
raw_ebaa55bd8c2aed44,Binance Vision,data_local/raw/binance/spot/monthly/klines/LINKUSDT/1d/LINKUSDT-1d-2024-09.zip,.zip,30,12,2024-09-01,2024-09-30,1674,indexed:headerless_zip,derived-only recommended
raw_e9b602f5ddbe59e9,Binance Vision,data_local/raw/binance/spot/monthly/klines/LINKUSDT/1d/LINKUSDT-1d-2024-10.zip,.zip,31,12,2024-10-01,2024-10-31,1762,indexed:headerless_zip,derived-only recommended
raw_499d04e3674a9fef,Binance Vision,data_local/raw/binance/spot/monthly/klines/LINKUSDT/1d/LINKUSDT-1d-2024-11.zip,.zip,30,12,2024-11-01,2024-11-30,1775,indexed:headerless_zip,derived-only recommended
raw_0da5cb72412facea,Binance Vision,data_local/raw/binance/spot/monthly/klines/LINKUSDT/1d/LINKUSDT-1d-2024-12.zip,.zip,31,12,2024-12-01,2024-12-31,1890,indexed:headerless_zip,derived-only recommended
raw_3f75dfc384ba9f39,Binance Vision,data_local/raw/binance/spot/monthly/klines/LINKUSDT/1d/LINKUSDT-1d-2025-01.zip,.zip,31,12,2025-01-01,2025-01-31,1891,indexed:headerless_zip,derived-only recommended
raw_a794bb134b49c2cc,Binance Vision,data_local/raw/binance/spot/monthly/klines/LINKUSDT/1d/LINKUSDT-1d-2025-02.zip,.zip,28,12,2025-02-01,2025-02-28,1703,indexed:headerless_zip,derived-only recommended
raw_cf5947ef540ebd09,Binance Vision,data_local/raw/binance/spot/monthly/klines/LINKUSDT/1d/LINKUSDT-1d-2025-03.zip,.zip,31,12,2025-03-01,2025-03-31,1824,indexed:headerless_zip,derived-only recommended
raw_174f2393bd115365,Binance Vision,data_local/raw/binance/spot/monthly/klines/LINKUSDT/1d/LINKUSDT-1d-2025-04.zip,.zip,30,12,2025-04-01,2025-04-30,1767,indexed:headerless_zip,derived-only recommended
raw_dcab64d3e3e075a9,Binance Vision,data_local/raw/binance/spot/monthly/klines/LINKUSDT/1d/LINKUSDT-1d-2025-05.zip,.zip,31,12,2025-05-01,2025-05-31,1805,indexed:headerless_zip,derived-only recommended
raw_2c2e91550a770fe2,Binance Vision,data_local/raw/binance/spot/monthly/klines/LINKUSDT/1d/LINKUSDT-1d-2025-06.zip,.zip,30,12,2025-06-01,2025-06-30,1743,indexed:headerless_zip,derived-only recommended
raw_555b140993d0aade,Binance Vision,data_local/raw/binance/spot/monthly/klines/LINKUSDT/1d/LINKUSDT-1d-2025-07.zip,.zip,31,12,2025-07-01,2025-07-31,1825,indexed:headerless_zip,derived-only recommended
raw_67ddccd13d9aeefa,Binance Vision,data_local/raw/binance/spot/monthly/klines/LINKUSDT/1d/LINKUSDT-1d-2025-08.zip,.zip,31,12,2025-08-01,2025-08-31,1866,indexed:headerless_zip,derived-only recommended
raw_03da86a03bafc4e4,Binance Vision,data_local/raw/binance/spot/monthly/klines/LINKUSDT/1d/LINKUSDT-1d-2025-09.zip,.zip,30,12,2025-09-01,2025-09-30,1777,indexed:headerless_zip,derived-only recommended
raw_2bb2b56b30f5b998,Binance Vision,data_local/raw/binance/spot/monthly/klines/LINKUSDT/1d/LINKUSDT-1d-2025-10.zip,.zip,31,12,2025-10-01,2025-10-31,1852,indexed:headerless_zip,derived-only recommended
raw_7dad5926742f1df9,Binance Vision,data_local/raw/binance/spot/monthly/klines/LINKUSDT/1d/LINKUSDT-1d-2025-11.zip,.zip,30,12,2025-11-01,2025-11-30,1794,indexed:headerless_zip,derived-only recommended
raw_141cd2e7535c6541,Binance Vision,data_local/raw/binance/spot/monthly/klines/LINKUSDT/1d/LINKUSDT-1d-2025-12.zip,.zip,31,12,2025-12-01,2025-12-31,1800,indexed:headerless_zip,derived-only recommended
raw_bfdbbd733be86504,Binance Vision,data_local/raw/binance/spot/monthly/klines/LINKUSDT/1d/LINKUSDT-1d-2026-01.zip,.zip,31,12,2026-01-01,2026-01-31,1788,indexed:headerless_zip,derived-only recommended
raw_91298f2c5e40e4c5,Binance Vision,data_local/raw/binance/spot/monthly/klines/LINKUSDT/1d/LINKUSDT-1d-2026-02.zip,.zip,28,12,2026-02-01,2026-02-28,1606,indexed:headerless_zip,derived-only recommended
raw_6c4a45a2f8e0e64f,Binance Vision,data_local/raw/binance/spot/monthly/klines/LINKUSDT/1d/LINKUSDT-1d-2026-03.zip,.zip,31,12,2026-03-01,2026-03-31,1783,indexed:headerless_zip,derived-only recommended
raw_986873ab53ff69ad,Binance Vision,data_local/raw/binance/spot/monthly/klines/LINKUSDT/1d/LINKUSDT-1d-2026-04.zip,.zip,30,12,2026-04-01,2026-04-30,1699,indexed:headerless_zip,derived-only recommended
raw_308bda1a03afe1fa,Binance Vision,data_local/raw/binance/spot/monthly/klines/LINKUSDT/1d/LINKUSDT-1d-2026-05.zip,.zip,31,12,2026-05-01,2026-05-31,1828,indexed:headerless_zip,derived-only recommended
raw_4c5c9751e49a5d2d,Binance Vision,data_local/raw/binance/spot/monthly/klines/LINKUSDT/1d/LINKUSDT-1d-2026-06.zip,.zip,30,12,2026-06-01,2026-06-30,1811,indexed:headerless_zip,derived-only recommended
raw_67c8547d12fef851,Binance Vision,data_local/raw/binance/spot/monthly/klines/LTCUSDT/1d/LTCUSDT-1d-2021-01.zip,.zip,31,12,2021-01-01,2021-01-31,2125,indexed:headerless_zip,derived-only recommended
raw_7e64ef21b9bdd871,Binance Vision,data_local/raw/binance/spot/monthly/klines/LTCUSDT/1d/LTCUSDT-1d-2021-02.zip,.zip,28,12,2021-02-01,2021-02-28,1918,indexed:headerless_zip,derived-only recommended
raw_3c561b50772f456c,Binance Vision,data_local/raw/binance/spot/monthly/klines/LTCUSDT/1d/LTCUSDT-1d-2021-03.zip,.zip,31,12,2021-03-01,2021-03-31,2101,indexed:headerless_zip,derived-only recommended
raw_2d8f9ef7372b5983,Binance Vision,data_local/raw/binance/spot/monthly/klines/LTCUSDT/1d/LTCUSDT-1d-2021-04.zip,.zip,30,12,2021-04-01,2021-04-30,2080,indexed:headerless_zip,derived-only recommended
raw_4a0bec386775932a,Binance Vision,data_local/raw/binance/spot/monthly/klines/LTCUSDT/1d/LTCUSDT-1d-2021-05.zip,.zip,31,12,2021-05-01,2021-05-31,2155,indexed:headerless_zip,derived-only recommended
raw_20d41417044b6b27,Binance Vision,data_local/raw/binance/spot/monthly/klines/LTCUSDT/1d/LTCUSDT-1d-2021-06.zip,.zip,30,12,2021-06-01,2021-06-30,2026,indexed:headerless_zip,derived-only recommended
raw_0cab4fdd96ff7907,Binance Vision,data_local/raw/binance/spot/monthly/klines/LTCUSDT/1d/LTCUSDT-1d-2021-07.zip,.zip,31,12,2021-07-01,2021-07-31,2052,indexed:headerless_zip,derived-only recommended
raw_42b6d5b80ff23b72,Binance Vision,data_local/raw/binance/spot/monthly/klines/LTCUSDT/1d/LTCUSDT-1d-2021-08.zip,.zip,31,12,2021-08-01,2021-08-31,2051,indexed:headerless_zip,derived-only recommended
raw_e72ab10b7cc57acc,Binance Vision,data_local/raw/binance/spot/monthly/klines/LTCUSDT/1d/LTCUSDT-1d-2021-09.zip,.zip,30,12,2021-09-01,2021-09-30,1879,indexed:headerless_zip,derived-only recommended
raw_07ee1246a98794b7,Binance Vision,data_local/raw/binance/spot/monthly/klines/LTCUSDT/1d/LTCUSDT-1d-2021-10.zip,.zip,31,12,2021-10-01,2021-10-31,1843,indexed:headerless_zip,derived-only recommended
raw_d0f0b358bba7a7b4,Binance Vision,data_local/raw/binance/spot/monthly/klines/LTCUSDT/1d/LTCUSDT-1d-2021-11.zip,.zip,30,12,2021-11-01,2021-11-30,1832,indexed:headerless_zip,derived-only recommended
raw_547badeec87419b4,Binance Vision,data_local/raw/binance/spot/monthly/klines/LTCUSDT/1d/LTCUSDT-1d-2021-12.zip,.zip,31,12,2021-12-01,2021-12-31,1833,indexed:headerless_zip,derived-only recommended
raw_59e2f72b7c16a6eb,Binance Vision,data_local/raw/binance/spot/monthly/klines/LTCUSDT/1d/LTCUSDT-1d-2022-01.zip,.zip,31,12,2022-01-01,2022-01-31,1847,indexed:headerless_zip,derived-only recommended
raw_0a2f850b341fd70c,Binance Vision,data_local/raw/binance/spot/monthly/klines/LTCUSDT/1d/LTCUSDT-1d-2022-02.zip,.zip,28,12,2022-02-01,2022-02-28,1679,indexed:headerless_zip,derived-only recommended
raw_4e4d3e0fd338d57e,Binance Vision,data_local/raw/binance/spot/monthly/klines/LTCUSDT/1d/LTCUSDT-1d-2022-03.zip,.zip,31,12,2022-03-01,2022-03-31,1812,indexed:headerless_zip,derived-only recommended
raw_18004bdb8c7b78fd,Binance Vision,data_local/raw/binance/spot/monthly/klines/LTCUSDT/1d/LTCUSDT-1d-2022-04.zip,.zip,30,12,2022-04-01,2022-04-30,1743,indexed:headerless_zip,derived-only recommended
raw_5eaad02074975002,Binance Vision,data_local/raw/binance/spot/monthly/klines/LTCUSDT/1d/LTCUSDT-1d-2022-05.zip,.zip,31,12,2022-05-01,2022-05-31,1827,indexed:headerless_zip,derived-only recommended
raw_047409d6ea2f9a2d,Binance Vision,data_local/raw/binance/spot/monthly/klines/LTCUSDT/1d/LTCUSDT-1d-2022-06.zip,.zip,30,12,2022-06-01,2022-06-30,1823,indexed:headerless_zip,derived-only recommended
raw_27cfb82a2332c162,Binance Vision,data_local/raw/binance/spot/monthly/klines/LTCUSDT/1d/LTCUSDT-1d-2022-07.zip,.zip,31,12,2022-07-01,2022-07-31,1870,indexed:headerless_zip,derived-only recommended
raw_491909d10fa2fe4d,Binance Vision,data_local/raw/binance/spot/monthly/klines/LTCUSDT/1d/LTCUSDT-1d-2022-08.zip,.zip,31,12,2022-08-01,2022-08-31,1866,indexed:headerless_zip,derived-only recommended
raw_cad4c60c4ec89575,Binance Vision,data_local/raw/binance/spot/monthly/klines/LTCUSDT/1d/LTCUSDT-1d-2022-09.zip,.zip,30,12,2022-09-01,2022-09-30,1804,indexed:headerless_zip,derived-only recommended
raw_eb396be887b9183f,Binance Vision,data_local/raw/binance/spot/monthly/klines/LTCUSDT/1d/LTCUSDT-1d-2022-10.zip,.zip,31,12,2022-10-01,2022-10-31,1803,indexed:headerless_zip,derived-only recommended
raw_f9301d78925b9378,Binance Vision,data_local/raw/binance/spot/monthly/klines/LTCUSDT/1d/LTCUSDT-1d-2022-11.zip,.zip,30,12,2022-11-01,2022-11-30,1866,indexed:headerless_zip,derived-only recommended
raw_dccfee6708cbf207,Binance Vision,data_local/raw/binance/spot/monthly/klines/LTCUSDT/1d/LTCUSDT-1d-2022-12.zip,.zip,31,12,2022-12-01,2022-12-31,1895,indexed:headerless_zip,derived-only recommended
raw_a7b42c89a7efa1d4,Binance Vision,data_local/raw/binance/spot/monthly/klines/LTCUSDT/1d/LTCUSDT-1d-2023-01.zip,.zip,31,12,2023-01-01,2023-01-31,1893,indexed:headerless_zip,derived-only recommended
raw_85718386258c2f1d,Binance Vision,data_local/raw/binance/spot/monthly/klines/LTCUSDT/1d/LTCUSDT-1d-2023-02.zip,.zip,28,12,2023-02-01,2023-02-28,1721,indexed:headerless_zip,derived-only recommended
raw_673d803b44d99f19,Binance Vision,data_local/raw/binance/spot/monthly/klines/LTCUSDT/1d/LTCUSDT-1d-2023-03.zip,.zip,31,12,2023-03-01,2023-03-31,1911,indexed:headerless_zip,derived-only recommended
raw_beb68eaa68cc78c2,Binance Vision,data_local/raw/binance/spot/monthly/klines/LTCUSDT/1d/LTCUSDT-1d-2023-04.zip,.zip,30,12,2023-04-01,2023-04-30,1841,indexed:headerless_zip,derived-only recommended
raw_aa83c8d25295d09b,Binance Vision,data_local/raw/binance/spot/monthly/klines/LTCUSDT/1d/LTCUSDT-1d-2023-05.zip,.zip,31,12,2023-05-01,2023-05-31,1893,indexed:headerless_zip,derived-only recommended
raw_2fe2c0cfd215dc47,Binance Vision,data_local/raw/binance/spot/monthly/klines/LTCUSDT/1d/LTCUSDT-1d-2023-06.zip,.zip,30,12,2023-06-01,2023-06-30,1849,indexed:headerless_zip,derived-only recommended
raw_91efc6d658948fb8,Binance Vision,data_local/raw/binance/spot/monthly/klines/LTCUSDT/1d/LTCUSDT-1d-2023-07.zip,.zip,31,12,2023-07-01,2023-07-31,1909,indexed:headerless_zip,derived-only recommended
raw_9f80ca4f6003646e,Binance Vision,data_local/raw/binance/spot/monthly/klines/LTCUSDT/1d/LTCUSDT-1d-2023-08.zip,.zip,31,12,2023-08-01,2023-08-31,1877,indexed:headerless_zip,derived-only recommended
raw_020b89335edfaab1,Binance Vision,data_local/raw/binance/spot/monthly/klines/LTCUSDT/1d/LTCUSDT-1d-2023-09.zip,.zip,30,12,2023-09-01,2023-09-30,1792,indexed:headerless_zip,derived-only recommended
raw_36ceafe7b76eb2ae,Binance Vision,data_local/raw/binance/spot/monthly/klines/LTCUSDT/1d/LTCUSDT-1d-2023-10.zip,.zip,31,12,2023-10-01,2023-10-31,1841,indexed:headerless_zip,derived-only recommended
raw_c96d1d19f60c827a,Binance Vision,data_local/raw/binance/spot/monthly/klines/LTCUSDT/1d/LTCUSDT-1d-2023-11.zip,.zip,30,12,2023-11-01,2023-11-30,1794,indexed:headerless_zip,derived-only recommended
raw_9f749244eb96ae99,Binance Vision,data_local/raw/binance/spot/monthly/klines/LTCUSDT/1d/LTCUSDT-1d-2023-12.zip,.zip,31,12,2023-12-01,2023-12-31,1868,indexed:headerless_zip,derived-only recommended
raw_4a20cc6a9fd9e03e,Binance Vision,data_local/raw/binance/spot/monthly/klines/LTCUSDT/1d/LTCUSDT-1d-2024-01.zip,.zip,31,12,2024-01-01,2024-01-31,1884,indexed:headerless_zip,derived-only recommended
raw_14260f4725be3ddc,Binance Vision,data_local/raw/binance/spot/monthly/klines/LTCUSDT/1d/LTCUSDT-1d-2024-02.zip,.zip,29,12,2024-02-01,2024-02-29,1730,indexed:headerless_zip,derived-only recommended
raw_b68d9cc1595ab48b,Binance Vision,data_local/raw/binance/spot/monthly/klines/LTCUSDT/1d/LTCUSDT-1d-2024-03.zip,.zip,31,12,2024-03-01,2024-03-31,1924,indexed:headerless_zip,derived-only recommended
raw_3a1fa3bbe1a1f7a2,Binance Vision,data_local/raw/binance/spot/monthly/klines/LTCUSDT/1d/LTCUSDT-1d-2024-04.zip,.zip,30,12,2024-04-01,2024-04-30,1860,indexed:headerless_zip,derived-only recommended
raw_1d8f5e0e86e81901,Binance Vision,data_local/raw/binance/spot/monthly/klines/LTCUSDT/1d/LTCUSDT-1d-2024-05.zip,.zip,31,12,2024-05-01,2024-05-31,1853,indexed:headerless_zip,derived-only recommended
raw_cdd0052fd3e49ce9,Binance Vision,data_local/raw/binance/spot/monthly/klines/LTCUSDT/1d/LTCUSDT-1d-2024-06.zip,.zip,30,12,2024-06-01,2024-06-30,1786,indexed:headerless_zip,derived-only recommended
raw_cf1c53061a48c31f,Binance Vision,data_local/raw/binance/spot/monthly/klines/LTCUSDT/1d/LTCUSDT-1d-2024-07.zip,.zip,31,12,2024-07-01,2024-07-31,1853,indexed:headerless_zip,derived-only recommended
raw_85209547cfb4a6dc,Binance Vision,data_local/raw/binance/spot/monthly/klines/LTCUSDT/1d/LTCUSDT-1d-2024-08.zip,.zip,31,12,2024-08-01,2024-08-31,1860,indexed:headerless_zip,derived-only recommended
raw_3cfb907adf40997d,Binance Vision,data_local/raw/binance/spot/monthly/klines/LTCUSDT/1d/LTCUSDT-1d-2024-09.zip,.zip,30,12,2024-09-01,2024-09-30,1795,indexed:headerless_zip,derived-only recommended
raw_a741bc5bd560e96e,Binance Vision,data_local/raw/binance/spot/monthly/klines/LTCUSDT/1d/LTCUSDT-1d-2024-10.zip,.zip,31,12,2024-10-01,2024-10-31,1838,indexed:headerless_zip,derived-only recommended
raw_7f2e75826c9e0229,Binance Vision,data_local/raw/binance/spot/monthly/klines/LTCUSDT/1d/LTCUSDT-1d-2024-11.zip,.zip,30,12,2024-11-01,2024-11-30,1867,indexed:headerless_zip,derived-only recommended
raw_7af4919b7a834ab6,Binance Vision,data_local/raw/binance/spot/monthly/klines/LTCUSDT/1d/LTCUSDT-1d-2024-12.zip,.zip,31,12,2024-12-01,2024-12-31,1972,indexed:headerless_zip,derived-only recommended
raw_a01e603a2a0233c6,Binance Vision,data_local/raw/binance/spot/monthly/klines/LTCUSDT/1d/LTCUSDT-1d-2025-01.zip,.zip,31,12,2025-01-01,2025-01-31,1982,indexed:headerless_zip,derived-only recommended
raw_6a86bc2f5812abe9,Binance Vision,data_local/raw/binance/spot/monthly/klines/LTCUSDT/1d/LTCUSDT-1d-2025-02.zip,.zip,28,12,2025-02-01,2025-02-28,1817,indexed:headerless_zip,derived-only recommended
raw_0bdfc66f448fbc01,Binance Vision,data_local/raw/binance/spot/monthly/klines/LTCUSDT/1d/LTCUSDT-1d-2025-03.zip,.zip,31,12,2025-03-01,2025-03-31,1961,indexed:headerless_zip,derived-only recommended
raw_e6df07d5625f7bfb,Binance Vision,data_local/raw/binance/spot/monthly/klines/LTCUSDT/1d/LTCUSDT-1d-2025-04.zip,.zip,30,12,2025-04-01,2025-04-30,1860,indexed:headerless_zip,derived-only recommended
raw_fa0cdbfe65cd43e0,Binance Vision,data_local/raw/binance/spot/monthly/klines/LTCUSDT/1d/LTCUSDT-1d-2025-05.zip,.zip,31,12,2025-05-01,2025-05-31,1922,indexed:headerless_zip,derived-only recommended
raw_174a59ff287a1c11,Binance Vision,data_local/raw/binance/spot/monthly/klines/LTCUSDT/1d/LTCUSDT-1d-2025-06.zip,.zip,30,12,2025-06-01,2025-06-30,1829,indexed:headerless_zip,derived-only recommended
raw_a149c44dc04ad701,Binance Vision,data_local/raw/binance/spot/monthly/klines/LTCUSDT/1d/LTCUSDT-1d-2025-07.zip,.zip,31,12,2025-07-01,2025-07-31,1937,indexed:headerless_zip,derived-only recommended
raw_bf1d60a568327e56,Binance Vision,data_local/raw/binance/spot/monthly/klines/LTCUSDT/1d/LTCUSDT-1d-2025-08.zip,.zip,31,12,2025-08-01,2025-08-31,1947,indexed:headerless_zip,derived-only recommended
raw_d53b2891e6a98569,Binance Vision,data_local/raw/binance/spot/monthly/klines/LTCUSDT/1d/LTCUSDT-1d-2025-09.zip,.zip,30,12,2025-09-01,2025-09-30,1875,indexed:headerless_zip,derived-only recommended
raw_d0d5ecacfb02e1d1,Binance Vision,data_local/raw/binance/spot/monthly/klines/LTCUSDT/1d/LTCUSDT-1d-2025-10.zip,.zip,31,12,2025-10-01,2025-10-31,1953,indexed:headerless_zip,derived-only recommended
raw_b46f1c485ddc9ff6,Binance Vision,data_local/raw/binance/spot/monthly/klines/LTCUSDT/1d/LTCUSDT-1d-2025-11.zip,.zip,30,12,2025-11-01,2025-11-30,1899,indexed:headerless_zip,derived-only recommended
raw_060fc2c946dd220e,Binance Vision,data_local/raw/binance/spot/monthly/klines/LTCUSDT/1d/LTCUSDT-1d-2025-12.zip,.zip,31,12,2025-12-01,2025-12-31,1894,indexed:headerless_zip,derived-only recommended
raw_2596d13f3b4b65f7,Binance Vision,data_local/raw/binance/spot/monthly/klines/LTCUSDT/1d/LTCUSDT-1d-2026-01.zip,.zip,31,12,2026-01-01,2026-01-31,1904,indexed:headerless_zip,derived-only recommended
raw_b964232669d4a024,Binance Vision,data_local/raw/binance/spot/monthly/klines/LTCUSDT/1d/LTCUSDT-1d-2026-02.zip,.zip,28,12,2026-02-01,2026-02-28,1710,indexed:headerless_zip,derived-only recommended
raw_1b9daabfb26705dc,Binance Vision,data_local/raw/binance/spot/monthly/klines/LTCUSDT/1d/LTCUSDT-1d-2026-03.zip,.zip,31,12,2026-03-01,2026-03-31,1880,indexed:headerless_zip,derived-only recommended
raw_3115bbc0619f0834,Binance Vision,data_local/raw/binance/spot/monthly/klines/LTCUSDT/1d/LTCUSDT-1d-2026-04.zip,.zip,30,12,2026-04-01,2026-04-30,1775,indexed:headerless_zip,derived-only recommended
raw_02e447a791d9183f,Binance Vision,data_local/raw/binance/spot/monthly/klines/LTCUSDT/1d/LTCUSDT-1d-2026-05.zip,.zip,31,12,2026-05-01,2026-05-31,1860,indexed:headerless_zip,derived-only recommended
raw_ed8c6a5c3003009b,Binance Vision,data_local/raw/binance/spot/monthly/klines/LTCUSDT/1d/LTCUSDT-1d-2026-06.zip,.zip,30,12,2026-06-01,2026-06-30,1831,indexed:headerless_zip,derived-only recommended
raw_1d5cdbce22412e2b,Binance Vision,data_local/raw/binance/spot/monthly/klines/SNXUSDT/1d/SNXUSDT-1d-2021-01.zip,.zip,31,12,2021-01-01,2021-01-31,1934,indexed:headerless_zip,derived-only recommended
raw_726e195ac7c14d8f,Binance Vision,data_local/raw/binance/spot/monthly/klines/SNXUSDT/1d/SNXUSDT-1d-2021-02.zip,.zip,28,12,2021-02-01,2021-02-28,1787,indexed:headerless_zip,derived-only recommended
raw_fbeecb8b32f4721e,Binance Vision,data_local/raw/binance/spot/monthly/klines/SNXUSDT/1d/SNXUSDT-1d-2021-03.zip,.zip,31,12,2021-03-01,2021-03-31,1909,indexed:headerless_zip,derived-only recommended
raw_01bf4a51c8e2e23e,Binance Vision,data_local/raw/binance/spot/monthly/klines/SNXUSDT/1d/SNXUSDT-1d-2021-04.zip,.zip,30,12,2021-04-01,2021-04-30,1860,indexed:headerless_zip,derived-only recommended
raw_fa855de7896b7bec,Binance Vision,data_local/raw/binance/spot/monthly/klines/SNXUSDT/1d/SNXUSDT-1d-2021-05.zip,.zip,31,12,2021-05-01,2021-05-31,1961,indexed:headerless_zip,derived-only recommended
raw_fb210671308e5459,Binance Vision,data_local/raw/binance/spot/monthly/klines/SNXUSDT/1d/SNXUSDT-1d-2021-06.zip,.zip,30,12,2021-06-01,2021-06-30,1840,indexed:headerless_zip,derived-only recommended
raw_5672c3384f155c09,Binance Vision,data_local/raw/binance/spot/monthly/klines/SNXUSDT/1d/SNXUSDT-1d-2021-07.zip,.zip,31,12,2021-07-01,2021-07-31,1932,indexed:headerless_zip,derived-only recommended
raw_0ffd0c43f6700a73,Binance Vision,data_local/raw/binance/spot/monthly/klines/SNXUSDT/1d/SNXUSDT-1d-2021-08.zip,.zip,31,12,2021-08-01,2021-08-31,1927,indexed:headerless_zip,derived-only recommended
raw_dea51d2f74f7d809,Binance Vision,data_local/raw/binance/spot/monthly/klines/SNXUSDT/1d/SNXUSDT-1d-2021-09.zip,.zip,30,12,2021-09-01,2021-09-30,1797,indexed:headerless_zip,derived-only recommended
raw_8cd7387c4f64d043,Binance Vision,data_local/raw/binance/spot/monthly/klines/SNXUSDT/1d/SNXUSDT-1d-2021-10.zip,.zip,31,12,2021-10-01,2021-10-31,1749,indexed:headerless_zip,derived-only recommended
raw_df0f5da90a83ffe5,Binance Vision,data_local/raw/binance/spot/monthly/klines/SNXUSDT/1d/SNXUSDT-1d-2021-11.zip,.zip,30,12,2021-11-01,2021-11-30,1724,indexed:headerless_zip,derived-only recommended
raw_6c2bcefa3775bfc5,Binance Vision,data_local/raw/binance/spot/monthly/klines/SNXUSDT/1d/SNXUSDT-1d-2021-12.zip,.zip,31,12,2021-12-01,2021-12-31,1769,indexed:headerless_zip,derived-only recommended
raw_13859e7bae1231e4,Binance Vision,data_local/raw/binance/spot/monthly/klines/SNXUSDT/1d/SNXUSDT-1d-2022-01.zip,.zip,31,12,2022-01-01,2022-01-31,1785,indexed:headerless_zip,derived-only recommended
raw_287ea6de9b19d8c6,Binance Vision,data_local/raw/binance/spot/monthly/klines/SNXUSDT/1d/SNXUSDT-1d-2022-02.zip,.zip,28,12,2022-02-01,2022-02-28,1596,indexed:headerless_zip,derived-only recommended
raw_6d20e00529fe7521,Binance Vision,data_local/raw/binance/spot/monthly/klines/SNXUSDT/1d/SNXUSDT-1d-2022-03.zip,.zip,31,12,2022-03-01,2022-03-31,1753,indexed:headerless_zip,derived-only recommended
raw_d3f14fabe3518cb2,Binance Vision,data_local/raw/binance/spot/monthly/klines/SNXUSDT/1d/SNXUSDT-1d-2022-04.zip,.zip,30,12,2022-04-01,2022-04-30,1726,indexed:headerless_zip,derived-only recommended
raw_5ff156e2c9111570,Binance Vision,data_local/raw/binance/spot/monthly/klines/SNXUSDT/1d/SNXUSDT-1d-2022-05.zip,.zip,31,12,2022-05-01,2022-05-31,1746,indexed:headerless_zip,derived-only recommended
raw_d9cb99cbd1260605,Binance Vision,data_local/raw/binance/spot/monthly/klines/SNXUSDT/1d/SNXUSDT-1d-2022-06.zip,.zip,30,12,2022-06-01,2022-06-30,1704,indexed:headerless_zip,derived-only recommended
raw_9bc0494425c5cf18,Binance Vision,data_local/raw/binance/spot/monthly/klines/SNXUSDT/1d/SNXUSDT-1d-2022-07.zip,.zip,31,12,2022-07-01,2022-07-31,1751,indexed:headerless_zip,derived-only recommended
raw_b2e33e46bff1c4d2,Binance Vision,data_local/raw/binance/spot/monthly/klines/SNXUSDT/1d/SNXUSDT-1d-2022-08.zip,.zip,31,12,2022-08-01,2022-08-31,1764,indexed:headerless_zip,derived-only recommended
raw_5ac3dbca6352356a,Binance Vision,data_local/raw/binance/spot/monthly/klines/SNXUSDT/1d/SNXUSDT-1d-2022-09.zip,.zip,30,12,2022-09-01,2022-09-30,1641,indexed:headerless_zip,derived-only recommended
raw_d898963d84480d47,Binance Vision,data_local/raw/binance/spot/monthly/klines/SNXUSDT/1d/SNXUSDT-1d-2022-10.zip,.zip,31,12,2022-10-01,2022-10-31,1700,indexed:headerless_zip,derived-only recommended
raw_74a709e1a0d25886,Binance Vision,data_local/raw/binance/spot/monthly/klines/SNXUSDT/1d/SNXUSDT-1d-2022-11.zip,.zip,30,12,2022-11-01,2022-11-30,1655,indexed:headerless_zip,derived-only recommended
raw_7c316010095a3dcd,Binance Vision,data_local/raw/binance/spot/monthly/klines/SNXUSDT/1d/SNXUSDT-1d-2022-12.zip,.zip,31,12,2022-12-01,2022-12-31,1678,indexed:headerless_zip,derived-only recommended
raw_fa6c50fa5ced81f3,Binance Vision,data_local/raw/binance/spot/monthly/klines/SNXUSDT/1d/SNXUSDT-1d-2023-01.zip,.zip,31,12,2023-01-01,2023-01-31,1712,indexed:headerless_zip,derived-only recommended
raw_d295390ece37bf67,Binance Vision,data_local/raw/binance/spot/monthly/klines/SNXUSDT/1d/SNXUSDT-1d-2023-02.zip,.zip,28,12,2023-02-01,2023-02-28,1584,indexed:headerless_zip,derived-only recommended
raw_9b22c3eec2d0c56b,Binance Vision,data_local/raw/binance/spot/monthly/klines/SNXUSDT/1d/SNXUSDT-1d-2023-03.zip,.zip,31,12,2023-03-01,2023-03-31,1800,indexed:headerless_zip,derived-only recommended
raw_f3ee4c67b4028b4c,Binance Vision,data_local/raw/binance/spot/monthly/klines/SNXUSDT/1d/SNXUSDT-1d-2023-04.zip,.zip,30,12,2023-04-01,2023-04-30,1677,indexed:headerless_zip,derived-only recommended
raw_f36d9862b1f34c56,Binance Vision,data_local/raw/binance/spot/monthly/klines/SNXUSDT/1d/SNXUSDT-1d-2023-05.zip,.zip,31,12,2023-05-01,2023-05-31,1706,indexed:headerless_zip,derived-only recommended
raw_0313d62f59356520,Binance Vision,data_local/raw/binance/spot/monthly/klines/SNXUSDT/1d/SNXUSDT-1d-2023-06.zip,.zip,30,12,2023-06-01,2023-06-30,1661,indexed:headerless_zip,derived-only recommended
raw_9a3e1afac81def7d,Binance Vision,data_local/raw/binance/spot/monthly/klines/SNXUSDT/1d/SNXUSDT-1d-2023-07.zip,.zip,31,12,2023-07-01,2023-07-31,1756,indexed:headerless_zip,derived-only recommended
raw_de0a94439648cc7d,Binance Vision,data_local/raw/binance/spot/monthly/klines/SNXUSDT/1d/SNXUSDT-1d-2023-08.zip,.zip,31,12,2023-08-01,2023-08-31,1708,indexed:headerless_zip,derived-only recommended
raw_c14834d6e0c842f1,Binance Vision,data_local/raw/binance/spot/monthly/klines/SNXUSDT/1d/SNXUSDT-1d-2023-09.zip,.zip,30,12,2023-09-01,2023-09-30,1652,indexed:headerless_zip,derived-only recommended
raw_f6c72ff9aecb03f5,Binance Vision,data_local/raw/binance/spot/monthly/klines/SNXUSDT/1d/SNXUSDT-1d-2023-10.zip,.zip,31,12,2023-10-01,2023-10-31,1687,indexed:headerless_zip,derived-only recommended
raw_316332d1cd40f445,Binance Vision,data_local/raw/binance/spot/monthly/klines/SNXUSDT/1d/SNXUSDT-1d-2023-11.zip,.zip,30,12,2023-11-01,2023-11-30,1717,indexed:headerless_zip,derived-only recommended
raw_7792b3dcea585739,Binance Vision,data_local/raw/binance/spot/monthly/klines/SNXUSDT/1d/SNXUSDT-1d-2023-12.zip,.zip,31,12,2023-12-01,2023-12-31,1746,indexed:headerless_zip,derived-only recommended
raw_6f0031169fffc564,Binance Vision,data_local/raw/binance/spot/monthly/klines/SNXUSDT/1d/SNXUSDT-1d-2024-01.zip,.zip,31,12,2024-01-01,2024-01-31,1733,indexed:headerless_zip,derived-only recommended
raw_de626d658566599f,Binance Vision,data_local/raw/binance/spot/monthly/klines/SNXUSDT/1d/SNXUSDT-1d-2024-02.zip,.zip,29,12,2024-02-01,2024-02-29,1617,indexed:headerless_zip,derived-only recommended
raw_16f93fdf8e62c8dc,Binance Vision,data_local/raw/binance/spot/monthly/klines/SNXUSDT/1d/SNXUSDT-1d-2024-03.zip,.zip,31,12,2024-03-01,2024-03-31,1769,indexed:headerless_zip,derived-only recommended
raw_723aebc44b702483,Binance Vision,data_local/raw/binance/spot/monthly/klines/SNXUSDT/1d/SNXUSDT-1d-2024-04.zip,.zip,30,12,2024-04-01,2024-04-30,1670,indexed:headerless_zip,derived-only recommended
raw_115a5542e3a1c0a1,Binance Vision,data_local/raw/binance/spot/monthly/klines/SNXUSDT/1d/SNXUSDT-1d-2024-05.zip,.zip,31,12,2024-05-01,2024-05-31,1712,indexed:headerless_zip,derived-only recommended
raw_eb8b25947a75564e,Binance Vision,data_local/raw/binance/spot/monthly/klines/SNXUSDT/1d/SNXUSDT-1d-2024-06.zip,.zip,30,12,2024-06-01,2024-06-30,1645,indexed:headerless_zip,derived-only recommended
raw_e76375f7200df70d,Binance Vision,data_local/raw/binance/spot/monthly/klines/SNXUSDT/1d/SNXUSDT-1d-2024-07.zip,.zip,31,12,2024-07-01,2024-07-31,1678,indexed:headerless_zip,derived-only recommended
raw_ecb1c412fe5722cc,Binance Vision,data_local/raw/binance/spot/monthly/klines/SNXUSDT/1d/SNXUSDT-1d-2024-08.zip,.zip,31,12,2024-08-01,2024-08-31,1677,indexed:headerless_zip,derived-only recommended
raw_457a1b3161e8ceeb,Binance Vision,data_local/raw/binance/spot/monthly/klines/SNXUSDT/1d/SNXUSDT-1d-2024-09.zip,.zip,30,12,2024-09-01,2024-09-30,1633,indexed:headerless_zip,derived-only recommended
raw_ecf6758e5cbdceba,Binance Vision,data_local/raw/binance/spot/monthly/klines/SNXUSDT/1d/SNXUSDT-1d-2024-10.zip,.zip,31,12,2024-10-01,2024-10-31,1673,indexed:headerless_zip,derived-only recommended
raw_c8a93a528588f285,Binance Vision,data_local/raw/binance/spot/monthly/klines/SNXUSDT/1d/SNXUSDT-1d-2024-11.zip,.zip,30,12,2024-11-01,2024-11-30,1665,indexed:headerless_zip,derived-only recommended
raw_344ecaf6eea6f558,Binance Vision,data_local/raw/binance/spot/monthly/klines/SNXUSDT/1d/SNXUSDT-1d-2024-12.zip,.zip,31,12,2024-12-01,2024-12-31,1759,indexed:headerless_zip,derived-only recommended
raw_0b156fa587363433,Binance Vision,data_local/raw/binance/spot/monthly/klines/SNXUSDT/1d/SNXUSDT-1d-2025-01.zip,.zip,31,12,2025-01-01,2025-01-31,1737,indexed:headerless_zip,derived-only recommended
raw_043d1b9f944cc47a,Binance Vision,data_local/raw/binance/spot/monthly/klines/SNXUSDT/1d/SNXUSDT-1d-2025-02.zip,.zip,28,12,2025-02-01,2025-02-28,1600,indexed:headerless_zip,derived-only recommended
raw_3d9597ed14ed65ec,Binance Vision,data_local/raw/binance/spot/monthly/klines/SNXUSDT/1d/SNXUSDT-1d-2025-03.zip,.zip,31,12,2025-03-01,2025-03-31,1702,indexed:headerless_zip,derived-only recommended
raw_256f95db18eed121,Binance Vision,data_local/raw/binance/spot/monthly/klines/SNXUSDT/1d/SNXUSDT-1d-2025-04.zip,.zip,30,12,2025-04-01,2025-04-30,1648,indexed:headerless_zip,derived-only recommended
raw_a125ae57e0373c95,Binance Vision,data_local/raw/binance/spot/monthly/klines/SNXUSDT/1d/SNXUSDT-1d-2025-05.zip,.zip,31,12,2025-05-01,2025-05-31,1710,indexed:headerless_zip,derived-only recommended
raw_d20f9da481f53c62,Binance Vision,data_local/raw/binance/spot/monthly/klines/SNXUSDT/1d/SNXUSDT-1d-2025-06.zip,.zip,30,12,2025-06-01,2025-06-30,1629,indexed:headerless_zip,derived-only recommended
raw_f12932f59beac83e,Binance Vision,data_local/raw/binance/spot/monthly/klines/SNXUSDT/1d/SNXUSDT-1d-2025-07.zip,.zip,31,12,2025-07-01,2025-07-31,1672,indexed:headerless_zip,derived-only recommended
raw_ffa5ac8621af9f8d,Binance Vision,data_local/raw/binance/spot/monthly/klines/SNXUSDT/1d/SNXUSDT-1d-2025-08.zip,.zip,31,12,2025-08-01,2025-08-31,1706,indexed:headerless_zip,derived-only recommended
raw_7ad498c6b5e8a700,Binance Vision,data_local/raw/binance/spot/monthly/klines/SNXUSDT/1d/SNXUSDT-1d-2025-09.zip,.zip,30,12,2025-09-01,2025-09-30,1645,indexed:headerless_zip,derived-only recommended
raw_8551f43ae000f089,Binance Vision,data_local/raw/binance/spot/monthly/klines/SNXUSDT/1d/SNXUSDT-1d-2025-10.zip,.zip,31,12,2025-10-01,2025-10-31,1814,indexed:headerless_zip,derived-only recommended
raw_ffd83407286a940e,Binance Vision,data_local/raw/binance/spot/monthly/klines/SNXUSDT/1d/SNXUSDT-1d-2025-11.zip,.zip,30,12,2025-11-01,2025-11-30,1685,indexed:headerless_zip,derived-only recommended
raw_87e2810ff177b536,Binance Vision,data_local/raw/binance/spot/monthly/klines/SNXUSDT/1d/SNXUSDT-1d-2025-12.zip,.zip,31,12,2025-12-01,2025-12-31,1668,indexed:headerless_zip,derived-only recommended
raw_005a2ae4048078ed,Binance Vision,data_local/raw/binance/spot/monthly/klines/SNXUSDT/1d/SNXUSDT-1d-2026-01.zip,.zip,31,12,2026-01-01,2026-01-31,1656,indexed:headerless_zip,derived-only recommended
raw_2ebac5db07beb878,Binance Vision,data_local/raw/binance/spot/monthly/klines/SNXUSDT/1d/SNXUSDT-1d-2026-02.zip,.zip,28,12,2026-02-01,2026-02-28,1563,indexed:headerless_zip,derived-only recommended
raw_818df1c8912f1128,Binance Vision,data_local/raw/binance/spot/monthly/klines/SNXUSDT/1d/SNXUSDT-1d-2026-03.zip,.zip,31,12,2026-03-01,2026-03-31,1627,indexed:headerless_zip,derived-only recommended
raw_0f7f64abd7b95fe1,Binance Vision,data_local/raw/binance/spot/monthly/klines/SNXUSDT/1d/SNXUSDT-1d-2026-04.zip,.zip,30,12,2026-04-01,2026-04-30,1565,indexed:headerless_zip,derived-only recommended
raw_c43b6564b9268ed0,Binance Vision,data_local/raw/binance/spot/monthly/klines/SNXUSDT/1d/SNXUSDT-1d-2026-05.zip,.zip,31,12,2026-05-01,2026-05-31,1638,indexed:headerless_zip,derived-only recommended
raw_e425ffc24b4c409d,Binance Vision,data_local/raw/binance/spot/monthly/klines/SNXUSDT/1d/SNXUSDT-1d-2026-06.zip,.zip,30,12,2026-06-01,2026-06-30,1568,indexed:headerless_zip,derived-only recommended
raw_cd910c351ac57506,Binance Vision,data_local/raw/binance/spot/monthly/klines/UNIUSDT/1d/UNIUSDT-1d-2021-01.zip,.zip,31,12,2021-01-01,2021-01-31,2030,indexed:headerless_zip,derived-only recommended
raw_a7855084c457ea1a,Binance Vision,data_local/raw/binance/spot/monthly/klines/UNIUSDT/1d/UNIUSDT-1d-2021-02.zip,.zip,28,12,2021-02-01,2021-02-28,1861,indexed:headerless_zip,derived-only recommended
raw_1e8adf8d9abaa762,Binance Vision,data_local/raw/binance/spot/monthly/klines/UNIUSDT/1d/UNIUSDT-1d-2021-03.zip,.zip,31,12,2021-03-01,2021-03-31,2055,indexed:headerless_zip,derived-only recommended
raw_e4fbdcf7e1a8ab59,Binance Vision,data_local/raw/binance/spot/monthly/klines/UNIUSDT/1d/UNIUSDT-1d-2021-04.zip,.zip,30,12,2021-04-01,2021-04-30,1987,indexed:headerless_zip,derived-only recommended
raw_021414b64cacabcd,Binance Vision,data_local/raw/binance/spot/monthly/klines/UNIUSDT/1d/UNIUSDT-1d-2021-05.zip,.zip,31,12,2021-05-01,2021-05-31,2040,indexed:headerless_zip,derived-only recommended
raw_c6cc20b09325e899,Binance Vision,data_local/raw/binance/spot/monthly/klines/UNIUSDT/1d/UNIUSDT-1d-2021-06.zip,.zip,30,12,2021-06-01,2021-06-30,1915,indexed:headerless_zip,derived-only recommended
raw_e8650f7bc6768412,Binance Vision,data_local/raw/binance/spot/monthly/klines/UNIUSDT/1d/UNIUSDT-1d-2021-07.zip,.zip,31,12,2021-07-01,2021-07-31,1961,indexed:headerless_zip,derived-only recommended
raw_e8affd2e54bc5f70,Binance Vision,data_local/raw/binance/spot/monthly/klines/UNIUSDT/1d/UNIUSDT-1d-2021-08.zip,.zip,31,12,2021-08-01,2021-08-31,1966,indexed:headerless_zip,derived-only recommended
raw_b504569da6110fd3,Binance Vision,data_local/raw/binance/spot/monthly/klines/UNIUSDT/1d/UNIUSDT-1d-2021-09.zip,.zip,30,12,2021-09-01,2021-09-30,1802,indexed:headerless_zip,derived-only recommended
raw_21601585028d83db,Binance Vision,data_local/raw/binance/spot/monthly/klines/UNIUSDT/1d/UNIUSDT-1d-2021-10.zip,.zip,31,12,2021-10-01,2021-10-31,1804,indexed:headerless_zip,derived-only recommended
raw_4f872336110446a3,Binance Vision,data_local/raw/binance/spot/monthly/klines/UNIUSDT/1d/UNIUSDT-1d-2021-11.zip,.zip,30,12,2021-11-01,2021-11-30,1733,indexed:headerless_zip,derived-only recommended
raw_322dd736f5185679,Binance Vision,data_local/raw/binance/spot/monthly/klines/UNIUSDT/1d/UNIUSDT-1d-2021-12.zip,.zip,31,12,2021-12-01,2021-12-31,1781,indexed:headerless_zip,derived-only recommended
raw_010f904841bb53b7,Binance Vision,data_local/raw/binance/spot/monthly/klines/UNIUSDT/1d/UNIUSDT-1d-2022-01.zip,.zip,31,12,2022-01-01,2022-01-31,1778,indexed:headerless_zip,derived-only recommended
raw_c58a784eaeb770ff,Binance Vision,data_local/raw/binance/spot/monthly/klines/UNIUSDT/1d/UNIUSDT-1d-2022-02.zip,.zip,28,12,2022-02-01,2022-02-28,1609,indexed:headerless_zip,derived-only recommended
raw_6cc34fd19382fc5a,Binance Vision,data_local/raw/binance/spot/monthly/klines/UNIUSDT/1d/UNIUSDT-1d-2022-03.zip,.zip,31,12,2022-03-01,2022-03-31,1752,indexed:headerless_zip,derived-only recommended
raw_57a20158856f5788,Binance Vision,data_local/raw/binance/spot/monthly/klines/UNIUSDT/1d/UNIUSDT-1d-2022-04.zip,.zip,30,12,2022-04-01,2022-04-30,1665,indexed:headerless_zip,derived-only recommended
raw_396af28677640f98,Binance Vision,data_local/raw/binance/spot/monthly/klines/UNIUSDT/1d/UNIUSDT-1d-2022-05.zip,.zip,31,12,2022-05-01,2022-05-31,1760,indexed:headerless_zip,derived-only recommended
raw_f59a8429726b1cf2,Binance Vision,data_local/raw/binance/spot/monthly/klines/UNIUSDT/1d/UNIUSDT-1d-2022-06.zip,.zip,30,12,2022-06-01,2022-06-30,1683,indexed:headerless_zip,derived-only recommended
raw_b5aa54f164208809,Binance Vision,data_local/raw/binance/spot/monthly/klines/UNIUSDT/1d/UNIUSDT-1d-2022-07.zip,.zip,31,12,2022-07-01,2022-07-31,1774,indexed:headerless_zip,derived-only recommended
raw_872c782df547cf52,Binance Vision,data_local/raw/binance/spot/monthly/klines/UNIUSDT/1d/UNIUSDT-1d-2022-08.zip,.zip,31,12,2022-08-01,2022-08-31,1729,indexed:headerless_zip,derived-only recommended
raw_9e9ef3956ecbdc28,Binance Vision,data_local/raw/binance/spot/monthly/klines/UNIUSDT/1d/UNIUSDT-1d-2022-09.zip,.zip,30,12,2022-09-01,2022-09-30,1669,indexed:headerless_zip,derived-only recommended
raw_2739b56979ecbb65,Binance Vision,data_local/raw/binance/spot/monthly/klines/UNIUSDT/1d/UNIUSDT-1d-2022-10.zip,.zip,31,12,2022-10-01,2022-10-31,1726,indexed:headerless_zip,derived-only recommended
raw_0a0c600b69e2d839,Binance Vision,data_local/raw/binance/spot/monthly/klines/UNIUSDT/1d/UNIUSDT-1d-2022-11.zip,.zip,30,12,2022-11-01,2022-11-30,1682,indexed:headerless_zip,derived-only recommended
raw_1e95ce79eaa29be0,Binance Vision,data_local/raw/binance/spot/monthly/klines/UNIUSDT/1d/UNIUSDT-1d-2022-12.zip,.zip,31,12,2022-12-01,2022-12-31,1759,indexed:headerless_zip,derived-only recommended
raw_7f9b16681e683a9f,Binance Vision,data_local/raw/binance/spot/monthly/klines/UNIUSDT/1d/UNIUSDT-1d-2023-01.zip,.zip,31,12,2023-01-01,2023-01-31,1815,indexed:headerless_zip,derived-only recommended
raw_e892476229d585ff,Binance Vision,data_local/raw/binance/spot/monthly/klines/UNIUSDT/1d/UNIUSDT-1d-2023-02.zip,.zip,28,12,2023-02-01,2023-02-28,1674,indexed:headerless_zip,derived-only recommended
raw_579c8f989915c65f,Binance Vision,data_local/raw/binance/spot/monthly/klines/UNIUSDT/1d/UNIUSDT-1d-2023-03.zip,.zip,31,12,2023-03-01,2023-03-31,1832,indexed:headerless_zip,derived-only recommended
raw_028286bdba2f0bd2,Binance Vision,data_local/raw/binance/spot/monthly/klines/UNIUSDT/1d/UNIUSDT-1d-2023-04.zip,.zip,30,12,2023-04-01,2023-04-30,1730,indexed:headerless_zip,derived-only recommended
raw_69a1055b09144b9a,Binance Vision,data_local/raw/binance/spot/monthly/klines/UNIUSDT/1d/UNIUSDT-1d-2023-05.zip,.zip,31,12,2023-05-01,2023-05-31,1758,indexed:headerless_zip,derived-only recommended
raw_eab15b73c006e1a8,Binance Vision,data_local/raw/binance/spot/monthly/klines/UNIUSDT/1d/UNIUSDT-1d-2023-06.zip,.zip,30,12,2023-06-01,2023-06-30,1735,indexed:headerless_zip,derived-only recommended
raw_40cfa3c109d7fec0,Binance Vision,data_local/raw/binance/spot/monthly/klines/UNIUSDT/1d/UNIUSDT-1d-2023-07.zip,.zip,31,12,2023-07-01,2023-07-31,1813,indexed:headerless_zip,derived-only recommended
raw_3c572b32ad80f1d0,Binance Vision,data_local/raw/binance/spot/monthly/klines/UNIUSDT/1d/UNIUSDT-1d-2023-08.zip,.zip,31,12,2023-08-01,2023-08-31,1795,indexed:headerless_zip,derived-only recommended
raw_3e32204166118457,Binance Vision,data_local/raw/binance/spot/monthly/klines/UNIUSDT/1d/UNIUSDT-1d-2023-09.zip,.zip,30,12,2023-09-01,2023-09-30,1693,indexed:headerless_zip,derived-only recommended
raw_155f92d3a7f16793,Binance Vision,data_local/raw/binance/spot/monthly/klines/UNIUSDT/1d/UNIUSDT-1d-2023-10.zip,.zip,31,12,2023-10-01,2023-10-31,1788,indexed:headerless_zip,derived-only recommended
raw_131874a4f6af8e0f,Binance Vision,data_local/raw/binance/spot/monthly/klines/UNIUSDT/1d/UNIUSDT-1d-2023-11.zip,.zip,30,12,2023-11-01,2023-11-30,1796,indexed:headerless_zip,derived-only recommended
raw_66a036d0a13ddf78,Binance Vision,data_local/raw/binance/spot/monthly/klines/UNIUSDT/1d/UNIUSDT-1d-2023-12.zip,.zip,31,12,2023-12-01,2023-12-31,1854,indexed:headerless_zip,derived-only recommended
raw_d410ee504dbbacee,Binance Vision,data_local/raw/binance/spot/monthly/klines/UNIUSDT/1d/UNIUSDT-1d-2024-01.zip,.zip,31,12,2024-01-01,2024-01-31,1832,indexed:headerless_zip,derived-only recommended
raw_412538f1d0e08b27,Binance Vision,data_local/raw/binance/spot/monthly/klines/UNIUSDT/1d/UNIUSDT-1d-2024-02.zip,.zip,29,12,2024-02-01,2024-02-29,1738,indexed:headerless_zip,derived-only recommended
raw_6167c7d0dbc5b108,Binance Vision,data_local/raw/binance/spot/monthly/klines/UNIUSDT/1d/UNIUSDT-1d-2024-03.zip,.zip,31,12,2024-03-01,2024-03-31,1895,indexed:headerless_zip,derived-only recommended
raw_c5df4bea0a414857,Binance Vision,data_local/raw/binance/spot/monthly/klines/UNIUSDT/1d/UNIUSDT-1d-2024-04.zip,.zip,30,12,2024-04-01,2024-04-30,1827,indexed:headerless_zip,derived-only recommended
raw_3ab00bedf57cd2d3,Binance Vision,data_local/raw/binance/spot/monthly/klines/UNIUSDT/1d/UNIUSDT-1d-2024-05.zip,.zip,31,12,2024-05-01,2024-05-31,1858,indexed:headerless_zip,derived-only recommended
raw_38fa317aeae96cbe,Binance Vision,data_local/raw/binance/spot/monthly/klines/UNIUSDT/1d/UNIUSDT-1d-2024-06.zip,.zip,30,12,2024-06-01,2024-06-30,1829,indexed:headerless_zip,derived-only recommended
raw_69ba48ab9f221025,Binance Vision,data_local/raw/binance/spot/monthly/klines/UNIUSDT/1d/UNIUSDT-1d-2024-07.zip,.zip,31,12,2024-07-01,2024-07-31,1806,indexed:headerless_zip,derived-only recommended
raw_5f44fd4accea11ca,Binance Vision,data_local/raw/binance/spot/monthly/klines/UNIUSDT/1d/UNIUSDT-1d-2024-08.zip,.zip,31,12,2024-08-01,2024-08-31,1836,indexed:headerless_zip,derived-only recommended
raw_5800ae334287a46f,Binance Vision,data_local/raw/binance/spot/monthly/klines/UNIUSDT/1d/UNIUSDT-1d-2024-09.zip,.zip,30,12,2024-09-01,2024-09-30,1765,indexed:headerless_zip,derived-only recommended
raw_6c265d389a77512a,Binance Vision,data_local/raw/binance/spot/monthly/klines/UNIUSDT/1d/UNIUSDT-1d-2024-10.zip,.zip,31,12,2024-10-01,2024-10-31,1854,indexed:headerless_zip,derived-only recommended
raw_fbc819fef1d72496,Binance Vision,data_local/raw/binance/spot/monthly/klines/UNIUSDT/1d/UNIUSDT-1d-2024-11.zip,.zip,30,12,2024-11-01,2024-11-30,1856,indexed:headerless_zip,derived-only recommended
raw_2d995f45824ce82e,Binance Vision,data_local/raw/binance/spot/monthly/klines/UNIUSDT/1d/UNIUSDT-1d-2024-12.zip,.zip,31,12,2024-12-01,2024-12-31,1924,indexed:headerless_zip,derived-only recommended
raw_415a39ffa033c13a,Binance Vision,data_local/raw/binance/spot/monthly/klines/UNIUSDT/1d/UNIUSDT-1d-2025-01.zip,.zip,31,12,2025-01-01,2025-01-31,1935,indexed:headerless_zip,derived-only recommended
raw_f900b21a26529db1,Binance Vision,data_local/raw/binance/spot/monthly/klines/UNIUSDT/1d/UNIUSDT-1d-2025-02.zip,.zip,28,12,2025-02-01,2025-02-28,1750,indexed:headerless_zip,derived-only recommended
raw_dd7511a8c1e11875,Binance Vision,data_local/raw/binance/spot/monthly/klines/UNIUSDT/1d/UNIUSDT-1d-2025-03.zip,.zip,31,12,2025-03-01,2025-03-31,1874,indexed:headerless_zip,derived-only recommended
raw_cff87d73aa348bf9,Binance Vision,data_local/raw/binance/spot/monthly/klines/UNIUSDT/1d/UNIUSDT-1d-2025-04.zip,.zip,30,12,2025-04-01,2025-04-30,1813,indexed:headerless_zip,derived-only recommended
raw_a524d7b74a163959,Binance Vision,data_local/raw/binance/spot/monthly/klines/UNIUSDT/1d/UNIUSDT-1d-2025-05.zip,.zip,31,12,2025-05-01,2025-05-31,1897,indexed:headerless_zip,derived-only recommended
raw_89fadc332a61d799,Binance Vision,data_local/raw/binance/spot/monthly/klines/UNIUSDT/1d/UNIUSDT-1d-2025-06.zip,.zip,30,12,2025-06-01,2025-06-30,1871,indexed:headerless_zip,derived-only recommended
raw_7c71d285ffc02a4d,Binance Vision,data_local/raw/binance/spot/monthly/klines/UNIUSDT/1d/UNIUSDT-1d-2025-07.zip,.zip,31,12,2025-07-01,2025-07-31,1940,indexed:headerless_zip,derived-only recommended
raw_0301af6047fb5bc5,Binance Vision,data_local/raw/binance/spot/monthly/klines/UNIUSDT/1d/UNIUSDT-1d-2025-08.zip,.zip,31,12,2025-08-01,2025-08-31,1929,indexed:headerless_zip,derived-only recommended
raw_b6dfa2342618db73,Binance Vision,data_local/raw/binance/spot/monthly/klines/UNIUSDT/1d/UNIUSDT-1d-2025-09.zip,.zip,30,12,2025-09-01,2025-09-30,1822,indexed:headerless_zip,derived-only recommended
raw_cb44e91942e7e4c9,Binance Vision,data_local/raw/binance/spot/monthly/klines/UNIUSDT/1d/UNIUSDT-1d-2025-10.zip,.zip,31,12,2025-10-01,2025-10-31,1912,indexed:headerless_zip,derived-only recommended
raw_ae89a6f9ea175118,Binance Vision,data_local/raw/binance/spot/monthly/klines/UNIUSDT/1d/UNIUSDT-1d-2025-11.zip,.zip,30,12,2025-11-01,2025-11-30,1877,indexed:headerless_zip,derived-only recommended
raw_bbe59766e9c9437b,Binance Vision,data_local/raw/binance/spot/monthly/klines/UNIUSDT/1d/UNIUSDT-1d-2025-12.zip,.zip,31,12,2025-12-01,2025-12-31,1899,indexed:headerless_zip,derived-only recommended
raw_4a16ff94538224e4,Binance Vision,data_local/raw/binance/spot/monthly/klines/UNIUSDT/1d/UNIUSDT-1d-2026-01.zip,.zip,31,12,2026-01-01,2026-01-31,1878,indexed:headerless_zip,derived-only recommended
raw_e66bb9fad67cf6b1,Binance Vision,data_local/raw/binance/spot/monthly/klines/UNIUSDT/1d/UNIUSDT-1d-2026-02.zip,.zip,28,12,2026-02-01,2026-02-28,1693,indexed:headerless_zip,derived-only recommended
raw_5a3e506b0581921b,Binance Vision,data_local/raw/binance/spot/monthly/klines/UNIUSDT/1d/UNIUSDT-1d-2026-03.zip,.zip,31,12,2026-03-01,2026-03-31,1840,indexed:headerless_zip,derived-only recommended
raw_211c41635a9f74ae,Binance Vision,data_local/raw/binance/spot/monthly/klines/UNIUSDT/1d/UNIUSDT-1d-2026-04.zip,.zip,30,12,2026-04-01,2026-04-30,1782,indexed:headerless_zip,derived-only recommended
raw_20a73fba7c082d56,Binance Vision,data_local/raw/binance/spot/monthly/klines/UNIUSDT/1d/UNIUSDT-1d-2026-05.zip,.zip,31,12,2026-05-01,2026-05-31,1852,indexed:headerless_zip,derived-only recommended
raw_d42608f15c810535,Binance Vision,data_local/raw/binance/spot/monthly/klines/UNIUSDT/1d/UNIUSDT-1d-2026-06.zip,.zip,30,12,2026-06-01,2026-06-30,1795,indexed:headerless_zip,derived-only recommended
raw_38a0a7e670e0fb9a,Binance Vision,data_local/raw/binance/spot/monthly/klines/XLMUSDT/1d/XLMUSDT-1d-2021-01.zip,.zip,31,12,2021-01-01,2021-01-31,2026,indexed:headerless_zip,derived-only recommended
raw_fbb7195faa811f95,Binance Vision,data_local/raw/binance/spot/monthly/klines/XLMUSDT/1d/XLMUSDT-1d-2021-02.zip,.zip,28,12,2021-02-01,2021-02-28,1886,indexed:headerless_zip,derived-only recommended
raw_524455c8120a33bf,Binance Vision,data_local/raw/binance/spot/monthly/klines/XLMUSDT/1d/XLMUSDT-1d-2021-03.zip,.zip,31,12,2021-03-01,2021-03-31,1995,indexed:headerless_zip,derived-only recommended
raw_f0bf47a44b0c1076,Binance Vision,data_local/raw/binance/spot/monthly/klines/XLMUSDT/1d/XLMUSDT-1d-2021-04.zip,.zip,30,12,2021-04-01,2021-04-30,1977,indexed:headerless_zip,derived-only recommended
raw_dc90144e68aadf6e,Binance Vision,data_local/raw/binance/spot/monthly/klines/XLMUSDT/1d/XLMUSDT-1d-2021-05.zip,.zip,31,12,2021-05-01,2021-05-31,2047,indexed:headerless_zip,derived-only recommended
raw_3dbb8ef160a02073,Binance Vision,data_local/raw/binance/spot/monthly/klines/XLMUSDT/1d/XLMUSDT-1d-2021-06.zip,.zip,30,12,2021-06-01,2021-06-30,1921,indexed:headerless_zip,derived-only recommended
raw_2a575ab50469a0c8,Binance Vision,data_local/raw/binance/spot/monthly/klines/XLMUSDT/1d/XLMUSDT-1d-2021-07.zip,.zip,31,12,2021-07-01,2021-07-31,1934,indexed:headerless_zip,derived-only recommended
raw_7f3df2a555fab0bd,Binance Vision,data_local/raw/binance/spot/monthly/klines/XLMUSDT/1d/XLMUSDT-1d-2021-08.zip,.zip,31,12,2021-08-01,2021-08-31,1973,indexed:headerless_zip,derived-only recommended
raw_da5cdd71b8a96a1d,Binance Vision,data_local/raw/binance/spot/monthly/klines/XLMUSDT/1d/XLMUSDT-1d-2021-09.zip,.zip,30,12,2021-09-01,2021-09-30,1784,indexed:headerless_zip,derived-only recommended
raw_f7ea5499cd7f70de,Binance Vision,data_local/raw/binance/spot/monthly/klines/XLMUSDT/1d/XLMUSDT-1d-2021-10.zip,.zip,31,12,2021-10-01,2021-10-31,1805,indexed:headerless_zip,derived-only recommended
raw_8025906dfe72e7c8,Binance Vision,data_local/raw/binance/spot/monthly/klines/XLMUSDT/1d/XLMUSDT-1d-2021-11.zip,.zip,30,12,2021-11-01,2021-11-30,1749,indexed:headerless_zip,derived-only recommended
raw_2a62bdb744aca763,Binance Vision,data_local/raw/binance/spot/monthly/klines/XLMUSDT/1d/XLMUSDT-1d-2021-12.zip,.zip,31,12,2021-12-01,2021-12-31,1779,indexed:headerless_zip,derived-only recommended
raw_ad9dbf35882a8351,Binance Vision,data_local/raw/binance/spot/monthly/klines/XLMUSDT/1d/XLMUSDT-1d-2022-01.zip,.zip,31,12,2022-01-01,2022-01-31,1771,indexed:headerless_zip,derived-only recommended
raw_69bf050849fbb1c0,Binance Vision,data_local/raw/binance/spot/monthly/klines/XLMUSDT/1d/XLMUSDT-1d-2022-02.zip,.zip,28,12,2022-02-01,2022-02-28,1587,indexed:headerless_zip,derived-only recommended
raw_7abb03b2d91d7379,Binance Vision,data_local/raw/binance/spot/monthly/klines/XLMUSDT/1d/XLMUSDT-1d-2022-03.zip,.zip,31,12,2022-03-01,2022-03-31,1750,indexed:headerless_zip,derived-only recommended
raw_1cfe05e309f3f28d,Binance Vision,data_local/raw/binance/spot/monthly/klines/XLMUSDT/1d/XLMUSDT-1d-2022-04.zip,.zip,30,12,2022-04-01,2022-04-30,1685,indexed:headerless_zip,derived-only recommended
raw_eea882ae1c7db92c,Binance Vision,data_local/raw/binance/spot/monthly/klines/XLMUSDT/1d/XLMUSDT-1d-2022-05.zip,.zip,31,12,2022-05-01,2022-05-31,1748,indexed:headerless_zip,derived-only recommended
raw_ac05105785344083,Binance Vision,data_local/raw/binance/spot/monthly/klines/XLMUSDT/1d/XLMUSDT-1d-2022-06.zip,.zip,30,12,2022-06-01,2022-06-30,1676,indexed:headerless_zip,derived-only recommended
raw_ab2520cc85a768ff,Binance Vision,data_local/raw/binance/spot/monthly/klines/XLMUSDT/1d/XLMUSDT-1d-2022-07.zip,.zip,31,12,2022-07-01,2022-07-31,1705,indexed:headerless_zip,derived-only recommended
raw_74b784370076298b,Binance Vision,data_local/raw/binance/spot/monthly/klines/XLMUSDT/1d/XLMUSDT-1d-2022-08.zip,.zip,31,12,2022-08-01,2022-08-31,1706,indexed:headerless_zip,derived-only recommended
raw_5dff9b2f0a483277,Binance Vision,data_local/raw/binance/spot/monthly/klines/XLMUSDT/1d/XLMUSDT-1d-2022-09.zip,.zip,30,12,2022-09-01,2022-09-30,1646,indexed:headerless_zip,derived-only recommended
raw_7a2df3087bb3dc1c,Binance Vision,data_local/raw/binance/spot/monthly/klines/XLMUSDT/1d/XLMUSDT-1d-2022-10.zip,.zip,31,12,2022-10-01,2022-10-31,1689,indexed:headerless_zip,derived-only recommended
raw_646cdbf2a8843433,Binance Vision,data_local/raw/binance/spot/monthly/klines/XLMUSDT/1d/XLMUSDT-1d-2022-11.zip,.zip,30,12,2022-11-01,2022-11-30,1649,indexed:headerless_zip,derived-only recommended
raw_68185e7aac9c424d,Binance Vision,data_local/raw/binance/spot/monthly/klines/XLMUSDT/1d/XLMUSDT-1d-2022-12.zip,.zip,31,12,2022-12-01,2022-12-31,1649,indexed:headerless_zip,derived-only recommended
raw_5c76f3933200ab36,Binance Vision,data_local/raw/binance/spot/monthly/klines/XLMUSDT/1d/XLMUSDT-1d-2023-01.zip,.zip,31,12,2023-01-01,2023-01-31,1681,indexed:headerless_zip,derived-only recommended
raw_6add6079e0594365,Binance Vision,data_local/raw/binance/spot/monthly/klines/XLMUSDT/1d/XLMUSDT-1d-2023-02.zip,.zip,28,12,2023-02-01,2023-02-28,1524,indexed:headerless_zip,derived-only recommended
raw_a6d36d31f0b4d8ce,Binance Vision,data_local/raw/binance/spot/monthly/klines/XLMUSDT/1d/XLMUSDT-1d-2023-03.zip,.zip,31,12,2023-03-01,2023-03-31,1703,indexed:headerless_zip,derived-only recommended
raw_2c0aa6c19be8fa1f,Binance Vision,data_local/raw/binance/spot/monthly/klines/XLMUSDT/1d/XLMUSDT-1d-2023-04.zip,.zip,30,12,2023-04-01,2023-04-30,1618,indexed:headerless_zip,derived-only recommended
raw_f0cc1e296ac40113,Binance Vision,data_local/raw/binance/spot/monthly/klines/XLMUSDT/1d/XLMUSDT-1d-2023-05.zip,.zip,31,12,2023-05-01,2023-05-31,1610,indexed:headerless_zip,derived-only recommended
raw_6483885a635ba6a6,Binance Vision,data_local/raw/binance/spot/monthly/klines/XLMUSDT/1d/XLMUSDT-1d-2023-06.zip,.zip,30,12,2023-06-01,2023-06-30,1627,indexed:headerless_zip,derived-only recommended
raw_41caf6486985462a,Binance Vision,data_local/raw/binance/spot/monthly/klines/XLMUSDT/1d/XLMUSDT-1d-2023-07.zip,.zip,31,12,2023-07-01,2023-07-31,1756,indexed:headerless_zip,derived-only recommended
raw_e4005c19558fad54,Binance Vision,data_local/raw/binance/spot/monthly/klines/XLMUSDT/1d/XLMUSDT-1d-2023-08.zip,.zip,31,12,2023-08-01,2023-08-31,1693,indexed:headerless_zip,derived-only recommended
raw_3b5af60b04c2044f,Binance Vision,data_local/raw/binance/spot/monthly/klines/XLMUSDT/1d/XLMUSDT-1d-2023-09.zip,.zip,30,12,2023-09-01,2023-09-30,1652,indexed:headerless_zip,derived-only recommended
raw_37a0eeb1f442a1b9,Binance Vision,data_local/raw/binance/spot/monthly/klines/XLMUSDT/1d/XLMUSDT-1d-2023-10.zip,.zip,31,12,2023-10-01,2023-10-31,1666,indexed:headerless_zip,derived-only recommended
raw_41d1a833acb4ce12,Binance Vision,data_local/raw/binance/spot/monthly/klines/XLMUSDT/1d/XLMUSDT-1d-2023-11.zip,.zip,30,12,2023-11-01,2023-11-30,1641,indexed:headerless_zip,derived-only recommended
raw_e630c9454ab63417,Binance Vision,data_local/raw/binance/spot/monthly/klines/XLMUSDT/1d/XLMUSDT-1d-2023-12.zip,.zip,31,12,2023-12-01,2023-12-31,1693,indexed:headerless_zip,derived-only recommended
raw_3a0d3f591716c977,Binance Vision,data_local/raw/binance/spot/monthly/klines/XLMUSDT/1d/XLMUSDT-1d-2024-01.zip,.zip,31,12,2024-01-01,2024-01-31,1699,indexed:headerless_zip,derived-only recommended
raw_5d23813d6f58f6a6,Binance Vision,data_local/raw/binance/spot/monthly/klines/XLMUSDT/1d/XLMUSDT-1d-2024-02.zip,.zip,29,12,2024-02-01,2024-02-29,1577,indexed:headerless_zip,derived-only recommended
raw_c5c4f1392890e78f,Binance Vision,data_local/raw/binance/spot/monthly/klines/XLMUSDT/1d/XLMUSDT-1d-2024-03.zip,.zip,31,12,2024-03-01,2024-03-31,1760,indexed:headerless_zip,derived-only recommended
raw_f0f6f28bb2fcb958,Binance Vision,data_local/raw/binance/spot/monthly/klines/XLMUSDT/1d/XLMUSDT-1d-2024-04.zip,.zip,30,12,2024-04-01,2024-04-30,1665,indexed:headerless_zip,derived-only recommended
raw_4906f9d50dcecfa5,Binance Vision,data_local/raw/binance/spot/monthly/klines/XLMUSDT/1d/XLMUSDT-1d-2024-05.zip,.zip,31,12,2024-05-01,2024-05-31,1662,indexed:headerless_zip,derived-only recommended
raw_bb88689487cb6ba8,Binance Vision,data_local/raw/binance/spot/monthly/klines/XLMUSDT/1d/XLMUSDT-1d-2024-06.zip,.zip,30,12,2024-06-01,2024-06-30,1615,indexed:headerless_zip,derived-only recommended
raw_13dfbdab952afcb7,Binance Vision,data_local/raw/binance/spot/monthly/klines/XLMUSDT/1d/XLMUSDT-1d-2024-07.zip,.zip,31,12,2024-07-01,2024-07-31,1692,indexed:headerless_zip,derived-only recommended
raw_0bf92cc2c4b4e2be,Binance Vision,data_local/raw/binance/spot/monthly/klines/XLMUSDT/1d/XLMUSDT-1d-2024-08.zip,.zip,31,12,2024-08-01,2024-08-31,1681,indexed:headerless_zip,derived-only recommended
raw_83dea25a20f477ca,Binance Vision,data_local/raw/binance/spot/monthly/klines/XLMUSDT/1d/XLMUSDT-1d-2024-09.zip,.zip,30,12,2024-09-01,2024-09-30,1598,indexed:headerless_zip,derived-only recommended
raw_206d2ea1a8859fc0,Binance Vision,data_local/raw/binance/spot/monthly/klines/XLMUSDT/1d/XLMUSDT-1d-2024-10.zip,.zip,31,12,2024-10-01,2024-10-31,1649,indexed:headerless_zip,derived-only recommended
raw_ca693484dc7a32cd,Binance Vision,data_local/raw/binance/spot/monthly/klines/XLMUSDT/1d/XLMUSDT-1d-2024-11.zip,.zip,30,12,2024-11-01,2024-11-30,1783,indexed:headerless_zip,derived-only recommended
raw_361fd9185ecac240,Binance Vision,data_local/raw/binance/spot/monthly/klines/XLMUSDT/1d/XLMUSDT-1d-2024-12.zip,.zip,31,12,2024-12-01,2024-12-31,1845,indexed:headerless_zip,derived-only recommended
raw_2611fae93019346a,Binance Vision,data_local/raw/binance/spot/monthly/klines/XLMUSDT/1d/XLMUSDT-1d-2025-01.zip,.zip,31,12,2025-01-01,2025-01-31,1851,indexed:headerless_zip,derived-only recommended
raw_f2a40af3eee458a0,Binance Vision,data_local/raw/binance/spot/monthly/klines/XLMUSDT/1d/XLMUSDT-1d-2025-02.zip,.zip,28,12,2025-02-01,2025-02-28,1647,indexed:headerless_zip,derived-only recommended
raw_e5b6a0545e22a6d8,Binance Vision,data_local/raw/binance/spot/monthly/klines/XLMUSDT/1d/XLMUSDT-1d-2025-03.zip,.zip,31,12,2025-03-01,2025-03-31,1788,indexed:headerless_zip,derived-only recommended
raw_826240f3b10e8e87,Binance Vision,data_local/raw/binance/spot/monthly/klines/XLMUSDT/1d/XLMUSDT-1d-2025-04.zip,.zip,30,12,2025-04-01,2025-04-30,1711,indexed:headerless_zip,derived-only recommended
raw_34f155a05bac240f,Binance Vision,data_local/raw/binance/spot/monthly/klines/XLMUSDT/1d/XLMUSDT-1d-2025-05.zip,.zip,31,12,2025-05-01,2025-05-31,1782,indexed:headerless_zip,derived-only recommended
raw_52d73ae101763348,Binance Vision,data_local/raw/binance/spot/monthly/klines/XLMUSDT/1d/XLMUSDT-1d-2025-06.zip,.zip,30,12,2025-06-01,2025-06-30,1690,indexed:headerless_zip,derived-only recommended
raw_4f63fecb9ff2c570,Binance Vision,data_local/raw/binance/spot/monthly/klines/XLMUSDT/1d/XLMUSDT-1d-2025-07.zip,.zip,31,12,2025-07-01,2025-07-31,1822,indexed:headerless_zip,derived-only recommended
raw_9b78a2e924de78ed,Binance Vision,data_local/raw/binance/spot/monthly/klines/XLMUSDT/1d/XLMUSDT-1d-2025-08.zip,.zip,31,12,2025-08-01,2025-08-31,1818,indexed:headerless_zip,derived-only recommended
raw_8f58310899c7ba45,Binance Vision,data_local/raw/binance/spot/monthly/klines/XLMUSDT/1d/XLMUSDT-1d-2025-09.zip,.zip,30,12,2025-09-01,2025-09-30,1696,indexed:headerless_zip,derived-only recommended
raw_9bda41f1e16606e0,Binance Vision,data_local/raw/binance/spot/monthly/klines/XLMUSDT/1d/XLMUSDT-1d-2025-10.zip,.zip,31,12,2025-10-01,2025-10-31,1781,indexed:headerless_zip,derived-only recommended
raw_8dc2bec8f1d8f0ed,Binance Vision,data_local/raw/binance/spot/monthly/klines/XLMUSDT/1d/XLMUSDT-1d-2025-11.zip,.zip,30,12,2025-11-01,2025-11-30,1732,indexed:headerless_zip,derived-only recommended
raw_c517415527161ff1,Binance Vision,data_local/raw/binance/spot/monthly/klines/XLMUSDT/1d/XLMUSDT-1d-2025-12.zip,.zip,31,12,2025-12-01,2025-12-31,1730,indexed:headerless_zip,derived-only recommended
raw_1cae80437ec69cf0,Binance Vision,data_local/raw/binance/spot/monthly/klines/XLMUSDT/1d/XLMUSDT-1d-2026-01.zip,.zip,31,12,2026-01-01,2026-01-31,1744,indexed:headerless_zip,derived-only recommended
raw_a667566c382ec7ff,Binance Vision,data_local/raw/binance/spot/monthly/klines/XLMUSDT/1d/XLMUSDT-1d-2026-02.zip,.zip,28,12,2026-02-01,2026-02-28,1591,indexed:headerless_zip,derived-only recommended
raw_e8ff5c83e3aa1a75,Binance Vision,data_local/raw/binance/spot/monthly/klines/XLMUSDT/1d/XLMUSDT-1d-2026-03.zip,.zip,31,12,2026-03-01,2026-03-31,1718,indexed:headerless_zip,derived-only recommended
raw_12c0e1c44e176e2a,Binance Vision,data_local/raw/binance/spot/monthly/klines/XLMUSDT/1d/XLMUSDT-1d-2026-04.zip,.zip,30,12,2026-04-01,2026-04-30,1669,indexed:headerless_zip,derived-only recommended
raw_8f15cdee2f367524,Binance Vision,data_local/raw/binance/spot/monthly/klines/XLMUSDT/1d/XLMUSDT-1d-2026-05.zip,.zip,31,12,2026-05-01,2026-05-31,1748,indexed:headerless_zip,derived-only recommended
raw_847e6da2afa432e4,Binance Vision,data_local/raw/binance/spot/monthly/klines/XLMUSDT/1d/XLMUSDT-1d-2026-06.zip,.zip,30,12,2026-06-01,2026-06-30,1751,indexed:headerless_zip,derived-only recommended
raw_1fc179060130d611,Binance Vision,data_local/raw/binance/spot/monthly/klines/XRPUSDT/1d/XRPUSDT-1d-2021-01.zip,.zip,31,12,2021-01-01,2021-01-31,2040,indexed:headerless_zip,derived-only recommended
raw_3d34231ddcc51a4a,Binance Vision,data_local/raw/binance/spot/monthly/klines/XRPUSDT/1d/XRPUSDT-1d-2021-02.zip,.zip,28,12,2021-02-01,2021-02-28,1887,indexed:headerless_zip,derived-only recommended
raw_9e3006fc4ee0b473,Binance Vision,data_local/raw/binance/spot/monthly/klines/XRPUSDT/1d/XRPUSDT-1d-2021-03.zip,.zip,31,12,2021-03-01,2021-03-31,2040,indexed:headerless_zip,derived-only recommended
raw_bbbe097609c200ae,Binance Vision,data_local/raw/binance/spot/monthly/klines/XRPUSDT/1d/XRPUSDT-1d-2021-04.zip,.zip,30,12,2021-04-01,2021-04-30,2075,indexed:headerless_zip,derived-only recommended
raw_b3923477a5a86c3f,Binance Vision,data_local/raw/binance/spot/monthly/klines/XRPUSDT/1d/XRPUSDT-1d-2021-05.zip,.zip,31,12,2021-05-01,2021-05-31,2091,indexed:headerless_zip,derived-only recommended
raw_2926a478728dcdac,Binance Vision,data_local/raw/binance/spot/monthly/klines/XRPUSDT/1d/XRPUSDT-1d-2021-06.zip,.zip,30,12,2021-06-01,2021-06-30,1984,indexed:headerless_zip,derived-only recommended
raw_cfcd6ed4cbd991e9,Binance Vision,data_local/raw/binance/spot/monthly/klines/XRPUSDT/1d/XRPUSDT-1d-2021-07.zip,.zip,31,12,2021-07-01,2021-07-31,2018,indexed:headerless_zip,derived-only recommended
raw_12f50c98a4037f24,Binance Vision,data_local/raw/binance/spot/monthly/klines/XRPUSDT/1d/XRPUSDT-1d-2021-08.zip,.zip,31,12,2021-08-01,2021-08-31,2064,indexed:headerless_zip,derived-only recommended
raw_3b4d224121b002d6,Binance Vision,data_local/raw/binance/spot/monthly/klines/XRPUSDT/1d/XRPUSDT-1d-2021-09.zip,.zip,30,12,2021-09-01,2021-09-30,1885,indexed:headerless_zip,derived-only recommended
raw_d469b181cb16062a,Binance Vision,data_local/raw/binance/spot/monthly/klines/XRPUSDT/1d/XRPUSDT-1d-2021-10.zip,.zip,31,12,2021-10-01,2021-10-31,1871,indexed:headerless_zip,derived-only recommended
raw_55b90fe55078168e,Binance Vision,data_local/raw/binance/spot/monthly/klines/XRPUSDT/1d/XRPUSDT-1d-2021-11.zip,.zip,30,12,2021-11-01,2021-11-30,1838,indexed:headerless_zip,derived-only recommended
raw_9dc601b9cc7d41a4,Binance Vision,data_local/raw/binance/spot/monthly/klines/XRPUSDT/1d/XRPUSDT-1d-2021-12.zip,.zip,31,12,2021-12-01,2021-12-31,1871,indexed:headerless_zip,derived-only recommended
raw_9cd58677f52a78b7,Binance Vision,data_local/raw/binance/spot/monthly/klines/XRPUSDT/1d/XRPUSDT-1d-2022-01.zip,.zip,31,12,2022-01-01,2022-01-31,1850,indexed:headerless_zip,derived-only recommended
raw_aa3c582ee521cb8d,Binance Vision,data_local/raw/binance/spot/monthly/klines/XRPUSDT/1d/XRPUSDT-1d-2022-02.zip,.zip,28,12,2022-02-01,2022-02-28,1698,indexed:headerless_zip,derived-only recommended
raw_6aaf35368f61aa6f,Binance Vision,data_local/raw/binance/spot/monthly/klines/XRPUSDT/1d/XRPUSDT-1d-2022-03.zip,.zip,31,12,2022-03-01,2022-03-31,1868,indexed:headerless_zip,derived-only recommended
raw_0fb3c39028ed35af,Binance Vision,data_local/raw/binance/spot/monthly/klines/XRPUSDT/1d/XRPUSDT-1d-2022-04.zip,.zip,30,12,2022-04-01,2022-04-30,1776,indexed:headerless_zip,derived-only recommended
raw_0e08a07e19e13e60,Binance Vision,data_local/raw/binance/spot/monthly/klines/XRPUSDT/1d/XRPUSDT-1d-2022-05.zip,.zip,31,12,2022-05-01,2022-05-31,1873,indexed:headerless_zip,derived-only recommended
raw_ba7ade9bd213f8f8,Binance Vision,data_local/raw/binance/spot/monthly/klines/XRPUSDT/1d/XRPUSDT-1d-2022-06.zip,.zip,30,12,2022-06-01,2022-06-30,1780,indexed:headerless_zip,derived-only recommended
raw_db68bd4e4b6b28bb,Binance Vision,data_local/raw/binance/spot/monthly/klines/XRPUSDT/1d/XRPUSDT-1d-2022-07.zip,.zip,31,12,2022-07-01,2022-07-31,1815,indexed:headerless_zip,derived-only recommended
raw_ceccdff170deb5a7,Binance Vision,data_local/raw/binance/spot/monthly/klines/XRPUSDT/1d/XRPUSDT-1d-2022-08.zip,.zip,31,12,2022-08-01,2022-08-31,1782,indexed:headerless_zip,derived-only recommended
raw_b55df189416c4463,Binance Vision,data_local/raw/binance/spot/monthly/klines/XRPUSDT/1d/XRPUSDT-1d-2022-09.zip,.zip,30,12,2022-09-01,2022-09-30,1789,indexed:headerless_zip,derived-only recommended
raw_96472a527bafce85,Binance Vision,data_local/raw/binance/spot/monthly/klines/XRPUSDT/1d/XRPUSDT-1d-2022-10.zip,.zip,31,12,2022-10-01,2022-10-31,1827,indexed:headerless_zip,derived-only recommended
raw_5fbc08b104ad0c1e,Binance Vision,data_local/raw/binance/spot/monthly/klines/XRPUSDT/1d/XRPUSDT-1d-2022-11.zip,.zip,30,12,2022-11-01,2022-11-30,1785,indexed:headerless_zip,derived-only recommended
raw_5717faf891ba50a6,Binance Vision,data_local/raw/binance/spot/monthly/klines/XRPUSDT/1d/XRPUSDT-1d-2022-12.zip,.zip,31,12,2022-12-01,2022-12-31,1788,indexed:headerless_zip,derived-only recommended
raw_abf0e6496fcb673e,Binance Vision,data_local/raw/binance/spot/monthly/klines/XRPUSDT/1d/XRPUSDT-1d-2023-01.zip,.zip,31,12,2023-01-01,2023-01-31,1825,indexed:headerless_zip,derived-only recommended
raw_331df408baaeb4a6,Binance Vision,data_local/raw/binance/spot/monthly/klines/XRPUSDT/1d/XRPUSDT-1d-2023-02.zip,.zip,28,12,2023-02-01,2023-02-28,1632,indexed:headerless_zip,derived-only recommended
raw_5ed5659835f06c04,Binance Vision,data_local/raw/binance/spot/monthly/klines/XRPUSDT/1d/XRPUSDT-1d-2023-03.zip,.zip,31,12,2023-03-01,2023-03-31,1845,indexed:headerless_zip,derived-only recommended
raw_db48d3bb3a5673f3,Binance Vision,data_local/raw/binance/spot/monthly/klines/XRPUSDT/1d/XRPUSDT-1d-2023-04.zip,.zip,30,12,2023-04-01,2023-04-30,1782,indexed:headerless_zip,derived-only recommended
raw_e9ae7e5f39d7193c,Binance Vision,data_local/raw/binance/spot/monthly/klines/XRPUSDT/1d/XRPUSDT-1d-2023-05.zip,.zip,31,12,2023-05-01,2023-05-31,1809,indexed:headerless_zip,derived-only recommended
raw_575abbc08fa6a77d,Binance Vision,data_local/raw/binance/spot/monthly/klines/XRPUSDT/1d/XRPUSDT-1d-2023-06.zip,.zip,30,12,2023-06-01,2023-06-30,1777,indexed:headerless_zip,derived-only recommended
raw_4b4979668f1533e8,Binance Vision,data_local/raw/binance/spot/monthly/klines/XRPUSDT/1d/XRPUSDT-1d-2023-07.zip,.zip,31,12,2023-07-01,2023-07-31,1851,indexed:headerless_zip,derived-only recommended
raw_6206a9d5a9f85fc6,Binance Vision,data_local/raw/binance/spot/monthly/klines/XRPUSDT/1d/XRPUSDT-1d-2023-08.zip,.zip,31,12,2023-08-01,2023-08-31,1834,indexed:headerless_zip,derived-only recommended
raw_fe76cc357dffdbdd,Binance Vision,data_local/raw/binance/spot/monthly/klines/XRPUSDT/1d/XRPUSDT-1d-2023-09.zip,.zip,30,12,2023-09-01,2023-09-30,1745,indexed:headerless_zip,derived-only recommended
raw_efdeb5836ced8c0c,Binance Vision,data_local/raw/binance/spot/monthly/klines/XRPUSDT/1d/XRPUSDT-1d-2023-10.zip,.zip,31,12,2023-10-01,2023-10-31,1830,indexed:headerless_zip,derived-only recommended
raw_758cd7e2fdac9d6d,Binance Vision,data_local/raw/binance/spot/monthly/klines/XRPUSDT/1d/XRPUSDT-1d-2023-11.zip,.zip,30,12,2023-11-01,2023-11-30,1791,indexed:headerless_zip,derived-only recommended
raw_3347943a0a63b216,Binance Vision,data_local/raw/binance/spot/monthly/klines/XRPUSDT/1d/XRPUSDT-1d-2023-12.zip,.zip,31,12,2023-12-01,2023-12-31,1818,indexed:headerless_zip,derived-only recommended
raw_23b6b79185339809,Binance Vision,data_local/raw/binance/spot/monthly/klines/XRPUSDT/1d/XRPUSDT-1d-2024-01.zip,.zip,31,12,2024-01-01,2024-01-31,1855,indexed:headerless_zip,derived-only recommended
raw_6d8c9135cbedaada,Binance Vision,data_local/raw/binance/spot/monthly/klines/XRPUSDT/1d/XRPUSDT-1d-2024-02.zip,.zip,29,12,2024-02-01,2024-02-29,1719,indexed:headerless_zip,derived-only recommended
raw_40313ff0a38078af,Binance Vision,data_local/raw/binance/spot/monthly/klines/XRPUSDT/1d/XRPUSDT-1d-2024-03.zip,.zip,31,12,2024-03-01,2024-03-31,1875,indexed:headerless_zip,derived-only recommended
raw_24912bc7ef378d37,Binance Vision,data_local/raw/binance/spot/monthly/klines/XRPUSDT/1d/XRPUSDT-1d-2024-04.zip,.zip,30,12,2024-04-01,2024-04-30,1814,indexed:headerless_zip,derived-only recommended
raw_b738d7b4c5d3e64a,Binance Vision,data_local/raw/binance/spot/monthly/klines/XRPUSDT/1d/XRPUSDT-1d-2024-05.zip,.zip,31,12,2024-05-01,2024-05-31,1811,indexed:headerless_zip,derived-only recommended
raw_94a226e93f10304c,Binance Vision,data_local/raw/binance/spot/monthly/klines/XRPUSDT/1d/XRPUSDT-1d-2024-06.zip,.zip,30,12,2024-06-01,2024-06-30,1750,indexed:headerless_zip,derived-only recommended
raw_92d2a47f329e1b30,Binance Vision,data_local/raw/binance/spot/monthly/klines/XRPUSDT/1d/XRPUSDT-1d-2024-07.zip,.zip,31,12,2024-07-01,2024-07-31,1852,indexed:headerless_zip,derived-only recommended
raw_029bc3df61b9f5d8,Binance Vision,data_local/raw/binance/spot/monthly/klines/XRPUSDT/1d/XRPUSDT-1d-2024-08.zip,.zip,31,12,2024-08-01,2024-08-31,1837,indexed:headerless_zip,derived-only recommended
raw_17b42e541aeda396,Binance Vision,data_local/raw/binance/spot/monthly/klines/XRPUSDT/1d/XRPUSDT-1d-2024-09.zip,.zip,30,12,2024-09-01,2024-09-30,1772,indexed:headerless_zip,derived-only recommended
raw_91b97589b0896128,Binance Vision,data_local/raw/binance/spot/monthly/klines/XRPUSDT/1d/XRPUSDT-1d-2024-10.zip,.zip,31,12,2024-10-01,2024-10-31,1809,indexed:headerless_zip,derived-only recommended
raw_1c7fb323e6c3d6b1,Binance Vision,data_local/raw/binance/spot/monthly/klines/XRPUSDT/1d/XRPUSDT-1d-2024-11.zip,.zip,30,12,2024-11-01,2024-11-30,1883,indexed:headerless_zip,derived-only recommended
raw_ea445c4bbeb4edc9,Binance Vision,data_local/raw/binance/spot/monthly/klines/XRPUSDT/1d/XRPUSDT-1d-2024-12.zip,.zip,31,12,2024-12-01,2024-12-31,1972,indexed:headerless_zip,derived-only recommended
raw_f0b629e4bb755cd2,Binance Vision,data_local/raw/binance/spot/monthly/klines/XRPUSDT/1d/XRPUSDT-1d-2025-01.zip,.zip,31,12,2025-01-01,2025-01-31,1957,indexed:headerless_zip,derived-only recommended
raw_c0c7309a3698ecd9,Binance Vision,data_local/raw/binance/spot/monthly/klines/XRPUSDT/1d/XRPUSDT-1d-2025-02.zip,.zip,28,12,2025-02-01,2025-02-28,1753,indexed:headerless_zip,derived-only recommended
raw_f9a72c80788bd135,Binance Vision,data_local/raw/binance/spot/monthly/klines/XRPUSDT/1d/XRPUSDT-1d-2025-03.zip,.zip,31,12,2025-03-01,2025-03-31,1905,indexed:headerless_zip,derived-only recommended
raw_4d458a4e85ce989f,Binance Vision,data_local/raw/binance/spot/monthly/klines/XRPUSDT/1d/XRPUSDT-1d-2025-04.zip,.zip,30,12,2025-04-01,2025-04-30,1888,indexed:headerless_zip,derived-only recommended
raw_b323eb7fb2ca1cfd,Binance Vision,data_local/raw/binance/spot/monthly/klines/XRPUSDT/1d/XRPUSDT-1d-2025-05.zip,.zip,31,12,2025-05-01,2025-05-31,1971,indexed:headerless_zip,derived-only recommended
raw_be8b1ea318d72a4a,Binance Vision,data_local/raw/binance/spot/monthly/klines/XRPUSDT/1d/XRPUSDT-1d-2025-06.zip,.zip,30,12,2025-06-01,2025-06-30,1903,indexed:headerless_zip,derived-only recommended
raw_a115a0fb9ac913a8,Binance Vision,data_local/raw/binance/spot/monthly/klines/XRPUSDT/1d/XRPUSDT-1d-2025-07.zip,.zip,31,12,2025-07-01,2025-07-31,2013,indexed:headerless_zip,derived-only recommended
raw_1558bbd2aa782316,Binance Vision,data_local/raw/binance/spot/monthly/klines/XRPUSDT/1d/XRPUSDT-1d-2025-08.zip,.zip,31,12,2025-08-01,2025-08-31,1992,indexed:headerless_zip,derived-only recommended
raw_e103b1059c6a4320,Binance Vision,data_local/raw/binance/spot/monthly/klines/XRPUSDT/1d/XRPUSDT-1d-2025-09.zip,.zip,30,12,2025-09-01,2025-09-30,1911,indexed:headerless_zip,derived-only recommended
raw_8123ddba9e828433,Binance Vision,data_local/raw/binance/spot/monthly/klines/XRPUSDT/1d/XRPUSDT-1d-2025-10.zip,.zip,31,12,2025-10-01,2025-10-31,1989,indexed:headerless_zip,derived-only recommended
raw_c743a2cbf046a4bf,Binance Vision,data_local/raw/binance/spot/monthly/klines/XRPUSDT/1d/XRPUSDT-1d-2025-11.zip,.zip,30,12,2025-11-01,2025-11-30,1919,indexed:headerless_zip,derived-only recommended
raw_8ae40f959ff694a2,Binance Vision,data_local/raw/binance/spot/monthly/klines/XRPUSDT/1d/XRPUSDT-1d-2025-12.zip,.zip,31,12,2025-12-01,2025-12-31,1937,indexed:headerless_zip,derived-only recommended
raw_ac66ba15c001f556,Binance Vision,data_local/raw/binance/spot/monthly/klines/XRPUSDT/1d/XRPUSDT-1d-2026-01.zip,.zip,31,12,2026-01-01,2026-01-31,1954,indexed:headerless_zip,derived-only recommended
raw_0021c224641a1a2e,Binance Vision,data_local/raw/binance/spot/monthly/klines/XRPUSDT/1d/XRPUSDT-1d-2026-02.zip,.zip,28,12,2026-02-01,2026-02-28,1781,indexed:headerless_zip,derived-only recommended
raw_a44c86b738eea6a9,Binance Vision,data_local/raw/binance/spot/monthly/klines/XRPUSDT/1d/XRPUSDT-1d-2026-03.zip,.zip,31,12,2026-03-01,2026-03-31,1927,indexed:headerless_zip,derived-only recommended
raw_165aebb2e8b21b7a,Binance Vision,data_local/raw/binance/spot/monthly/klines/XRPUSDT/1d/XRPUSDT-1d-2026-04.zip,.zip,30,12,2026-04-01,2026-04-30,1865,indexed:headerless_zip,derived-only recommended
raw_07092e059326a225,Binance Vision,data_local/raw/binance/spot/monthly/klines/XRPUSDT/1d/XRPUSDT-1d-2026-05.zip,.zip,31,12,2026-05-01,2026-05-31,1922,indexed:headerless_zip,derived-only recommended
raw_26c6bff70132ef9e,Binance Vision,data_local/raw/binance/spot/monthly/klines/XRPUSDT/1d/XRPUSDT-1d-2026-06.zip,.zip,30,12,2026-06-01,2026-06-30,1870,indexed:headerless_zip,derived-only recommended
raw_758d34c2064b2cfd,CFTC,data_local/raw/cftc/fut_fin_txt_2017.zip,.zip,2110,87,2017-01-03,2017-12-26,395830,indexed:zip_csv,public/re-distributable
raw_1b407520e39eb45a,CFTC,data_local/raw/cftc/fut_fin_txt_2018.zip,.zip,2538,87,2018-01-02,2018-12-31,458570,indexed:zip_csv,public/re-distributable
raw_ff326ad42a2661d1,CFTC,data_local/raw/cftc/fut_fin_txt_2019.zip,.zip,2518,87,2019-01-08,2019-12-31,454803,indexed:zip_csv,public/re-distributable
raw_dfa1f0d7d7c69638,CFTC,data_local/raw/cftc/fut_fin_txt_2020.zip,.zip,2345,87,2020-01-07,2020-12-29,430721,indexed:zip_csv,public/re-distributable
raw_fbe576dddf906c4b,CFTC,data_local/raw/cftc/fut_fin_txt_2021.zip,.zip,2603,87,2021-01-05,2021-12-28,466549,indexed:zip_csv,public/re-distributable
raw_f3c5b7065333f968,CFTC,data_local/raw/cftc/fut_fin_txt_2022.zip,.zip,2719,87,2022-01-04,2022-12-27,494559,indexed:zip_csv,public/re-distributable
raw_bddbf7b886ff2d61,CFTC,data_local/raw/cftc/fut_fin_txt_2023.zip,.zip,2809,87,2023-01-03,2023-12-26,506931,indexed:zip_csv,public/re-distributable
raw_cb6629e9b65eb5cf,CFTC,data_local/raw/cftc/fut_fin_txt_2024.zip,.zip,3163,87,2024-01-02,2024-12-31,563591,indexed:zip_csv,public/re-distributable
raw_cf86e8b166991f82,CFTC,data_local/raw/cftc/fut_fin_txt_2025.zip,.zip,3686,87,2025-01-07,2025-12-30,627068,indexed:zip_csv,public/re-distributable
raw_14baedecb9780d2e,CFTC,data_local/raw/cftc/fut_fin_txt_2026.zip,.zip,2410,87,2026-01-06,2026-07-14,389968,indexed:zip_csv,public/re-distributable
raw_309e901dec4cf1c2,CryptoQuant,data_local/raw/cryptoquant/BTC/Addresses/Bitcoin Active Addresses - Day.csv,.csv,6307,2,2009-01-03,2026-04-10,116837,indexed,uncertain/restricted
raw_b5771613576e09ea,CryptoQuant,data_local/raw/cryptoquant/BTC/Addresses/Bitcoin Active Receiving Addresses - Day.csv,.csv,6307,2,2009-01-03,2026-04-10,116222,indexed,uncertain/restricted
raw_8105c931334d78a6,CryptoQuant,data_local/raw/cryptoquant/BTC/Addresses/Bitcoin Active Sending Addresses - Day.csv,.csv,6307,2,2009-01-03,2026-04-10,115335,indexed,uncertain/restricted
raw_c4a508f90fa86b97,CryptoQuant,data_local/raw/cryptoquant/BTC/Addresses/README.md,.md,,0,,,2098,indexed:non_tabular,uncertain/restricted
raw_2ddc072cd84e254c,CryptoQuant,data_local/raw/cryptoquant/BTC/BTC_Metrics.txt,.txt,,0,,,18510,indexed:non_tabular,uncertain/restricted
raw_0c458becfccb5dc1,CryptoQuant,data_local/raw/cryptoquant/BTC/Derivatives/Bitcoin Estimated Leverage Ratio - All Exchanges - Day.csv,.csv,2569,2,2019-03-30,2026-04-10,58803,indexed,uncertain/restricted
raw_da95052c798bbcae,CryptoQuant,data_local/raw/cryptoquant/BTC/Derivatives/Bitcoin Funding Rates - All Exchanges - Day.csv,.csv,3619,2,2016-05-15,2026-04-11,105246,indexed,uncertain/restricted
raw_19d2048b79f78e96,CryptoQuant,"data_local/raw/cryptoquant/BTC/Derivatives/Bitcoin Futures Taker CVD(Cumulative Volume Delta, 90-day) - Day.csv",.csv,2646,4,2019-01-13,2026-04-11,63765,indexed,uncertain/restricted
raw_40b78b12da14b98f,CryptoQuant,"data_local/raw/cryptoquant/BTC/Derivatives/Bitcoin Long Liquidations - All Exchanges, All Symbol - Day.csv",.csv,2670,2,2018-12-20,2026-04-11,67228,indexed,uncertain/restricted
raw_64e3915202e4b5bc,CryptoQuant,"data_local/raw/cryptoquant/BTC/Derivatives/Bitcoin Long Liquidations USD - All Exchanges, All Symbol - Day.csv",.csv,2670,2,2018-12-20,2026-04-11,74914,indexed,uncertain/restricted
raw_689fdf40d6f5a6ea,CryptoQuant,"data_local/raw/cryptoquant/BTC/Derivatives/Bitcoin Open Interest - All Exchanges, All Symbol - Day.csv",.csv,2570,2,2019-03-30,2026-04-11,75895,indexed,uncertain/restricted
raw_45e3fbdb40566c7e,CryptoQuant,"data_local/raw/cryptoquant/BTC/Derivatives/Bitcoin Short Liquidations - All Exchanges, All Symbol - Day.csv",.csv,2670,2,2018-12-20,2026-04-11,66917,indexed,uncertain/restricted
raw_9aae647cb3c6fde7,CryptoQuant,"data_local/raw/cryptoquant/BTC/Derivatives/Bitcoin Short Liquidations USD - All Exchanges, All Symbol - Day.csv",.csv,2670,2,2018-12-20,2026-04-11,74492,indexed,uncertain/restricted
raw_54b751c0f549d336,CryptoQuant,data_local/raw/cryptoquant/BTC/Derivatives/README.md,.md,,0,,,3797,indexed:non_tabular,uncertain/restricted
raw_b2a4a9445f8e5548,CryptoQuant,data_local/raw/cryptoquant/BTC/Exchange Flows/Bitcoin Exchange Depositing Addresses - All Exchanges - Day.csv,.csv,6310,2,2009-01-01,2026-04-11,107726,indexed,uncertain/restricted
raw_5dc4533938fc9cd6,CryptoQuant,data_local/raw/cryptoquant/BTC/Exchange Flows/Bitcoin Exchange Depositing Transactions - All Exchanges - Day.csv,.csv,6310,2,2009-01-01,2026-04-11,106809,indexed,uncertain/restricted
raw_3fd0a7a421ac72f6,CryptoQuant,data_local/raw/cryptoquant/BTC/Exchange Flows/Bitcoin Exchange In-House Flow (Mean) - All Exchanges - Day.csv,.csv,6310,2,2009-01-01,2026-04-11,138713,indexed,uncertain/restricted
raw_665aca5aef3d4e13,CryptoQuant,data_local/raw/cryptoquant/BTC/Exchange Flows/Bitcoin Exchange In-House Flow (Total) - All Exchanges - Day.csv,.csv,6310,2,2009-01-01,2026-04-11,154984,indexed,uncertain/restricted
raw_854c8be24fb7f28a,CryptoQuant,data_local/raw/cryptoquant/BTC/Exchange Flows/Bitcoin Exchange In-House Transactions - All Exchanges - Day.csv,.csv,6310,2,2009-01-01,2026-04-11,102397,indexed,uncertain/restricted
raw_d10d415564831be7,CryptoQuant,data_local/raw/cryptoquant/BTC/Exchange Flows/Bitcoin Exchange Inflow (Mean) - All Exchanges - Day.csv,.csv,6310,2,2009-01-01,2026-04-11,135970,indexed,uncertain/restricted
raw_b8bc83c6b014343f,CryptoQuant,data_local/raw/cryptoquant/BTC/Exchange Flows/Bitcoin Exchange Inflow (Top10) - All Exchanges - Day.csv,.csv,6310,2,2009-01-01,2026-04-11,154175,indexed,uncertain/restricted
raw_eeb52a9a0ab3574f,CryptoQuant,data_local/raw/cryptoquant/BTC/Exchange Flows/Bitcoin Exchange Inflow (Total) - All Exchanges - Day.csv,.csv,6310,2,2009-01-01,2026-04-11,154262,indexed,uncertain/restricted
raw_036a0ea06a71fc5d,CryptoQuant,data_local/raw/cryptoquant/BTC/Exchange Flows/Bitcoin Exchange Inflow - Spent Output Age Bands - All Exchanges - Day.csv,.csv,5122,14,2012-04-02,2026-04-10,776525,indexed,uncertain/restricted
raw_87d8ebf29c15d266,CryptoQuant,data_local/raw/cryptoquant/BTC/Exchange Flows/Bitcoin Exchange Inflow - Spent Output Value Bands - All Exchanges - Day.csv,.csv,5122,9,2012-04-02,2026-04-10,556551,indexed,uncertain/restricted
raw_6e5577e7ac850d6f,CryptoQuant,data_local/raw/cryptoquant/BTC/Exchange Flows/Bitcoin Exchange Netflow (Total) - All Exchanges - Day.csv,.csv,6310,2,2009-01-01,2026-04-11,151230,indexed,uncertain/restricted
raw_74cfe20c77cef6a8,CryptoQuant,data_local/raw/cryptoquant/BTC/Exchange Flows/Bitcoin Exchange Outflow (Mean) - All Exchanges - Day.csv,.csv,6310,2,2009-01-01,2026-04-11,135705,indexed,uncertain/restricted
raw_bbf00b660a0953d4,CryptoQuant,data_local/raw/cryptoquant/BTC/Exchange Flows/Bitcoin Exchange Outflow (Top10) - All Exchanges - Day.csv,.csv,6310,2,2009-01-01,2026-04-11,153323,indexed,uncertain/restricted
raw_13b6362274fd8d67,CryptoQuant,data_local/raw/cryptoquant/BTC/Exchange Flows/Bitcoin Exchange Outflow (Total) - All Exchanges - Day.csv,.csv,6310,2,2009-01-01,2026-04-11,153389,indexed,uncertain/restricted
raw_072a879ffc4f8fc4,CryptoQuant,data_local/raw/cryptoquant/BTC/Exchange Flows/Bitcoin Exchange Reserve - All Exchanges - Day.csv,.csv,5123,3,2012-04-02,2026-04-11,237614,indexed,uncertain/restricted
raw_8d699b5870a902c9,CryptoQuant,data_local/raw/cryptoquant/BTC/Exchange Flows/Bitcoin Exchange Reserve USD - All Exchanges - Day.csv,.csv,5123,2,2012-04-02,2026-04-11,150724,indexed,uncertain/restricted
raw_f47d81e8bd7277ec,CryptoQuant,data_local/raw/cryptoquant/BTC/Exchange Flows/Bitcoin Exchange Withdrawing Addresses - All Exchanges - Day.csv,.csv,6310,2,2009-01-01,2026-04-11,107044,indexed,uncertain/restricted
raw_9dc3c8ffffd5caeb,CryptoQuant,data_local/raw/cryptoquant/BTC/Exchange Flows/Bitcoin Exchange Withdrawing Transactions - All Exchanges - Day.csv,.csv,6310,2,2009-01-01,2026-04-11,103542,indexed,uncertain/restricted
raw_a9a131089138b548,CryptoQuant,data_local/raw/cryptoquant/BTC/Exchange Flows/README.md,.md,,0,,,6580,indexed:non_tabular,uncertain/restricted
raw_622be876fd5e4307,CryptoQuant,data_local/raw/cryptoquant/BTC/Fees And Revenue/Bitcoin Block Rewards - Day.csv,.csv,6307,2,2009-01-03,2026-04-10,156891,indexed,uncertain/restricted
raw_e0913bd8c54a653e,CryptoQuant,data_local/raw/cryptoquant/BTC/Fees And Revenue/Bitcoin Block Rewards USD - Day.csv,.csv,6307,2,2009-01-03,2026-04-10,175989,indexed,uncertain/restricted
raw_5febb631b2149228,CryptoQuant,data_local/raw/cryptoquant/BTC/Fees And Revenue/Bitcoin Fees (Total) - Day.csv,.csv,6307,2,2009-01-03,2026-04-10,144744,indexed,uncertain/restricted
raw_a8d7688b3793d297,CryptoQuant,data_local/raw/cryptoquant/BTC/Fees And Revenue/Bitcoin Fees USD (Total) - Day.csv,.csv,6307,2,2009-01-03,2026-04-10,163350,indexed,uncertain/restricted
raw_186612ac74d714a0,CryptoQuant,data_local/raw/cryptoquant/BTC/Fees And Revenue/Bitcoin Fees per Block (Mean) - Day.csv,.csv,6307,2,2009-01-03,2026-04-10,140015,indexed,uncertain/restricted
raw_1303d19dd931a253,CryptoQuant,data_local/raw/cryptoquant/BTC/Fees And Revenue/Bitcoin Fees per Block USD (Mean) - Day.csv,.csv,6307,2,2009-01-03,2026-04-10,152204,indexed,uncertain/restricted
raw_2de1a9f876518251,CryptoQuant,data_local/raw/cryptoquant/BTC/Fees And Revenue/Bitcoin Fees per Transaction (Mean) - Day.csv,.csv,6307,2,2009-01-03,2026-04-10,137008,indexed,uncertain/restricted
raw_5f54dc3f6c738855,CryptoQuant,data_local/raw/cryptoquant/BTC/Fees And Revenue/Bitcoin Fees per Transaction (Median) - Day.csv,.csv,6307,2,2009-01-03,2026-04-10,125423,indexed,uncertain/restricted
raw_b9936362fe8ed106,CryptoQuant,data_local/raw/cryptoquant/BTC/Fees And Revenue/Bitcoin Fees per Transaction USD (Mean) - Day.csv,.csv,6307,2,2009-01-03,2026-04-10,139377,indexed,uncertain/restricted
raw_ddafe1447c5ee9af,CryptoQuant,data_local/raw/cryptoquant/BTC/Fees And Revenue/Bitcoin Fees per Transaction USD (Median) - Day.csv,.csv,6307,2,2009-01-03,2026-04-10,133299,indexed,uncertain/restricted
raw_1d0dd55d59e09b0c,CryptoQuant,data_local/raw/cryptoquant/BTC/Fees And Revenue/Bitcoin Fees to Reward Ratio - Day.csv,.csv,6307,2,2009-01-03,2026-04-10,139866,indexed,uncertain/restricted
raw_551464f7dbc06f5b,CryptoQuant,data_local/raw/cryptoquant/BTC/Fees And Revenue/README.md,.md,,0,,,4052,indexed:non_tabular,uncertain/restricted
raw_11499e7dd347a823,CryptoQuant,data_local/raw/cryptoquant/BTC/Flow Indicator/Bitcoin Exchange Inflow CDD - All Exchanges - Day.csv,.csv,5122,2,2012-04-02,2026-04-10,140074,indexed,uncertain/restricted
raw_e7065b3123973f45,CryptoQuant,data_local/raw/cryptoquant/BTC/Flow Indicator/Bitcoin Exchange Stablecoins Ratio - All Exchanges - Day.csv,.csv,1000,2,2023-07-16,2026-04-10,21917,indexed,uncertain/restricted
raw_c8d7a71501675246,CryptoQuant,data_local/raw/cryptoquant/BTC/Flow Indicator/Bitcoin Exchange Stablecoins Ratio USD - All Exchanges - Day.csv,.csv,1000,2,2023-07-16,2026-04-10,22913,indexed,uncertain/restricted
raw_b570f6e205da37fe,CryptoQuant,data_local/raw/cryptoquant/BTC/Flow Indicator/Bitcoin Exchange Supply Ratio - All Exchanges - Day.csv,.csv,6307,2,2009-01-03,2026-04-10,136027,indexed,uncertain/restricted
raw_77ffc2376f3d2a64,CryptoQuant,data_local/raw/cryptoquant/BTC/Flow Indicator/Bitcoin Exchange Whale Ratio - All Exchanges - Day.csv,.csv,5122,2,2012-04-02,2026-04-10,116595,indexed,uncertain/restricted
raw_f3094d61b03d0fbd,CryptoQuant,data_local/raw/cryptoquant/BTC/Flow Indicator/Bitcoin Fund Flow Ratio - All Exchanges - Day.csv,.csv,6307,2,2009-01-03,2026-04-10,134559,indexed,uncertain/restricted
raw_7b930bb3d238f2da,CryptoQuant,data_local/raw/cryptoquant/BTC/Flow Indicator/Bitcoin Stablecoin Supply Ratio (SSR) - Day.csv,.csv,1927,2,2020-12-31,2026-04-10,45369,indexed,uncertain/restricted
raw_868f1f1e18a70b9f,CryptoQuant,data_local/raw/cryptoquant/BTC/Flow Indicator/README.md,.md,,0,,,3445,indexed:non_tabular,uncertain/restricted
raw_f60b750d8f196f31,CryptoQuant,data_local/raw/cryptoquant/BTC/Fund Data/Bitcoin Coinbase Premium Gap - Day.csv,.csv,3159,2,2017-08-17,2026-04-10,56766,indexed,uncertain/restricted
raw_0fec38fceb4bf8c0,CryptoQuant,data_local/raw/cryptoquant/BTC/Fund Data/Bitcoin Coinbase Premium Index - Day.csv,.csv,3159,2,2017-08-17,2026-04-10,73524,indexed,uncertain/restricted
raw_5dc1e3542bbc7f9d,CryptoQuant,data_local/raw/cryptoquant/BTC/Fund Data/Bitcoin Fund Holdings - All Symbol - Day.csv,.csv,2131,2,2020-06-09,2026-04-09,63964,indexed,uncertain/restricted
raw_2460812251f01ed8,CryptoQuant,data_local/raw/cryptoquant/BTC/Fund Data/Bitcoin Fund Market Premium - All Symbol - Day.csv,.csv,1506,2,2020-06-09,2026-04-09,47037,indexed,uncertain/restricted
raw_056a2ad83681f68d,CryptoQuant,data_local/raw/cryptoquant/BTC/Fund Data/Bitcoin Fund Price (USD) - GBTC - Day.csv,.csv,2746,2,2015-05-04,2026-04-02,54817,indexed,uncertain/restricted
raw_afd3e5d6238044f9,CryptoQuant,data_local/raw/cryptoquant/BTC/Fund Data/Bitcoin Fund Volume - All Symbol - Day.csv,.csv,2792,2,2015-05-04,2026-04-09,54882,indexed,uncertain/restricted
raw_883cb743ef11f575,CryptoQuant,data_local/raw/cryptoquant/BTC/Fund Data/Bitcoin Korea Premium Index - Day.csv,.csv,2095,2,2020-07-16,2026-04-10,35797,indexed,uncertain/restricted
raw_b704c537997d4814,CryptoQuant,data_local/raw/cryptoquant/BTC/Fund Data/README.md,.md,,0,,,3188,indexed:non_tabular,uncertain/restricted
raw_36525d86fe456d63,CryptoQuant,"data_local/raw/cryptoquant/BTC/Inter Entity Flows/Bitcoin Exchange to Exchange Flow (Mean) - All Exchanges, Spot Exchanges - Day.csv",.csv,6310,2,2009-01-01,2026-04-11,131872,indexed,uncertain/restricted
raw_99b6e079e7e61604,CryptoQuant,"data_local/raw/cryptoquant/BTC/Inter Entity Flows/Bitcoin Exchange to Exchange Flow (Total) - All Exchanges, Spot Exchanges - Day.csv",.csv,6310,2,2009-01-01,2026-04-11,144247,indexed,uncertain/restricted
raw_6442906c18b0c048,CryptoQuant,"data_local/raw/cryptoquant/BTC/Inter Entity Flows/Bitcoin Exchange to Exchange Transactions - All Exchanges, Spot Exchanges - Day.csv",.csv,6310,2,2009-01-01,2026-04-11,99498,indexed,uncertain/restricted
raw_72bc97a97fcb8bf3,CryptoQuant,"data_local/raw/cryptoquant/BTC/Inter Entity Flows/Bitcoin Miner to Miner Flow (Mean) - All Miners, 1THash - Day.csv",.csv,1903,2,2021-01-24,2026-04-10,32651,indexed,uncertain/restricted
raw_3cfdef385b56dc79,CryptoQuant,"data_local/raw/cryptoquant/BTC/Inter Entity Flows/Bitcoin Miner to Miner Flow (Total) - All Miners, 1THash - Day.csv",.csv,1903,2,2021-01-24,2026-04-10,32654,indexed,uncertain/restricted
raw_dfbe48824d59a66a,CryptoQuant,"data_local/raw/cryptoquant/BTC/Inter Entity Flows/Bitcoin Miner to Miner Transactions - All Miners, 1THash - Day.csv",.csv,1903,2,2021-01-24,2026-04-10,26677,indexed,uncertain/restricted
raw_221f9b2a0871ffea,CryptoQuant,data_local/raw/cryptoquant/BTC/Inter Entity Flows/README.md,.md,,0,,,3633,indexed:non_tabular,uncertain/restricted
raw_a4f8bf6f06c2eb82,CryptoQuant,data_local/raw/cryptoquant/BTC/Market Data/Bitcoin Average Cap - Day.csv,.csv,6307,2,2009-01-03,2026-04-10,184768,indexed,uncertain/restricted
raw_8b1c64d3e73d622e,CryptoQuant,data_local/raw/cryptoquant/BTC/Market Data/Bitcoin Delta Cap - Day.csv,.csv,6307,2,2009-01-03,2026-04-10,183774,indexed,uncertain/restricted
raw_07eb4fcae3a9d38a,CryptoQuant,data_local/raw/cryptoquant/BTC/Market Data/Bitcoin Exchange Supply - Day.csv,.csv,6307,7,2009-01-03,2026-04-10,647809,indexed,uncertain/restricted
raw_c39c02049fc53460,CryptoQuant,data_local/raw/cryptoquant/BTC/Market Data/Bitcoin Geographical Supply Distribution by Entities - Day.csv,.csv,7305,4,2006-04-11,2026-04-10,384413,indexed,uncertain/restricted
raw_d05fc42a36b74a80,CryptoQuant,data_local/raw/cryptoquant/BTC/Market Data/Bitcoin Market Cap - Day.csv,.csv,6307,2,2009-01-03,2026-04-10,182875,indexed,uncertain/restricted
raw_8192056392286ad8,CryptoQuant,"data_local/raw/cryptoquant/BTC/Market Data/Bitcoin Price & Volume - Spot, All Exchanges, BTC-USD - Day.csv",.csv,6308,6,2009-01-03,2026-04-11,453258,indexed,uncertain/restricted
raw_7f2bf7b1b12b9f1f,CryptoQuant,data_local/raw/cryptoquant/BTC/Market Data/Bitcoin Price & Volume KRW - Spot - Day.csv,.csv,4594,6,2013-09-03,2026-04-10,398861,indexed,uncertain/restricted
raw_e4cbe890bb06f042,CryptoQuant,data_local/raw/cryptoquant/BTC/Market Data/Bitcoin Realized Cap - Day.csv,.csv,6307,2,2009-01-03,2026-04-10,183951,indexed,uncertain/restricted
raw_41dc8434268d5f10,CryptoQuant,data_local/raw/cryptoquant/BTC/Market Data/Bitcoin Realized Cap - UTXO Age Bands (%) - Day.csv,.csv,1927,14,2020-12-31,2026-04-10,303310,indexed,uncertain/restricted
raw_26690b8e3239c106,CryptoQuant,data_local/raw/cryptoquant/BTC/Market Data/Bitcoin Realized Cap - UTXO Age Bands USD - Day.csv,.csv,6307,14,2009-01-03,2026-04-10,1296047,indexed,uncertain/restricted
raw_9c6af73bcafc587a,CryptoQuant,data_local/raw/cryptoquant/BTC/Market Data/Bitcoin Realized Cap - UTXO Value Bands (%) - Day.csv,.csv,1927,9,2020-12-31,2026-04-10,195233,indexed,uncertain/restricted
raw_eb4b89c901fadc66,CryptoQuant,data_local/raw/cryptoquant/BTC/Market Data/Bitcoin Realized Cap - UTXO Value Bands USD - Day.csv,.csv,6307,9,2009-01-03,2026-04-10,870733,indexed,uncertain/restricted
raw_469feeb57e5c12db,CryptoQuant,data_local/raw/cryptoquant/BTC/Market Data/Bitcoin Taker Buy Ratio - All Exchanges - Day.csv,.csv,3851,2,2015-09-26,2026-04-11,88214,indexed,uncertain/restricted
raw_c5805d0f6899a3b2,CryptoQuant,data_local/raw/cryptoquant/BTC/Market Data/Bitcoin Taker Buy Sell Ratio - All Exchanges - Day.csv,.csv,3851,2,2015-09-26,2026-04-11,88176,indexed,uncertain/restricted
raw_78d22e3477588358,CryptoQuant,data_local/raw/cryptoquant/BTC/Market Data/Bitcoin Taker Buy Volume - All Exchanges - Day.csv,.csv,3851,2,2015-09-26,2026-04-11,103223,indexed,uncertain/restricted
raw_79445313c242ec03,CryptoQuant,data_local/raw/cryptoquant/BTC/Market Data/Bitcoin Taker Sell Ratio - All Exchanges - Day.csv,.csv,3851,2,2015-09-26,2026-04-11,88215,indexed,uncertain/restricted
raw_b82faed930676c41,CryptoQuant,data_local/raw/cryptoquant/BTC/Market Data/Bitcoin Taker Sell Volume - All Exchanges - Day.csv,.csv,3851,2,2015-09-26,2026-04-11,103288,indexed,uncertain/restricted
raw_d75cb62cc834e10b,CryptoQuant,data_local/raw/cryptoquant/BTC/Market Data/Bitcoin Thermo Cap - Day.csv,.csv,6307,2,2009-01-03,2026-04-10,184332,indexed,uncertain/restricted
raw_17f5468f337201d5,CryptoQuant,data_local/raw/cryptoquant/BTC/Market Data/Bitcoin Trading Volume (KYC VS. Non-KYC) - Day.csv,.csv,4555,3,2013-10-21,2026-04-10,212713,indexed,uncertain/restricted
raw_969b82b1999ab139,CryptoQuant,data_local/raw/cryptoquant/BTC/Market Data/Bitcoin Trading Volume (Spot VS. Derivative) - Day.csv,.csv,4555,3,2013-10-21,2026-04-10,207719,indexed,uncertain/restricted
raw_4cae05bea45398fc,CryptoQuant,data_local/raw/cryptoquant/BTC/Market Data/README.md,.md,,0,,,6884,indexed:non_tabular,uncertain/restricted
raw_b448cc8f0c8d8cb3,CryptoQuant,data_local/raw/cryptoquant/BTC/Market Indicator/Bitcoin Adjusted SOPR (aSOPR) - Day.csv,.csv,6307,2,2009-01-03,2026-04-10,140004,indexed,uncertain/restricted
raw_85b8655b1a1c8792,CryptoQuant,data_local/raw/cryptoquant/BTC/Market Indicator/Bitcoin Average Dormancy - Day.csv,.csv,1927,2,2020-12-31,2026-04-10,44970,indexed,uncertain/restricted
raw_39aa6acd1a9eb1da,CryptoQuant,data_local/raw/cryptoquant/BTC/Market Indicator/Bitcoin Average Supply-Adjusted CDD - Day.csv,.csv,1927,2,2020-12-31,2026-04-10,44153,indexed,uncertain/restricted
raw_285aaaa566482aab,CryptoQuant,data_local/raw/cryptoquant/BTC/Market Indicator/Bitcoin Binary CDD - Day.csv,.csv,6307,2,2009-01-03,2026-04-10,88315,indexed,uncertain/restricted
raw_3c19e278dca3be40,CryptoQuant,data_local/raw/cryptoquant/BTC/Market Indicator/Bitcoin Long Term Holder SOPR - Day.csv,.csv,6307,2,2009-01-03,2026-04-10,139008,indexed,uncertain/restricted
raw_94c74e47d68ef982,CryptoQuant,data_local/raw/cryptoquant/BTC/Market Indicator/Bitcoin MVRV Ratio - Day.csv,.csv,6307,2,2009-01-03,2026-04-10,141743,indexed,uncertain/restricted
raw_a63da66af82d559f,CryptoQuant,data_local/raw/cryptoquant/BTC/Market Indicator/Bitcoin Mean Coin Age - Day.csv,.csv,1927,2,2020-12-31,2026-04-10,49913,indexed,uncertain/restricted
raw_5a26bbc21061bec2,CryptoQuant,data_local/raw/cryptoquant/BTC/Market Indicator/Bitcoin Mean Coin Dollar Age - Day.csv,.csv,1927,2,2020-12-31,2026-04-10,56855,indexed,uncertain/restricted
raw_051c01f5e5abb850,CryptoQuant,data_local/raw/cryptoquant/BTC/Market Indicator/Bitcoin NVM Ratio - Day.csv,.csv,1927,2,2020-12-31,2026-04-10,44112,indexed,uncertain/restricted
raw_d84fdd525a3659e4,CryptoQuant,data_local/raw/cryptoquant/BTC/Market Indicator/Bitcoin NVT Golden Cross - Day.csv,.csv,1927,2,2020-12-31,2026-04-10,60115,indexed,uncertain/restricted
raw_bd57eb5f296ecea4,CryptoQuant,data_local/raw/cryptoquant/BTC/Market Indicator/Bitcoin NVT Ratio - Day.csv,.csv,1927,2,2020-12-31,2026-04-10,45528,indexed,uncertain/restricted
raw_31e877544f2814af,CryptoQuant,data_local/raw/cryptoquant/BTC/Market Indicator/Bitcoin Net Unrealized Loss (NUL) - Day.csv,.csv,1927,2,2020-12-31,2026-04-10,44041,indexed,uncertain/restricted
raw_7eb227c00eb770f4,CryptoQuant,data_local/raw/cryptoquant/BTC/Market Indicator/Bitcoin Net Unrealized Profit (NUP) - Day.csv,.csv,1927,2,2020-12-31,2026-04-10,44164,indexed,uncertain/restricted
raw_0805a2cb21cf69b9,CryptoQuant,data_local/raw/cryptoquant/BTC/Market Indicator/Bitcoin Net Unrealized Profit_Loss (NUPL) - Day.csv,.csv,1927,2,2020-12-31,2026-04-10,44320,indexed,uncertain/restricted
raw_a1d4ff5e9417fbfe,CryptoQuant,data_local/raw/cryptoquant/BTC/Market Indicator/Bitcoin Puell Multiple - Day.csv,.csv,1927,2,2020-12-31,2026-04-10,59227,indexed,uncertain/restricted
raw_00936f8cc41d545d,CryptoQuant,data_local/raw/cryptoquant/BTC/Market Indicator/Bitcoin Realized Price - Day.csv,.csv,1927,2,2020-12-31,2026-04-10,51848,indexed,uncertain/restricted
raw_0218720973702534,CryptoQuant,data_local/raw/cryptoquant/BTC/Market Indicator/Bitcoin Realized Price - UTXO Age Bands - Day.csv,.csv,6307,14,2009-01-03,2026-04-10,1018169,indexed,uncertain/restricted
raw_ed360aa4de417411,CryptoQuant,data_local/raw/cryptoquant/BTC/Market Indicator/Bitcoin SOPR Ratio (LTH-SOPR_STH-SOPR) - Day.csv,.csv,6307,2,2009-01-03,2026-04-10,181543,indexed,uncertain/restricted
raw_b207bdbe3d860f03,CryptoQuant,data_local/raw/cryptoquant/BTC/Market Indicator/Bitcoin Short Term Holder SOPR - Day.csv,.csv,6307,2,2009-01-03,2026-04-10,139929,indexed,uncertain/restricted
raw_1a3b25ddeec340ed,CryptoQuant,data_local/raw/cryptoquant/BTC/Market Indicator/Bitcoin Spent Output Age Bands (%) - Day.csv,.csv,6307,14,2009-01-03,2026-04-10,840266,indexed,uncertain/restricted
raw_83251799cd23fcf0,CryptoQuant,data_local/raw/cryptoquant/BTC/Market Indicator/Bitcoin Spent Output Age Bands - Day.csv,.csv,1927,14,2020-12-31,2026-04-10,363279,indexed,uncertain/restricted
raw_4878d427f98eeb4c,CryptoQuant,data_local/raw/cryptoquant/BTC/Market Indicator/Bitcoin Spent Output Age Bands USD - Day.csv,.csv,6307,14,2009-01-03,2026-04-10,1118100,indexed,uncertain/restricted
raw_2bbf6f2da4bba4db,CryptoQuant,data_local/raw/cryptoquant/BTC/Market Indicator/Bitcoin Spent Output Profit Ratio (SOPR) - Day.csv,.csv,6307,2,2009-01-03,2026-04-10,140033,indexed,uncertain/restricted
raw_13242b85e7edc839,CryptoQuant,data_local/raw/cryptoquant/BTC/Market Indicator/Bitcoin Spent Output Value Bands (%) - Day.csv,.csv,1927,9,2020-12-31,2026-04-10,196780,indexed,uncertain/restricted
raw_0e0b0fbbfd907214,CryptoQuant,data_local/raw/cryptoquant/BTC/Market Indicator/Bitcoin Spent Output Value Bands - Day.csv,.csv,1927,9,2020-12-31,2026-04-10,254499,indexed,uncertain/restricted
raw_d75b60e40e525805,CryptoQuant,data_local/raw/cryptoquant/BTC/Market Indicator/Bitcoin Spent Output Value Bands USD - Day.csv,.csv,1927,9,2020-12-31,2026-04-10,292162,indexed,uncertain/restricted
raw_b5fd673f99578de2,CryptoQuant,"data_local/raw/cryptoquant/BTC/Market Indicator/Bitcoin Spot Taker CVD(Cumulative Volume Delta, 90-day) - Day.csv",.csv,3388,4,2017-01-01,2026-04-11,87799,indexed,uncertain/restricted
raw_8011281adb2d70fb,CryptoQuant,data_local/raw/cryptoquant/BTC/Market Indicator/Bitcoin Stock-to-Flow Ratio - Day.csv,.csv,1927,2,2020-12-31,2026-04-10,51845,indexed,uncertain/restricted
raw_4a6930db102464ff,CryptoQuant,data_local/raw/cryptoquant/BTC/Market Indicator/Bitcoin Stock-to-Flow Reversion - Day.csv,.csv,1927,2,2020-12-31,2026-04-10,44126,indexed,uncertain/restricted
raw_17a2443ab67dcc5e,CryptoQuant,data_local/raw/cryptoquant/BTC/Market Indicator/Bitcoin Sum Coin Age - Day.csv,.csv,1927,2,2020-12-31,2026-04-10,58473,indexed,uncertain/restricted
raw_ac44cb315e4f42b4,CryptoQuant,data_local/raw/cryptoquant/BTC/Market Indicator/Bitcoin Sum Coin Age Distribution (%) - Day.csv,.csv,6307,14,2009-01-03,2026-04-10,913030,indexed,uncertain/restricted
raw_7f53180013dd4d62,CryptoQuant,data_local/raw/cryptoquant/BTC/Market Indicator/Bitcoin Sum Coin Age Distribution - Day.csv,.csv,1927,14,2020-12-31,2026-04-10,469999,indexed,uncertain/restricted
raw_f4b23432e331f3fa,CryptoQuant,data_local/raw/cryptoquant/BTC/Market Indicator/Bitcoin Sum Coin Dollar Age - Day.csv,.csv,1927,2,2020-12-31,2026-04-10,58524,indexed,uncertain/restricted
raw_f957c8742f1def85,CryptoQuant,data_local/raw/cryptoquant/BTC/Market Indicator/Bitcoin Supply Adjusted Dormancy - Day.csv,.csv,1927,2,2020-12-31,2026-04-10,38084,indexed,uncertain/restricted
raw_b12d5d77ca049355,CryptoQuant,data_local/raw/cryptoquant/BTC/Market Indicator/Bitcoin Supply in Loss (%) - Day.csv,.csv,1927,2,2020-12-31,2026-04-10,45569,indexed,uncertain/restricted
raw_5c61d9a0c87c6067,CryptoQuant,data_local/raw/cryptoquant/BTC/Market Indicator/Bitcoin Supply in Loss - Day.csv,.csv,1927,2,2020-12-31,2026-04-10,55391,indexed,uncertain/restricted
raw_0ce6c714f54c575c,CryptoQuant,data_local/raw/cryptoquant/BTC/Market Indicator/Bitcoin Supply in Profit (%) - Day.csv,.csv,1927,2,2020-12-31,2026-04-10,46097,indexed,uncertain/restricted
raw_ffeee56cd371b538,CryptoQuant,data_local/raw/cryptoquant/BTC/Market Indicator/Bitcoin Supply in Profit - Day.csv,.csv,1927,2,2020-12-31,2026-04-10,57550,indexed,uncertain/restricted
raw_58524ffc253924ba,CryptoQuant,data_local/raw/cryptoquant/BTC/Market Indicator/Bitcoin Supply-Adjusted CDD - Day.csv,.csv,1927,2,2020-12-31,2026-04-10,44132,indexed,uncertain/restricted
raw_9ca9fb94b83fd0ef,CryptoQuant,data_local/raw/cryptoquant/BTC/Market Indicator/README.md,.md,,0,,,8550,indexed:non_tabular,uncertain/restricted
raw_c02a58d1367b2860,CryptoQuant,"data_local/raw/cryptoquant/BTC/Miner Flows/Bitcoin Exchange to Miner Flow (Mean) - All Exchanges, All Miners - Day.csv",.csv,5023,2,2012-07-11,2026-04-11,112776,indexed,uncertain/restricted
raw_78b2794c9a791ed4,CryptoQuant,"data_local/raw/cryptoquant/BTC/Miner Flows/Bitcoin Exchange to Miner Flow (Total) - All Exchanges, All Miners - Day.csv",.csv,5023,2,2012-07-11,2026-04-11,122596,indexed,uncertain/restricted
raw_ffc297160979709b,CryptoQuant,"data_local/raw/cryptoquant/BTC/Miner Flows/Bitcoin Exchange to Miner Transactions - All Exchanges, All Miners - Day.csv",.csv,5023,2,2012-07-11,2026-04-11,80121,indexed,uncertain/restricted
raw_75b8e9c7f5002d56,CryptoQuant,data_local/raw/cryptoquant/BTC/Miner Flows/Bitcoin Miner Depositing Addresses - All Miners - Day.csv,.csv,6302,2,2009-01-09,2026-04-11,108132,indexed,uncertain/restricted
raw_cee62a5854bd1818,CryptoQuant,data_local/raw/cryptoquant/BTC/Miner Flows/Bitcoin Miner Depositing Transactions - All Miners - Day.csv,.csv,6302,2,2009-01-09,2026-04-11,107757,indexed,uncertain/restricted
raw_ea52d6ff44957968,CryptoQuant,data_local/raw/cryptoquant/BTC/Miner Flows/Bitcoin Miner In-House Flow (Mean) - All Miners - Day.csv,.csv,6299,2,2009-01-12,2026-04-11,143593,indexed,uncertain/restricted
raw_7f4a6d99d66e0f5a,CryptoQuant,data_local/raw/cryptoquant/BTC/Miner Flows/Bitcoin Miner In-House Flow (Total) - All Miners - Day.csv,.csv,6299,2,2009-01-12,2026-04-11,158458,indexed,uncertain/restricted
raw_4c3dee879d359c2d,CryptoQuant,data_local/raw/cryptoquant/BTC/Miner Flows/Bitcoin Miner In-House Transactions - All Miners - Day.csv,.csv,6299,2,2009-01-12,2026-04-11,103095,indexed,uncertain/restricted
raw_719aeabf91f994dd,CryptoQuant,data_local/raw/cryptoquant/BTC/Miner Flows/Bitcoin Miner Inflow (Mean) - All Miners - Day.csv,.csv,6302,2,2009-01-09,2026-04-11,142920,indexed,uncertain/restricted
raw_8af043c7e46446db,CryptoQuant,data_local/raw/cryptoquant/BTC/Miner Flows/Bitcoin Miner Inflow (Top10) - All Miners - Day.csv,.csv,6302,2,2009-01-09,2026-04-11,158061,indexed,uncertain/restricted
raw_a0e8421b5887481c,CryptoQuant,data_local/raw/cryptoquant/BTC/Miner Flows/Bitcoin Miner Inflow (Total) - All Miners - Day.csv,.csv,6302,2,2009-01-09,2026-04-11,161052,indexed,uncertain/restricted
raw_da75b24ca611e1de,CryptoQuant,data_local/raw/cryptoquant/BTC/Miner Flows/Bitcoin Miner Netflow Total - All Miners - Day.csv,.csv,6302,2,2009-01-09,2026-04-11,181985,indexed,uncertain/restricted
raw_18d36cb49dc3da12,CryptoQuant,data_local/raw/cryptoquant/BTC/Miner Flows/Bitcoin Miner Outflow (Mean) - All Miners - Day.csv,.csv,6302,2,2009-01-09,2026-04-11,143089,indexed,uncertain/restricted
raw_4bc541e71461c20f,CryptoQuant,data_local/raw/cryptoquant/BTC/Miner Flows/Bitcoin Miner Outflow (Top10) - All Miners - Day.csv,.csv,6302,2,2009-01-09,2026-04-11,157748,indexed,uncertain/restricted
raw_293baa81da899b5c,CryptoQuant,data_local/raw/cryptoquant/BTC/Miner Flows/Bitcoin Miner Outflow (Total) - All Miners - Day.csv,.csv,6302,2,2009-01-09,2026-04-11,159678,indexed,uncertain/restricted
raw_e87a25a56a3bbbb4,CryptoQuant,data_local/raw/cryptoquant/BTC/Miner Flows/Bitcoin Miner Reserve - All Miners - Day.csv,.csv,6302,2,2009-01-09,2026-04-11,178151,indexed,uncertain/restricted
raw_f2c50f2e32772528,CryptoQuant,data_local/raw/cryptoquant/BTC/Miner Flows/Bitcoin Miner Reserve USD - All Miners - Day.csv,.csv,6302,2,2009-01-09,2026-04-11,185013,indexed,uncertain/restricted
raw_2658ed1dd3684000,CryptoQuant,data_local/raw/cryptoquant/BTC/Miner Flows/Bitcoin Miner Supply Ratio - All Miners - Day.csv,.csv,6307,2,2009-01-03,2026-04-10,144313,indexed,uncertain/restricted
raw_5cac4e460c355d53,CryptoQuant,data_local/raw/cryptoquant/BTC/Miner Flows/Bitcoin Miner Withdrawing Addresses - All Miners - Day.csv,.csv,6302,2,2009-01-09,2026-04-11,107281,indexed,uncertain/restricted
raw_ac354eccd792a3fe,CryptoQuant,data_local/raw/cryptoquant/BTC/Miner Flows/Bitcoin Miner Withdrawing Transactions - All Miners - Day.csv,.csv,6302,2,2009-01-09,2026-04-11,103837,indexed,uncertain/restricted
raw_4f7d8c47032907e7,CryptoQuant,"data_local/raw/cryptoquant/BTC/Miner Flows/Bitcoin Miner to Exchange Flow (Mean) - All Miners, All Exchanges - Day.csv",.csv,5100,2,2012-04-25,2026-04-11,116488,indexed,uncertain/restricted
raw_07d549b1e96635b7,CryptoQuant,"data_local/raw/cryptoquant/BTC/Miner Flows/Bitcoin Miner to Exchange Flow (Total) - All Miners, All Exchanges - Day.csv",.csv,5100,2,2012-04-25,2026-04-11,127567,indexed,uncertain/restricted
raw_ce16944ff6dc3d04,CryptoQuant,"data_local/raw/cryptoquant/BTC/Miner Flows/Bitcoin Miner to Exchange Transactions - All Miners, All Exchanges - Day.csv",.csv,5100,2,2012-04-25,2026-04-11,81261,indexed,uncertain/restricted
raw_af6a72a7e4bb1cfa,CryptoQuant,data_local/raw/cryptoquant/BTC/Miner Flows/Bitcoin Miners' Position Index (MPI) - Day.csv,.csv,5573,2,2011-01-07,2026-04-10,175358,indexed,uncertain/restricted
raw_8c17cab0c1786700,CryptoQuant,data_local/raw/cryptoquant/BTC/Miner Flows/README.md,.md,,0,,,7694,indexed:non_tabular,uncertain/restricted
raw_5b3a4faebae3a909,CryptoQuant,data_local/raw/cryptoquant/BTC/Network Indicator/Bitcoin Coin Days Destroyed (CDD) - Day.csv,.csv,1927,2,2020-12-31,2026-04-10,56470,indexed,uncertain/restricted
raw_e60ec1f01739ce48,CryptoQuant,data_local/raw/cryptoquant/BTC/Network Indicator/Bitcoin UTXO Age Bands (%) - Day.csv,.csv,6307,14,2009-01-03,2026-04-10,917679,indexed,uncertain/restricted
raw_9145f20b952e50e7,CryptoQuant,data_local/raw/cryptoquant/BTC/Network Indicator/Bitcoin UTXO Age Bands - Day.csv,.csv,6307,14,2009-01-03,2026-04-10,1236862,indexed,uncertain/restricted
raw_4309a02372cb6137,CryptoQuant,data_local/raw/cryptoquant/BTC/Network Indicator/Bitcoin UTXO Age Bands USD - Day.csv,.csv,6307,14,2009-01-03,2026-04-10,1321146,indexed,uncertain/restricted
raw_3b34769159093c1e,CryptoQuant,data_local/raw/cryptoquant/BTC/Network Indicator/Bitcoin UTXO Count - Age Bands (%) - Day.csv,.csv,6307,14,2009-01-03,2026-04-10,917461,indexed,uncertain/restricted
raw_15224d0805c3a32c,CryptoQuant,data_local/raw/cryptoquant/BTC/Network Indicator/Bitcoin UTXO Count - Age Bands - Day.csv,.csv,6307,14,2009-01-03,2026-04-10,636227,indexed,uncertain/restricted
raw_a7811e9def0bd524,CryptoQuant,data_local/raw/cryptoquant/BTC/Network Indicator/Bitcoin UTXO Count - Value Bands (%) - Day.csv,.csv,6307,9,2009-01-03,2026-04-10,625578,indexed,uncertain/restricted
raw_4c03410eea68dc4c,CryptoQuant,data_local/raw/cryptoquant/BTC/Network Indicator/Bitcoin UTXO Count - Value Bands - Day.csv,.csv,1927,9,2020-12-31,2026-04-10,128668,indexed,uncertain/restricted
raw_63b8c000840c6929,CryptoQuant,data_local/raw/cryptoquant/BTC/Network Indicator/Bitcoin UTXO Value Bands (%) - Day.csv,.csv,1927,9,2020-12-31,2026-04-10,198776,indexed,uncertain/restricted
raw_7005ef5246abd155,CryptoQuant,data_local/raw/cryptoquant/BTC/Network Indicator/Bitcoin UTXO Value Bands - Day.csv,.csv,1927,9,2020-12-31,2026-04-10,277384,indexed,uncertain/restricted
raw_aa24545bab5ed33c,CryptoQuant,data_local/raw/cryptoquant/BTC/Network Indicator/Bitcoin UTXOs in Loss (%) - Day.csv,.csv,1927,2,2020-12-31,2026-04-10,45300,indexed,uncertain/restricted
raw_f778fdaa80014c18,CryptoQuant,data_local/raw/cryptoquant/BTC/Network Indicator/Bitcoin UTXOs in Loss - Day.csv,.csv,1927,2,2020-12-31,2026-04-10,39911,indexed,uncertain/restricted
raw_199c6e6bdc4a0bc7,CryptoQuant,data_local/raw/cryptoquant/BTC/Network Indicator/Bitcoin UTXOs in Profit (%) - Day.csv,.csv,1927,2,2020-12-31,2026-04-10,46090,indexed,uncertain/restricted
raw_b88c48e18d5b965b,CryptoQuant,data_local/raw/cryptoquant/BTC/Network Indicator/Bitcoin UTXOs in Profit - Day.csv,.csv,1927,2,2020-12-31,2026-04-10,42233,indexed,uncertain/restricted
raw_a957ece88683811a,CryptoQuant,data_local/raw/cryptoquant/BTC/Network Indicator/README.md,.md,,0,,,6396,indexed:non_tabular,uncertain/restricted
raw_2bc192f86ed2a830,CryptoQuant,data_local/raw/cryptoquant/BTC/Network Stats/Bitcoin Block Interval (Mean) - Day.csv,.csv,6307,2,2009-01-03,2026-04-10,154893,indexed,uncertain/restricted
raw_6faeb78820132331,CryptoQuant,data_local/raw/cryptoquant/BTC/Network Stats/Bitcoin Block Size (Mean) - Day.csv,.csv,6307,2,2009-01-03,2026-04-10,173323,indexed,uncertain/restricted
raw_32687408f5383417,CryptoQuant,data_local/raw/cryptoquant/BTC/Network Stats/Bitcoin Blocks Mined - Day.csv,.csv,6307,2,2009-01-03,2026-04-10,100690,indexed,uncertain/restricted
raw_5b6be32c8ec2ffa3,CryptoQuant,data_local/raw/cryptoquant/BTC/Network Stats/Bitcoin Difficulty - Day.csv,.csv,6307,2,2009-01-03,2026-04-10,183708,indexed,uncertain/restricted
raw_b17fd83ff084e462,CryptoQuant,data_local/raw/cryptoquant/BTC/Network Stats/Bitcoin Hashrate - Day.csv,.csv,6307,2,2009-01-03,2026-04-10,181680,indexed,uncertain/restricted
raw_e44213203875e7e1,CryptoQuant,data_local/raw/cryptoquant/BTC/Network Stats/Bitcoin UTXO Count - Day.csv,.csv,6307,2,2009-01-03,2026-04-10,129714,indexed,uncertain/restricted
raw_faae3403a67053da,CryptoQuant,data_local/raw/cryptoquant/BTC/Network Stats/Bitcoin Velocity - Day.csv,.csv,6307,2,2009-01-03,2026-04-10,137084,indexed,uncertain/restricted
raw_1ad5966f9e4ca8cd,CryptoQuant,data_local/raw/cryptoquant/BTC/Network Stats/README.md,.md,,0,,,2931,indexed:non_tabular,uncertain/restricted
raw_a80caaa2ecf05bba,CryptoQuant,data_local/raw/cryptoquant/BTC/Supply/Bitcoin New Supply - Day.csv,.csv,6307,2,2009-01-03,2026-04-10,121039,indexed,uncertain/restricted
raw_32bfd8068f371793,CryptoQuant,data_local/raw/cryptoquant/BTC/Supply/Bitcoin Total Supply - Day.csv,.csv,6307,2,2009-01-03,2026-04-10,181451,indexed,uncertain/restricted
raw_dc40adf652deaaa1,CryptoQuant,data_local/raw/cryptoquant/BTC/Supply/README.md,.md,,0,,,1755,indexed:non_tabular,uncertain/restricted
raw_fb931e4c639ad193,CryptoQuant,data_local/raw/cryptoquant/BTC/Transactions/Bitcoin Tokens Transferred (Mean) - Day.csv,.csv,6307,2,2009-01-03,2026-04-10,144572,indexed,uncertain/restricted
raw_9814fdaa500e08ac,CryptoQuant,data_local/raw/cryptoquant/BTC/Transactions/Bitcoin Tokens Transferred (Median) - Day.csv,.csv,6307,2,2009-01-03,2026-04-10,135898,indexed,uncertain/restricted
raw_0357f4ec79ab7a94,CryptoQuant,data_local/raw/cryptoquant/BTC/Transactions/Bitcoin Tokens Transferred (Total) - Day.csv,.csv,6307,2,2009-01-03,2026-04-10,174289,indexed,uncertain/restricted
raw_ca0688c6d144c035,CryptoQuant,data_local/raw/cryptoquant/BTC/Transactions/Bitcoin Transaction Count (Mean) - Day.csv,.csv,6307,2,2009-01-03,2026-04-10,155109,indexed,uncertain/restricted
raw_f82a80aed9b609ea,CryptoQuant,data_local/raw/cryptoquant/BTC/Transactions/Bitcoin Transaction Count (Total) - Day.csv,.csv,6307,2,2009-01-03,2026-04-10,114655,indexed,uncertain/restricted
raw_b145b2675ceba74e,CryptoQuant,data_local/raw/cryptoquant/BTC/Transactions/README.md,.md,,0,,,2740,indexed:non_tabular,uncertain/restricted
raw_51fc676caa20587a,CryptoQuant,data_local/raw/cryptoquant/ETH/Addresses/Ethereum Active Addresses - Day.csv,.csv,1986,2,2020-11-02,2026-04-10,37763,indexed,uncertain/restricted
raw_445c6f0d6418adaa,CryptoQuant,"data_local/raw/cryptoquant/ETH/Addresses/Ethereum Active Addresses - Internal, External, EOA - Day.csv",.csv,1986,4,2020-11-02,2026-04-10,41819,indexed,uncertain/restricted
raw_6c015a5a49319873,CryptoQuant,data_local/raw/cryptoquant/ETH/Addresses/Ethereum Active Receiving Addresses - Day.csv,.csv,1986,2,2020-11-02,2026-04-10,37767,indexed,uncertain/restricted
raw_a995e5a38ae3983b,CryptoQuant,"data_local/raw/cryptoquant/ETH/Addresses/Ethereum Active Receiving Addresses - Internal, External, EOA - Day.csv",.csv,1986,4,2020-11-02,2026-04-10,41765,indexed,uncertain/restricted
raw_195887b7aafb0da8,CryptoQuant,data_local/raw/cryptoquant/ETH/Addresses/Ethereum Active Sending Addresses - Day.csv,.csv,1986,2,2020-11-02,2026-04-10,37766,indexed,uncertain/restricted
raw_cd0134980a31d8b7,CryptoQuant,"data_local/raw/cryptoquant/ETH/Addresses/Ethereum Active Sending Addresses - Internal, External, EOA - Day.csv",.csv,1986,4,2020-11-02,2026-04-10,41786,indexed,uncertain/restricted
raw_9f965c8c0480a18f,CryptoQuant,data_local/raw/cryptoquant/ETH/Addresses/README.md,.md,,0,,,3290,indexed:non_tabular,uncertain/restricted
raw_171043f0abdf04ee,CryptoQuant,data_local/raw/cryptoquant/ETH/Derivatives/Ethereum Estimated Leverage Ratio - All Exchanges - Day.csv,.csv,2569,2,2019-03-30,2026-04-10,58826,indexed,uncertain/restricted
raw_9240de9ec914d69c,CryptoQuant,data_local/raw/cryptoquant/ETH/Derivatives/Ethereum Funding Rates - All Exchanges - Day.csv,.csv,2810,2,2018-08-02,2026-04-11,64523,indexed,uncertain/restricted
raw_3b571a0bcbe174e4,CryptoQuant,"data_local/raw/cryptoquant/ETH/Derivatives/Ethereum Futures Taker CVD(Cumulative Volume Delta, 90-day) - Day.csv",.csv,2646,4,2019-01-13,2026-04-11,65630,indexed,uncertain/restricted
raw_71149dd60678aab2,CryptoQuant,"data_local/raw/cryptoquant/ETH/Derivatives/Ethereum Long Liquidations - All Exchanges, All Symbol - Day.csv",.csv,2662,2,2018-12-28,2026-04-11,72492,indexed,uncertain/restricted
raw_a09201628df153ef,CryptoQuant,"data_local/raw/cryptoquant/ETH/Derivatives/Ethereum Long Liquidations USD - All Exchanges, All Symbol - Day.csv",.csv,2662,2,2018-12-28,2026-04-11,78297,indexed,uncertain/restricted
raw_b13a245f2d3a0e77,CryptoQuant,"data_local/raw/cryptoquant/ETH/Derivatives/Ethereum Open Interest - All Exchanges, All Symbol - Day.csv",.csv,2570,2,2019-03-30,2026-04-11,77444,indexed,uncertain/restricted
raw_f4c830b13a0783b8,CryptoQuant,"data_local/raw/cryptoquant/ETH/Derivatives/Ethereum Short Liquidations - All Exchanges, All Symbol - Day.csv",.csv,2662,2,2018-12-28,2026-04-11,72256,indexed,uncertain/restricted
raw_1a45f156d6f58640,CryptoQuant,"data_local/raw/cryptoquant/ETH/Derivatives/Ethereum Short Liquidations USD - All Exchanges, All Symbol - Day.csv",.csv,2662,2,2018-12-28,2026-04-11,78151,indexed,uncertain/restricted
raw_f3a04d91b6d3ac01,CryptoQuant,data_local/raw/cryptoquant/ETH/Derivatives/README.md,.md,,0,,,3850,indexed:non_tabular,uncertain/restricted
raw_43e2d9d64edaaf4e,CryptoQuant,data_local/raw/cryptoquant/ETH/ETH 2.0/Ethereum Cumulative TXs to ETH 2.0 Contract - Day.csv,.csv,1981,2,2020-11-03,2026-04-06,38454,indexed,uncertain/restricted
raw_1efadf90da73b2d6,CryptoQuant,data_local/raw/cryptoquant/ETH/ETH 2.0/Ethereum ETH 2.0 Staking Rate (%) - Day.csv,.csv,1985,2,2020-11-03,2026-04-10,35051,indexed,uncertain/restricted
raw_c102cf66fa98b2aa,CryptoQuant,data_local/raw/cryptoquant/ETH/ETH 2.0/Ethereum New Depositors - Day.csv,.csv,1981,2,2020-11-03,2026-04-06,32462,indexed,uncertain/restricted
raw_4faac2bd27fa18bd,CryptoQuant,data_local/raw/cryptoquant/ETH/ETH 2.0/Ethereum Number of ETH 2.0 Deposits - Day.csv,.csv,1981,2,2020-11-03,2026-04-06,32528,indexed,uncertain/restricted
raw_f835da7f249f1852,CryptoQuant,data_local/raw/cryptoquant/ETH/ETH 2.0/Ethereum Number of Unique Depositors - Day.csv,.csv,1981,2,2020-11-03,2026-04-06,38426,indexed,uncertain/restricted
raw_223ae0ca366ac089,CryptoQuant,data_local/raw/cryptoquant/ETH/ETH 2.0/Ethereum Phase 0 Success Rate (%) - Day.csv,.csv,1981,2,2020-11-03,2026-04-06,39709,indexed,uncertain/restricted
raw_f8e7abbe39a5fb50,CryptoQuant,data_local/raw/cryptoquant/ETH/ETH 2.0/Ethereum Staking Inflow Total - Day.csv,.csv,1981,2,2020-11-03,2026-04-06,41502,indexed,uncertain/restricted
raw_ca7208f655477381,CryptoQuant,data_local/raw/cryptoquant/ETH/ETH 2.0/Ethereum Total Value Staked - Day.csv,.csv,1985,2,2020-11-03,2026-04-10,59773,indexed,uncertain/restricted
raw_fdb4fc8053f9acc1,CryptoQuant,data_local/raw/cryptoquant/ETH/ETH 2.0/README.md,.md,,0,,,3602,indexed:non_tabular,uncertain/restricted
raw_6dfc8a7bc20fdcdd,CryptoQuant,data_local/raw/cryptoquant/ETH/ETH_Metrics.txt,.txt,,0,,,12157,indexed:non_tabular,uncertain/restricted
raw_fd08b4f225b7052b,CryptoQuant,data_local/raw/cryptoquant/ETH/Exchange Flows/Ethereum Exchange Depositing Addresses - All Exchanges - Day.csv,.csv,3901,2,2015-08-07,2026-04-11,69581,indexed,uncertain/restricted
raw_912b5f354c065944,CryptoQuant,data_local/raw/cryptoquant/ETH/Exchange Flows/Ethereum Exchange Depositing Transactions - All Exchanges - Day.csv,.csv,3901,2,2015-08-07,2026-04-11,70124,indexed,uncertain/restricted
raw_623beda0d9f1e7e9,CryptoQuant,data_local/raw/cryptoquant/ETH/Exchange Flows/Ethereum Exchange Inflow (Mean) - All Exchanges - Day.csv,.csv,3895,2,2015-08-13,2026-04-11,92565,indexed,uncertain/restricted
raw_c517760838e4b7d5,CryptoQuant,data_local/raw/cryptoquant/ETH/Exchange Flows/Ethereum Exchange Inflow (Top10) - All Exchanges - Day.csv,.csv,3895,2,2015-08-13,2026-04-11,112597,indexed,uncertain/restricted
raw_1d2d537791a43dfb,CryptoQuant,data_local/raw/cryptoquant/ETH/Exchange Flows/Ethereum Exchange Inflow (Total) - All Exchanges - Day.csv,.csv,3895,2,2015-08-13,2026-04-11,117612,indexed,uncertain/restricted
raw_08d831bddf6348a4,CryptoQuant,data_local/raw/cryptoquant/ETH/Exchange Flows/Ethereum Exchange Netflow (Total) - All Exchanges - Day.csv,.csv,3901,2,2015-08-07,2026-04-11,120166,indexed,uncertain/restricted
raw_4cf3595aa1acd656,CryptoQuant,data_local/raw/cryptoquant/ETH/Exchange Flows/Ethereum Exchange Outflow (Mean) - All Exchanges - Day.csv,.csv,3895,2,2015-08-13,2026-04-11,90635,indexed,uncertain/restricted
raw_ef055108a108cac6,CryptoQuant,data_local/raw/cryptoquant/ETH/Exchange Flows/Ethereum Exchange Outflow (Top10) - All Exchanges - Day.csv,.csv,3895,2,2015-08-13,2026-04-11,111240,indexed,uncertain/restricted
raw_72df8b4ca3025f34,CryptoQuant,data_local/raw/cryptoquant/ETH/Exchange Flows/Ethereum Exchange Outflow (Total) - All Exchanges - Day.csv,.csv,3895,2,2015-08-13,2026-04-11,117588,indexed,uncertain/restricted
raw_1edcb7f14b928851,CryptoQuant,data_local/raw/cryptoquant/ETH/Exchange Flows/Ethereum Exchange Reserve - All Exchanges - Day.csv,.csv,3901,2,2015-08-07,2026-04-11,118475,indexed,uncertain/restricted
raw_8ed4786a32afd804,CryptoQuant,data_local/raw/cryptoquant/ETH/Exchange Flows/Ethereum Exchange Reserve USD - All Exchanges - Day.csv,.csv,3901,2,2015-08-07,2026-04-11,117663,indexed,uncertain/restricted
raw_bef8d265d53bf433,CryptoQuant,data_local/raw/cryptoquant/ETH/Exchange Flows/Ethereum Exchange Withdrawing Addresses - All Exchanges - Day.csv,.csv,3901,2,2015-08-07,2026-04-11,69375,indexed,uncertain/restricted
raw_2c2f50e2664b4294,CryptoQuant,data_local/raw/cryptoquant/ETH/Exchange Flows/Ethereum Exchange Withdrawing Transactions - All Exchanges - Day.csv,.csv,3901,2,2015-08-07,2026-04-11,72216,indexed,uncertain/restricted
raw_623f657c34dac251,CryptoQuant,data_local/raw/cryptoquant/ETH/Exchange Flows/README.md,.md,,0,,,5557,indexed:non_tabular,uncertain/restricted
raw_53eb5f4888fd100a,CryptoQuant,data_local/raw/cryptoquant/ETH/Fees And Revenue/Ethereum Fees (Total) - Day.csv,.csv,1986,2,2020-11-02,2026-04-10,60199,indexed,uncertain/restricted
raw_5450e05e1bf8cb06,CryptoQuant,data_local/raw/cryptoquant/ETH/Fees And Revenue/Ethereum Fees Burnt (Total) - Day.csv,.csv,1986,2,2020-11-02,2026-04-10,55417,indexed,uncertain/restricted
raw_1b6980273534fee1,CryptoQuant,data_local/raw/cryptoquant/ETH/Fees And Revenue/Ethereum Fees Burnt USD (Total) - Day.csv,.csv,1986,2,2020-11-02,2026-04-10,55387,indexed,uncertain/restricted
raw_eaf2f5273cac0a17,CryptoQuant,data_local/raw/cryptoquant/ETH/Fees And Revenue/Ethereum Fees Burnt per Transaction (Mean) - Day.csv,.csv,1986,2,2020-11-02,2026-04-10,56037,indexed,uncertain/restricted
raw_ffece13ab3e409f7,CryptoQuant,data_local/raw/cryptoquant/ETH/Fees And Revenue/Ethereum Fees Burnt per Transaction (Median) - Day.csv,.csv,1986,2,2020-11-02,2026-04-10,55584,indexed,uncertain/restricted
raw_2dd95c1592670802,CryptoQuant,data_local/raw/cryptoquant/ETH/Fees And Revenue/Ethereum Fees Burnt per Transaction USD (Mean) - Day.csv,.csv,1986,2,2020-11-02,2026-04-10,55686,indexed,uncertain/restricted
raw_78a6e50f96ecdc00,CryptoQuant,data_local/raw/cryptoquant/ETH/Fees And Revenue/Ethereum Fees Burnt per Transaction USD (Median) - Day.csv,.csv,1986,2,2020-11-02,2026-04-10,55945,indexed,uncertain/restricted
raw_ad63b45a5c51f549,CryptoQuant,data_local/raw/cryptoquant/ETH/Fees And Revenue/Ethereum Fees per Transaction (Mean) - Day.csv,.csv,1986,2,2020-11-02,2026-04-10,61253,indexed,uncertain/restricted
raw_b307d24da9dc5fa6,CryptoQuant,data_local/raw/cryptoquant/ETH/Fees And Revenue/Ethereum Fees per Transaction USD (Mean) - Day.csv,.csv,1986,2,2020-11-02,2026-04-10,60335,indexed,uncertain/restricted
raw_d1898f9600dfe543,CryptoQuant,data_local/raw/cryptoquant/ETH/Fees And Revenue/README.md,.md,,0,,,3766,indexed:non_tabular,uncertain/restricted
raw_362424d1aae33fb1,CryptoQuant,data_local/raw/cryptoquant/ETH/Flow Indicator/Ethereum Exchange Supply Ratio - All Exchanges - Day.csv,.csv,3908,2,2015-07-30,2026-04-10,89393,indexed,uncertain/restricted
raw_e9738282ffcbebf9,CryptoQuant,data_local/raw/cryptoquant/ETH/Flow Indicator/README.md,.md,,0,,,1614,indexed:non_tabular,uncertain/restricted
raw_45619437635482e1,CryptoQuant,data_local/raw/cryptoquant/ETH/Fund Data/Ethereum Coinbase Premium Gap - Day.csv,.csv,3159,2,2017-08-17,2026-04-10,54730,indexed,uncertain/restricted
raw_615b267193d6af61,CryptoQuant,data_local/raw/cryptoquant/ETH/Fund Data/Ethereum Coinbase Premium Index - Day.csv,.csv,3159,2,2017-08-17,2026-04-10,73504,indexed,uncertain/restricted
raw_490e5289d35c36ce,CryptoQuant,data_local/raw/cryptoquant/ETH/Fund Data/Ethereum Fund Holdings - All Symbol - Day.csv,.csv,1983,2,2020-11-04,2026-04-09,55890,indexed,uncertain/restricted
raw_defe35fe871839e4,CryptoQuant,data_local/raw/cryptoquant/ETH/Fund Data/Ethereum Fund Market Premium - All Symbol - Day.csv,.csv,1379,2,2020-11-04,2026-04-09,43116,indexed,uncertain/restricted
raw_62c7350a09929b4d,CryptoQuant,data_local/raw/cryptoquant/ETH/Fund Data/Ethereum Fund Price (USD) - ETHE - Day.csv,.csv,1710,2,2019-06-14,2026-04-02,33335,indexed,uncertain/restricted
raw_4010ad4e4b7d6a0e,CryptoQuant,data_local/raw/cryptoquant/ETH/Fund Data/Ethereum Fund Volume - All Symbol - Day.csv,.csv,1738,2,2019-06-14,2026-04-09,34397,indexed,uncertain/restricted
raw_691f63c385e8a50d,CryptoQuant,data_local/raw/cryptoquant/ETH/Fund Data/Ethereum Korea Premium Index - Day.csv,.csv,2095,2,2020-07-16,2026-04-10,35761,indexed,uncertain/restricted
raw_cbcc48e4359891d8,CryptoQuant,data_local/raw/cryptoquant/ETH/Fund Data/README.md,.md,,0,,,3186,indexed:non_tabular,uncertain/restricted
raw_cd42b90f7824c253,CryptoQuant,data_local/raw/cryptoquant/ETH/Market Data/Ethereum Market Cap - Day.csv,.csv,3900,2,2015-08-07,2026-04-10,117889,indexed,uncertain/restricted
raw_dcaa4c07590834ce,CryptoQuant,"data_local/raw/cryptoquant/ETH/Market Data/Ethereum Price & Volume - Spot, All Exchanges, ETH-USD - Day.csv",.csv,3896,6,2015-08-07,2026-04-11,311480,indexed,uncertain/restricted
raw_e5bac8a60799d430,CryptoQuant,data_local/raw/cryptoquant/ETH/Market Data/Ethereum Price & Volume KRW - Spot - Day.csv,.csv,3654,6,2016-04-08,2026-04-10,321352,indexed,uncertain/restricted
raw_e41e693b87e84541,CryptoQuant,data_local/raw/cryptoquant/ETH/Market Data/Ethereum Taker Buy Ratio - All Exchanges - Day.csv,.csv,2780,2,2018-09-01,2026-04-11,63655,indexed,uncertain/restricted
raw_33d93a6402849c31,CryptoQuant,data_local/raw/cryptoquant/ETH/Market Data/Ethereum Taker Buy Sell Ratio - All Exchanges - Day.csv,.csv,2780,2,2018-09-01,2026-04-11,63643,indexed,uncertain/restricted
raw_6a449088b5525c38,CryptoQuant,data_local/raw/cryptoquant/ETH/Market Data/Ethereum Taker Buy Volume - All Exchanges - Day.csv,.csv,2780,2,2018-09-01,2026-04-11,83941,indexed,uncertain/restricted
raw_3a71fa231203536c,CryptoQuant,data_local/raw/cryptoquant/ETH/Market Data/Ethereum Taker Sell Ratio - All Exchanges - Day.csv,.csv,2780,2,2018-09-01,2026-04-11,63656,indexed,uncertain/restricted
raw_860b1a10a09c06c3,CryptoQuant,data_local/raw/cryptoquant/ETH/Market Data/Ethereum Taker Sell Volume - All Exchanges - Day.csv,.csv,2780,2,2018-09-01,2026-04-11,83954,indexed,uncertain/restricted
raw_b28529a25fd2773d,CryptoQuant,data_local/raw/cryptoquant/ETH/Market Data/README.md,.md,,0,,,3734,indexed:non_tabular,uncertain/restricted
raw_457b77c7e7f9e0ef,CryptoQuant,data_local/raw/cryptoquant/ETH/Network Stats/Ethereum Destroyed Contracts - Day.csv,.csv,1986,2,2020-11-02,2026-04-10,33305,indexed,uncertain/restricted
raw_e73ab871bcde02ff,CryptoQuant,data_local/raw/cryptoquant/ETH/Network Stats/Ethereum New Contracts - Day.csv,.csv,1986,2,2020-11-02,2026-04-10,35244,indexed,uncertain/restricted
raw_dbd0656897043aee,CryptoQuant,data_local/raw/cryptoquant/ETH/Network Stats/Ethereum Number of Contracts - Day.csv,.csv,1986,2,2020-11-02,2026-04-10,41732,indexed,uncertain/restricted
raw_dc575e2ec246979f,CryptoQuant,data_local/raw/cryptoquant/ETH/Network Stats/README.md,.md,,0,,,2095,indexed:non_tabular,uncertain/restricted
raw_10af259f61096b5b,CryptoQuant,data_local/raw/cryptoquant/ETH/Transactions/Ethereum Contract Calls (Mean) - Day.csv,.csv,3908,2,2015-07-30,2026-04-10,96297,indexed,uncertain/restricted
raw_ec6d38df942466a8,CryptoQuant,data_local/raw/cryptoquant/ETH/Transactions/Ethereum Contract Calls (Total) - Day.csv,.csv,365,2,2025-04-11,2026-04-10,7570,indexed,uncertain/restricted
raw_21bf3d7cde51b411,CryptoQuant,data_local/raw/cryptoquant/ETH/Transactions/Ethereum External Contract Calls (Mean) - Day.csv,.csv,365,2,2025-04-11,2026-04-10,9098,indexed,uncertain/restricted
raw_f0c2910968e6d7c2,CryptoQuant,data_local/raw/cryptoquant/ETH/Transactions/Ethereum External Contract Calls (Total) - Day.csv,.csv,365,2,2025-04-11,2026-04-10,7185,indexed,uncertain/restricted
raw_e1a460e33dd099be,CryptoQuant,data_local/raw/cryptoquant/ETH/Transactions/Ethereum Tokens Transferred (Mean) - Day.csv,.csv,365,2,2025-04-11,2026-04-10,11146,indexed,uncertain/restricted
raw_55b9e73a7d1c0ee7,CryptoQuant,data_local/raw/cryptoquant/ETH/Transactions/Ethereum Tokens Transferred (Median) - Day.csv,.csv,365,2,2025-04-11,2026-04-10,9713,indexed,uncertain/restricted
raw_c5de5e1711b9b3ea,CryptoQuant,data_local/raw/cryptoquant/ETH/Transactions/Ethereum Tokens Transferred (Total) - Day.csv,.csv,365,2,2025-04-11,2026-04-10,11114,indexed,uncertain/restricted
raw_6440b34472771030,CryptoQuant,"data_local/raw/cryptoquant/ETH/Transactions/Ethereum Tokens Transferred - Internal, External, EOA (Mean) - Day.csv",.csv,365,4,2025-04-11,2026-04-10,11906,indexed,uncertain/restricted
raw_7cd190bf3e872a3a,CryptoQuant,"data_local/raw/cryptoquant/ETH/Transactions/Ethereum Tokens Transferred - Internal, External, EOA (Median) - Day.csv",.csv,365,4,2025-04-11,2026-04-10,10563,indexed,uncertain/restricted
raw_b45ddf4fc08c915e,CryptoQuant,"data_local/raw/cryptoquant/ETH/Transactions/Ethereum Tokens Transferred - Internal, External, EOA (Total) - Day.csv",.csv,365,4,2025-04-11,2026-04-10,11843,indexed,uncertain/restricted
raw_6eb97d4690dd06dd,CryptoQuant,data_local/raw/cryptoquant/ETH/Transactions/Ethereum Tokens Transferred Between EOA (Mean) - Day.csv,.csv,365,2,2025-04-11,2026-04-10,11132,indexed,uncertain/restricted
raw_d92f8d5c91c6451c,CryptoQuant,data_local/raw/cryptoquant/ETH/Transactions/Ethereum Tokens Transferred Between EOA (Total) - Day.csv,.csv,365,2,2025-04-11,2026-04-10,11135,indexed,uncertain/restricted
raw_5ab8c492844e0ec8,CryptoQuant,data_local/raw/cryptoquant/ETH/Transactions/Ethereum Tokens Transferred Between EOA USD (Mean) - Day.csv,.csv,365,2,2025-04-11,2026-04-10,11080,indexed,uncertain/restricted
raw_0dbf53cab81fea5c,CryptoQuant,data_local/raw/cryptoquant/ETH/Transactions/Ethereum Tokens Transferred Between EOA USD (Median) - Day.csv,.csv,365,2,2025-04-11,2026-04-10,10875,indexed,uncertain/restricted
raw_3f0815dfe3f90f5c,CryptoQuant,data_local/raw/cryptoquant/ETH/Transactions/Ethereum Tokens Transferred Between EOA USD (Total) - Day.csv,.csv,3908,2,2015-07-30,2026-04-10,118065,indexed,uncertain/restricted
raw_08f825a852b9248d,CryptoQuant,data_local/raw/cryptoquant/ETH/Transactions/Ethereum Tokens Transferred USD (Mean) - Day.csv,.csv,365,2,2025-04-11,2026-04-10,11081,indexed,uncertain/restricted
raw_b9753e7f00be4e14,CryptoQuant,data_local/raw/cryptoquant/ETH/Transactions/Ethereum Tokens Transferred USD (Median) - Day.csv,.csv,365,2,2025-04-11,2026-04-10,10875,indexed,uncertain/restricted
raw_73c4259ad0a82f9e,CryptoQuant,data_local/raw/cryptoquant/ETH/Transactions/Ethereum Tokens Transferred USD (Total) - Day.csv,.csv,365,2,2025-04-11,2026-04-10,11054,indexed,uncertain/restricted
raw_49865a708f28c08a,CryptoQuant,"data_local/raw/cryptoquant/ETH/Transactions/Ethereum Tokens Transferred USD - Internal, External, EOA (Mean) - Day.csv",.csv,365,4,2025-04-11,2026-04-10,11832,indexed,uncertain/restricted
raw_be055717783643ec,CryptoQuant,"data_local/raw/cryptoquant/ETH/Transactions/Ethereum Tokens Transferred USD - Internal, External, EOA (Median) - Day.csv",.csv,365,4,2025-04-11,2026-04-10,11645,indexed,uncertain/restricted
raw_d2d84c5087a3f253,CryptoQuant,"data_local/raw/cryptoquant/ETH/Transactions/Ethereum Tokens Transferred USD - Internal, External, EOA (Total) - Day.csv",.csv,365,4,2025-04-11,2026-04-10,11835,indexed,uncertain/restricted
raw_0d62fb358e5b6cf0,CryptoQuant,data_local/raw/cryptoquant/ETH/Transactions/Ethereum Tokens Transferred by Contract Calls (Mean) - Day.csv,.csv,365,2,2025-04-11,2026-04-10,11199,indexed,uncertain/restricted
raw_34c43474b52f2eff,CryptoQuant,data_local/raw/cryptoquant/ETH/Transactions/Ethereum Tokens Transferred by Contract Calls (Median) - Day.csv,.csv,365,2,2025-04-11,2026-04-10,9852,indexed,uncertain/restricted
raw_dcab273c4046855e,CryptoQuant,data_local/raw/cryptoquant/ETH/Transactions/Ethereum Tokens Transferred by Contract Calls (Total) - Day.csv,.csv,365,2,2025-04-11,2026-04-10,11178,indexed,uncertain/restricted
raw_299595e393e9111d,CryptoQuant,data_local/raw/cryptoquant/ETH/Transactions/Ethereum Tokens Transferred by Contract Calls USD (Mean) - Day.csv,.csv,365,2,2025-04-11,2026-04-10,11063,indexed,uncertain/restricted
raw_c8aa3f3742988174,CryptoQuant,data_local/raw/cryptoquant/ETH/Transactions/Ethereum Tokens Transferred by Contract Calls USD (Median) - Day.csv,.csv,365,2,2025-04-11,2026-04-10,10863,indexed,uncertain/restricted
raw_1f66608b60e23a65,CryptoQuant,data_local/raw/cryptoquant/ETH/Transactions/Ethereum Tokens Transferred by Contract Calls USD (Total) - Day.csv,.csv,365,2,2025-04-11,2026-04-10,11058,indexed,uncertain/restricted
raw_a3a0737e2425d5b4,CryptoQuant,data_local/raw/cryptoquant/ETH/Transactions/Ethereum Tokens Transferred by External Contract Calls (Mean) - Day.csv,.csv,365,2,2025-04-11,2026-04-10,11191,indexed,uncertain/restricted
raw_88bd4f69de652b1d,CryptoQuant,data_local/raw/cryptoquant/ETH/Transactions/Ethereum Tokens Transferred by External Contract Calls (Median) - Day.csv,.csv,365,2,2025-04-11,2026-04-10,9238,indexed,uncertain/restricted
raw_b65e656aab146389,CryptoQuant,data_local/raw/cryptoquant/ETH/Transactions/Ethereum Tokens Transferred by External Contract Calls (Total) - Day.csv,.csv,365,2,2025-04-11,2026-04-10,11086,indexed,uncertain/restricted
raw_4010f43e149922ca,CryptoQuant,data_local/raw/cryptoquant/ETH/Transactions/Ethereum Tokens Transferred by External Contract Calls USD (Mean) - Day.csv,.csv,365,2,2025-04-11,2026-04-10,11064,indexed,uncertain/restricted
raw_f4ec85b32badf5fd,CryptoQuant,data_local/raw/cryptoquant/ETH/Transactions/Ethereum Tokens Transferred by External Contract Calls USD (Median) - Day.csv,.csv,566,2,2024-09-22,2026-04-10,16233,indexed,uncertain/restricted
raw_df9c989113dd3057,CryptoQuant,data_local/raw/cryptoquant/ETH/Transactions/Ethereum Tokens Transferred by External Contract Calls USD (Total) - Day.csv,.csv,365,2,2025-04-11,2026-04-10,11106,indexed,uncertain/restricted
raw_fb931526c114de0a,CryptoQuant,data_local/raw/cryptoquant/ETH/Transactions/Ethereum Transaction Count (Mean) - Day.csv,.csv,1986,2,2020-11-02,2026-04-10,49475,indexed,uncertain/restricted
raw_f9d3b9bf24ba0c93,CryptoQuant,data_local/raw/cryptoquant/ETH/Transactions/Ethereum Transaction Count (Total) - Day.csv,.csv,1986,2,2020-11-02,2026-04-10,39619,indexed,uncertain/restricted
raw_a1004c91d7cacb27,CryptoQuant,"data_local/raw/cryptoquant/ETH/Transactions/Ethereum Transaction Count - Internal, External, EOA (Total) - Day.csv",.csv,1986,4,2020-11-02,2026-04-10,44010,indexed,uncertain/restricted
raw_4c189b698b4f65e0,CryptoQuant,data_local/raw/cryptoquant/ETH/Transactions/Ethereum Transactions Between EOA (Mean) - Day.csv,.csv,1986,2,2020-11-02,2026-04-10,47560,indexed,uncertain/restricted
raw_0d76cb2beb0489f9,CryptoQuant,data_local/raw/cryptoquant/ETH/Transactions/Ethereum Transactions Between EOA (Total) - Day.csv,.csv,1986,2,2020-11-02,2026-04-10,37817,indexed,uncertain/restricted
raw_c8cd8ca215e42453,CryptoQuant,"data_local/raw/cryptoquant/ETH/Transactions/Ethereum Transfer Count - Internal, External, EOA (Mean) - Day.csv",.csv,365,4,2025-04-11,2026-04-10,9871,indexed,uncertain/restricted
raw_60c708e7eab3f6ca,CryptoQuant,"data_local/raw/cryptoquant/ETH/Transactions/Ethereum Transfer Count - Internal, External, EOA (Total) - Day.csv",.csv,365,4,2025-04-11,2026-04-10,8071,indexed,uncertain/restricted
raw_e4cd3eff6195566d,CryptoQuant,data_local/raw/cryptoquant/ETH/Transactions/Ethereum Transfers Between EOA (Mean) - Day.csv,.csv,365,2,2025-04-11,2026-04-10,8820,indexed,uncertain/restricted
raw_6fb15456bae7cd0c,CryptoQuant,data_local/raw/cryptoquant/ETH/Transactions/Ethereum Transfers Between EOA (Total) - Day.csv,.csv,365,2,2025-04-11,2026-04-10,7010,indexed,uncertain/restricted
raw_6539fc99db526334,CryptoQuant,data_local/raw/cryptoquant/ETH/Transactions/Ethereum Transfers by Contract Calls (Mean) - Day.csv,.csv,365,2,2025-04-11,2026-04-10,9069,indexed,uncertain/restricted
raw_7d040ec74c23cd5e,CryptoQuant,data_local/raw/cryptoquant/ETH/Transactions/Ethereum Transfers by External Contract Calls (Mean) - Day.csv,.csv,365,2,2025-04-11,2026-04-10,8778,indexed,uncertain/restricted
raw_eb829a8a771e6329,CryptoQuant,data_local/raw/cryptoquant/ETH/Transactions/Ethereum Transfers by External Contract Calls (Total) - Day.csv,.csv,365,2,2025-04-11,2026-04-10,6986,indexed,uncertain/restricted
raw_d518b1e7545eec4a,CryptoQuant,data_local/raw/cryptoquant/ETH/Transactions/README.md,.md,,0,,,12138,indexed:non_tabular,uncertain/restricted
raw_c2054b5fa45a0dfe,CryptoQuant,data_local/raw/cryptoquant/USDC/Addresses/README.md,.md,,0,,,2852,indexed:non_tabular,uncertain/restricted
raw_c3cc6045237c5a13,CryptoQuant,data_local/raw/cryptoquant/USDC/Addresses/USD Coin(ERC20) Active Addresses - Day.csv,.csv,2761,2,2018-09-10,2026-04-11,49071,indexed,uncertain/restricted
raw_c5f542c5f8cb7743,CryptoQuant,data_local/raw/cryptoquant/USDC/Addresses/USD Coin(ERC20) Active Receiving Addresses (%) - Day.csv,.csv,2761,2,2018-09-10,2026-04-11,65911,indexed,uncertain/restricted
raw_3322991d8c115e25,CryptoQuant,data_local/raw/cryptoquant/USDC/Addresses/USD Coin(ERC20) Active Receiving Addresses - Day.csv,.csv,2761,2,2018-09-10,2026-04-11,48935,indexed,uncertain/restricted
raw_01cadbeb1412206c,CryptoQuant,data_local/raw/cryptoquant/USDC/Addresses/USD Coin(ERC20) Active Sending Addresses (%) - Day.csv,.csv,2761,2,2018-09-10,2026-04-11,65852,indexed,uncertain/restricted
raw_79189ed0ea1306dc,CryptoQuant,data_local/raw/cryptoquant/USDC/Addresses/USD Coin(ERC20) Active Sending Addresses - Day.csv,.csv,2761,2,2018-09-10,2026-04-11,48852,indexed,uncertain/restricted
raw_13477625424cfbb6,CryptoQuant,data_local/raw/cryptoquant/USDC/Exchange Flows/README.md,.md,,0,,,5306,indexed:non_tabular,uncertain/restricted
raw_ae70633b9f4e9198,CryptoQuant,data_local/raw/cryptoquant/USDC/Exchange Flows/USD Coin(ERC20) Exchange Depositing Addresses - All Exchanges - Day.csv,.csv,2770,2,2018-09-12,2026-04-12,46646,indexed,uncertain/restricted
raw_2fda2926bbdee4ac,CryptoQuant,data_local/raw/cryptoquant/USDC/Exchange Flows/USD Coin(ERC20) Exchange Depositing Transactions - All Exchanges - Day.csv,.csv,2770,2,2018-09-12,2026-04-12,46831,indexed,uncertain/restricted
raw_515964c757ad0ba5,CryptoQuant,data_local/raw/cryptoquant/USDC/Exchange Flows/USD Coin(ERC20) Exchange Inflow (Mean) - All Exchanges - Day.csv,.csv,2770,2,2018-09-12,2026-04-12,75214,indexed,uncertain/restricted
raw_e14fa2b894589680,CryptoQuant,data_local/raw/cryptoquant/USDC/Exchange Flows/USD Coin(ERC20) Exchange Inflow (Top10) - All Exchanges - Day.csv,.csv,2770,2,2018-09-12,2026-04-12,79020,indexed,uncertain/restricted
raw_4e69b9acf998eb89,CryptoQuant,data_local/raw/cryptoquant/USDC/Exchange Flows/USD Coin(ERC20) Exchange Inflow (Total) - All Exchanges - Day.csv,.csv,2769,2,2018-09-12,2026-04-11,79221,indexed,uncertain/restricted
raw_d312b8eb987f50a3,CryptoQuant,data_local/raw/cryptoquant/USDC/Exchange Flows/USD Coin(ERC20) Exchange Netflow (Total) - All Exchanges - Day.csv,.csv,2770,2,2018-09-12,2026-04-12,78008,indexed,uncertain/restricted
raw_04b9183e1d54084f,CryptoQuant,data_local/raw/cryptoquant/USDC/Exchange Flows/USD Coin(ERC20) Exchange Outflow (Mean) - All Exchanges - Day.csv,.csv,2770,2,2018-09-12,2026-04-12,74942,indexed,uncertain/restricted
raw_7924bd3938da7289,CryptoQuant,data_local/raw/cryptoquant/USDC/Exchange Flows/USD Coin(ERC20) Exchange Outflow (Top10) - All Exchanges - Day.csv,.csv,2770,2,2018-09-12,2026-04-12,78826,indexed,uncertain/restricted
raw_d115d38f5c497558,CryptoQuant,data_local/raw/cryptoquant/USDC/Exchange Flows/USD Coin(ERC20) Exchange Outflow (Total) - All Exchanges - Day.csv,.csv,2769,2,2018-09-12,2026-04-11,79253,indexed,uncertain/restricted
raw_e2bf329c3a46000c,CryptoQuant,data_local/raw/cryptoquant/USDC/Exchange Flows/USD Coin(ERC20) Exchange Reserve - All Exchanges - Day.csv,.csv,2769,2,2018-09-12,2026-04-11,83383,indexed,uncertain/restricted
raw_807fb14af9b323d8,CryptoQuant,data_local/raw/cryptoquant/USDC/Exchange Flows/USD Coin(ERC20) Exchange Withdrawing Addresses - All Exchanges - Day.csv,.csv,2770,2,2018-09-12,2026-04-12,46905,indexed,uncertain/restricted
raw_b6233fe2bb379f3b,CryptoQuant,data_local/raw/cryptoquant/USDC/Exchange Flows/USD Coin(ERC20) Exchange Withdrawing Transactions - All Exchanges - Day.csv,.csv,2770,2,2018-09-12,2026-04-12,47164,indexed,uncertain/restricted
raw_61a8e3dbcea94026,CryptoQuant,data_local/raw/cryptoquant/USDC/Flow Indicator/README.md,.md,,0,,,1636,indexed:non_tabular,uncertain/restricted
raw_286829a431891460,CryptoQuant,data_local/raw/cryptoquant/USDC/Flow Indicator/USD Coin(ERC20) Exchange Supply Ratio - All Exchanges - Day.csv,.csv,2771,2,2018-09-10,2026-04-11,63378,indexed,uncertain/restricted
raw_830292beaf39c046,CryptoQuant,data_local/raw/cryptoquant/USDC/Transactions/README.md,.md,,0,,,2223,indexed:non_tabular,uncertain/restricted
raw_474c90377dd9fe57,CryptoQuant,data_local/raw/cryptoquant/USDC/Transactions/USD Coin(ERC20) Tokens Transferred (Mean) - Day.csv,.csv,2761,2,2018-09-10,2026-04-11,75131,indexed,uncertain/restricted
raw_cf0cdc5ef4c5d5f0,CryptoQuant,data_local/raw/cryptoquant/USDC/Transactions/USD Coin(ERC20) Tokens Transferred (Total) - Day.csv,.csv,2761,2,2018-09-10,2026-04-11,81701,indexed,uncertain/restricted
raw_a7144571ab836b3e,CryptoQuant,data_local/raw/cryptoquant/USDC/Transactions/USD Coin(ERC20) Transfer Event Count - Day.csv,.csv,2761,2,2018-09-10,2026-04-11,49612,indexed,uncertain/restricted
raw_0df6b5878df27213,CryptoQuant,data_local/raw/cryptoquant/USDC/USDC_Metrics.txt,.txt,,0,,,2355,indexed:non_tabular,uncertain/restricted
raw_e8a57c2a37bebcaf,CryptoQuant,data_local/raw/cryptoquant/USDT (TRX)/Addresses/README.md,.md,,0,,,2863,indexed:non_tabular,uncertain/restricted
raw_b4ec58a4432decc0,CryptoQuant,data_local/raw/cryptoquant/USDT (TRX)/Addresses/Tether USD(TRC20) Active Addresses - Day.csv,.csv,2474,2,2019-07-01,2026-04-08,46595,indexed,uncertain/restricted
raw_a3613d1b95594b0a,CryptoQuant,data_local/raw/cryptoquant/USDT (TRX)/Addresses/Tether USD(TRC20) Active Receiving Addresses (%) - Day.csv,.csv,2474,2,2019-07-01,2026-04-08,56522,indexed,uncertain/restricted
raw_5430a72f276b7ed9,CryptoQuant,data_local/raw/cryptoquant/USDT (TRX)/Addresses/Tether USD(TRC20) Active Receiving Addresses - Day.csv,.csv,2474,2,2019-07-01,2026-04-08,46092,indexed,uncertain/restricted
raw_a327cb4ce4c227bc,CryptoQuant,data_local/raw/cryptoquant/USDT (TRX)/Addresses/Tether USD(TRC20) Active Sending Addresses (%) - Day.csv,.csv,2474,2,2019-07-01,2026-04-08,56525,indexed,uncertain/restricted
raw_b3562ea1ad63186c,CryptoQuant,data_local/raw/cryptoquant/USDT (TRX)/Addresses/Tether USD(TRC20) Active Sending Addresses - Day.csv,.csv,2474,2,2019-07-01,2026-04-08,45782,indexed,uncertain/restricted
raw_02156c00802c3fa9,CryptoQuant,data_local/raw/cryptoquant/USDT (TRX)/Exchange Flows/README.md,.md,,0,,,4387,indexed:non_tabular,uncertain/restricted
raw_c2bb035c81ecfe16,CryptoQuant,data_local/raw/cryptoquant/USDT (TRX)/Exchange Flows/Tether USD(TRC20) Exchange Depositing Transactions - All Exchanges - Day.csv,.csv,2459,2,2019-07-17,2026-04-09,44786,indexed,uncertain/restricted
raw_43dd08b141a33b3c,CryptoQuant,data_local/raw/cryptoquant/USDT (TRX)/Exchange Flows/Tether USD(TRC20) Exchange Inflow (Mean) - All Exchanges - Day.csv,.csv,2459,2,2019-07-17,2026-04-09,65699,indexed,uncertain/restricted
raw_9498c3ac60bf4f6a,CryptoQuant,data_local/raw/cryptoquant/USDT (TRX)/Exchange Flows/Tether USD(TRC20) Exchange Inflow (Top10) - All Exchanges - Day.csv,.csv,2459,2,2019-07-17,2026-04-09,71571,indexed,uncertain/restricted
raw_9a0f41a4bf411de1,CryptoQuant,data_local/raw/cryptoquant/USDT (TRX)/Exchange Flows/Tether USD(TRC20) Exchange Inflow (Total) - All Exchanges - Day.csv,.csv,2459,2,2019-07-17,2026-04-09,73723,indexed,uncertain/restricted
raw_19f890f6254a7824,CryptoQuant,data_local/raw/cryptoquant/USDT (TRX)/Exchange Flows/Tether USD(TRC20) Exchange Netflow (Total) - All Exchanges - Day.csv,.csv,2459,2,2019-07-17,2026-04-09,74518,indexed,uncertain/restricted
raw_fa2fea3eaf080614,CryptoQuant,data_local/raw/cryptoquant/USDT (TRX)/Exchange Flows/Tether USD(TRC20) Exchange Outflow (Mean) - All Exchanges - Day.csv,.csv,2459,2,2019-07-17,2026-04-09,64274,indexed,uncertain/restricted
raw_91108426c3128070,CryptoQuant,data_local/raw/cryptoquant/USDT (TRX)/Exchange Flows/Tether USD(TRC20) Exchange Outflow (Top10) - All Exchanges - Day.csv,.csv,2459,2,2019-07-17,2026-04-09,71188,indexed,uncertain/restricted
raw_4ae38116fcce1cc1,CryptoQuant,data_local/raw/cryptoquant/USDT (TRX)/Exchange Flows/Tether USD(TRC20) Exchange Reserve - All Exchanges - Day.csv,.csv,2459,2,2019-07-17,2026-04-09,74196,indexed,uncertain/restricted
raw_758f5304749aeea3,CryptoQuant,data_local/raw/cryptoquant/USDT (TRX)/Exchange Flows/Tether USD(TRC20) Exchange Withdrawing Transactions - All Exchanges - Day.csv,.csv,2459,2,2019-07-17,2026-04-09,45298,indexed,uncertain/restricted
raw_ec0ed2dc614763d2,CryptoQuant,data_local/raw/cryptoquant/USDT (TRX)/USDT_TRX_Metrics.txt,.txt,,0,,,1569,indexed:non_tabular,uncertain/restricted
raw_2b0e12266620f45f,CryptoQuant,data_local/raw/cryptoquant/USDT ETH/Addresses/README.md,.md,,0,,,2870,indexed:non_tabular,uncertain/restricted
raw_c3b82650c6b9d7b1,CryptoQuant,data_local/raw/cryptoquant/USDT ETH/Addresses/Tether USD(ERC20) Active Addresses - Day.csv,.csv,3008,2,2017-11-28,2026-04-11,53690,indexed,uncertain/restricted
raw_f0e43bd15599d507,CryptoQuant,data_local/raw/cryptoquant/USDT ETH/Addresses/Tether USD(ERC20) Active Receiving Addresses (%) - Day.csv,.csv,3008,2,2017-11-28,2026-04-11,71507,indexed,uncertain/restricted
raw_99edc2a3582b5000,CryptoQuant,data_local/raw/cryptoquant/USDT ETH/Addresses/Tether USD(ERC20) Active Receiving Addresses - Day.csv,.csv,3008,2,2017-11-28,2026-04-11,53204,indexed,uncertain/restricted
raw_6ba7f286acb5a8f9,CryptoQuant,data_local/raw/cryptoquant/USDT ETH/Addresses/Tether USD(ERC20) Active Sending Addresses (%) - Day.csv,.csv,3008,2,2017-11-28,2026-04-11,71506,indexed,uncertain/restricted
raw_9228348b0857c590,CryptoQuant,data_local/raw/cryptoquant/USDT ETH/Addresses/Tether USD(ERC20) Active Sending Addresses - Day.csv,.csv,3008,2,2017-11-28,2026-04-11,53000,indexed,uncertain/restricted
raw_93a35e38b363390b,CryptoQuant,data_local/raw/cryptoquant/USDT ETH/Exchange Flows/README.md,.md,,0,,,5385,indexed:non_tabular,uncertain/restricted
raw_08c1585722906a19,CryptoQuant,data_local/raw/cryptoquant/USDT ETH/Exchange Flows/Tether USD(ERC20) Exchange Depositing Addresses - All Exchanges - Day.csv,.csv,3027,2,2017-12-28,2026-04-11,52349,indexed,uncertain/restricted
raw_ce763692a991e2c6,CryptoQuant,data_local/raw/cryptoquant/USDT ETH/Exchange Flows/Tether USD(ERC20) Exchange Depositing Transactions - All Exchanges - Day.csv,.csv,3027,2,2017-12-28,2026-04-11,52587,indexed,uncertain/restricted
raw_25c939f118a5f0dc,CryptoQuant,data_local/raw/cryptoquant/USDT ETH/Exchange Flows/Tether USD(ERC20) Exchange Inflow (Mean) - All Exchanges - Day.csv,.csv,3027,2,2017-12-28,2026-04-11,80792,indexed,uncertain/restricted
raw_393acda8069645e6,CryptoQuant,data_local/raw/cryptoquant/USDT ETH/Exchange Flows/Tether USD(ERC20) Exchange Inflow (Top10) - All Exchanges - Day.csv,.csv,3027,2,2017-12-28,2026-04-11,85876,indexed,uncertain/restricted
raw_9b7a21a880014876,CryptoQuant,data_local/raw/cryptoquant/USDT ETH/Exchange Flows/Tether USD(ERC20) Exchange Inflow (Total) - All Exchanges - Day.csv,.csv,3027,2,2017-12-28,2026-04-11,86010,indexed,uncertain/restricted
raw_b8079729f265cc44,CryptoQuant,data_local/raw/cryptoquant/USDT ETH/Exchange Flows/Tether USD(ERC20) Exchange Netflow (Total) - All Exchanges - Day.csv,.csv,3027,2,2017-12-28,2026-04-11,84931,indexed,uncertain/restricted
raw_cd9ea7fafa1f426a,CryptoQuant,data_local/raw/cryptoquant/USDT ETH/Exchange Flows/Tether USD(ERC20) Exchange Outflow (Mean) - All Exchanges - Day.csv,.csv,3027,2,2017-12-28,2026-04-11,80246,indexed,uncertain/restricted
raw_8e60f928f13f9d94,CryptoQuant,data_local/raw/cryptoquant/USDT ETH/Exchange Flows/Tether USD(ERC20) Exchange Outflow (Top10) - All Exchanges - Day.csv,.csv,3027,2,2017-12-28,2026-04-11,85609,indexed,uncertain/restricted
raw_53ca61f60c3758f5,CryptoQuant,data_local/raw/cryptoquant/USDT ETH/Exchange Flows/Tether USD(ERC20) Exchange Outflow (Total) - All Exchanges - Day.csv,.csv,3027,2,2017-12-28,2026-04-11,86268,indexed,uncertain/restricted
raw_ec1ab0fddb3e0ff0,CryptoQuant,data_local/raw/cryptoquant/USDT ETH/Exchange Flows/Tether USD(ERC20) Exchange Reserve - All Exchanges - Day.csv,.csv,3027,2,2017-12-28,2026-04-11,90353,indexed,uncertain/restricted
raw_de891d3e7bf4e9aa,CryptoQuant,data_local/raw/cryptoquant/USDT ETH/Exchange Flows/Tether USD(ERC20) Exchange Withdrawing Addresses - All Exchanges - Day.csv,.csv,3027,2,2017-12-28,2026-04-11,52812,indexed,uncertain/restricted
raw_197cd4b7c2c027ce,CryptoQuant,data_local/raw/cryptoquant/USDT ETH/Exchange Flows/Tether USD(ERC20) Exchange Withdrawing Transactions - All Exchanges - Day.csv,.csv,3027,2,2017-12-28,2026-04-11,52910,indexed,uncertain/restricted
raw_714e51676fc8487a,CryptoQuant,data_local/raw/cryptoquant/USDT ETH/Flow Indicator/README.md,.md,,0,,,1646,indexed:non_tabular,uncertain/restricted
raw_08e2404085205a14,CryptoQuant,data_local/raw/cryptoquant/USDT ETH/Flow Indicator/Tether USD(ERC20) Exchange Supply Ratio - All Exchanges - Day.csv,.csv,3056,2,2017-11-28,2026-04-10,69732,indexed,uncertain/restricted
raw_9f4c1207ea54ebff,CryptoQuant,data_local/raw/cryptoquant/USDT ETH/Market Data/README.md,.md,,0,,,1535,indexed:non_tabular,uncertain/restricted
raw_7649f739d791e6ea,CryptoQuant,data_local/raw/cryptoquant/USDT ETH/Market Data/Tether USD(ERC20) Market Cap - Day.csv,.csv,3008,2,2017-11-28,2026-04-11,88786,indexed,uncertain/restricted
raw_d6e7a139a727e825,CryptoQuant,data_local/raw/cryptoquant/USDT ETH/Supply/README.md,.md,,0,,,1564,indexed:non_tabular,uncertain/restricted
raw_79c4eefbb488b6c4,CryptoQuant,data_local/raw/cryptoquant/USDT ETH/Supply/Tether USD(ERC20) Total Supply - Day.csv,.csv,3057,2,2017-11-28,2026-04-11,81941,indexed,uncertain/restricted
raw_725e2b05f8971950,CryptoQuant,data_local/raw/cryptoquant/USDT ETH/Transactions/README.md,.md,,0,,,1923,indexed:non_tabular,uncertain/restricted
raw_eebd11fcd9329914,CryptoQuant,data_local/raw/cryptoquant/USDT ETH/Transactions/Tether USD(ERC20) Tokens Transferred (Total) - Day.csv,.csv,3008,2,2017-11-28,2026-04-11,88265,indexed,uncertain/restricted
raw_af348fc64cbb0c81,CryptoQuant,data_local/raw/cryptoquant/USDT ETH/Transactions/Tether USD(ERC20) Transfer Event Count - Day.csv,.csv,3008,2,2017-11-28,2026-04-11,54912,indexed,uncertain/restricted
raw_a69a77f4175b3897,CryptoQuant,data_local/raw/cryptoquant/USDT ETH/USDT_ETH_Metrics.txt,.txt,,0,,,2422,indexed:non_tabular,uncertain/restricted
raw_01ee6194cca7b430,CryptoQuant,data_local/raw/cryptoquant/WBTC/Addresses/README.md,.md,,0,,,2131,indexed:non_tabular,uncertain/restricted
raw_f6708de079c84be5,CryptoQuant,data_local/raw/cryptoquant/WBTC/Addresses/Wrapped BTC Active Addresses - Day.csv,.csv,2696,2,2018-11-24,2026-04-11,44280,indexed,uncertain/restricted
raw_67a2eca40282ba6c,CryptoQuant,data_local/raw/cryptoquant/WBTC/Addresses/Wrapped BTC Active Receiving Addresses - Day.csv,.csv,2696,2,2018-11-24,2026-04-11,43899,indexed,uncertain/restricted
raw_e2a4c4dfecb9404d,CryptoQuant,data_local/raw/cryptoquant/WBTC/Addresses/Wrapped BTC Active Sending Addresses - Day.csv,.csv,2696,2,2018-11-24,2026-04-11,43766,indexed,uncertain/restricted
raw_afb2feb85b8f8226,CryptoQuant,data_local/raw/cryptoquant/WBTC/Transactions/README.md,.md,,0,,,3095,indexed:non_tabular,uncertain/restricted
raw_5410c98b897948e6,CryptoQuant,data_local/raw/cryptoquant/WBTC/Transactions/Wrapped BTC Tokens Transferred (Mean) - Day.csv,.csv,2696,2,2018-11-24,2026-04-11,80890,indexed,uncertain/restricted
raw_8be6a0bae8be6c44,CryptoQuant,data_local/raw/cryptoquant/WBTC/Transactions/Wrapped BTC Tokens Transferred (Median) - Day.csv,.csv,2696,2,2018-11-24,2026-04-11,60217,indexed,uncertain/restricted
raw_9c4fc34ed8dcb4e7,CryptoQuant,data_local/raw/cryptoquant/WBTC/Transactions/Wrapped BTC Tokens Transferred (Total) - Day.csv,.csv,2696,2,2018-11-24,2026-04-11,70161,indexed,uncertain/restricted
raw_1d744a16b38e3a7f,CryptoQuant,data_local/raw/cryptoquant/WBTC/Transactions/Wrapped BTC Transaction Count (Mean) - Day.csv,.csv,2696,2,2018-11-24,2026-04-11,61206,indexed,uncertain/restricted
raw_a00d609adc0e6bec,CryptoQuant,data_local/raw/cryptoquant/WBTC/Transactions/Wrapped BTC Transaction Count (Total) - Day.csv,.csv,2696,2,2018-11-24,2026-04-11,45775,indexed,uncertain/restricted
raw_a9c5d74ce0911771,CryptoQuant,data_local/raw/cryptoquant/WBTC/Transactions/Wrapped BTC Transfer Count (Total) - Day.csv,.csv,2696,2,2018-11-24,2026-04-11,45674,indexed,uncertain/restricted
raw_e85687d8f87439c3,CryptoQuant,data_local/raw/cryptoquant/WBTC/WBTC_Metrics.txt,.txt,,0,,,899,indexed:non_tabular,uncertain/restricted
raw_0680362947ba7ef3,DefiLlama,data_local/raw/defillama/CEX/README.md,.md,,0,,,2250,indexed:non_tabular,derived-only recommended
raw_2a6ecbb851756f1e,DefiLlama,data_local/raw/defillama/CEX/cex_net_inflows_by_exchange__daily.csv,.csv,1253,76,2022-11-12,2026-04-17,589805,indexed,derived-only recommended
raw_5484dd8f82c90633,DefiLlama,data_local/raw/defillama/ChainMetrics/README.md,.md,,0,,,4287,indexed:non_tabular,derived-only recommended
raw_baf8f420ae232062,DefiLlama,data_local/raw/defillama/ChainMetrics/all_chains_metrics__daily.csv,.csv,3644,40,2016-04-19,2026-04-17,939491,indexed,derived-only recommended
raw_8005cea51cc92b90,DefiLlama,data_local/raw/defillama/ChainMetrics/all_chains_perp_volume_by_protocol__daily.csv,.csv,1878,180,2021-02-25,2026-04-17,1141579,indexed,derived-only recommended
raw_c798bd15c9a768a4,DefiLlama,data_local/raw/defillama/ChainMetrics/all_dex_metrics__daily.csv,.csv,3644,5,2016-04-19,2026-04-17,194927,indexed,derived-only recommended
raw_2eaf183bb40b5052,DefiLlama,data_local/raw/defillama/ChainMetrics/chain_revenue_combined__daily.csv,.csv,2793,2,2018-08-18,2026-04-17,54363,indexed,derived-only recommended
raw_c63c2cc7ff98c7da,DefiLlama,data_local/raw/defillama/ChainMetrics/chain_tvl_dominance__daily.csv,.csv,521,457,2020-08-04,2026-04-15,1975428,indexed,derived-only recommended
raw_e8d51d52f7633cb2,DefiLlama,data_local/raw/defillama/ChainMetrics/ethereum_metrics__daily.csv,.csv,3125,48,2017-09-27,2026-04-17,1017168,indexed,derived-only recommended
raw_678e776eb8a3a099,DefiLlama,data_local/raw/defillama/ChainMetrics/solana_metrics__daily.csv,.csv,1857,38,2021-03-18,2026-04-17,501639,indexed,derived-only recommended
raw_1c5aae409fb6548f,DefiLlama,data_local/raw/defillama/DATs/README.md,.md,,0,,,2473,indexed:non_tabular,derived-only recommended
raw_235121e1dabb723e,DefiLlama,data_local/raw/defillama/DATs/dat-institutions.csv,.csv,86,11,,,36421,indexed:no_declared_observation_column,derived-only recommended
raw_e5af3be51e73ab78,DefiLlama,data_local/raw/defillama/ETFs/README.md,.md,,0,,,2361,indexed:non_tabular,derived-only recommended
raw_33a5b5cb290b9cf3,DefiLlama,data_local/raw/defillama/ETFs/etf-history.csv,.csv,565,3,2024-01-11,2026-04-14,17014,indexed,derived-only recommended
raw_ecd55ac39fd2d62e,DefiLlama,data_local/raw/defillama/ETFs/etf-overview.csv,.csv,25,6,,,1326,indexed:no_declared_observation_column,derived-only recommended
raw_f7a0a24516b642ed,DefiLlama,data_local/raw/defillama/RWA/README.md,.md,,0,,,4070,indexed:non_tabular,derived-only recommended
raw_a6af326fae84b74f,DefiLlama,data_local/raw/defillama/RWA/rwa_active_mcap_all__daily.csv,.csv,1687,22,2021-09-04,2026-04-17,218988,indexed,derived-only recommended
raw_8a173abb309d3429,DefiLlama,data_local/raw/defillama/RWA/rwa_defi_active_tvl_all__daily.csv,.csv,1633,19,2021-10-25,2026-04-14,165531,indexed,derived-only recommended
raw_6fe26c75b65456e3,DefiLlama,data_local/raw/defillama/RWA/rwa_mcap_by_category__daily.csv,.csv,1687,13,2021-09-04,2026-04-17,188350,indexed,derived-only recommended
raw_c14d99705d228ec3,DefiLlama,data_local/raw/defillama/RWA/rwa_onchain_mcap_all__daily.csv,.csv,1687,24,2021-09-04,2026-04-17,243841,indexed,derived-only recommended
raw_4dc823d99340077c,DefiLlama,data_local/raw/defillama/RWA/rwa_onchain_mcap_by_platform__daily.csv,.csv,1687,63,2021-09-04,2026-04-17,502408,indexed,derived-only recommended
raw_356ef055b5a105de,DefiLlama,data_local/raw/defillama/Stablecoins/README.md,.md,,0,,,3333,indexed:non_tabular,derived-only recommended
raw_9a83e2846db78131,DefiLlama,data_local/raw/defillama/Stablecoins/stablecoin_mcap_by_defillama_id__daily.csv,.csv,3062,201,2017-11-29,2026-04-17,2245801,indexed,derived-only recommended
raw_72ff6b1170b71329,DefiLlama,data_local/raw/defillama/Stablecoins/stablecoin_mcap_id_to_name.csv,.csv,200,4,,,1574,indexed:no_declared_observation_column,derived-only recommended
raw_9f6e066c6a7db979,DefiLlama,data_local/raw/defillama/Stablecoins/stablecoins-chains.csv,.csv,175,3,,,5180,indexed:no_declared_observation_column,derived-only recommended
raw_ef5805eb2918db19,DefiLlama,data_local/raw/defillama/Stablecoins/stablecoins.csv,.csv,360,10,,,83248,indexed:no_declared_observation_column,derived-only recommended
raw_c6bf88ec9893b4b2,DefiLlama,data_local/raw/defillama/TVL/Daily/README.md,.md,,0,,,2585,indexed:non_tabular,derived-only recommended
raw_1b864de8f715cc56,DefiLlama,data_local/raw/defillama/TVL/Daily/tvl_all_chains_daily.csv,.csv,3122,2,2017-09-27,2026-04-14,72055,indexed,derived-only recommended
raw_a1d7ce06b500ebea,DefiLlama,data_local/raw/defillama/TVL/Daily/tvl_by_chain_long_daily.csv,.csv,419303,3,2017-09-27,2026-04-14,11389216,indexed,derived-only recommended
raw_1b6ee0a45a16244f,DefiLlama,data_local/raw/defillama/TVL/Daily/tvl_by_chain_wide_daily.csv,.csv,3122,440,2017-09-27,2026-04-14,4917390,indexed,derived-only recommended
raw_4d19dd2fa933196d,DefiLlama,data_local/raw/defillama/TVL/Snapshot/README.md,.md,,0,,,2703,indexed:non_tabular,derived-only recommended
raw_c9555af1392a6dc4,DefiLlama,data_local/raw/defillama/TVL/Snapshot/tvl_chains_current.csv,.csv,440,6,,,20023,indexed:no_declared_observation_column,derived-only recommended
raw_3a6cbd7798bff813,DefiLlama,data_local/raw/defillama/TVL/Snapshot/tvl_protocols_current.csv,.csv,7317,56,,,5566948,indexed:no_declared_observation_column,derived-only recommended
raw_92e8009b8be2a87b,DefiLlama,data_local/raw/defillama/TVL/Weekly/README.md,.md,,0,,,2596,indexed:non_tabular,derived-only recommended
raw_b02f09b82491c87a,DefiLlama,data_local/raw/defillama/TVL/Weekly/tvl_all_chains_weekly.csv,.csv,447,2,2017-10-01,2026-04-19,10326,indexed,derived-only recommended
raw_6596765b8e8ec47a,DefiLlama,data_local/raw/defillama/TVL/Weekly/tvl_by_chain_long_weekly.csv,.csv,60392,3,2017-10-01,2026-04-19,1639917,indexed,derived-only recommended
raw_6a30c78c53306c17,DefiLlama,data_local/raw/defillama/TVL/Weekly/tvl_by_chain_wide_weekly.csv,.csv,447,440,2017-10-01,2026-04-19,709525,indexed,derived-only recommended
raw_2460adad92dcd05e,DefiLlama,data_local/raw/defillama/_raw_parts/README.md,.md,,0,,,301,indexed:non_tabular,derived-only recommended
raw_87efa8271b903d47,DefiLlama,data_local/raw/defillama/_raw_parts/cex_inflows/cex-inflows-chart_combined_2026-04-17 part 1.csv,.csv,1253,26,2022-11-12,2026-04-17,247511,indexed,derived-only recommended
raw_26dce8dc336a01a1,DefiLlama,data_local/raw/defillama/_raw_parts/cex_inflows/cex-inflows-chart_combined_2026-04-17 part 2.csv,.csv,1037,26,2023-06-16,2026-04-17,113115,indexed,derived-only recommended
raw_386ffbfb1f83a36d,DefiLlama,data_local/raw/defillama/_raw_parts/cex_inflows/cex-inflows-chart_combined_2026-04-17 part 3.csv,.csv,1243,26,2022-11-22,2026-04-17,148013,indexed,derived-only recommended
raw_3785572e36799459,DefiLlama,data_local/raw/defillama/_raw_parts/duplicates/all_metrics_2026-04-17 (1) volume.csv,.csv,3644,38,2016-04-19,2026-04-17,904499,indexed,derived-only recommended
raw_fd5450adc99c1ee7,DefiLlama,data_local/raw/defillama/_raw_parts/duplicates/ethereum_metrics_2026-04-17 (1).csv,.csv,3125,48,2017-09-27,2026-04-17,1017157,indexed,derived-only recommended
raw_2ae4aee36c8592c8,DefiLlama,data_local/raw/defillama/_raw_parts/duplicates/ethereum_metrics_2026-04-17 Fees and revenue.csv,.csv,3125,48,2017-09-27,2026-04-17,1017157,indexed,derived-only recommended
raw_db7c6a49306f2934,DefiLlama,data_local/raw/defillama/_raw_parts/duplicates/rwa-time-series-chart-active-mcap-all-2026-04-14.csv,.csv,1684,19,2021-09-04,2026-04-14,190595,indexed,derived-only recommended
raw_86306ae622e90de3,DefiLlama,data_local/raw/defillama/_raw_parts/duplicates/rwa-time-series-chart-onchain-mcap-all-2026-04-14.csv,.csv,1684,22,2021-09-04,2026-04-14,224131,indexed,derived-only recommended
raw_0d524ca75275f51f,DefiLlama,data_local/raw/defillama/_raw_parts/stablecoin_mcap/stablecoin-mcap-chart_combined_2026-04-17 (1) part 5.csv,.csv,1981,26,2020-11-14,2026-04-17,237346,indexed,derived-only recommended
raw_9b2e23d288f9a6d3,DefiLlama,data_local/raw/defillama/_raw_parts/stablecoin_mcap/stablecoin-mcap-chart_combined_2026-04-17 (1) part 6.csv,.csv,2102,26,2020-07-16,2026-04-17,246351,indexed,derived-only recommended
raw_058661580794d991,DefiLlama,data_local/raw/defillama/_raw_parts/stablecoin_mcap/stablecoin-mcap-chart_combined_2026-04-17 (1) part 7.csv,.csv,1934,26,2020-12-31,2026-04-17,216871,indexed,derived-only recommended
raw_606505ce28bc668b,DefiLlama,data_local/raw/defillama/_raw_parts/stablecoin_mcap/stablecoin-mcap-chart_combined_2026-04-17 part 1.csv,.csv,3062,26,2017-11-29,2026-04-17,348599,indexed,derived-only recommended
raw_8292639b0c2b52f5,DefiLlama,data_local/raw/defillama/_raw_parts/stablecoin_mcap/stablecoin-mcap-chart_combined_2026-04-17 part 2.csv,.csv,1963,26,2020-12-02,2026-04-17,204324,indexed,derived-only recommended
raw_d039d83489fd9310,DefiLlama,data_local/raw/defillama/_raw_parts/stablecoin_mcap/stablecoin-mcap-chart_combined_2026-04-17 part 3.csv,.csv,2296,26,2020-01-04,2026-04-17,177017,indexed,derived-only recommended
raw_2fe0ef6dc9e719a3,DefiLlama,data_local/raw/defillama/_raw_parts/stablecoin_mcap/stablecoin-mcap-chart_combined_2026-04-17 part 4.csv,.csv,2776,26,2018-09-11,2026-04-17,288009,indexed,derived-only recommended
raw_9ada3a852bca3740,DefiLlama,data_local/raw/defillama/_raw_parts/stablecoin_mcap/stablecoin-mcap-chart_combined_2026-04-17.csv,.csv,1962,26,2020-12-03,2026-04-17,232295,indexed,derived-only recommended
raw_ac98fe40516ec49b,FRED,data_local/raw/fred/ANFCI__weekly.csv,.csv,2884,2,1971-01-08,2026-04-10,53647,indexed,public/re-distributable
raw_5568ad7f2147cfc0,FRED,data_local/raw/fred/BAMLH0A0HYM2__daily.csv,.csv,795,2,2023-04-18,2026-04-16,13417,indexed,public/re-distributable
raw_ac5ffc565deb79cf,FRED,data_local/raw/fred/CPIAUCSL__monthly.csv,.csv,951,2,1947-01-01,2026-03-01,17345,indexed,public/re-distributable
raw_e904c827a9e4b65e,FRED,data_local/raw/fred/DCOILWTICO__daily.csv,.csv,10508,2,1986-01-02,2026-04-13,186763,indexed,public/re-distributable
raw_60f20fb06f6d1d04,FRED,data_local/raw/fred/DFF__daily.csv,.csv,26223,2,1954-07-01,2026-04-16,442010,indexed,public/re-distributable
raw_22326ad02074b66c,FRED,data_local/raw/fred/DFII10__daily.csv,.csv,6076,2,2003-01-02,2026-04-16,102682,indexed,public/re-distributable
raw_6e7a2a0f4815657e,FRED,data_local/raw/fred/DGS10__daily.csv,.csv,16773,2,1962-01-02,2026-04-16,282094,indexed,public/re-distributable
raw_dbbb8622e67f3ca8,FRED,data_local/raw/fred/DGS2__daily.csv,.csv,13013,2,1976-06-01,2026-04-16,218952,indexed,public/re-distributable
raw_a17ad2d77ec7e2b9,FRED,data_local/raw/fred/DGS30__daily.csv,.csv,12828,2,1977-02-15,2026-04-16,216175,indexed,public/re-distributable
raw_9d1435022eaf3ae5,FRED,data_local/raw/fred/DTWEXBGS__daily.csv,.csv,5290,2,2006-01-02,2026-04-10,106768,indexed,public/re-distributable
raw_1634e9574c42d3f7,FRED,data_local/raw/fred/NFCI__weekly.csv,.csv,2884,2,1971-01-08,2026-04-10,53641,indexed,public/re-distributable
raw_9c858fd2cddbc660,FRED,data_local/raw/fred/README.md,.md,,0,,,5438,indexed:non_tabular,public/re-distributable
raw_cb926465588f4244,FRED,data_local/raw/fred/RRPONTSYD__daily.csv,.csv,6051,2,2003-02-07,2026-04-17,98595,indexed,public/re-distributable
raw_de9b0e00a327a11c,FRED,data_local/raw/fred/SOFR__daily.csv,.csv,2098,2,2018-04-03,2026-04-16,35052,indexed,public/re-distributable
raw_ba65f074170c85ef,FRED,data_local/raw/fred/STLFSI4__weekly.csv,.csv,1685,2,1993-12-31,2026-04-10,32925,indexed,public/re-distributable
raw_055b76ba9c55e292,FRED,data_local/raw/fred/T10Y2Y__daily.csv,.csv,13014,2,1976-06-01,2026-04-17,219907,indexed,public/re-distributable
raw_52985ed2c9d87b37,FRED,data_local/raw/fred/UNRATE__monthly.csv,.csv,939,2,1948-01-01,2026-03-01,15048,indexed,public/re-distributable
raw_f7487e18fe1f936d,FRED,data_local/raw/fred/USEPUINDXD__daily.csv,.csv,15080,2,1985-01-01,2026-04-15,276653,indexed,public/re-distributable
raw_f571ffc47ccd960d,FRED,data_local/raw/fred/VIXCLS__daily.csv,.csv,9468,2,1990-01-02,2026-04-16,167962,indexed,public/re-distributable
raw_b0248e6ed5dc1172,FRED,data_local/raw/fred/WALCL__weekly.csv,.csv,1218,2,2002-12-18,2026-04-15,26507,indexed,public/re-distributable
raw_dea81728619fee26,FRED,data_local/raw/fred/_fetch_status.json,.json,1,3,,,95,indexed:json_fields,public/re-distributable
raw_cf589d60de2f7d3b,FRED,data_local/raw/fred/fred_macro_panel__daily.csv,.csv,18732,14,1954-07-01,2026-04-17,999198,indexed,public/re-distributable
raw_dab98ee59014dbbd,FRED,data_local/raw/fred/fred_series_metadata.csv,.csv,19,13,,,12016,indexed:no_declared_observation_column,public/re-distributable
raw_f943aaa06521c4c3,Farside ETF Data,data_local/raw/farside/Farside_ETF_Data_Summary.txt,.txt,,0,,,2549,indexed:non_tabular,derived-only recommended
raw_cc1460f1b7842392,Farside ETF Data,data_local/raw/farside/README.md,.md,,0,,,1959,indexed:non_tabular,derived-only recommended
raw_9eed079b5670323d,Farside ETF Data,data_local/raw/farside/farside_btc_etf_flows__daily.csv,.csv,579,14,2024-01-11,2026-04-10,39725,indexed,derived-only recommended
raw_c2028612a7949b11,Farside ETF Data,data_local/raw/farside/farside_eth_etf_flows__daily.csv,.csv,441,12,2024-07-23,2026-04-10,25573,indexed,derived-only recommended
raw_6d28fd1e740b9314,Farside ETF Data,data_local/raw/farside/farside_sol_etf_flows__daily.csv,.csv,12,8,2026-03-25,2026-04-10,541,indexed,derived-only recommended
raw_b82e91b14bf4277a,MarketStructure,data_local/raw/market_structure/Binance/README.md,.md,,0,,,263,indexed:non_tabular,derived-only recommended
raw_9c8a5c84c579208e,MarketStructure,data_local/raw/market_structure/CoinMarketCap/README.md,.md,,0,,,257,indexed:non_tabular,derived-only recommended
raw_5e7b31f41461d868,MarketStructure,data_local/raw/market_structure/CoinMarketCap/cmc_fear_greed__daily.csv,.csv,1086,4,2023-06-29,2026-06-18,39620,indexed,derived-only recommended
raw_028f2ffcefec5e2b,MarketStructure,data_local/raw/market_structure/DefiLlama/README.md,.md,,0,,,876,indexed:non_tabular,derived-only recommended
raw_b051393d779b0085,MarketStructure,data_local/raw/market_structure/DefiLlama/crypto_constituents_daily_ohlcv_top50_current_2020_2026.csv,.csv,50449,15,2022-12-31,2026-06-16,21534442,indexed,derived-only recommended
raw_fe9c28ddd5cae61a,MarketStructure,data_local/raw/market_structure/DefiLlama/crypto_universe_monthly_2020_2026.csv,.csv,15600,13,2020-01-31,2026-06-16,2483567,indexed,derived-only recommended
raw_dfddf207e480a5c8,MarketStructure,data_local/raw/market_structure/DefiLlama/defillama_existing_inventory.csv,.csv,44,12,,,31351,indexed:no_declared_observation_column,derived-only recommended
raw_bd82e67d47c28895,MarketStructure,data_local/raw/market_structure/README.md,.md,,0,,,364,indexed:non_tabular,derived-only recommended
raw_2e3e8dea48dd01e0,MarketStructure,data_local/raw/market_structure/Sentiment/README.md,.md,,0,,,249,indexed:non_tabular,derived-only recommended
raw_ddc94369e1185472,MarketStructure,data_local/raw/market_structure/Sentiment/fear_greed_altme_pre_cmc_post__daily.csv,.csv,3057,6,2018-02-01,2026-06-18,328478,indexed,derived-only recommended
raw_27f0b62f8544c990,MarketStructure,data_local/raw/market_structure/Sentiment/fear_greed_source_overlap__daily.csv,.csv,1023,8,2023-06-29,2026-04-17,45064,indexed,derived-only recommended
raw_06d4d92145bd7afb,MarketStructure,data_local/raw/market_structure/Sentiment/fear_greed_source_overlap_summary.csv,.csv,17,3,,,737,indexed:no_declared_observation_column,derived-only recommended
raw_3142ba5530c89bbf,MarketStructure,data_local/raw/market_structure/SourceRegistry/market_structure_cache_status.csv,.csv,4,2,,,248,indexed:no_declared_observation_column,derived-only recommended
raw_5f9053bfb31a0444,MarketStructure,data_local/raw/market_structure/SourceRegistry/market_structure_endpoint_capabilities.csv,.csv,25,8,,,3208,indexed:no_declared_observation_column,derived-only recommended
raw_a56c8e4bb900fb23,MarketStructure,data_local/raw/market_structure/SourceRegistry/market_structure_source_registry.csv,.csv,4,6,,,811,indexed:no_declared_observation_column,derived-only recommended
raw_cefe0fcbbfe426df,Tradingview,data_local/raw/tradingview/Daily/ARKK_innovation_etf__daily.csv,.csv,2873,11,2014-10-31,2026-04-17,141905,indexed,uncertain/restricted
raw_79ef8f0e4ddcd45d,Tradingview,data_local/raw/tradingview/Daily/CME_BTC_front_month_futures__daily.csv,.csv,2096,11,2017-12-17,2026-04-15,104567,indexed,uncertain/restricted
raw_09830f43b2170557,Tradingview,data_local/raw/tradingview/Daily/CME_BTC_futures_minus_SPOT_BTC_basis__daily.csv,.csv,2102,11,2017-12-17,2026-04-15,218883,indexed,uncertain/restricted
raw_a4ff0718d4a9ba8d,Tradingview,data_local/raw/tradingview/Daily/CME_BTC_futures_over_SPOT_BTC_ratio__daily.csv,.csv,2102,11,2017-12-17,2026-04-15,224972,indexed,uncertain/restricted
raw_bbda624dc5ea1913,Tradingview,data_local/raw/tradingview/Daily/CME_ETH_front_month_futures__daily.csv,.csv,1307,11,2021-02-04,2026-04-15,71570,indexed,uncertain/restricted
raw_c40dd3592921b175,Tradingview,data_local/raw/tradingview/Daily/CME_ETH_futures_minus_SPOT_ETH_basis__daily.csv,.csv,1308,11,2021-02-04,2026-04-15,137542,indexed,uncertain/restricted
raw_f730952276ed1c8b,Tradingview,data_local/raw/tradingview/Daily/CME_ETH_futures_over_SPOT_ETH_ratio__daily.csv,.csv,1308,11,2021-02-04,2026-04-15,141043,indexed,uncertain/restricted
raw_e52423a6496acd70,Tradingview,data_local/raw/tradingview/Daily/CME_Micro_Bitcoin_futures__daily.csv,.csv,1685,11,2018-03-25,2026-04-15,91754,indexed,uncertain/restricted
raw_06a617e9d0e1ccc3,Tradingview,data_local/raw/tradingview/Daily/CME_Micro_Ether_futures__daily.csv,.csv,1099,11,2021-12-01,2026-04-15,61532,indexed,uncertain/restricted
raw_3bea2c3a07e09207,Tradingview,data_local/raw/tradingview/Daily/CME_Solana_futures__daily.csv,.csv,274,11,2025-03-16,2026-04-15,14166,indexed,uncertain/restricted
raw_0a81d0a247a56157,Tradingview,data_local/raw/tradingview/Daily/COIN_coinbase_stock__daily.csv,.csv,1259,11,2021-04-14,2026-04-17,65935,indexed,uncertain/restricted
raw_bdb781bbe8d9cde3,Tradingview,data_local/raw/tradingview/Daily/CRCL_circle_stock__daily.csv,.csv,218,11,2025-06-05,2026-04-17,11433,indexed,uncertain/restricted
raw_70ad2be3693604bc,Tradingview,data_local/raw/tradingview/Daily/CRYPTOCAP_BTC_dominance__daily.csv,.csv,4399,11,2014-04-01,2026-04-19,392897,indexed,uncertain/restricted
raw_5592e7e96381a3fb,Tradingview,data_local/raw/tradingview/Daily/CRYPTOCAP_ETH_dominance__daily.csv,.csv,3202,11,2017-07-14,2026-04-19,292201,indexed,uncertain/restricted
raw_4fc1aad76b7b6f9c,Tradingview,data_local/raw/tradingview/Daily/CRYPTOCAP_TOTAL3__daily.csv,.csv,3202,11,2017-07-14,2026-04-19,254924,indexed,uncertain/restricted
raw_33e3388c886c4bfe,Tradingview,data_local/raw/tradingview/Daily/DXY_us_dollar_index__daily.csv,.csv,4768,11,2007-06-13,2026-04-16,220487,indexed,uncertain/restricted
raw_1d820128def6b600,Tradingview,data_local/raw/tradingview/Daily/Deribit_BTC_volatility_index_DVOL__daily.csv,.csv,1850,5,2021-03-24,2026-04-16,66133,indexed,uncertain/restricted
raw_46373237d524c420,Tradingview,data_local/raw/tradingview/Daily/ETHA_ETF_over_SPOT_ETH__daily.csv,.csv,435,11,2024-07-23,2026-04-16,48036,indexed,uncertain/restricted
raw_df5728b1ca3574fe,Tradingview,data_local/raw/tradingview/Daily/GLD_gold_etf__daily.csv,.csv,4798,11,2007-03-23,2026-04-17,259707,indexed,uncertain/restricted
raw_9098c3290426d75f,Tradingview,data_local/raw/tradingview/Daily/IBIT_ETF_over_SPOT_BTC__daily.csv,.csv,567,11,2024-01-11,2026-04-16,62772,indexed,uncertain/restricted
raw_ff818ac92e95c3d6,Tradingview,data_local/raw/tradingview/Daily/IWM_russell2000_etf__daily.csv,.csv,4330,11,2009-01-30,2026-04-17,233745,indexed,uncertain/restricted
raw_f931a241cb72543d,Tradingview,data_local/raw/tradingview/Daily/MARA_marathon_miner_stock__daily.csv,.csv,3351,11,2012-02-09,2026-04-17,157531,indexed,uncertain/restricted
raw_fc30d7a769b0b2ef,Tradingview,data_local/raw/tradingview/Daily/MSTR_microstrategy_stock__daily.csv,.csv,3926,11,2010-09-08,2026-04-17,208066,indexed,uncertain/restricted
raw_7264387022c964f3,Tradingview,data_local/raw/tradingview/Daily/QQQ_nasdaq100_etf__daily.csv,.csv,4716,11,2007-07-20,2026-04-17,254358,indexed,uncertain/restricted
raw_993f7e08626943ba,Tradingview,data_local/raw/tradingview/Daily/README.md,.md,,0,,,9192,indexed:non_tabular,uncertain/restricted
raw_bb9955fd13b8a300,Tradingview,data_local/raw/tradingview/Daily/RIOT_riot_miner_stock__daily.csv,.csv,3797,11,2011-03-14,2026-04-17,177017,indexed,uncertain/restricted
raw_c72e42f084226d66,Tradingview,data_local/raw/tradingview/Daily/SMH_vaneck_semiconductor_etf__daily.csv,.csv,4330,11,2009-01-29,2026-04-17,228104,indexed,uncertain/restricted
raw_bfd5dda8c7f25f8b,Tradingview,data_local/raw/tradingview/Daily/SOXX_ishares_semiconductor_etf__daily.csv,.csv,4766,11,2007-05-09,2026-04-17,303152,indexed,uncertain/restricted
raw_6e7b3a3c6f2d6f62,Tradingview,data_local/raw/tradingview/Daily/SPY_sp500_etf__daily.csv,.csv,3512,11,2012-04-30,2026-04-17,192217,indexed,uncertain/restricted
raw_ee362b7e0975ffa9,Tradingview,data_local/raw/tradingview/Daily/XAUUSD_gold_spot__daily.csv,.csv,1216,11,2021-08-01,2026-04-16,70025,indexed,uncertain/restricted
raw_c6e9283912f17354,Tradingview,data_local/raw/tradingview/Daily/XLK_tech_sector_etf__daily.csv,.csv,4808,11,2007-03-09,2026-04-17,258686,indexed,uncertain/restricted
raw_51fb6b08218ce322,Tradingview,data_local/raw/tradingview/README.md,.md,,0,,,2688,indexed:non_tabular,uncertain/restricted
raw_684b237fff4c79cb,Tradingview,data_local/raw/tradingview/Weekly/CME_BTC1_continuous_futures__weekly.csv,.csv,435,11,2017-12-17,2026-04-12,22132,indexed,uncertain/restricted
raw_166aa97c5f319195,Tradingview,data_local/raw/tradingview/Weekly/CME_ETH1_continuous_futures__weekly.csv,.csv,272,11,2021-01-31,2026-04-12,15199,indexed,uncertain/restricted
raw_d4e69520fa366b70,Tradingview,data_local/raw/tradingview/Weekly/CME_Micro_Bitcoin_MBT1_continuous__weekly.csv,.csv,350,11,2018-03-25,2026-04-12,19366,indexed,uncertain/restricted
raw_0f6212835247d1d9,Tradingview,data_local/raw/tradingview/Weekly/CME_Micro_Ether_MET1_continuous__weekly.csv,.csv,229,11,2021-11-28,2026-04-12,13072,indexed,uncertain/restricted
raw_d094f52e979af07d,Tradingview,data_local/raw/tradingview/Weekly/COIN_coinbase_stock__weekly.csv,.csv,262,11,2021-04-12,2026-04-13,14023,indexed,uncertain/restricted
raw_d0847cc8716f565c,Tradingview,data_local/raw/tradingview/Weekly/CRYPTOCAP_BTC_dominance__weekly.csv,.csv,629,11,2014-03-31,2026-04-13,56308,indexed,uncertain/restricted
raw_696839299b6e92f6,Tradingview,data_local/raw/tradingview/Weekly/CRYPTOCAP_ETH_dominance__weekly.csv,.csv,458,11,2017-07-10,2026-04-13,41932,indexed,uncertain/restricted
raw_3ef6474ea46d7459,Tradingview,data_local/raw/tradingview/Weekly/CRYPTOCAP_TOTAL3__weekly.csv,.csv,458,11,2017-07-10,2026-04-13,36576,indexed,uncertain/restricted
raw_4b5a8872eb76dd11,Tradingview,data_local/raw/tradingview/Weekly/DXY_us_dollar_index__weekly.csv,.csv,2933,11,1967-01-29,2026-04-12,137417,indexed,uncertain/restricted
raw_2de7835a20577e4f,Tradingview,data_local/raw/tradingview/Weekly/MSTR_microstrategy_stock__weekly.csv,.csv,771,11,2011-07-11,2026-04-13,41426,indexed,uncertain/restricted
raw_daf042926d016136,Tradingview,data_local/raw/tradingview/Weekly/QQQ_nasdaq100_etf__weekly.csv,.csv,1070,11,2005-10-17,2026-04-13,58620,indexed,uncertain/restricted
raw_f188f090bff44e2c,Tradingview,data_local/raw/tradingview/Weekly/README.md,.md,,0,,,6964,indexed:non_tabular,uncertain/restricted
raw_517ac029d6b2155c,Tradingview,data_local/raw/tradingview/Weekly/RIOT_riot_miner_stock__weekly.csv,.csv,1204,11,2003-01-21,2026-04-13,56704,indexed,uncertain/restricted
raw_113e70c016e8c33c,Tradingview,data_local/raw/tradingview/Weekly/SPY_sp500_etf__weekly.csv,.csv,1734,11,1993-01-25,2026-04-13,99231,indexed,uncertain/restricted
raw_17a13713f9e66c8c,Tradingview,data_local/raw/tradingview/Weekly/XAUUSD_gold_spot__weekly.csv,.csv,1748,11,1992-04-19,2026-04-12,90950,indexed,uncertain/restricted
